{
"type": "FeatureCollection",
"name": "chungnam_boundary",
"crs": { "type": "name", "properties": { "name": "urn:ogc:def:crs:OGC:1.3:CRS84" } },
"features": [
{ "type": "Feature", "properties": { "name": "충청남도" }, "geometry": { "type": "MultiPolygon", "coordinates": [ [ [ [ 125.546379996798422, 36.608741621219295 ], [ 125.546422530901935, 36.608804072033827 ], [ 125.546449072256891, 36.608747711440266 ], [ 125.546379996798422, 36.608741621219295 ] ] ], [ [ [ 125.545752639699543, 36.608935715734283 ], [ 125.545684228810316, 36.608914365344894 ], [ 125.54570208335619, 36.60897372189644 ], [ 125.545752639699543, 36.608935715734283 ] ] ], [ [ [ 125.545954247784181, 36.609935039498488 ], [ 125.545977538809211, 36.60995371894591 ], [ 125.54599246902022, 36.609914994903377 ], [ 125.545954247784181, 36.609935039498488 ] ] ], [ [ [ 125.546052715398545, 36.609961043386186 ], [ 125.545991083068614, 36.610059575675734 ], [ 125.546078365021131, 36.609978146283076 ], [ 125.546052715398545, 36.609961043386186 ] ] ], [ [ [ 125.546032429571397, 36.610118329636457 ], [ 125.545983373666772, 36.610074263797451 ], [ 125.545991217624007, 36.610116618886195 ], [ 125.546032429571397, 36.610118329636457 ] ] ], [ [ [ 125.545909790708905, 36.61018346668034 ], [ 125.545925264505101, 36.610148989710893 ], [ 125.545907615562598, 36.610141096416037 ], [ 125.545909790708905, 36.61018346668034 ] ] ], [ [ [ 125.546056053028963, 36.610369447323293 ], [ 125.546064123520793, 36.610203205003131 ], [ 125.545883499534895, 36.610405030565715 ], [ 125.546056053028963, 36.610369447323293 ] ] ], [ [ [ 125.545531338260204, 36.610492458071064 ], [ 125.545601566012394, 36.610466688782353 ], [ 125.545599166585063, 36.610445080124549 ], [ 125.545531338260204, 36.610492458071064 ] ] ], [ [ [ 125.545556651199902, 36.610579148742744 ], [ 125.545566861885334, 36.610548201687273 ], [ 125.545529531488455, 36.610567485593769 ], [ 125.545556651199902, 36.610579148742744 ] ] ], [ [ [ 125.581178860317223, 36.611459311442118 ], [ 125.581232645470251, 36.611414280805278 ], [ 125.581165573870663, 36.61141661657463 ], [ 125.581178860317223, 36.611459311442118 ] ] ], [ [ [ 125.580049070694685, 36.61151391725727 ], [ 125.580276853236086, 36.611790338191817 ], [ 125.580381014948301, 36.611637867090849 ], [ 125.580049070694685, 36.61151391725727 ] ] ], [ [ [ 125.580892561921999, 36.611634552172369 ], [ 125.580908828801924, 36.611855510934447 ], [ 125.581023203912579, 36.611656398247845 ], [ 125.580892561921999, 36.611634552172369 ] ] ], [ [ [ 125.545246137071103, 36.611198257972767 ], [ 125.545188292694263, 36.611171126359579 ], [ 125.54518703408138, 36.611224074395587 ], [ 125.545246137071103, 36.611198257972767 ] ] ], [ [ [ 125.58078318703167, 36.611902648446112 ], [ 125.580843302205565, 36.611894010321492 ], [ 125.580784450348503, 36.611840049888087 ], [ 125.58078318703167, 36.611902648446112 ] ] ], [ [ [ 125.543192332045919, 36.611448841512491 ], [ 125.542974234500605, 36.611351918551115 ], [ 125.542869659612279, 36.611539000605475 ], [ 125.543192332045919, 36.611448841512491 ] ] ], [ [ [ 125.542168086058666, 36.613352383774313 ], [ 125.543868185986724, 36.613790840762114 ], [ 125.544074312682341, 36.612093612811123 ], [ 125.546709167938289, 36.608904657944471 ], [ 125.545101265828052, 36.609046337186186 ], [ 125.543135930905947, 36.611874737940475 ], [ 125.542356622049653, 36.61270878641907 ], [ 125.541174478439856, 36.613074632552653 ], [ 125.540914111074031, 36.613737485477046 ], [ 125.542168086058666, 36.613352383774313 ] ] ], [ [ [ 125.544602084535768, 36.611551724442123 ], [ 125.544583076133605, 36.61158596292929 ], [ 125.544620581495266, 36.611564118767554 ], [ 125.544602084535768, 36.611551724442123 ] ] ], [ [ [ 125.581159637510098, 36.612302671628925 ], [ 125.581121816272642, 36.612144040497824 ], [ 125.581006031726929, 36.612304186624691 ], [ 125.581159637510098, 36.612302671628925 ] ] ], [ [ [ 125.580937374813672, 36.612363319914984 ], [ 125.580602357731806, 36.612279181784949 ], [ 125.580585450506589, 36.612385606307662 ], [ 125.580937374813672, 36.612363319914984 ] ] ], [ [ [ 125.544622822562005, 36.611822444348697 ], [ 125.544670403528315, 36.611752184650598 ], [ 125.54460060182079, 36.611781212426095 ], [ 125.544622822562005, 36.611822444348697 ] ] ], [ [ [ 125.544623588827605, 36.612123932949132 ], [ 125.544535228316931, 36.611883689876457 ], [ 125.544411781356928, 36.61219709944082 ], [ 125.544623588827605, 36.612123932949132 ] ] ], [ [ [ 125.542241063992535, 36.612571448817604 ], [ 125.542281727723108, 36.612550495573963 ], [ 125.542245251231122, 36.612533907963339 ], [ 125.542241063992535, 36.612571448817604 ] ] ], [ [ [ 125.542051160071736, 36.612566113857845 ], [ 125.542171147798584, 36.612611570664463 ], [ 125.542169658631579, 36.61253614297091 ], [ 125.542051160071736, 36.612566113857845 ] ] ], [ [ [ 125.542197980821427, 36.612575510668954 ], [ 125.542230304539913, 36.612616869407127 ], [ 125.542239226536225, 36.612581946370462 ], [ 125.542197980821427, 36.612575510668954 ] ] ], [ [ [ 125.542242429459975, 36.612627630685246 ], [ 125.542257638023358, 36.612663415406146 ], [ 125.542289939957158, 36.612636134271881 ], [ 125.542242429459975, 36.612627630685246 ] ] ], [ [ [ 125.544129010363875, 36.613731571351607 ], [ 125.543947924572834, 36.614070430768216 ], [ 125.544195116646307, 36.613736307225828 ], [ 125.544129010363875, 36.613731571351607 ] ] ], [ [ [ 125.543850741714749, 36.614434731953189 ], [ 125.543892884737687, 36.61409419325112 ], [ 125.543739913592631, 36.61447344553617 ], [ 125.543850741714749, 36.614434731953189 ] ] ], [ [ [ 125.574920731506396, 36.615206361214696 ], [ 125.575478195218949, 36.615932267697325 ], [ 125.575296693960112, 36.614521103891882 ], [ 125.574920731506396, 36.615206361214696 ] ] ], [ [ [ 125.578619575886691, 36.615333375957569 ], [ 125.578742454310628, 36.615395786486751 ], [ 125.578789271149148, 36.615358596387814 ], [ 125.578619575886691, 36.615333375957569 ] ] ], [ [ [ 125.575057340613071, 36.616166916526197 ], [ 125.575144464380969, 36.616285714858058 ], [ 125.575250554266532, 36.616284977471118 ], [ 125.575057340613071, 36.616166916526197 ] ] ], [ [ [ 125.572220208784458, 36.621443976710445 ], [ 125.574337488804233, 36.621392122970605 ], [ 125.574941356086015, 36.620137212566988 ], [ 125.576064045691751, 36.619798805478645 ], [ 125.575931796127733, 36.617918377657944 ], [ 125.577188714242325, 36.617596567152987 ], [ 125.577035341244695, 36.616495114317367 ], [ 125.580523346458975, 36.613933534570776 ], [ 125.580660512087888, 36.612769157731663 ], [ 125.578263901155523, 36.613626276973001 ], [ 125.578639560096278, 36.614101861112417 ], [ 125.576431709843533, 36.614179831924538 ], [ 125.575807271789245, 36.616215838942743 ], [ 125.574908603128961, 36.616814374026156 ], [ 125.573794000752002, 36.61596106064637 ], [ 125.573520167950036, 36.617343996488366 ], [ 125.572194193962389, 36.616683510130009 ], [ 125.572622117319682, 36.618875447100578 ], [ 125.57226303007063, 36.619740129845461 ], [ 125.571139913812118, 36.618884499784066 ], [ 125.571004775673217, 36.619753365473152 ], [ 125.571658805740043, 36.620361869252434 ], [ 125.572220208784458, 36.621443976710445 ] ] ], [ [ [ 125.570052190752776, 36.621032220252417 ], [ 125.570402855846751, 36.618954758125078 ], [ 125.569741141489359, 36.621022748897978 ], [ 125.570052190752776, 36.621032220252417 ] ] ], [ [ [ 125.570704033802457, 36.620098197629709 ], [ 125.570555415993653, 36.620167325232423 ], [ 125.570566059879539, 36.620187376063917 ], [ 125.570704033802457, 36.620098197629709 ] ] ], [ [ [ 125.571387962492125, 36.620257509813975 ], [ 125.571175650998242, 36.620263386543549 ], [ 125.571320729692602, 36.620358524552309 ], [ 125.571387962492125, 36.620257509813975 ] ] ], [ [ [ 125.575209090921078, 36.62031593843713 ], [ 125.575520334062716, 36.620393805864971 ], [ 125.575489636828422, 36.620248055096667 ], [ 125.575209090921078, 36.62031593843713 ] ] ], [ [ [ 125.575445059723492, 36.620508864141954 ], [ 125.575255312673661, 36.620615006037958 ], [ 125.575441310370195, 36.620574385982856 ], [ 125.575445059723492, 36.620508864141954 ] ] ], [ [ [ 125.559751315302236, 36.623180655128238 ], [ 125.559822485159003, 36.62278530159675 ], [ 125.559541945625384, 36.623160380093452 ], [ 125.559751315302236, 36.623180655128238 ] ] ], [ [ [ 125.560797551155133, 36.626790272030568 ], [ 125.561290476917804, 36.6227649504007 ], [ 125.560364383060531, 36.622539757419091 ], [ 125.560033249408903, 36.623814506862139 ], [ 125.557429124277789, 36.625521306817433 ], [ 125.558048754358509, 36.626802684992462 ], [ 125.560797551155133, 36.626790272030568 ] ] ], [ [ [ 125.70999426534469, 36.627821819506693 ], [ 125.709996089608396, 36.627801164048627 ], [ 125.709980026329404, 36.627797870599984 ], [ 125.70999426534469, 36.627821819506693 ] ] ], [ [ [ 125.709932350242099, 36.627804552553549 ], [ 125.709791627084073, 36.627795920653483 ], [ 125.70995621729773, 36.627854342464538 ], [ 125.709932350242099, 36.627804552553549 ] ] ], [ [ [ 125.709506075906987, 36.627801695000137 ], [ 125.709390213041843, 36.627830363722481 ], [ 125.70951392702716, 36.627838594389097 ], [ 125.709506075906987, 36.627801695000137 ] ] ], [ [ [ 125.710373619295794, 36.627879635448743 ], [ 125.710106342344758, 36.627803165228727 ], [ 125.710380544301501, 36.627921588381838 ], [ 125.710373619295794, 36.627879635448743 ] ] ], [ [ [ 125.712231906126021, 36.628156196162948 ], [ 125.712189612783092, 36.628325156276283 ], [ 125.71223194016271, 36.628368859147834 ], [ 125.712231906126021, 36.628156196162948 ] ] ], [ [ [ 125.712304341733514, 36.628262978236215 ], [ 125.712249145095427, 36.628215485756897 ], [ 125.712286196791482, 36.628327318038878 ], [ 125.712304341733514, 36.628262978236215 ] ] ], [ [ [ 125.562576388442835, 36.625874957941619 ], [ 125.562432977455515, 36.625949326330598 ], [ 125.562512971616158, 36.626052732552331 ], [ 125.562576388442835, 36.625874957941619 ] ] ], [ [ [ 125.712054241081844, 36.628529942248967 ], [ 125.712108846868389, 36.628538735463927 ], [ 125.712076657188092, 36.628506884532278 ], [ 125.712054241081844, 36.628529942248967 ] ] ], [ [ [ 125.712420120858368, 36.628635736799581 ], [ 125.712352775105913, 36.628583955381856 ], [ 125.712322054705169, 36.628615615595763 ], [ 125.712420120858368, 36.628635736799581 ] ] ], [ [ [ 125.562322992696963, 36.626683653300944 ], [ 125.561856628742646, 36.626285742887234 ], [ 125.562050524399439, 36.626781889404285 ], [ 125.562322992696963, 36.626683653300944 ] ] ], [ [ [ 125.712933923461449, 36.628817609939944 ], [ 125.713111186889293, 36.62877800769742 ], [ 125.712891731142861, 36.628773067458319 ], [ 125.712933923461449, 36.628817609939944 ] ] ], [ [ [ 125.712484682931873, 36.628762903201796 ], [ 125.712541989207125, 36.628789387411786 ], [ 125.712555874025497, 36.62877942830616 ], [ 125.712484682931873, 36.628762903201796 ] ] ], [ [ [ 125.713291372538734, 36.628839375643786 ], [ 125.713313215864815, 36.628858547390273 ], [ 125.713322453832461, 36.628845542158544 ], [ 125.713291372538734, 36.628839375643786 ] ] ], [ [ [ 125.713419508404897, 36.628923061160108 ], [ 125.71333540470151, 36.628885906970325 ], [ 125.713288637003316, 36.628873669669574 ], [ 125.713419508404897, 36.628923061160108 ] ] ], [ [ [ 125.710547872449069, 36.628868646111101 ], [ 125.710663273859822, 36.628960087927638 ], [ 125.710731425673586, 36.628930548034063 ], [ 125.710547872449069, 36.628868646111101 ] ] ], [ [ [ 125.561308532874236, 36.626456241719787 ], [ 125.561350494680724, 36.626806617771443 ], [ 125.561481669654881, 36.626392394162146 ], [ 125.561308532874236, 36.626456241719787 ] ] ], [ [ [ 125.712700153425999, 36.628970196458653 ], [ 125.712747785425776, 36.628988781800679 ], [ 125.71269963747217, 36.628943246711273 ], [ 125.712700153425999, 36.628970196458653 ] ] ], [ [ [ 125.71080854088865, 36.628973793296737 ], [ 125.710744427916467, 36.628974436442846 ], [ 125.710801038365744, 36.629001684409054 ], [ 125.71080854088865, 36.628973793296737 ] ] ], [ [ [ 125.714758518391278, 36.629276510834806 ], [ 125.71487350871277, 36.629090325258673 ], [ 125.714525651231398, 36.629133006548763 ], [ 125.714758518391278, 36.629276510834806 ] ] ], [ [ [ 125.715838557403913, 36.629374401675975 ], [ 125.71557158613011, 36.629269178199465 ], [ 125.715565897334585, 36.629354081556286 ], [ 125.715838557403913, 36.629374401675975 ] ] ], [ [ [ 125.710102148705758, 36.629319079359909 ], [ 125.710238614177541, 36.629107034474714 ], [ 125.710133602146669, 36.62906713736799 ], [ 125.710102148705758, 36.629319079359909 ] ] ], [ [ [ 125.710038135607817, 36.629334246519356 ], [ 125.709937257712909, 36.62923436560731 ], [ 125.710016822348621, 36.629394676850133 ], [ 125.710038135607817, 36.629334246519356 ] ] ], [ [ [ 125.558068224257269, 36.627118391717239 ], [ 125.558192966006317, 36.626858843178908 ], [ 125.557810107947844, 36.626846215465442 ], [ 125.558068224257269, 36.627118391717239 ] ] ], [ [ [ 125.558522203279864, 36.627396217392061 ], [ 125.559196806902023, 36.627153568810954 ], [ 125.558425987608615, 36.626984032132157 ], [ 125.558522203279864, 36.627396217392061 ] ] ], [ [ [ 125.710105082551394, 36.629797232479739 ], [ 125.710130338195171, 36.629772714329818 ], [ 125.71010283601467, 36.629770489282691 ], [ 125.710105082551394, 36.629797232479739 ] ] ], [ [ [ 125.717389217393944, 36.630028109758605 ], [ 125.717427924830361, 36.629929502048228 ], [ 125.717292332126064, 36.629956017329803 ], [ 125.717389217393944, 36.630028109758605 ] ] ], [ [ [ 125.71705803525883, 36.629960554154181 ], [ 125.717083371082225, 36.630021182940865 ], [ 125.717106446028041, 36.630013653960233 ], [ 125.71705803525883, 36.629960554154181 ] ] ], [ [ [ 125.712380258340104, 36.632439325114589 ], [ 125.713393694712579, 36.631579604315817 ], [ 125.71825934585614, 36.631583413594342 ], [ 125.717503840978949, 36.630752098490348 ], [ 125.718048865176115, 36.630363217365073 ], [ 125.71274828595422, 36.629079728718573 ], [ 125.712009190220115, 36.628580388182421 ], [ 125.711871273200444, 36.627810972695379 ], [ 125.710743133571697, 36.628068767441711 ], [ 125.711180243895896, 36.628932104763422 ], [ 125.710025454939071, 36.63003592500592 ], [ 125.711381708506323, 36.631450951913976 ], [ 125.710363856650929, 36.631941773178745 ], [ 125.712380258340104, 36.632439325114589 ] ] ], [ [ [ 125.710060931315667, 36.630299281806202 ], [ 125.710054714187805, 36.630273428985141 ], [ 125.710036717653935, 36.630286098615493 ], [ 125.710060931315667, 36.630299281806202 ] ] ], [ [ [ 125.717964041534032, 36.630911572719249 ], [ 125.717911429459562, 36.63095420644418 ], [ 125.71802729796859, 36.630945082110706 ], [ 125.717964041534032, 36.630911572719249 ] ] ], [ [ [ 125.714483601750885, 36.631714873455181 ], [ 125.714517211661203, 36.631706507804388 ], [ 125.71450603224298, 36.631690912335586 ], [ 125.714483601750885, 36.631714873455181 ] ] ], [ [ [ 125.710554427604677, 36.633318744239581 ], [ 125.711037069395019, 36.632899024223114 ], [ 125.71030322356836, 36.632932076408245 ], [ 125.710554427604677, 36.633318744239581 ] ] ], [ [ [ 125.699168277546377, 36.637871831782633 ], [ 125.699142343848479, 36.637883797406232 ], [ 125.699161177429588, 36.637882984320818 ], [ 125.699168277546377, 36.637871831782633 ] ] ], [ [ [ 125.701971725798813, 36.638245781240634 ], [ 125.701862784755988, 36.637857638428372 ], [ 125.701233192912298, 36.637921799967991 ], [ 125.701971725798813, 36.638245781240634 ] ] ], [ [ [ 125.699754104588692, 36.638170914845205 ], [ 125.699685315066702, 36.638194260637277 ], [ 125.699731797508974, 36.638215436970604 ], [ 125.699754104588692, 36.638170914845205 ] ] ], [ [ [ 125.699690752917405, 36.638241646669996 ], [ 125.699665536254315, 36.638232702477183 ], [ 125.699664967375313, 36.638264928626178 ], [ 125.699690752917405, 36.638241646669996 ] ] ], [ [ [ 125.697544887346865, 36.638260998252008 ], [ 125.697571705097374, 36.638219461646685 ], [ 125.697524112066944, 36.638240114599014 ], [ 125.697544887346865, 36.638260998252008 ] ] ], [ [ [ 125.700964551849054, 36.638576439222668 ], [ 125.70093180250629, 36.638348341657959 ], [ 125.70075597997679, 36.638355277908474 ], [ 125.700964551849054, 36.638576439222668 ] ] ], [ [ [ 125.697628763827922, 36.638277663024994 ], [ 125.697502724831295, 36.638622259546032 ], [ 125.697835955153892, 36.638308439804256 ], [ 125.697628763827922, 36.638277663024994 ] ] ], [ [ [ 125.700878414310665, 36.63889294083522 ], [ 125.70086403420953, 36.638841246426608 ], [ 125.700808843629943, 36.638873498309046 ], [ 125.700878414310665, 36.63889294083522 ] ] ], [ [ [ 125.688796171697675, 36.639168064712258 ], [ 125.688940744846008, 36.638949022767356 ], [ 125.688702460392292, 36.639020057387789 ], [ 125.688796171697675, 36.639168064712258 ] ] ], [ [ [ 125.696888468442395, 36.639297979464807 ], [ 125.696824434414211, 36.639275871073565 ], [ 125.696844045617667, 36.639324237964999 ], [ 125.696888468442395, 36.639297979464807 ] ] ], [ [ [ 125.69203132474864, 36.639823820162455 ], [ 125.691938303130243, 36.639918735288255 ], [ 125.692081300000254, 36.639909217231285 ], [ 125.69203132474864, 36.639823820162455 ] ] ], [ [ [ 125.692260317797789, 36.639837717915597 ], [ 125.692147038069592, 36.639947962626515 ], [ 125.692298436629216, 36.639961527873382 ], [ 125.692260317797789, 36.639837717915597 ] ] ], [ [ [ 125.698253174253281, 36.640035942469247 ], [ 125.698265636733481, 36.640078854065351 ], [ 125.698314985571571, 36.640075537272736 ], [ 125.698253174253281, 36.640035942469247 ] ] ], [ [ [ 125.690248738482467, 36.640059930008377 ], [ 125.690210289405144, 36.640109261634578 ], [ 125.690326019814719, 36.64009527338365 ], [ 125.690248738482467, 36.640059930008377 ] ] ], [ [ [ 125.690474832376637, 36.640334010037748 ], [ 125.690045668205755, 36.640151523558558 ], [ 125.689845326429989, 36.640218175937747 ], [ 125.690474832376637, 36.640334010037748 ] ] ], [ [ [ 125.694561888270314, 36.640371210528436 ], [ 125.694843454650169, 36.640267606628392 ], [ 125.69464154549064, 36.640265000303152 ], [ 125.694561888270314, 36.640371210528436 ] ] ], [ [ [ 125.690528525722485, 36.640295129646738 ], [ 125.690557868417102, 36.64028268772234 ], [ 125.690537908702439, 36.64027882766726 ], [ 125.690528525722485, 36.640295129646738 ] ] ], [ [ [ 125.690539187067159, 36.640344376481252 ], [ 125.690504467209436, 36.640310516396433 ], [ 125.690496110470889, 36.640327605536143 ], [ 125.690539187067159, 36.640344376481252 ] ] ], [ [ [ 125.691350302775462, 36.640343196891756 ], [ 125.691472012569719, 36.640355239686428 ], [ 125.691376129640418, 36.640307857117882 ], [ 125.691350302775462, 36.640343196891756 ] ] ], [ [ [ 125.690535895228834, 36.640389082949447 ], [ 125.690552212718202, 36.640356818559574 ], [ 125.690503535446936, 36.640379123318709 ], [ 125.690535895228834, 36.640389082949447 ] ] ], [ [ [ 125.692011322780104, 36.64497549088685 ], [ 125.691603427487792, 36.642903858748269 ], [ 125.692399837526622, 36.641246354515403 ], [ 125.693494155283929, 36.641112778837908 ], [ 125.693858792119116, 36.640294279229337 ], [ 125.696746690069105, 36.63979271201358 ], [ 125.698062441403778, 36.639746720891722 ], [ 125.698682743319182, 36.640183335263217 ], [ 125.700691819346034, 36.638468703105765 ], [ 125.699477101849922, 36.638388026002424 ], [ 125.698595844504098, 36.637988486625673 ], [ 125.696885306726472, 36.639474482580653 ], [ 125.69349537942557, 36.639102540363794 ], [ 125.692305231924919, 36.639458871676467 ], [ 125.692348881170631, 36.639979291540726 ], [ 125.692245525097277, 36.640237765407235 ], [ 125.691396864873042, 36.640518381673637 ], [ 125.689705459010142, 36.640419575005552 ], [ 125.690101827091453, 36.641221230673487 ], [ 125.688999736613511, 36.64107188727867 ], [ 125.689515160060452, 36.641318297863478 ], [ 125.688502751422348, 36.642664369856263 ], [ 125.689841861467869, 36.64347124268474 ], [ 125.689187459201932, 36.643499493847244 ], [ 125.68907827524977, 36.64374422031733 ], [ 125.69065904756701, 36.643821653836831 ], [ 125.691151140623589, 36.645042581560652 ], [ 125.692011322780104, 36.64497549088685 ] ] ], [ [ [ 125.691919122011043, 36.646213017662795 ], [ 125.69182927200697, 36.64630952561177 ], [ 125.691961965934496, 36.646347052374566 ], [ 125.691919122011043, 36.646213017662795 ] ] ], [ [ [ 125.691023515121714, 36.646353221820078 ], [ 125.69104503753772, 36.646480271855047 ], [ 125.691077925070317, 36.646446360863209 ], [ 125.691023515121714, 36.646353221820078 ] ] ], [ [ [ 125.691042668773036, 36.646631925014049 ], [ 125.691762513030042, 36.646500868953268 ], [ 125.691693642002775, 36.64596361826765 ], [ 125.691042668773036, 36.646631925014049 ] ] ], [ [ [ 125.690557729449466, 36.646585418446151 ], [ 125.690630925541655, 36.646656137714324 ], [ 125.69062587322513, 36.646575192168918 ], [ 125.690557729449466, 36.646585418446151 ] ] ], [ [ [ 125.69076179381841, 36.646680952245767 ], [ 125.690739078003276, 36.646661719896635 ], [ 125.690722654582331, 36.646670916692926 ], [ 125.69076179381841, 36.646680952245767 ] ] ], [ [ [ 125.84902403729329, 36.654797231326697 ], [ 125.849953607173589, 36.653730665584291 ], [ 125.849957546979269, 36.6528052207615 ], [ 125.848753152524068, 36.653327691191357 ], [ 125.84902403729329, 36.654797231326697 ] ] ], [ [ [ 125.849460913254717, 36.655935718824949 ], [ 125.849153566638449, 36.655196380986837 ], [ 125.848389695222437, 36.655243798481841 ], [ 125.848582523982316, 36.655722578093233 ], [ 125.849460913254717, 36.655935718824949 ] ] ], [ [ [ 125.8451408371063, 36.657053086828093 ], [ 125.846216426987738, 36.656474904821444 ], [ 125.845254835406067, 36.656535203967906 ], [ 125.8451408371063, 36.657053086828093 ] ] ], [ [ [ 125.821482543060441, 36.65919079298169 ], [ 125.821528227762116, 36.659161002671595 ], [ 125.821468611823775, 36.659160712159697 ], [ 125.821482543060441, 36.65919079298169 ] ] ], [ [ [ 125.824817780930672, 36.659650882650489 ], [ 125.824791780291307, 36.659739252618266 ], [ 125.824891299110803, 36.659762073131162 ], [ 125.824817780930672, 36.659650882650489 ] ] ], [ [ [ 125.824786284748981, 36.661306097990789 ], [ 125.82553640986734, 36.660321318441937 ], [ 125.824214509875546, 36.659667320950327 ], [ 125.824281170694732, 36.658902800966118 ], [ 125.820897230093351, 36.659456465569804 ], [ 125.821451711983826, 36.660123859083292 ], [ 125.823991407462884, 36.660277572020426 ], [ 125.824786284748981, 36.661306097990789 ] ] ], [ [ [ 125.82357443003842, 36.660287699922506 ], [ 125.823618457932568, 36.660401556897675 ], [ 125.823686753433918, 36.660352479010534 ], [ 125.82357443003842, 36.660287699922506 ] ] ], [ [ [ 125.861647489552567, 36.662079967254869 ], [ 125.861629780064334, 36.662024472130327 ], [ 125.86151950727826, 36.66209458987236 ], [ 125.861647489552567, 36.662079967254869 ] ] ], [ [ [ 125.859386780294685, 36.662676604176148 ], [ 125.859356891019885, 36.662643109635411 ], [ 125.859379010069375, 36.662688878570442 ], [ 125.859386780294685, 36.662676604176148 ] ] ], [ [ [ 125.862706777657749, 36.662881598585265 ], [ 125.862835759619529, 36.662861244807424 ], [ 125.862733856636865, 36.662823470871764 ], [ 125.862706777657749, 36.662881598585265 ] ] ], [ [ [ 125.859626919349367, 36.66287249222092 ], [ 125.859652686392536, 36.662821989121838 ], [ 125.859622283558707, 36.662822803384032 ], [ 125.859626919349367, 36.66287249222092 ] ] ], [ [ [ 125.862380545419512, 36.663160050655158 ], [ 125.862463811079834, 36.663172468548169 ], [ 125.862397827042599, 36.663116969448403 ], [ 125.862380545419512, 36.663160050655158 ] ] ], [ [ [ 125.746671115576689, 36.661859067353227 ], [ 125.746657614588173, 36.661843743521111 ], [ 125.74665900131842, 36.661856493118712 ], [ 125.746671115576689, 36.661859067353227 ] ] ], [ [ [ 125.747501321523927, 36.66249498141763 ], [ 125.747313095486746, 36.662467760247793 ], [ 125.747535547497534, 36.662614129179445 ], [ 125.747501321523927, 36.66249498141763 ] ] ], [ [ [ 125.859341352405082, 36.666651839219867 ], [ 125.860435676379225, 36.665236500450796 ], [ 125.859853704206159, 36.664059341338749 ], [ 125.860379261741585, 36.663575047655911 ], [ 125.862650093507781, 36.663053397010316 ], [ 125.862230589029721, 36.662126454630389 ], [ 125.860203859425667, 36.662467868529845 ], [ 125.859816269005094, 36.66327912399619 ], [ 125.857473919930882, 36.662220700322109 ], [ 125.857478520545342, 36.663814767418785 ], [ 125.856808473526257, 36.665377876167781 ], [ 125.856333058675602, 36.665262695461223 ], [ 125.859341352405082, 36.666651839219867 ] ] ], [ [ [ 125.8604758118191, 36.664977603267992 ], [ 125.860470717313234, 36.664925880035653 ], [ 125.860465223496746, 36.664979995777927 ], [ 125.8604758118191, 36.664977603267992 ] ] ], [ [ [ 125.856666534200556, 36.664954342399874 ], [ 125.856622919806625, 36.664846199624535 ], [ 125.856586516990248, 36.664850580906155 ], [ 125.856666534200556, 36.664954342399874 ] ] ], [ [ [ 125.745992875698093, 36.665382309548491 ], [ 125.747805419894505, 36.663436276400233 ], [ 125.746662356910363, 36.661913341595017 ], [ 125.745252925823891, 36.661432686163636 ], [ 125.745956524936915, 36.663854985649792 ], [ 125.745444844942327, 36.66431963740893 ], [ 125.74475599143932, 36.664207038161841 ], [ 125.744346494239849, 36.663899641584493 ], [ 125.74388536141069, 36.663969196371532 ], [ 125.744417423177666, 36.665253056478186 ], [ 125.745992875698093, 36.665382309548491 ] ] ], [ [ [ 125.856572479108138, 36.665211843152079 ], [ 125.856493953266551, 36.665277115757135 ], [ 125.856593509002451, 36.66530888643554 ], [ 125.856572479108138, 36.665211843152079 ] ] ], [ [ [ 125.744478437565107, 36.663959300059915 ], [ 125.744543293260463, 36.663923597500023 ], [ 125.744444045199558, 36.663901247608223 ], [ 125.744478437565107, 36.663959300059915 ] ] ], [ [ [ 125.85654176608341, 36.665626832208261 ], [ 125.856451702516893, 36.665639149518931 ], [ 125.85656231668635, 36.665655502320504 ], [ 125.85654176608341, 36.665626832208261 ] ] ], [ [ [ 125.857995589647075, 36.666354353973091 ], [ 125.858067485180925, 36.666365945732629 ], [ 125.85800493287249, 36.666336534411805 ], [ 125.857995589647075, 36.666354353973091 ] ] ], [ [ [ 125.858117695886094, 36.666482889944632 ], [ 125.858083180772027, 36.666456953429773 ], [ 125.858071131471803, 36.666474800580346 ], [ 125.858117695886094, 36.666482889944632 ] ] ], [ [ [ 125.859441453661404, 36.666782643200428 ], [ 125.859590845452061, 36.666609733317358 ], [ 125.859431411118109, 36.666643159464265 ], [ 125.859441453661404, 36.666782643200428 ] ] ], [ [ [ 125.745249672772331, 36.665793887340577 ], [ 125.744482981289281, 36.665326257200469 ], [ 125.743572935962561, 36.665299187201995 ], [ 125.744580515140299, 36.666048374047897 ], [ 125.745249672772331, 36.665793887340577 ] ] ], [ [ [ 125.944259474792815, 36.72105197489585 ], [ 125.944264660722538, 36.720992830395076 ], [ 125.944232921964229, 36.721051653006576 ], [ 125.944259474792815, 36.72105197489585 ] ] ], [ [ [ 125.94400897718991, 36.721134788006928 ], [ 125.9439646249064, 36.721133609564433 ], [ 125.944007468550794, 36.721156174485252 ], [ 125.94400897718991, 36.721134788006928 ] ] ], [ [ [ 125.943886673160307, 36.721162702107073 ], [ 125.943944583638938, 36.721163396241934 ], [ 125.94388303179673, 36.721140509148839 ], [ 125.943886673160307, 36.721162702107073 ] ] ], [ [ [ 125.942679276949349, 36.723153117767978 ], [ 125.942555232102961, 36.723190090068421 ], [ 125.942659954170352, 36.723207822603435 ], [ 125.942679276949349, 36.723153117767978 ] ] ], [ [ [ 125.941681597035284, 36.724224390621977 ], [ 125.941621962599683, 36.724261572588276 ], [ 125.941662589446693, 36.724273865938713 ], [ 125.941681597035284, 36.724224390621977 ] ] ], [ [ [ 125.94208462744983, 36.724642307349718 ], [ 125.942051072838794, 36.724741630186656 ], [ 125.942098578616097, 36.724755311449996 ], [ 125.94208462744983, 36.724642307349718 ] ] ], [ [ [ 125.942082173111984, 36.724995796379808 ], [ 125.942055421435853, 36.724974878254471 ], [ 125.942063417969663, 36.725007173348473 ], [ 125.942082173111984, 36.724995796379808 ] ] ], [ [ [ 125.941875270406669, 36.724934637797453 ], [ 125.941905231565727, 36.725077348591654 ], [ 125.941900821496546, 36.724933506691251 ], [ 125.941875270406669, 36.724934637797453 ] ] ], [ [ [ 125.943653201213721, 36.725392148194615 ], [ 125.94363319077047, 36.725375960739804 ], [ 125.943621597928214, 36.725388217640742 ], [ 125.943653201213721, 36.725392148194615 ] ] ], [ [ [ 125.943506450015946, 36.725442485923068 ], [ 125.943593767238951, 36.725464002992851 ], [ 125.943522550703008, 36.725370666514898 ], [ 125.943506450015946, 36.725442485923068 ] ] ], [ [ [ 125.944357904896748, 36.725580643604928 ], [ 125.944448826408006, 36.725675185439314 ], [ 125.944395471258446, 36.725549429232792 ], [ 125.944357904896748, 36.725580643604928 ] ] ], [ [ [ 125.944242449370861, 36.725621641933778 ], [ 125.944368849252086, 36.725748502751387 ], [ 125.94429834522245, 36.725618458857838 ], [ 125.944242449370861, 36.725621641933778 ] ] ], [ [ [ 126.053463621309902, 36.199248264346174 ], [ 126.053465738256691, 36.199284814165495 ], [ 126.053496631036865, 36.199244713086188 ], [ 126.053463621309902, 36.199248264346174 ] ] ], [ [ [ 126.053438033985458, 36.201716102223862 ], [ 126.053396677648053, 36.201682494666159 ], [ 126.053390506410523, 36.201702822276523 ], [ 126.053438033985458, 36.201716102223862 ] ] ], [ [ [ 126.053432766055295, 36.201885831611854 ], [ 126.053497010313862, 36.201861080199393 ], [ 126.053431934590733, 36.201820165236455 ], [ 126.053432766055295, 36.201885831611854 ] ] ], [ [ [ 126.057315355517233, 36.202863511968793 ], [ 126.057288355621083, 36.202837831520021 ], [ 126.05727842227931, 36.202860409139383 ], [ 126.057315355517233, 36.202863511968793 ] ] ], [ [ [ 126.057157347577629, 36.202867809065395 ], [ 126.057144946086879, 36.202839423483503 ], [ 126.057105176660016, 36.202871579213621 ], [ 126.057157347577629, 36.202867809065395 ] ] ], [ [ [ 126.056078879671773, 36.203120528895901 ], [ 126.056156844394579, 36.203112420608086 ], [ 126.056118932513002, 36.203094530412251 ], [ 126.056078879671773, 36.203120528895901 ] ] ], [ [ [ 126.051639668821679, 36.20342595684528 ], [ 126.051634151435749, 36.203375394793973 ], [ 126.051602298459017, 36.203419533146565 ], [ 126.051639668821679, 36.20342595684528 ] ] ], [ [ [ 126.058070497043872, 36.209817038640239 ], [ 126.060007212176657, 36.20878323860245 ], [ 126.058264317856853, 36.20890567429138 ], [ 126.057217468775676, 36.208739926182652 ], [ 126.056278009634681, 36.208125758124474 ], [ 126.056514341362316, 36.207761324644785 ], [ 126.055211111000261, 36.206412578421229 ], [ 126.056807987891219, 36.205683226849921 ], [ 126.056849986827544, 36.205040865424095 ], [ 126.056333278830195, 36.204700233657888 ], [ 126.055898768596975, 36.203307011036848 ], [ 126.056228262431191, 36.202885448539234 ], [ 126.05664990538051, 36.202617971744594 ], [ 126.058749435923659, 36.202918063437892 ], [ 126.058082767278023, 36.201434529097376 ], [ 126.05880583306913, 36.200759458295479 ], [ 126.061275988585479, 36.201536477652056 ], [ 126.061517904285324, 36.200896347660368 ], [ 126.059968161308319, 36.200372935431645 ], [ 126.059200697439096, 36.19818248652841 ], [ 126.057679280303887, 36.199502865801158 ], [ 126.053441763249168, 36.198743934001179 ], [ 126.054316451505244, 36.200531660821099 ], [ 126.053482591032378, 36.201228229942238 ], [ 126.05370875217416, 36.202418512624746 ], [ 126.048895205210997, 36.20513088369529 ], [ 126.050693338761064, 36.205625184151792 ], [ 126.051270447931287, 36.205090782431562 ], [ 126.053415500516479, 36.204989345635859 ], [ 126.054816377698558, 36.20723373120483 ], [ 126.05625470631702, 36.208018066115955 ], [ 126.056138357624008, 36.20821449470246 ], [ 126.056810108427456, 36.209141736080824 ], [ 126.056615273516201, 36.209488410322287 ], [ 126.056900459910707, 36.209309290490765 ], [ 126.057810890639416, 36.210011619772921 ], [ 126.058070497043872, 36.209817038640239 ] ] ], [ [ [ 126.049613460302339, 36.204536628996038 ], [ 126.049709960676836, 36.204519579789761 ], [ 126.049709704004755, 36.204514079481299 ], [ 126.049613460302339, 36.204536628996038 ] ] ], [ [ [ 126.056447702144311, 36.204662818134544 ], [ 126.056370778026192, 36.204673052208655 ], [ 126.056377385204271, 36.204693155510306 ], [ 126.056447702144311, 36.204662818134544 ] ] ], [ [ [ 126.049002600016195, 36.204687641455223 ], [ 126.04892227931704, 36.204623697614004 ], [ 126.048944252717888, 36.204708122208913 ], [ 126.049002600016195, 36.204687641455223 ] ] ], [ [ [ 126.052830215879425, 36.205223361202052 ], [ 126.053009461262832, 36.205100490542655 ], [ 126.052873460344713, 36.205022202416025 ], [ 126.052830215879425, 36.205223361202052 ] ] ], [ [ [ 126.051541537375812, 36.205288871265161 ], [ 126.051439823051666, 36.205175977823664 ], [ 126.051384105623086, 36.205213592597381 ], [ 126.051541537375812, 36.205288871265161 ] ] ], [ [ [ 126.048936903473162, 36.205234766937494 ], [ 126.048948265309718, 36.205183401628055 ], [ 126.048894506597065, 36.205198725664367 ], [ 126.048936903473162, 36.205234766937494 ] ] ], [ [ [ 126.052834106780182, 36.20528256309882 ], [ 126.052829943528707, 36.205239481704091 ], [ 126.052817713135966, 36.205240411955273 ], [ 126.052834106780182, 36.20528256309882 ] ] ], [ [ [ 126.051645520120928, 36.205321659909941 ], [ 126.051667805145485, 36.205278155788051 ], [ 126.051633839759759, 36.205274995178144 ], [ 126.051645520120928, 36.205321659909941 ] ] ], [ [ [ 126.051439288883557, 36.205417521745524 ], [ 126.051455438376109, 36.205351693170535 ], [ 126.051426149345474, 36.205418047804841 ], [ 126.051439288883557, 36.205417521745524 ] ] ], [ [ [ 126.049170985489909, 36.205390284563528 ], [ 126.049216272082262, 36.20534463121971 ], [ 126.049151689632652, 36.205348308695953 ], [ 126.049170985489909, 36.205390284563528 ] ] ], [ [ [ 126.051523507400617, 36.205433202827059 ], [ 126.051499277188128, 36.205392611759322 ], [ 126.051449740026939, 36.205423931546832 ], [ 126.051523507400617, 36.205433202827059 ] ] ], [ [ [ 126.049392822762456, 36.205559970529869 ], [ 126.049402653864405, 36.205456892419235 ], [ 126.049312450376647, 36.205485625097879 ], [ 126.049392822762456, 36.205559970529869 ] ] ], [ [ [ 126.05673930527, 36.205894315685853 ], [ 126.056713947248213, 36.205860348712392 ], [ 126.056699129061997, 36.205889772655773 ], [ 126.05673930527, 36.205894315685853 ] ] ], [ [ [ 126.056642781212418, 36.205931053103569 ], [ 126.056670205719527, 36.205894527947216 ], [ 126.056621104039905, 36.205922094187088 ], [ 126.056642781212418, 36.205931053103569 ] ] ], [ [ [ 126.049055805549798, 36.206931119147022 ], [ 126.04926852720132, 36.206103412679219 ], [ 126.049097620509954, 36.205524452252199 ], [ 126.047515159971482, 36.206437833743699 ], [ 126.049055805549798, 36.206931119147022 ] ] ], [ [ [ 126.053879911881936, 36.207956382502147 ], [ 126.053871487635277, 36.207888637572992 ], [ 126.053833958758318, 36.207895055056476 ], [ 126.053879911881936, 36.207956382502147 ] ] ], [ [ [ 126.056083018225166, 36.207989244073403 ], [ 126.056053297134966, 36.207960243734512 ], [ 126.056046352780697, 36.207966353073246 ], [ 126.056083018225166, 36.207989244073403 ] ] ], [ [ [ 126.056519100761832, 36.208059729097819 ], [ 126.056504284729883, 36.208003496597485 ], [ 126.056478556719753, 36.208048748614829 ], [ 126.056519100761832, 36.208059729097819 ] ] ], [ [ [ 126.044143906149159, 36.208647175163804 ], [ 126.044263937662052, 36.208720046709217 ], [ 126.044298984974603, 36.20861417845623 ], [ 126.044143906149159, 36.208647175163804 ] ] ], [ [ [ 126.045430734504393, 36.208707947458159 ], [ 126.045544655371245, 36.208984478461595 ], [ 126.045618453627654, 36.208905187530611 ], [ 126.045430734504393, 36.208707947458159 ] ] ], [ [ [ 126.045663867938813, 36.209178998036819 ], [ 126.045619505165874, 36.20925732521264 ], [ 126.045646553747119, 36.209264173440069 ], [ 126.045663867938813, 36.209178998036819 ] ] ], [ [ [ 126.042346255878229, 36.209202627878241 ], [ 126.042449864382689, 36.20925973450958 ], [ 126.042413924668693, 36.209182190041304 ], [ 126.042346255878229, 36.209202627878241 ] ] ], [ [ [ 126.042215951925826, 36.209311310526708 ], [ 126.042116362692838, 36.20918901840669 ], [ 126.041981365149852, 36.209253884264086 ], [ 126.042215951925826, 36.209311310526708 ] ] ], [ [ [ 126.056916785192627, 36.209517668765201 ], [ 126.05702317019373, 36.209534312898967 ], [ 126.056980144247831, 36.209443758238152 ], [ 126.056916785192627, 36.209517668765201 ] ] ], [ [ [ 126.042020379247305, 36.212238363767945 ], [ 126.043138790365106, 36.211339183220495 ], [ 126.042086935965827, 36.209393599141826 ], [ 126.039268270289043, 36.210928799565494 ], [ 126.042020379247305, 36.212238363767945 ] ] ], [ [ [ 126.015228043449696, 36.213716722778308 ], [ 126.014007992468365, 36.21372264376236 ], [ 126.013266462321013, 36.21414956657452 ], [ 126.014503308046045, 36.214290428117792 ], [ 126.015228043449696, 36.213716722778308 ] ] ], [ [ [ 126.014763185654729, 36.21433549879157 ], [ 126.016385789129387, 36.213913118003433 ], [ 126.01520970103833, 36.213866982947216 ], [ 126.014763185654729, 36.21433549879157 ] ] ], [ [ [ 126.025177999651703, 36.226402061220476 ], [ 126.026356967746707, 36.225048160533241 ], [ 126.027574720821477, 36.224601455859258 ], [ 126.026484799015606, 36.222270111943267 ], [ 126.027755486977142, 36.220779795151181 ], [ 126.030930680404694, 36.221960318633016 ], [ 126.030506820176797, 36.219651570284441 ], [ 126.034063343818218, 36.218999659180973 ], [ 126.03572186332633, 36.219562312357155 ], [ 126.035051001681026, 36.218579711794945 ], [ 126.031556488639239, 36.217776759312287 ], [ 126.031328394180164, 36.216057426218718 ], [ 126.034279430224572, 36.214430349442722 ], [ 126.037772752261887, 36.21457076519885 ], [ 126.036341598383459, 36.212780884806001 ], [ 126.038115913808554, 36.212287617222067 ], [ 126.038552622190593, 36.21109043378803 ], [ 126.03514196294644, 36.210198551729867 ], [ 126.034577093403882, 36.211017164131754 ], [ 126.033187014032663, 36.210910849510881 ], [ 126.033074890710836, 36.212523061970757 ], [ 126.029580087792226, 36.213933675990987 ], [ 126.030183685317454, 36.214661220433022 ], [ 126.028760141854875, 36.21529523047937 ], [ 126.029296191689298, 36.215922274762377 ], [ 126.028339363742305, 36.217398054147687 ], [ 126.02689827288016, 36.217779837083604 ], [ 126.026674124200426, 36.218782754222751 ], [ 126.024567897642896, 36.218581693517045 ], [ 126.025420932730228, 36.221726424100801 ], [ 126.024430356076635, 36.222516528108365 ], [ 126.02286247346953, 36.222399586966397 ], [ 126.02235886297197, 36.223684203815218 ], [ 126.022779739387175, 36.224702474535171 ], [ 126.024266374594305, 36.224441781045009 ], [ 126.025177999651703, 36.226402061220476 ] ] ], [ [ [ 126.023923171844473, 36.218622476314181 ], [ 126.023456601480831, 36.218287078488842 ], [ 126.023395140231841, 36.218436944838942 ], [ 126.023923171844473, 36.218622476314181 ] ] ], [ [ [ 126.054183910668925, 36.22301706367486 ], [ 126.054860963949011, 36.223026603327313 ], [ 126.054415562530963, 36.222656347371846 ], [ 126.054183910668925, 36.22301706367486 ] ] ], [ [ [ 126.001016794800279, 36.223056799395131 ], [ 125.999666138755217, 36.22198879985023 ], [ 125.998624865856911, 36.223115104349645 ], [ 126.000087449987817, 36.223389133198985 ], [ 126.001016794800279, 36.223056799395131 ] ] ], [ [ [ 126.025638617542043, 36.226696383916504 ], [ 126.025472323986122, 36.226724434440086 ], [ 126.025477145441442, 36.226749949560073 ], [ 126.025638617542043, 36.226696383916504 ] ] ], [ [ [ 126.028663540522729, 36.2293563410853 ], [ 126.028257100323728, 36.229130977313304 ], [ 126.028260340551824, 36.229319399039177 ], [ 126.028663540522729, 36.2293563410853 ] ] ], [ [ [ 125.963884752415822, 36.228473162989765 ], [ 125.963970656162928, 36.228456240411376 ], [ 125.96396174796304, 36.228379245791515 ], [ 125.963884752415822, 36.228473162989765 ] ] ], [ [ [ 125.961758205262925, 36.229388652168012 ], [ 125.961612731563648, 36.229046389788024 ], [ 125.961464640257503, 36.229370464372955 ], [ 125.961758205262925, 36.229388652168012 ] ] ], [ [ [ 125.961246976275575, 36.229367464631771 ], [ 125.961317459560675, 36.229359095205176 ], [ 125.961309062034445, 36.229330098974181 ], [ 125.961246976275575, 36.229367464631771 ] ] ], [ [ [ 125.957341235797841, 36.229294137958419 ], [ 125.9573846351459, 36.229391692957073 ], [ 125.957395875916546, 36.22928268006217 ], [ 125.957341235797841, 36.229294137958419 ] ] ], [ [ [ 125.961959936750915, 36.229425708866607 ], [ 125.962002549231386, 36.229400357754315 ], [ 125.961937240015473, 36.229413373531685 ], [ 125.961959936750915, 36.229425708866607 ] ] ], [ [ [ 125.959250066364675, 36.229732106772502 ], [ 125.959178997852348, 36.229235333947081 ], [ 125.958604263725775, 36.229756683340504 ], [ 125.959029139249978, 36.229783422635577 ], [ 125.959250066364675, 36.229732106772502 ] ] ], [ [ [ 125.960073876803548, 36.229591928882343 ], [ 125.960131970724845, 36.229554469189104 ], [ 125.960068277491473, 36.229522393841336 ], [ 125.960073876803548, 36.229591928882343 ] ] ], [ [ [ 125.957981926474091, 36.229837357495505 ], [ 125.957652910624162, 36.229521601819023 ], [ 125.957733503957456, 36.229796820089312 ], [ 125.957981926474091, 36.229837357495505 ] ] ], [ [ [ 125.958541276071699, 36.231808906334223 ], [ 125.958491258684447, 36.231896646372427 ], [ 125.958539982986551, 36.23189789625178 ], [ 125.958541276071699, 36.231808906334223 ] ] ], [ [ [ 125.958501730324414, 36.232781836728385 ], [ 125.958511615975951, 36.23267413145777 ], [ 125.958459881665036, 36.232673149268763 ], [ 125.958501730324414, 36.232781836728385 ] ] ], [ [ [ 125.966027586306268, 36.239442565204307 ], [ 125.967292847545309, 36.239342126799762 ], [ 125.968246066663298, 36.23799188795941 ], [ 125.968073144054799, 36.23854215519566 ], [ 125.968535306409947, 36.237970577791273 ], [ 125.969317201477963, 36.238165383696767 ], [ 125.969523660637947, 36.237708453589619 ], [ 125.969887506030403, 36.238358141520195 ], [ 125.970589122475033, 36.236646719474123 ], [ 125.967264703765636, 36.233360974349033 ], [ 125.967653548304156, 36.231332275476547 ], [ 125.966418961005829, 36.230663807170494 ], [ 125.96710122715406, 36.229757386228655 ], [ 125.965833091346056, 36.229310578833314 ], [ 125.967090973591937, 36.227965592345654 ], [ 125.966036555098782, 36.227051214981259 ], [ 125.963919576455737, 36.228607244597306 ], [ 125.963865311180342, 36.228494955881175 ], [ 125.963999293279954, 36.228043603540911 ], [ 125.962919801926574, 36.228257517654484 ], [ 125.962853347765247, 36.229373797813857 ], [ 125.958273728480236, 36.230119579725205 ], [ 125.957719535217905, 36.229879100189081 ], [ 125.957477472727248, 36.230552672966482 ], [ 125.95839057848498, 36.230908303977678 ], [ 125.958740608886359, 36.232048090061134 ], [ 125.95851942329621, 36.233047582590096 ], [ 125.957777418302086, 36.233413051144908 ], [ 125.957862577521126, 36.234156989859152 ], [ 125.958776107473923, 36.23361542760928 ], [ 125.958337862734965, 36.235057723238654 ], [ 125.961878449226063, 36.232873707815955 ], [ 125.963536035543243, 36.234227879032169 ], [ 125.963435051236488, 36.23605699188122 ], [ 125.964876787482453, 36.237510972517711 ], [ 125.966045687503268, 36.237100487909629 ], [ 125.966027586306268, 36.239442565204307 ] ] ], [ [ [ 125.968138118565037, 36.23337913253539 ], [ 125.968098541168416, 36.23340255048511 ], [ 125.968105259004361, 36.233408858401056 ], [ 125.968138118565037, 36.23337913253539 ] ] ], [ [ [ 125.957806659611776, 36.234152435945482 ], [ 125.957880274012382, 36.234265535612913 ], [ 125.957817716985488, 36.234143298874088 ], [ 125.957806659611776, 36.234152435945482 ] ] ], [ [ [ 125.969680801578463, 36.235125638127791 ], [ 125.969621293357292, 36.235177325624036 ], [ 125.969689823135482, 36.23515899943289 ], [ 125.969680801578463, 36.235125638127791 ] ] ], [ [ [ 125.969711249769091, 36.23520524446306 ], [ 125.969737899198719, 36.235177867257477 ], [ 125.969690022001799, 36.235170603782962 ], [ 125.969711249769091, 36.23520524446306 ] ] ], [ [ [ 125.970159133890178, 36.235282969529635 ], [ 125.970115772100456, 36.235272848647732 ], [ 125.97014087958425, 36.235298212355389 ], [ 125.970159133890178, 36.235282969529635 ] ] ], [ [ [ 125.970107266528288, 36.235399261753933 ], [ 125.970066000761634, 36.235357980707931 ], [ 125.970090391254843, 36.23540460613507 ], [ 125.970107266528288, 36.235399261753933 ] ] ], [ [ [ 125.958328453389811, 36.235485317578714 ], [ 125.958275606093423, 36.235465328991822 ], [ 125.958270238131234, 36.235475761811244 ], [ 125.958328453389811, 36.235485317578714 ] ] ], [ [ [ 125.970258039767415, 36.235852338905801 ], [ 125.97032219494335, 36.235902301596845 ], [ 125.97031865827924, 36.235843728099596 ], [ 125.970258039767415, 36.235852338905801 ] ] ], [ [ [ 125.957799389031535, 36.236395119819704 ], [ 125.956884021210854, 36.236665862651357 ], [ 125.956849200353346, 36.237812985535669 ], [ 125.957465196856688, 36.237489613964584 ], [ 125.957799389031535, 36.236395119819704 ] ] ], [ [ [ 125.968494480044001, 36.238213950664381 ], [ 125.968438420038737, 36.238219918111376 ], [ 125.968487705415242, 36.238232091458499 ], [ 125.968494480044001, 36.238213950664381 ] ] ], [ [ [ 125.969800464929534, 36.238310635279959 ], [ 125.969742362311379, 36.238470818950269 ], [ 125.96979976083793, 36.238496774318833 ], [ 125.969800464929534, 36.238310635279959 ] ] ], [ [ [ 125.968079098565511, 36.238563194019662 ], [ 125.968137916030699, 36.238592366735098 ], [ 125.968128097497441, 36.238558463265264 ], [ 125.968079098565511, 36.238563194019662 ] ] ], [ [ [ 125.957606556487079, 36.238082292919756 ], [ 125.957127356045859, 36.238381536206248 ], [ 125.957146142334082, 36.238995345858896 ], [ 125.95772165064561, 36.238705515207201 ], [ 125.957606556487079, 36.238082292919756 ] ] ], [ [ [ 125.968267172789453, 36.238704669085543 ], [ 125.968314900642554, 36.238666423704345 ], [ 125.968279709208389, 36.238654264896077 ], [ 125.968267172789453, 36.238704669085543 ] ] ], [ [ [ 126.056745428908187, 36.242411328208647 ], [ 126.061158665676729, 36.24020995980716 ], [ 126.06023582187315, 36.239711184493004 ], [ 126.06138070083864, 36.238119754976744 ], [ 126.060819412238928, 36.237430900683684 ], [ 126.050641788429132, 36.238701696505949 ], [ 126.050060603035035, 36.240150257684633 ], [ 126.048128474781393, 36.241112117549768 ], [ 126.050677807552248, 36.241773288122104 ], [ 126.057861092719747, 36.240244448374604 ], [ 126.056745428908187, 36.242411328208647 ] ] ], [ [ [ 125.966101859544608, 36.239595235241175 ], [ 125.966057816474063, 36.239530823615539 ], [ 125.966034975224417, 36.239597451487562 ], [ 125.966101859544608, 36.239595235241175 ] ] ], [ [ [ 125.957697837410635, 36.239696061379163 ], [ 125.957738957625466, 36.239722099267802 ], [ 125.95772827726735, 36.23969184380978 ], [ 125.957697837410635, 36.239696061379163 ] ] ], [ [ [ 125.965851860878303, 36.240046896778892 ], [ 125.965928219367029, 36.23975500617167 ], [ 125.965681827628956, 36.240019900420393 ], [ 125.965851860878303, 36.240046896778892 ] ] ], [ [ [ 125.956568055199895, 36.24046987913313 ], [ 125.957866323433237, 36.240019580458714 ], [ 125.957483597394685, 36.239559511405837 ], [ 125.956955885664613, 36.239684254818485 ], [ 125.956568055199895, 36.24046987913313 ] ] ], [ [ [ 125.95626545547988, 36.240263895880602 ], [ 125.956535546486947, 36.240370127900299 ], [ 125.956263756617105, 36.240144432467005 ], [ 125.95626545547988, 36.240263895880602 ] ] ], [ [ [ 125.956294352825935, 36.240379543775951 ], [ 125.956206724723003, 36.24032553504825 ], [ 125.956176720197902, 36.240342681157756 ], [ 125.956294352825935, 36.240379543775951 ] ] ], [ [ [ 125.957449109638119, 36.240561561140701 ], [ 125.957186382304428, 36.240336949209237 ], [ 125.957076535700764, 36.240591910807474 ], [ 125.957449109638119, 36.240561561140701 ] ] ], [ [ [ 125.95896254608769, 36.240525332158342 ], [ 125.959065326512686, 36.240909899015008 ], [ 125.959195780194719, 36.240641929710407 ], [ 125.95896254608769, 36.240525332158342 ] ] ], [ [ [ 125.959344491502591, 36.240988882359794 ], [ 125.959445684541194, 36.241060288607578 ], [ 125.95944072050105, 36.240968257815418 ], [ 125.959344491502591, 36.240988882359794 ] ] ], [ [ [ 125.959461860173306, 36.241130378052297 ], [ 125.959505226297594, 36.241191624610856 ], [ 125.959495915214262, 36.241130681443806 ], [ 125.959461860173306, 36.241130378052297 ] ] ], [ [ [ 125.956192560150214, 36.242793023025655 ], [ 125.956507515188946, 36.241823786618532 ], [ 125.95581733893151, 36.241761634565727 ], [ 125.955425995179993, 36.242741158084286 ], [ 125.956192560150214, 36.242793023025655 ] ] ], [ [ [ 125.956778573166602, 36.242547394512847 ], [ 125.956836978764287, 36.242611369151888 ], [ 125.956840063234154, 36.242529428504412 ], [ 125.956778573166602, 36.242547394512847 ] ] ], [ [ [ 125.956723729920483, 36.242980037831551 ], [ 125.956643923717493, 36.242589554581215 ], [ 125.95625345412023, 36.243431917117285 ], [ 125.956723729920483, 36.242980037831551 ] ] ], [ [ [ 125.956982533375339, 36.243515545622657 ], [ 125.957007183622991, 36.243064597125283 ], [ 125.956760020790696, 36.243510619528763 ], [ 125.956982533375339, 36.243515545622657 ] ] ], [ [ [ 125.996916773375048, 36.257879124382079 ], [ 125.996560292254614, 36.258050682569369 ], [ 125.996753179157295, 36.258151725389354 ], [ 125.996916773375048, 36.257879124382079 ] ] ], [ [ [ 125.992251898031668, 36.259234807021357 ], [ 125.995927241707321, 36.258854098872369 ], [ 125.996607170218653, 36.258150555244946 ], [ 125.995577533613073, 36.257562627943493 ], [ 125.992251898031668, 36.259234807021357 ] ] ], [ [ [ 126.007683607923056, 36.644921693918555 ], [ 126.007895189885417, 36.64499546234552 ], [ 126.007810359106188, 36.644863159911978 ], [ 126.007683607923056, 36.644921693918555 ] ] ], [ [ [ 126.006039126844584, 36.647294753188767 ], [ 126.005947122897197, 36.64689674890613 ], [ 126.005792491775125, 36.647239368467012 ], [ 126.006039126844584, 36.647294753188767 ] ] ], [ [ [ 126.009479874455621, 36.649813029599116 ], [ 126.010101872045595, 36.647460805751024 ], [ 126.006625712947297, 36.64631752380906 ], [ 126.006517300228836, 36.647378678971698 ], [ 126.007159599189691, 36.647244987138997 ], [ 126.009479874455621, 36.649813029599116 ] ] ], [ [ [ 126.008102268685377, 36.648535136368075 ], [ 126.008108568919425, 36.648451063468791 ], [ 126.008052629803956, 36.64848802893917 ], [ 126.008102268685377, 36.648535136368075 ] ] ], [ [ [ 126.034592248371609, 36.665594261797651 ], [ 126.034566237785228, 36.665550735384812 ], [ 126.034571634920596, 36.665595960565987 ], [ 126.034592248371609, 36.665594261797651 ] ] ], [ [ [ 126.036653568563935, 36.665713129240913 ], [ 126.036676975700985, 36.665664109840591 ], [ 126.036636624231363, 36.665679895196007 ], [ 126.036653568563935, 36.665713129240913 ] ] ], [ [ [ 126.034570405579927, 36.665696313659829 ], [ 126.034707652641075, 36.665742391602862 ], [ 126.034558012933488, 36.665674695005819 ], [ 126.034570405579927, 36.665696313659829 ] ] ], [ [ [ 126.036632916745305, 36.665804189943188 ], [ 126.036706528052704, 36.665786096472921 ], [ 126.03669123071839, 36.665755226337929 ], [ 126.036632916745305, 36.665804189943188 ] ] ], [ [ [ 126.033856686048949, 36.665721397469873 ], [ 126.033817674099609, 36.665872375350766 ], [ 126.033964014007367, 36.66576742156635 ], [ 126.033856686048949, 36.665721397469873 ] ] ], [ [ [ 126.036793185241351, 36.665883628307533 ], [ 126.036842596798451, 36.665845318053705 ], [ 126.036815316563818, 36.665836275232159 ], [ 126.036793185241351, 36.665883628307533 ] ] ], [ [ [ 126.036886344892579, 36.665921516245895 ], [ 126.03685675094232, 36.665883502575007 ], [ 126.036844988704587, 36.665917317714964 ], [ 126.036886344892579, 36.665921516245895 ] ] ], [ [ [ 126.036595770656618, 36.666107452251048 ], [ 126.036635141870377, 36.666053629845273 ], [ 126.036597840096988, 36.6660491024628 ], [ 126.036595770656618, 36.666107452251048 ] ] ], [ [ [ 126.036645985743803, 36.666129537320373 ], [ 126.036674546932815, 36.666083344983726 ], [ 126.036653294206417, 36.66607802690222 ], [ 126.036645985743803, 36.666129537320373 ] ] ], [ [ [ 126.036948799626657, 36.666207146791393 ], [ 126.037000842919596, 36.666153474554037 ], [ 126.03694408455668, 36.666160098426182 ], [ 126.036948799626657, 36.666207146791393 ] ] ], [ [ [ 126.036715833608994, 36.666438684634443 ], [ 126.036745258910003, 36.666370733885522 ], [ 126.036690495711298, 36.666367118714355 ], [ 126.036715833608994, 36.666438684634443 ] ] ], [ [ [ 126.049575275422029, 36.66655656631545 ], [ 126.049290040534814, 36.666644444082067 ], [ 126.049649049065025, 36.666621520914397 ], [ 126.049575275422029, 36.66655656631545 ] ] ], [ [ [ 126.032574740866195, 36.666452601417369 ], [ 126.03246213212168, 36.666387925756666 ], [ 126.032434762162993, 36.666420863008696 ], [ 126.032574740866195, 36.666452601417369 ] ] ], [ [ [ 126.03302963389558, 36.666474318242784 ], [ 126.033051526285973, 36.66660649640999 ], [ 126.033129657768029, 36.666592037644797 ], [ 126.03302963389558, 36.666474318242784 ] ] ], [ [ [ 126.035516118868927, 36.668530391451625 ], [ 126.036769763307547, 36.66657827424504 ], [ 126.034026067889329, 36.665643134969798 ], [ 126.034000776795892, 36.666835265964991 ], [ 126.032458304750421, 36.666900806804037 ], [ 126.035516118868927, 36.668530391451625 ] ] ], [ [ [ 126.036681722723543, 36.667145496143583 ], [ 126.036746230930689, 36.667159588260567 ], [ 126.036695041373676, 36.667115183198071 ], [ 126.036681722723543, 36.667145496143583 ] ] ], [ [ [ 126.049269303923126, 36.668335647402394 ], [ 126.04931366915919, 36.668307222020665 ], [ 126.049245120606997, 36.668312907657679 ], [ 126.049269303923126, 36.668335647402394 ] ] ], [ [ [ 126.033948779843954, 36.668207737123559 ], [ 126.034021598405985, 36.66816823796632 ], [ 126.033932195188228, 36.668174216887827 ], [ 126.033948779843954, 36.668207737123559 ] ] ], [ [ [ 126.03500887819321, 36.668512756133808 ], [ 126.034981182466282, 36.668551323756176 ], [ 126.035034754804514, 36.66853578998542 ], [ 126.03500887819321, 36.668512756133808 ] ] ], [ [ [ 126.035201224499687, 36.668594540154913 ], [ 126.035142439224273, 36.668597604691378 ], [ 126.035204406802151, 36.668601269553768 ], [ 126.035201224499687, 36.668594540154913 ] ] ], [ [ [ 126.046595570161927, 36.670767130490468 ], [ 126.046530960821158, 36.670836914948303 ], [ 126.046615832113943, 36.670865680080524 ], [ 126.046595570161927, 36.670767130490468 ] ] ], [ [ [ 126.047835885879266, 36.670908531367587 ], [ 126.047784551414765, 36.670889702226077 ], [ 126.04781624882483, 36.670919898418433 ], [ 126.047835885879266, 36.670908531367587 ] ] ], [ [ [ 126.046747926092465, 36.671016221379709 ], [ 126.046860033886929, 36.671038799770599 ], [ 126.046794127669116, 36.670984294876874 ], [ 126.046747926092465, 36.671016221379709 ] ] ], [ [ [ 126.047570220944749, 36.67105265340652 ], [ 126.047628168075121, 36.671089494131451 ], [ 126.047641190486331, 36.671052130916181 ], [ 126.047570220944749, 36.67105265340652 ] ] ], [ [ [ 126.047595751847808, 36.671311842332564 ], [ 126.048295543413545, 36.671143714562781 ], [ 126.048005072889907, 36.670959606067314 ], [ 126.047595751847808, 36.671311842332564 ] ] ], [ [ [ 126.047239407941021, 36.671298268284779 ], [ 126.047351474331748, 36.671312484241113 ], [ 126.047242464294982, 36.671267241215013 ], [ 126.047239407941021, 36.671298268284779 ] ] ], [ [ [ 126.047416309597523, 36.671392325191732 ], [ 126.047393317235787, 36.671350024606511 ], [ 126.047366590395058, 36.671358516127164 ], [ 126.047416309597523, 36.671392325191732 ] ] ], [ [ [ 126.048080946224701, 36.671439974615218 ], [ 126.048063164187525, 36.671422530048318 ], [ 126.047891192598158, 36.671517420902354 ], [ 126.048080946224701, 36.671439974615218 ] ] ], [ [ [ 126.047410200160456, 36.67153480309873 ], [ 126.047479681625362, 36.671532746385104 ], [ 126.047402230730469, 36.671485278008781 ], [ 126.047410200160456, 36.67153480309873 ] ] ], [ [ [ 126.04810470227882, 36.671748095519249 ], [ 126.048154453929229, 36.671733877595884 ], [ 126.048097597098689, 36.67170007374493 ], [ 126.04810470227882, 36.671748095519249 ] ] ], [ [ [ 126.048356235945718, 36.671859589306322 ], [ 126.048327175297331, 36.671933210046213 ], [ 126.048398604033736, 36.671960941070211 ], [ 126.048356235945718, 36.671859589306322 ] ] ], [ [ [ 126.047876472411673, 36.671939603829422 ], [ 126.047843846531336, 36.671948306554121 ], [ 126.047872328764456, 36.671959905308633 ], [ 126.047876472411673, 36.671939603829422 ] ] ], [ [ [ 125.944872559813987, 36.721225047085035 ], [ 125.944870064138073, 36.721276292737528 ], [ 125.944901120893078, 36.721269487461271 ], [ 125.944872559813987, 36.721225047085035 ] ] ], [ [ [ 125.948423705089738, 36.722658035559782 ], [ 125.948427629792178, 36.722627700870923 ], [ 125.948396728329797, 36.722638796100277 ], [ 125.948423705089738, 36.722658035559782 ] ] ], [ [ [ 125.9490852856418, 36.722891677174317 ], [ 125.949103800436646, 36.722932708176558 ], [ 125.949131298273514, 36.722892309283274 ], [ 125.9490852856418, 36.722891677174317 ] ] ], [ [ [ 125.945390865382564, 36.726410222752122 ], [ 125.948360150102843, 36.726072875862208 ], [ 125.948138202876379, 36.725802966608299 ], [ 125.948079072834233, 36.725531425246125 ], [ 125.947589251773223, 36.725344826827879 ], [ 125.947265259753237, 36.724791038704311 ], [ 125.947397672864327, 36.723977408910876 ], [ 125.949049333416539, 36.723011044826166 ], [ 125.947821870948786, 36.722594816612336 ], [ 125.947238484635747, 36.721681375661014 ], [ 125.94610544815211, 36.722198900362123 ], [ 125.944240007164311, 36.721210747185751 ], [ 125.944453059872188, 36.722117501789121 ], [ 125.942129334624454, 36.723712913278206 ], [ 125.941818517637941, 36.724099587044108 ], [ 125.942118997927864, 36.724409923115338 ], [ 125.942015718470287, 36.724455390942666 ], [ 125.942163327157132, 36.724688585568977 ], [ 125.942066279344147, 36.724881286768436 ], [ 125.943155511261409, 36.725418962377667 ], [ 125.943731986044256, 36.725281716395649 ], [ 125.944857227621867, 36.725710763177574 ], [ 125.945390865382564, 36.726410222752122 ] ] ], [ [ [ 125.947689350975907, 36.72394946893467 ], [ 125.947663744566853, 36.724034691222414 ], [ 125.947721066879936, 36.724000966213886 ], [ 125.947689350975907, 36.72394946893467 ] ] ], [ [ [ 125.947804313007794, 36.724033463704281 ], [ 125.947697326416034, 36.72409217464044 ], [ 125.947783486578672, 36.724105851280548 ], [ 125.947804313007794, 36.724033463704281 ] ] ], [ [ [ 125.947516769908219, 36.724070021107607 ], [ 125.947569364316777, 36.724094274981056 ], [ 125.947565303513755, 36.724070832743429 ], [ 125.947516769908219, 36.724070021107607 ] ] ], [ [ [ 125.947482622171407, 36.724246329128505 ], [ 125.947531873224094, 36.724230753859516 ], [ 125.947491215626911, 36.724198694626146 ], [ 125.947482622171407, 36.724246329128505 ] ] ], [ [ [ 125.947671499322283, 36.725307183279888 ], [ 125.94765585862045, 36.725259450775646 ], [ 125.947644490449932, 36.7253026304735 ], [ 125.947671499322283, 36.725307183279888 ] ] ], [ [ [ 125.948209775015442, 36.725838313213899 ], [ 125.948188638100476, 36.725818955159419 ], [ 125.94819378663189, 36.725847118613473 ], [ 125.948209775015442, 36.725838313213899 ] ] ], [ [ [ 125.948241883595713, 36.725882481765595 ], [ 125.948216430332153, 36.725891648691686 ], [ 125.948239126370851, 36.725902085287657 ], [ 125.948241883595713, 36.725882481765595 ] ] ], [ [ [ 125.948447821038755, 36.726030952395917 ], [ 125.948454032951943, 36.725964312529882 ], [ 125.948413734044905, 36.725971571490682 ], [ 125.948447821038755, 36.726030952395917 ] ] ], [ [ [ 125.948481469268785, 36.726097338579095 ], [ 125.948448745056481, 36.726075073042928 ], [ 125.948441486499064, 36.726108360464941 ], [ 125.948481469268785, 36.726097338579095 ] ] ], [ [ [ 125.945632799039771, 36.726485730479041 ], [ 125.945575323993225, 36.726487233188394 ], [ 125.945577391530932, 36.726510653048358 ], [ 125.945632799039771, 36.726485730479041 ] ] ], [ [ [ 126.06109021679859, 36.19802257787304 ], [ 126.061134894538668, 36.19796083917516 ], [ 126.061054028657779, 36.198014004203593 ], [ 126.06109021679859, 36.19802257787304 ] ] ], [ [ [ 126.060685534153791, 36.198097778777097 ], [ 126.060701373300503, 36.197948388877471 ], [ 126.060650352986073, 36.198089608338172 ], [ 126.060685534153791, 36.198097778777097 ] ] ], [ [ [ 126.061086007187669, 36.198066991747837 ], [ 126.061201041514082, 36.198051690306755 ], [ 126.0611923579213, 36.198035977717055 ], [ 126.061086007187669, 36.198066991747837 ] ] ], [ [ [ 126.061856398102279, 36.201694469886405 ], [ 126.061744253368857, 36.201324563869996 ], [ 126.061701965089327, 36.201736587879935 ], [ 126.061856398102279, 36.201694469886405 ] ] ], [ [ [ 126.061851706897443, 36.201718647022226 ], [ 126.061837556071069, 36.20170894834073 ], [ 126.061838379772382, 36.201718155112175 ], [ 126.061851706897443, 36.201718647022226 ] ] ], [ [ [ 126.058414308799044, 36.203010825433864 ], [ 126.058405414747185, 36.203105324668023 ], [ 126.058485995657335, 36.203054258554921 ], [ 126.058414308799044, 36.203010825433864 ] ] ], [ [ [ 126.060185418986677, 36.208722854885778 ], [ 126.060203442361555, 36.208690391442836 ], [ 126.060143567603902, 36.208720768294043 ], [ 126.060185418986677, 36.208722854885778 ] ] ], [ [ [ 126.05937012069451, 36.208785134573539 ], [ 126.059401526980935, 36.208723624555802 ], [ 126.059345696063858, 36.208737397623274 ], [ 126.05937012069451, 36.208785134573539 ] ] ], [ [ [ 126.060059028480239, 36.208886693551683 ], [ 126.060143647553701, 36.2088329723884 ], [ 126.060075788927008, 36.208829790337013 ], [ 126.060059028480239, 36.208886693551683 ] ] ], [ [ [ 126.058700273065043, 36.209589149910592 ], [ 126.058712672272279, 36.209549208828037 ], [ 126.058643438199525, 36.209534382154771 ], [ 126.058700273065043, 36.209589149910592 ] ] ], [ [ [ 126.076217396357208, 36.211178190586594 ], [ 126.075883416655358, 36.209871732068009 ], [ 126.07338191784639, 36.210286967876797 ], [ 126.076217396357208, 36.211178190586594 ] ] ], [ [ [ 126.067513207839667, 36.210901169252487 ], [ 126.067036832309441, 36.210500061271986 ], [ 126.067011554018535, 36.211118496090513 ], [ 126.067513207839667, 36.210901169252487 ] ] ], [ [ [ 126.076636328932054, 36.211145999653553 ], [ 126.076497750373207, 36.211247166435896 ], [ 126.076669451532837, 36.211157690983534 ], [ 126.076636328932054, 36.211145999653553 ] ] ], [ [ [ 126.076775855449412, 36.211441198531332 ], [ 126.076720790691084, 36.21131028361637 ], [ 126.076616648646905, 36.211360549836847 ], [ 126.076775855449412, 36.211441198531332 ] ] ], [ [ [ 126.112560935609025, 36.214707291710077 ], [ 126.112573758699142, 36.214838155222161 ], [ 126.112586063578718, 36.214695843992388 ], [ 126.112560935609025, 36.214707291710077 ] ] ], [ [ [ 126.112538993759685, 36.214921966693396 ], [ 126.112235796254794, 36.214858961684527 ], [ 126.111920102852622, 36.21551399411986 ], [ 126.112538993759685, 36.214921966693396 ] ] ], [ [ [ 126.111830832896558, 36.215651166351009 ], [ 126.111849964099605, 36.215575925308464 ], [ 126.111808305865722, 36.215640932804938 ], [ 126.111830832896558, 36.215651166351009 ] ] ], [ [ [ 126.106681780189504, 36.219000650644482 ], [ 126.109885452275151, 36.217508842379118 ], [ 126.111371861890674, 36.217685650650857 ], [ 126.111660022187536, 36.215853200518396 ], [ 126.109776666874865, 36.217273999321613 ], [ 126.107556077233738, 36.217655099825123 ], [ 126.106681780189504, 36.219000650644482 ] ] ], [ [ [ 126.068475315829659, 36.220251724674924 ], [ 126.068604136338166, 36.218102415226653 ], [ 126.067761077908628, 36.217621124750032 ], [ 126.064829209532888, 36.218835256908818 ], [ 126.067713096668086, 36.219637394865011 ], [ 126.068475315829659, 36.220251724674924 ] ] ], [ [ [ 126.104708278343523, 36.219795474668665 ], [ 126.105382416216372, 36.219229176571496 ], [ 126.104968077116411, 36.2189772829596 ], [ 126.104708278343523, 36.219795474668665 ] ] ], [ [ [ 126.1054124079416, 36.219677740222508 ], [ 126.105439050474487, 36.219634143284274 ], [ 126.105391104141802, 36.219657745882941 ], [ 126.1054124079416, 36.219677740222508 ] ] ], [ [ [ 126.104860074855068, 36.220123580546556 ], [ 126.104823637736999, 36.220084828336923 ], [ 126.104786792330657, 36.220113038687536 ], [ 126.104860074855068, 36.220123580546556 ] ] ], [ [ [ 126.067769353485431, 36.219766465482927 ], [ 126.067761406926238, 36.219852185415604 ], [ 126.067793165925664, 36.219828101355368 ], [ 126.067769353485431, 36.219766465482927 ] ] ], [ [ [ 126.104960149889806, 36.222171203792207 ], [ 126.105313856519999, 36.221225063413542 ], [ 126.104369827780999, 36.220642489826396 ], [ 126.103376765881691, 36.222432969960174 ], [ 126.104960149889806, 36.222171203792207 ] ] ], [ [ [ 126.105108468255949, 36.223041416707261 ], [ 126.104619543038154, 36.222965646884717 ], [ 126.104943078433109, 36.223241021234621 ], [ 126.105108468255949, 36.223041416707261 ] ] ], [ [ [ 126.092866929121556, 36.232681612045042 ], [ 126.094892459160391, 36.230175042956468 ], [ 126.096536594456168, 36.226009621747579 ], [ 126.09383729916091, 36.225233825801062 ], [ 126.088689634241589, 36.226032236044404 ], [ 126.086064961596179, 36.22455927811594 ], [ 126.082576285246375, 36.224698239188591 ], [ 126.080671932164293, 36.223782819664628 ], [ 126.082204691131082, 36.225169700271358 ], [ 126.080857935221189, 36.226252421007231 ], [ 126.078024418067628, 36.226058678690144 ], [ 126.077833392865656, 36.22358787101895 ], [ 126.080798611437814, 36.222991199775244 ], [ 126.077436863770728, 36.222817798023947 ], [ 126.076995576926791, 36.221509029815195 ], [ 126.077749769104003, 36.219557650368678 ], [ 126.0752613408456, 36.221405829463343 ], [ 126.069428993086007, 36.221242551555726 ], [ 126.067459512124415, 36.223009036016677 ], [ 126.067697869376602, 36.2239832850425 ], [ 126.070854751598773, 36.225709095096441 ], [ 126.069737487509286, 36.22667813981159 ], [ 126.070194056339247, 36.228147231757951 ], [ 126.07467167792494, 36.228455953812158 ], [ 126.074323586354666, 36.230534579116608 ], [ 126.075656093566266, 36.232391688912699 ], [ 126.074466365101998, 36.233563726134797 ], [ 126.075343356980625, 36.233688289624403 ], [ 126.075492869366997, 36.234729179841679 ], [ 126.07668261588276, 36.234687199724405 ], [ 126.077025440947708, 36.237364613007365 ], [ 126.07799091610444, 36.234620573502085 ], [ 126.080370012136626, 36.233491108156514 ], [ 126.080557919467523, 36.231681295223481 ], [ 126.082242321782928, 36.231498143787199 ], [ 126.083019063496721, 36.230578541868873 ], [ 126.085330518584385, 36.230974984176839 ], [ 126.086672892082177, 36.232228593807058 ], [ 126.088022424066068, 36.233935798393446 ], [ 126.088292914684132, 36.236568040297769 ], [ 126.089759738839533, 36.237819128612706 ], [ 126.092129186974773, 36.237199952801724 ], [ 126.092866929121556, 36.232681612045042 ] ] ], [ [ [ 126.06559584038655, 36.233437640056678 ], [ 126.064972860184284, 36.233019581531067 ], [ 126.064825214116439, 36.233150826262715 ], [ 126.06559584038655, 36.233437640056678 ] ] ], [ [ [ 126.065656050698493, 36.233648819977567 ], [ 126.065579685196255, 36.233632335856484 ], [ 126.065645631099628, 36.233667339312852 ], [ 126.065656050698493, 36.233648819977567 ] ] ], [ [ [ 126.074876378241783, 36.233818257645794 ], [ 126.074868718637433, 36.233779123538696 ], [ 126.074836408317807, 36.233803341648382 ], [ 126.074876378241783, 36.233818257645794 ] ] ], [ [ [ 126.065623586993439, 36.233794328764013 ], [ 126.065341810141348, 36.233780151886762 ], [ 126.06528686248069, 36.233826744505826 ], [ 126.065623586993439, 36.233794328764013 ] ] ], [ [ [ 126.074744288869709, 36.23409653404169 ], [ 126.074722953079302, 36.234053274101193 ], [ 126.074660639906639, 36.234114459326747 ], [ 126.074744288869709, 36.23409653404169 ] ] ], [ [ [ 126.074886396670252, 36.23446050438136 ], [ 126.074972003929147, 36.23444824369718 ], [ 126.074972585136649, 36.234428115290754 ], [ 126.074886396670252, 36.23446050438136 ] ] ], [ [ [ 126.072448030589328, 36.235023783644188 ], [ 126.072453496201035, 36.234676067431884 ], [ 126.072088099043313, 36.235040241491525 ], [ 126.072448030589328, 36.235023783644188 ] ] ], [ [ [ 126.068928770472681, 36.2365575309354 ], [ 126.068902628196113, 36.236610215795892 ], [ 126.069017546295512, 36.236562447663729 ], [ 126.068928770472681, 36.2365575309354 ] ] ], [ [ [ 126.068860018913, 36.236695998653218 ], [ 126.068959523674252, 36.236638432861902 ], [ 126.06883497416483, 36.236683224428248 ], [ 126.068860018913, 36.236695998653218 ] ] ], [ [ [ 126.064474893375731, 36.238879663724816 ], [ 126.068250236075414, 36.237939459520554 ], [ 126.068563312207075, 36.237371129777642 ], [ 126.062864193519758, 36.238033609734011 ], [ 126.064170679757893, 36.239611505732363 ], [ 126.064474893375731, 36.238879663724816 ] ] ], [ [ [ 126.10332143139685, 36.252580236960853 ], [ 126.104371038145032, 36.254340418967189 ], [ 126.105171818894163, 36.253690275895813 ], [ 126.10332143139685, 36.252580236960853 ] ] ], [ [ [ 126.105583626910459, 36.254114514440779 ], [ 126.10593338101711, 36.253910754841527 ], [ 126.105395652975815, 36.25392181034838 ], [ 126.105583626910459, 36.254114514440779 ] ] ], [ [ [ 126.106217572282773, 36.254154587870978 ], [ 126.106443266307664, 36.254274137379497 ], [ 126.106286327349807, 36.25410825998555 ], [ 126.106217572282773, 36.254154587870978 ] ] ], [ [ [ 126.065628708130333, 36.615241476828167 ], [ 126.06736702103511, 36.616410532123886 ], [ 126.067264083481405, 36.614425666914215 ], [ 126.0653597755866, 36.614215328013763 ], [ 126.065628708130333, 36.615241476828167 ] ] ], [ [ [ 126.084963539989161, 36.6343194092941 ], [ 126.085096476985228, 36.634235456432897 ], [ 126.084969236926057, 36.634193090862027 ], [ 126.084963539989161, 36.6343194092941 ] ] ], [ [ [ 126.084705818381067, 36.63556748569701 ], [ 126.086009133290062, 36.636190460936142 ], [ 126.086935595103242, 36.636742625566221 ], [ 126.087001669993256, 36.635916826580129 ], [ 126.085325879467746, 36.634669829082732 ], [ 126.085542909270529, 36.635454286133537 ], [ 126.084705818381067, 36.63556748569701 ] ] ], [ [ [ 126.087198267058696, 36.63759317216563 ], [ 126.087314981775791, 36.637300008975991 ], [ 126.087077021229931, 36.636770390307483 ], [ 126.087198267058696, 36.63759317216563 ] ] ], [ [ [ 126.085994358451856, 36.637408116254946 ], [ 126.085861470402804, 36.637400536993091 ], [ 126.085923014667145, 36.637458825014754 ], [ 126.085994358451856, 36.637408116254946 ] ] ], [ [ [ 126.088460193419053, 36.639066093024958 ], [ 126.088330926705353, 36.638619867919928 ], [ 126.088293730384422, 36.639079730964411 ], [ 126.088460193419053, 36.639066093024958 ] ] ], [ [ [ 126.087874577931018, 36.640386060868394 ], [ 126.089095738624366, 36.63997466278672 ], [ 126.088389862023945, 36.639216894319723 ], [ 126.087874577931018, 36.640386060868394 ] ] ], [ [ [ 126.064214474038621, 36.662668838755245 ], [ 126.062082117469117, 36.663061495941726 ], [ 126.062333045664346, 36.664326587110104 ], [ 126.064069595274987, 36.663624613306894 ], [ 126.064214474038621, 36.662668838755245 ] ] ], [ [ [ 126.050028629421377, 36.666597435557904 ], [ 126.049870254985493, 36.666501989239514 ], [ 126.049804301110981, 36.666577948293259 ], [ 126.050028629421377, 36.666597435557904 ] ] ], [ [ [ 126.049962798047204, 36.666650768995254 ], [ 126.049821772198072, 36.666624448476703 ], [ 126.049800826825916, 36.666684023577545 ], [ 126.049962798047204, 36.666650768995254 ] ] ], [ [ [ 126.050073123741399, 36.666796076643116 ], [ 126.050098288569444, 36.666789869474378 ], [ 126.050073149930739, 36.666787524383338 ], [ 126.050073123741399, 36.666796076643116 ] ] ], [ [ [ 126.052176322271052, 36.66734020240439 ], [ 126.052156461305131, 36.667320723015479 ], [ 126.052146712734356, 36.667334837747696 ], [ 126.052176322271052, 36.66734020240439 ] ] ], [ [ [ 126.054181456540647, 36.667998237705113 ], [ 126.054192539040059, 36.668035054264614 ], [ 126.054226271473212, 36.667984186215122 ], [ 126.054181456540647, 36.667998237705113 ] ] ], [ [ [ 126.050294433654884, 36.668027921304159 ], [ 126.050342436053697, 36.667990249883516 ], [ 126.050265020398882, 36.667998489120798 ], [ 126.050294433654884, 36.668027921304159 ] ] ], [ [ [ 126.052745615656235, 36.668148085588577 ], [ 126.052737651221065, 36.668105175407867 ], [ 126.052701170746261, 36.668110219788545 ], [ 126.052745615656235, 36.668148085588577 ] ] ], [ [ [ 126.053029326834036, 36.668180160562322 ], [ 126.053002139863381, 36.668139457823514 ], [ 126.053015035561359, 36.66818613811747 ], [ 126.053029326834036, 36.668180160562322 ] ] ], [ [ [ 126.049574787848343, 36.668419769244046 ], [ 126.049384576797749, 36.668449699157954 ], [ 126.04957691255828, 36.668447261080942 ], [ 126.049574787848343, 36.668419769244046 ] ] ], [ [ [ 126.055806539107962, 36.669240175843775 ], [ 126.055893324701316, 36.668975130261437 ], [ 126.055796128653853, 36.668996483081457 ], [ 126.055806539107962, 36.669240175843775 ] ] ], [ [ [ 126.049761740412976, 36.669275329840865 ], [ 126.049698944692949, 36.669324301179195 ], [ 126.049778726515569, 36.669286766484753 ], [ 126.049761740412976, 36.669275329840865 ] ] ], [ [ [ 126.049814867377918, 36.669687879637976 ], [ 126.049851091447934, 36.669645628248823 ], [ 126.049800809050211, 36.669668539041332 ], [ 126.049814867377918, 36.669687879637976 ] ] ], [ [ [ 126.063752356022817, 36.670226409222536 ], [ 126.063695037044411, 36.670229312646924 ], [ 126.063709623174205, 36.670241401642535 ], [ 126.063752356022817, 36.670226409222536 ] ] ], [ [ [ 126.06371190672391, 36.670321661989718 ], [ 126.063755081690218, 36.67031912699575 ], [ 126.063724967757636, 36.670294317484057 ], [ 126.06371190672391, 36.670321661989718 ] ] ], [ [ [ 126.064081911226069, 36.67078281552687 ], [ 126.064125113997648, 36.670761455666984 ], [ 126.06407912717826, 36.670746687649412 ], [ 126.064081911226069, 36.67078281552687 ] ] ], [ [ [ 126.074739636452961, 36.671113911339127 ], [ 126.074690533060576, 36.671108915658678 ], [ 126.074752846259912, 36.671134594616156 ], [ 126.074739636452961, 36.671113911339127 ] ] ], [ [ [ 126.064481890714418, 36.670833473336742 ], [ 126.064097439024209, 36.671263042035669 ], [ 126.06443789571405, 36.671198495773609 ], [ 126.064481890714418, 36.670833473336742 ] ] ], [ [ [ 126.074743359868023, 36.671186982920922 ], [ 126.074776332888376, 36.671164865730709 ], [ 126.07473427604836, 36.671176659384386 ], [ 126.074743359868023, 36.671186982920922 ] ] ], [ [ [ 126.063116464009568, 36.672025045849715 ], [ 126.063141855143414, 36.672100937359076 ], [ 126.06321413891277, 36.672047487000071 ], [ 126.063116464009568, 36.672025045849715 ] ] ], [ [ [ 126.081379418628472, 36.672308044382099 ], [ 126.081444771881777, 36.672278513896245 ], [ 126.081387355783107, 36.672266906520917 ], [ 126.081379418628472, 36.672308044382099 ] ] ], [ [ [ 126.063816997061977, 36.67212229560112 ], [ 126.063880447740416, 36.67208602013929 ], [ 126.063811659904687, 36.672098428569399 ], [ 126.063816997061977, 36.67212229560112 ] ] ], [ [ [ 126.064022346033553, 36.672147725835835 ], [ 126.06410162834112, 36.672200927738771 ], [ 126.064133656357811, 36.672152772997293 ], [ 126.064022346033553, 36.672147725835835 ] ] ], [ [ [ 126.06421663153732, 36.672209464549852 ], [ 126.064189204718616, 36.672141774988766 ], [ 126.064143861578842, 36.672200349939331 ], [ 126.06421663153732, 36.672209464549852 ] ] ], [ [ [ 126.081607320654456, 36.672580564941669 ], [ 126.081570082877718, 36.672413745773547 ], [ 126.081380849665592, 36.672453897408673 ], [ 126.081607320654456, 36.672580564941669 ] ] ], [ [ [ 126.081711535230852, 36.672560426633282 ], [ 126.081744338250047, 36.672679659632038 ], [ 126.081767703086939, 36.672593353625658 ], [ 126.081711535230852, 36.672560426633282 ] ] ], [ [ [ 126.066700445774813, 36.672496960703512 ], [ 126.066685158213986, 36.672444821139919 ], [ 126.066675011680445, 36.672442129976019 ], [ 126.066700445774813, 36.672496960703512 ] ] ], [ [ [ 126.081338169410941, 36.672947226086478 ], [ 126.081582826279728, 36.67265073298681 ], [ 126.081240167237269, 36.672502265828939 ], [ 126.081338169410941, 36.672947226086478 ] ] ], [ [ [ 126.081615465345621, 36.672788518745875 ], [ 126.08163023735699, 36.672721050894602 ], [ 126.081620392625467, 36.672717371237979 ], [ 126.081615465345621, 36.672788518745875 ] ] ], [ [ [ 126.059765370858585, 36.672555917657384 ], [ 126.059701546093137, 36.67260697491254 ], [ 126.059779852362098, 36.672640843424979 ], [ 126.059765370858585, 36.672555917657384 ] ] ], [ [ [ 126.072103677085806, 36.672747610770358 ], [ 126.072143601855771, 36.672715013150409 ], [ 126.072115213176176, 36.67271012418793 ], [ 126.072103677085806, 36.672747610770358 ] ] ], [ [ [ 126.0599333364285, 36.672629926856267 ], [ 126.059838961837315, 36.672625071592293 ], [ 126.059909935991286, 36.672703388218089 ], [ 126.0599333364285, 36.672629926856267 ] ] ], [ [ [ 126.059979989070314, 36.672703968653181 ], [ 126.059997821990748, 36.672777322959192 ], [ 126.060039107571598, 36.672698640570971 ], [ 126.059979989070314, 36.672703968653181 ] ] ], [ [ [ 126.069153240669067, 36.672869733208181 ], [ 126.069211738346667, 36.672877723175226 ], [ 126.069164912597671, 36.67278958115218 ], [ 126.069153240669067, 36.672869733208181 ] ] ], [ [ [ 126.06119625524714, 36.672754220160677 ], [ 126.061300879124829, 36.672776445782098 ], [ 126.061312982585193, 36.672741462258095 ], [ 126.06119625524714, 36.672754220160677 ] ] ], [ [ [ 126.060190590221524, 36.672785278943223 ], [ 126.060217157462233, 36.672770413239519 ], [ 126.060191058135061, 36.672769657751182 ], [ 126.060190590221524, 36.672785278943223 ] ] ], [ [ [ 126.060149729409304, 36.672805266677955 ], [ 126.060119460254512, 36.672779311400028 ], [ 126.06010224008979, 36.672795321330888 ], [ 126.060149729409304, 36.672805266677955 ] ] ], [ [ [ 126.050798552728821, 36.672714731958273 ], [ 126.050732158075292, 36.672746055467016 ], [ 126.050782615150126, 36.672757237734878 ], [ 126.050798552728821, 36.672714731958273 ] ] ], [ [ [ 126.05083370010226, 36.672890418948576 ], [ 126.050903737083786, 36.672874198657105 ], [ 126.050880366693548, 36.672846917018909 ], [ 126.05083370010226, 36.672890418948576 ] ] ], [ [ [ 126.049961291980793, 36.672991485861914 ], [ 126.049999537988938, 36.67295057514535 ], [ 126.049944885340906, 36.672975603338145 ], [ 126.049961291980793, 36.672991485861914 ] ] ], [ [ [ 126.079474385545765, 36.673535578592514 ], [ 126.079506689237164, 36.673487889856347 ], [ 126.079453128438786, 36.673473985668885 ], [ 126.079474385545765, 36.673535578592514 ] ] ], [ [ [ 126.050050253857236, 36.67322738091665 ], [ 126.049977718726055, 36.673113859303797 ], [ 126.049949065443755, 36.67323797332255 ], [ 126.050050253857236, 36.67322738091665 ] ] ], [ [ [ 126.071083752679101, 36.673533138834046 ], [ 126.071085447599089, 36.673473200886669 ], [ 126.071048651263339, 36.67351351751352 ], [ 126.071083752679101, 36.673533138834046 ] ] ], [ [ [ 126.052124977922276, 36.673476091066775 ], [ 126.052001064007058, 36.673698773691221 ], [ 126.052157978351445, 36.673797927711149 ], [ 126.052124977922276, 36.673476091066775 ] ] ], [ [ [ 126.058941817765728, 36.676961704511498 ], [ 126.058756044559559, 36.677072160925434 ], [ 126.059080468888951, 36.677073561881144 ], [ 126.058941817765728, 36.676961704511498 ] ] ], [ [ [ 126.086266200817207, 36.67929618388095 ], [ 126.08622684673216, 36.679160645340204 ], [ 126.086177649780694, 36.679146130718081 ], [ 126.086266200817207, 36.67929618388095 ] ] ], [ [ [ 126.073728959745992, 36.679916499881969 ], [ 126.073724560207822, 36.679677901398968 ], [ 126.07362534588151, 36.679707225576976 ], [ 126.073728959745992, 36.679916499881969 ] ] ], [ [ [ 126.081996223876132, 36.69173752980727 ], [ 126.08396530044412, 36.691355277609055 ], [ 126.084658406809908, 36.691796674797317 ], [ 126.087099178800841, 36.689683366376862 ], [ 126.084831576467309, 36.686502200299927 ], [ 126.084226421432547, 36.684037822912437 ], [ 126.08580579310815, 36.682686671694043 ], [ 126.088075557845826, 36.682559296629087 ], [ 126.088313533386994, 36.682071966715604 ], [ 126.087382283164558, 36.68155783027602 ], [ 126.087369139615973, 36.679649499793818 ], [ 126.086438164601518, 36.679141566500483 ], [ 126.086272097463478, 36.679350052894094 ], [ 126.08598990794232, 36.679187416852749 ], [ 126.085703344244109, 36.679621556899647 ], [ 126.084482308917742, 36.679809191404743 ], [ 126.08365359493439, 36.67761358252983 ], [ 126.080230285692494, 36.676744805535733 ], [ 126.080156574335476, 36.675084504216251 ], [ 126.081415039559687, 36.67389688511372 ], [ 126.081000713237202, 36.672484352473539 ], [ 126.079680562624546, 36.673972269307761 ], [ 126.077214406154923, 36.67331905371627 ], [ 126.075053787719781, 36.670001702036664 ], [ 126.075007095342798, 36.672071784671907 ], [ 126.072841015256387, 36.672321214060496 ], [ 126.07100587063951, 36.67361056655529 ], [ 126.069646584398171, 36.673297745730842 ], [ 126.06824536041573, 36.672379806992296 ], [ 126.065814578706593, 36.672792649907173 ], [ 126.064773571665839, 36.672386410561316 ], [ 126.065594292637698, 36.671554325800791 ], [ 126.066653883623403, 36.671730778476032 ], [ 126.066050074662655, 36.671205189656938 ], [ 126.065043299807442, 36.671227153126779 ], [ 126.06497180170021, 36.671790839814875 ], [ 126.063913568294339, 36.672431464369176 ], [ 126.062817743115517, 36.672129818117902 ], [ 126.061350973069736, 36.672794836790032 ], [ 126.06026783303875, 36.672875276819966 ], [ 126.058980905402805, 36.67279891935884 ], [ 126.057154332443901, 36.671343744546483 ], [ 126.054946849997066, 36.667954710715087 ], [ 126.053216665650538, 36.668396407397751 ], [ 126.052575629901042, 36.66818449068402 ], [ 126.052189018367429, 36.667432142871817 ], [ 126.050393568888694, 36.667978125552764 ], [ 126.050457739655215, 36.669234640986183 ], [ 126.049940510357104, 36.669865073802356 ], [ 126.048312968619626, 36.670090220084226 ], [ 126.048876889292075, 36.670779551042315 ], [ 126.04812756879933, 36.671667062735366 ], [ 126.049603239346155, 36.672836972602859 ], [ 126.0502239142984, 36.672413411033673 ], [ 126.051936159406111, 36.672786175428101 ], [ 126.055514137946403, 36.676118254136057 ], [ 126.058569230792202, 36.675888083731301 ], [ 126.061831502252446, 36.680081123445305 ], [ 126.063513125168427, 36.679271157835558 ], [ 126.067649044474351, 36.679239912339554 ], [ 126.068895420253739, 36.677793241523922 ], [ 126.071306063408045, 36.679283540106816 ], [ 126.073107522385669, 36.678271037717003 ], [ 126.074704179801998, 36.680020328894877 ], [ 126.076653423697607, 36.679740198707933 ], [ 126.076569017326662, 36.681477984614467 ], [ 126.078859881522192, 36.682519538512963 ], [ 126.079603405339071, 36.683740172964058 ], [ 126.080293211369337, 36.684067747287109 ], [ 126.080416591632115, 36.683570707532319 ], [ 126.081932634478747, 36.683755496250058 ], [ 126.081959694719103, 36.683936492028671 ], [ 126.082428402616927, 36.683873281709069 ], [ 126.082424695207408, 36.684085629898448 ], [ 126.083092315546196, 36.684000622011638 ], [ 126.083272334599727, 36.685718611511071 ], [ 126.084074034435375, 36.685896045923478 ], [ 126.08237278720182, 36.687705000958502 ], [ 126.081791831975863, 36.687485204464593 ], [ 126.081753329832409, 36.688330460096317 ], [ 126.080077972665293, 36.688734707721345 ], [ 126.081837418792247, 36.689187304274931 ], [ 126.081996223876132, 36.69173752980727 ] ] ], [ [ [ 126.077157138982457, 36.682177290196421 ], [ 126.077025371150285, 36.681831679250251 ], [ 126.07684685581583, 36.681889227912336 ], [ 126.077157138982457, 36.682177290196421 ] ] ], [ [ [ 126.089075428727597, 36.682122806649552 ], [ 126.089084785548337, 36.682267722210113 ], [ 126.089155918008544, 36.68225247855959 ], [ 126.089075428727597, 36.682122806649552 ] ] ], [ [ [ 126.089664005433235, 36.682900909713418 ], [ 126.089065774573143, 36.682319111781247 ], [ 126.088786485845176, 36.682141726292294 ], [ 126.08833649282046, 36.682432932734095 ], [ 126.089664005433235, 36.682900909713418 ] ] ], [ [ [ 126.089997248424055, 36.682675479853685 ], [ 126.090118947174886, 36.682678509377247 ], [ 126.090040661663849, 36.68262099702563 ], [ 126.089997248424055, 36.682675479853685 ] ] ], [ [ [ 126.086705172722759, 36.682759802188002 ], [ 126.086771931251704, 36.682706699226927 ], [ 126.086686775278949, 36.682656107109253 ], [ 126.086705172722759, 36.682759802188002 ] ] ], [ [ [ 126.075306808695572, 36.682972778100627 ], [ 126.075302239503728, 36.683097435386337 ], [ 126.075391589390208, 36.683039197163581 ], [ 126.075306808695572, 36.682972778100627 ] ] ], [ [ [ 126.075157243972342, 36.683573179164796 ], [ 126.075061703260062, 36.683408364784128 ], [ 126.075023932916295, 36.683535406418059 ], [ 126.075157243972342, 36.683573179164796 ] ] ], [ [ [ 126.080962735838611, 36.683656525434955 ], [ 126.081134183450317, 36.683761394605973 ], [ 126.081165496791371, 36.683734296379406 ], [ 126.080962735838611, 36.683656525434955 ] ] ], [ [ [ 126.083111872102904, 36.686344559051669 ], [ 126.083132639567268, 36.686395108554635 ], [ 126.0831562214277, 36.68637669033636 ], [ 126.083111872102904, 36.686344559051669 ] ] ], [ [ [ 126.083062542532829, 36.686505656239753 ], [ 126.083215104302312, 36.686534160894041 ], [ 126.083162039740913, 36.686431314779291 ], [ 126.083062542532829, 36.686505656239753 ] ] ], [ [ [ 126.086231265051424, 36.688341571165232 ], [ 126.086310261244378, 36.688333761964394 ], [ 126.086259060478923, 36.688284593133538 ], [ 126.086231265051424, 36.688341571165232 ] ] ], [ [ [ 126.081855165413074, 36.691344979131635 ], [ 126.081918346079533, 36.691289822697115 ], [ 126.081883507653629, 36.69126773058079 ], [ 126.081855165413074, 36.691344979131635 ] ] ], [ [ [ 126.109173141685602, 36.702587498552141 ], [ 126.109311731089008, 36.70264536769718 ], [ 126.109258691112984, 36.702523856085925 ], [ 126.109173141685602, 36.702587498552141 ] ] ], [ [ [ 126.103764284484981, 36.702592414879767 ], [ 126.103632271137627, 36.702577705704911 ], [ 126.103676425094719, 36.702628176258948 ], [ 126.103764284484981, 36.702592414879767 ] ] ], [ [ [ 126.103332370720167, 36.70257883487357 ], [ 126.103362836486681, 36.702632481954147 ], [ 126.103386467655071, 36.702596138500063 ], [ 126.103332370720167, 36.70257883487357 ] ] ], [ [ [ 126.103364344126163, 36.702728072642792 ], [ 126.103410702658465, 36.702712138777976 ], [ 126.103361786733885, 36.70271498840269 ], [ 126.103364344126163, 36.702728072642792 ] ] ], [ [ [ 126.103211810601294, 36.702739980670394 ], [ 126.103149508561174, 36.702700872898923 ], [ 126.103151000457686, 36.702739054342672 ], [ 126.103211810601294, 36.702739980670394 ] ] ], [ [ [ 126.103895554980326, 36.702757852753024 ], [ 126.103952084065796, 36.702706437637325 ], [ 126.103883257259554, 36.702715363831039 ], [ 126.103895554980326, 36.702757852753024 ] ] ], [ [ [ 126.101604432403889, 36.702734739101246 ], [ 126.101517417660759, 36.702859368065297 ], [ 126.101760398038664, 36.702777967679808 ], [ 126.101604432403889, 36.702734739101246 ] ] ], [ [ [ 126.102184756712973, 36.70297150706638 ], [ 126.102191304747706, 36.702829020433782 ], [ 126.102078544248897, 36.702891788329786 ], [ 126.102184756712973, 36.70297150706638 ] ] ], [ [ [ 126.103490888072059, 36.703232018227503 ], [ 126.103589437522913, 36.702688138065263 ], [ 126.103165459206622, 36.702847800765092 ], [ 126.103490888072059, 36.703232018227503 ] ] ], [ [ [ 126.102407966287743, 36.702986958733767 ], [ 126.102504315838573, 36.702929357642304 ], [ 126.102395959400013, 36.702966656802033 ], [ 126.102407966287743, 36.702986958733767 ] ] ], [ [ [ 126.102707186785153, 36.702960649326968 ], [ 126.102644125696884, 36.703006996947785 ], [ 126.102750636217095, 36.703025649901797 ], [ 126.102707186785153, 36.702960649326968 ] ] ], [ [ [ 126.102771576812756, 36.70307450338872 ], [ 126.102850723456726, 36.703010283839745 ], [ 126.102752251318179, 36.703064806316718 ], [ 126.102771576812756, 36.70307450338872 ] ] ], [ [ [ 126.102048620890017, 36.703026527731673 ], [ 126.102135510584048, 36.703080835962687 ], [ 126.102146486763516, 36.70299919789047 ], [ 126.102048620890017, 36.703026527731673 ] ] ], [ [ [ 126.101976539796127, 36.703189245750615 ], [ 126.102024139476484, 36.703148208297932 ], [ 126.101994897284698, 36.703111844483658 ], [ 126.101976539796127, 36.703189245750615 ] ] ], [ [ [ 126.102459860535703, 36.703236070763317 ], [ 126.102355015318594, 36.703178240154763 ], [ 126.102317106844566, 36.703232452978952 ], [ 126.102459860535703, 36.703236070763317 ] ] ], [ [ [ 126.092296799773038, 36.703291121665195 ], [ 126.092298076568412, 36.703248249496482 ], [ 126.092269205197724, 36.703275765214556 ], [ 126.092296799773038, 36.703291121665195 ] ] ], [ [ [ 126.101925592232462, 36.703499504254353 ], [ 126.101984087899055, 36.703445428794666 ], [ 126.101912484692733, 36.70345641430567 ], [ 126.101925592232462, 36.703499504254353 ] ] ], [ [ [ 126.092274430156081, 36.703436723220008 ], [ 126.092372430412411, 36.703501177366284 ], [ 126.092413912641845, 36.70345199483738 ], [ 126.092274430156081, 36.703436723220008 ] ] ], [ [ [ 126.092132634583152, 36.703636251622299 ], [ 126.092096465510352, 36.703603059381969 ], [ 126.092078139482609, 36.703621608163758 ], [ 126.092132634583152, 36.703636251622299 ] ] ], [ [ [ 126.092577649818594, 36.703597022549559 ], [ 126.092461265040839, 36.703752204981321 ], [ 126.092534941219654, 36.703805895178085 ], [ 126.092577649818594, 36.703597022549559 ] ] ], [ [ [ 126.093301293643279, 36.703667370167992 ], [ 126.093457421589335, 36.703775608566623 ], [ 126.093378657697173, 36.703615795339076 ], [ 126.093301293643279, 36.703667370167992 ] ] ], [ [ [ 126.092497026321396, 36.703882164018701 ], [ 126.092509048671388, 36.703841941057597 ], [ 126.092458550114301, 36.703851836327864 ], [ 126.092497026321396, 36.703882164018701 ] ] ], [ [ [ 126.092646291000875, 36.704148546738459 ], [ 126.093219283202188, 36.703558190314773 ], [ 126.092781569196816, 36.703518982709099 ], [ 126.092646291000875, 36.704148546738459 ] ] ], [ [ [ 126.092509965219435, 36.704019904569826 ], [ 126.092506821680885, 36.703946494461903 ], [ 126.092477952350478, 36.703945284129574 ], [ 126.092509965219435, 36.704019904569826 ] ] ], [ [ [ 126.092384100691504, 36.704011536642597 ], [ 126.09222719584865, 36.704052115785231 ], [ 126.092386514465773, 36.704147782592514 ], [ 126.092384100691504, 36.704011536642597 ] ] ], [ [ [ 126.093309916247904, 36.70480527457093 ], [ 126.093751637830977, 36.704524830103949 ], [ 126.093271436342533, 36.704251240746842 ], [ 126.093309916247904, 36.70480527457093 ] ] ], [ [ [ 126.09299198475091, 36.704616488099589 ], [ 126.093113630693523, 36.704660182249981 ], [ 126.093077467334112, 36.704546431400431 ], [ 126.09299198475091, 36.704616488099589 ] ] ], [ [ [ 126.124918938742269, 36.640368288096539 ], [ 126.124814813199663, 36.640276494824612 ], [ 126.124816953106745, 36.640436366932292 ], [ 126.124918938742269, 36.640368288096539 ] ] ], [ [ [ 126.125492990010727, 36.640587193483036 ], [ 126.125464966198265, 36.640661689939279 ], [ 126.125489156454449, 36.640666209385458 ], [ 126.125492990010727, 36.640587193483036 ] ] ], [ [ [ 126.125324200379069, 36.640620105354181 ], [ 126.1253731775369, 36.640637739935585 ], [ 126.125358677735576, 36.640591973248085 ], [ 126.125324200379069, 36.640620105354181 ] ] ], [ [ [ 126.124922756684427, 36.640836487599493 ], [ 126.125133927086921, 36.640896466693277 ], [ 126.124989452947517, 36.640629166057423 ], [ 126.124922756684427, 36.640836487599493 ] ] ], [ [ [ 126.123367372422322, 36.641736907713877 ], [ 126.126479764101603, 36.642845036188405 ], [ 126.12663318329858, 36.641310630457696 ], [ 126.125620178138035, 36.640409474622309 ], [ 126.125559652495355, 36.641115703997635 ], [ 126.123367372422322, 36.641736907713877 ] ] ], [ [ [ 126.125058789300923, 36.646388948466601 ], [ 126.125100472947793, 36.646288609285484 ], [ 126.124986175837591, 36.646329049049676 ], [ 126.125058789300923, 36.646388948466601 ] ] ], [ [ [ 126.124985079899687, 36.64641698988504 ], [ 126.12497585552542, 36.646543455571461 ], [ 126.12504894291925, 36.646466596814925 ], [ 126.124985079899687, 36.64641698988504 ] ] ], [ [ [ 126.125148898026254, 36.646828943015748 ], [ 126.125214799650266, 36.646408476734379 ], [ 126.125063229656462, 36.646495700976573 ], [ 126.125148898026254, 36.646828943015748 ] ] ], [ [ [ 126.120083993711958, 36.653373376964382 ], [ 126.120126650512063, 36.65342533507625 ], [ 126.120132960730672, 36.653385689827807 ], [ 126.120083993711958, 36.653373376964382 ] ] ], [ [ [ 126.112936088327771, 36.661759971405566 ], [ 126.112476621013698, 36.661334175776844 ], [ 126.112271158955991, 36.661453905707361 ], [ 126.112936088327771, 36.661759971405566 ] ] ], [ [ [ 126.113131866615788, 36.661762015477002 ], [ 126.113236003072586, 36.661543047890369 ], [ 126.113126950114903, 36.661542154673889 ], [ 126.113131866615788, 36.661762015477002 ] ] ], [ [ [ 126.113017369419765, 36.662555332245802 ], [ 126.113045026409665, 36.662564403532734 ], [ 126.113048319114142, 36.662551380339664 ], [ 126.113017369419765, 36.662555332245802 ] ] ], [ [ [ 126.121352952422001, 36.668324568710062 ], [ 126.121366531006956, 36.668280226527735 ], [ 126.121331964467856, 36.668292370447467 ], [ 126.121352952422001, 36.668324568710062 ] ] ], [ [ [ 126.109365075272706, 36.702569956847725 ], [ 126.10949510389527, 36.702586031871455 ], [ 126.109368106736198, 36.702555544437828 ], [ 126.109365075272706, 36.702569956847725 ] ] ], [ [ [ 126.109542726142053, 36.702668892464082 ], [ 126.109595958754724, 36.70264676445229 ], [ 126.109554422391639, 36.70263868577215 ], [ 126.109542726142053, 36.702668892464082 ] ] ], [ [ [ 126.110227278330598, 36.702714840011595 ], [ 126.110262836506578, 36.702679422249673 ], [ 126.110210563278386, 36.702668921644459 ], [ 126.110227278330598, 36.702714840011595 ] ] ], [ [ [ 126.109720683558436, 36.702706465095403 ], [ 126.109808096889793, 36.702672201177947 ], [ 126.109706717023712, 36.702680373762661 ], [ 126.109720683558436, 36.702706465095403 ] ] ], [ [ [ 126.110478993258354, 36.702781618445037 ], [ 126.110444305624199, 36.702742449204642 ], [ 126.11041623104407, 36.702749952930631 ], [ 126.110478993258354, 36.702781618445037 ] ] ], [ [ [ 126.111791446023148, 36.703466365582692 ], [ 126.111240133478901, 36.702608974844495 ], [ 126.110743550415421, 36.703022565574749 ], [ 126.110001101556506, 36.702765503130891 ], [ 126.111791446023148, 36.703466365582692 ] ] ], [ [ [ 126.111154188387204, 36.7035575120319 ], [ 126.111189798890777, 36.703497287757592 ], [ 126.111140976745261, 36.703517306354485 ], [ 126.111154188387204, 36.7035575120319 ] ] ], [ [ [ 126.111267151768502, 36.703616504146396 ], [ 126.111342013220778, 36.703567349177263 ], [ 126.1112890543953, 36.703558077778844 ], [ 126.111267151768502, 36.703616504146396 ] ] ], [ [ [ 126.113180670023354, 36.703649571128167 ], [ 126.113245613940563, 36.703602414114336 ], [ 126.113211163932675, 36.703588298674894 ], [ 126.113180670023354, 36.703649571128167 ] ] ], [ [ [ 126.11133425054804, 36.70373721077825 ], [ 126.111316906020221, 36.703760320737949 ], [ 126.11134154150119, 36.703756196637563 ], [ 126.11133425054804, 36.70373721077825 ] ] ], [ [ [ 126.111915044507697, 36.704408193957654 ], [ 126.111889724753922, 36.704364959040262 ], [ 126.111869707070085, 36.704394906661491 ], [ 126.111915044507697, 36.704408193957654 ] ] ], [ [ [ 126.115599196287491, 36.704621228926896 ], [ 126.115628106695894, 36.704584616290902 ], [ 126.115595880276061, 36.704568688516666 ], [ 126.115599196287491, 36.704621228926896 ] ] ], [ [ [ 126.111373081740638, 36.704582044918062 ], [ 126.111412113497124, 36.704550950857431 ], [ 126.111348036256018, 36.704560537107618 ], [ 126.111373081740638, 36.704582044918062 ] ] ], [ [ [ 126.115771319420219, 36.704651830709395 ], [ 126.115819771062178, 36.704628851074048 ], [ 126.115782341796859, 36.704615886182928 ], [ 126.115771319420219, 36.704651830709395 ] ] ], [ [ [ 126.111407575204041, 36.704646883824879 ], [ 126.11140722572344, 36.704610062493543 ], [ 126.111372508263116, 36.704631834005909 ], [ 126.111407575204041, 36.704646883824879 ] ] ], [ [ [ 126.110329221662653, 36.70500351169742 ], [ 126.11040737735037, 36.70506583910106 ], [ 126.110366373284208, 36.704983360805763 ], [ 126.110329221662653, 36.70500351169742 ] ] ], [ [ [ 126.111796966792994, 36.705339036951614 ], [ 126.111785140777712, 36.705378597190695 ], [ 126.111861794828272, 36.705366411686121 ], [ 126.111796966792994, 36.705339036951614 ] ] ], [ [ [ 126.111466692355393, 36.705372400275522 ], [ 126.111374780609566, 36.705364614332773 ], [ 126.111368521919289, 36.705418281665608 ], [ 126.111466692355393, 36.705372400275522 ] ] ], [ [ [ 126.111191575209418, 36.705400172095032 ], [ 126.111209546575637, 36.705383808429119 ], [ 126.111184891816535, 36.705388849908068 ], [ 126.111191575209418, 36.705400172095032 ] ] ], [ [ [ 126.111503732362777, 36.705623379674755 ], [ 126.111273639126679, 36.705584923757989 ], [ 126.11145456559025, 36.705737514334395 ], [ 126.111503732362777, 36.705623379674755 ] ] ], [ [ [ 126.111981465894146, 36.705659626605879 ], [ 126.112104840149826, 36.705655483692368 ], [ 126.111961809440743, 36.705640593942967 ], [ 126.111981465894146, 36.705659626605879 ] ] ], [ [ [ 126.116345351047585, 36.705731855834586 ], [ 126.116359110056678, 36.705885811076676 ], [ 126.116378297762836, 36.705701401516492 ], [ 126.116345351047585, 36.705731855834586 ] ] ], [ [ [ 126.114884586820395, 36.708370208451839 ], [ 126.117429883451564, 36.708166418433017 ], [ 126.11652634720528, 36.706899867468394 ], [ 126.116235682665902, 36.705508570386712 ], [ 126.112541535253911, 36.703280097902955 ], [ 126.112131672428802, 36.704356096242442 ], [ 126.111285965565216, 36.704758350649286 ], [ 126.112082890258336, 36.704850315905055 ], [ 126.111679932585645, 36.705116242022342 ], [ 126.112426112185105, 36.70592808974758 ], [ 126.112083903411587, 36.70605035886188 ], [ 126.113172795534012, 36.706811566662374 ], [ 126.113607407225885, 36.706323606230796 ], [ 126.11509623578776, 36.70804562113814 ], [ 126.114884586820395, 36.708370208451839 ] ] ], [ [ [ 126.116597572139923, 36.70645268640336 ], [ 126.116623393265428, 36.706409435692244 ], [ 126.116574517949317, 36.70642152706889 ], [ 126.116597572139923, 36.70645268640336 ] ] ], [ [ [ 126.112080368436523, 36.70639641636037 ], [ 126.112035763267471, 36.706369861672009 ], [ 126.112043228695754, 36.706395103511106 ], [ 126.112080368436523, 36.70639641636037 ] ] ], [ [ [ 126.112205476650175, 36.706445945579596 ], [ 126.112243170224687, 36.706398161350521 ], [ 126.112188224960988, 36.706402743504391 ], [ 126.112205476650175, 36.706445945579596 ] ] ], [ [ [ 126.112280847867922, 36.706407039644795 ], [ 126.112422992264541, 36.706448640130837 ], [ 126.112278648172889, 36.70636675335944 ], [ 126.112280847867922, 36.706407039644795 ] ] ], [ [ [ 126.111984564941295, 36.706461273509269 ], [ 126.112113349648382, 36.706459513924976 ], [ 126.111972927461608, 36.706419269045384 ], [ 126.111984564941295, 36.706461273509269 ] ] ], [ [ [ 126.112380320636845, 36.706557480274384 ], [ 126.112346715379431, 36.706577756062011 ], [ 126.112379167403063, 36.706573176628005 ], [ 126.112380320636845, 36.706557480274384 ] ] ], [ [ [ 126.113576755215618, 36.70680775429917 ], [ 126.113539175848103, 36.706757994940183 ], [ 126.113517711152213, 36.706792959454162 ], [ 126.113576755215618, 36.70680775429917 ] ] ], [ [ [ 126.112551146295971, 36.706806483592636 ], [ 126.112691338103929, 36.706923364910992 ], [ 126.112735466810435, 36.706914428842332 ], [ 126.112551146295971, 36.706806483592636 ] ] ], [ [ [ 126.112870352214387, 36.706813476123976 ], [ 126.113017476153146, 36.7069581616581 ], [ 126.113071265798439, 36.706941281224438 ], [ 126.112870352214387, 36.706813476123976 ] ] ], [ [ [ 126.11373871669565, 36.706929364377011 ], [ 126.113723936417415, 36.707057758754594 ], [ 126.113814195833456, 36.707117019493886 ], [ 126.113801209323299, 36.706961592911952 ], [ 126.11373871669565, 36.706929364377011 ] ] ], [ [ [ 126.11708852267401, 36.707172410627422 ], [ 126.117187679145843, 36.707265238016994 ], [ 126.117137513901071, 36.707157122182196 ], [ 126.11708852267401, 36.707172410627422 ] ] ], [ [ [ 126.113855685989961, 36.707256091088382 ], [ 126.113789095809949, 36.707368311116475 ], [ 126.113865450603214, 36.707379485439915 ], [ 126.113855685989961, 36.707256091088382 ] ] ], [ [ [ 126.120075700712846, 36.707806744812515 ], [ 126.120024855930779, 36.707791094544163 ], [ 126.120055475525447, 36.707826509059849 ], [ 126.120075700712846, 36.707806744812515 ] ] ], [ [ [ 126.119848377820787, 36.708066959090459 ], [ 126.119796939718512, 36.708010240724697 ], [ 126.119765729039798, 36.708009000833044 ], [ 126.119848377820787, 36.708066959090459 ] ] ], [ [ [ 126.114668074552284, 36.708081589707042 ], [ 126.114754306006517, 36.708072724662415 ], [ 126.114739743551326, 36.708047503154155 ], [ 126.114668074552284, 36.708081589707042 ] ] ], [ [ [ 126.117195083285978, 36.708503346360303 ], [ 126.116998854256281, 36.708394398821376 ], [ 126.116976671533578, 36.708431756978456 ], [ 126.117195083285978, 36.708503346360303 ] ] ], [ [ [ 126.116510445937394, 36.708609382980164 ], [ 126.116832164051317, 36.708422087668019 ], [ 126.116387935513728, 36.708454836137854 ], [ 126.116510445937394, 36.708609382980164 ] ] ], [ [ [ 126.119715645570139, 36.709792927109859 ], [ 126.119726708227034, 36.709752107869271 ], [ 126.119702808740485, 36.709778027542775 ], [ 126.119715645570139, 36.709792927109859 ] ] ], [ [ [ 126.120012835954441, 36.711142757704145 ], [ 126.120072129102297, 36.711115400436931 ], [ 126.119983770666181, 36.71110349955832 ], [ 126.120012835954441, 36.711142757704145 ] ] ], [ [ [ 126.120700963751943, 36.71333441338502 ], [ 126.120737904563313, 36.713275782810513 ], [ 126.120696119857897, 36.713255532432825 ], [ 126.120700963751943, 36.71333441338502 ] ] ], [ [ [ 126.119836278801984, 36.713324131762178 ], [ 126.119889779688393, 36.713266108137013 ], [ 126.119853332537318, 36.713248041279677 ], [ 126.119836278801984, 36.713324131762178 ] ] ], [ [ [ 126.120805045660518, 36.713489090216235 ], [ 126.120866707034367, 36.713451410015104 ], [ 126.120847046951795, 36.713438236133705 ], [ 126.120805045660518, 36.713489090216235 ] ] ], [ [ [ 126.119623311310221, 36.713535195482386 ], [ 126.11967674878052, 36.713525914132219 ], [ 126.119619581230353, 36.713484608292248 ], [ 126.119623311310221, 36.713535195482386 ] ] ], [ [ [ 126.120390443848379, 36.713792041333598 ], [ 126.120336112119887, 36.713347713470363 ], [ 126.119746287980377, 36.713535565236157 ], [ 126.120390443848379, 36.713792041333598 ] ] ], [ [ [ 126.12053603974222, 36.713760090051345 ], [ 126.120570902763944, 36.713708228489004 ], [ 126.120511318143201, 36.713710770351717 ], [ 126.12053603974222, 36.713760090051345 ] ] ], [ [ [ 126.120134062331942, 36.713823431010852 ], [ 126.119999233386565, 36.713775964311729 ], [ 126.119994420498202, 36.713796536401325 ], [ 126.120134062331942, 36.713823431010852 ] ] ], [ [ [ 126.120798306878299, 36.713825076292387 ], [ 126.120787461718351, 36.713757216770318 ], [ 126.120759261177426, 36.7137549357154 ], [ 126.120798306878299, 36.713825076292387 ] ] ], [ [ [ 126.120257265173038, 36.713835470729734 ], [ 126.120301367207702, 36.713936132371856 ], [ 126.120381547952974, 36.713867512535103 ], [ 126.120257265173038, 36.713835470729734 ] ] ], [ [ [ 126.120573595979053, 36.713898116746876 ], [ 126.120636965214189, 36.713946288845491 ], [ 126.120665404229058, 36.713885389172809 ], [ 126.120573595979053, 36.713898116746876 ] ] ], [ [ [ 126.120857960891186, 36.713977361492759 ], [ 126.120629819697371, 36.713971340984081 ], [ 126.12068410321622, 36.714057652834917 ], [ 126.120857960891186, 36.713977361492759 ] ] ], [ [ [ 126.120479744892066, 36.714110362369283 ], [ 126.12043771131458, 36.714018607274888 ], [ 126.120366526618568, 36.714068884947977 ], [ 126.120479744892066, 36.714110362369283 ] ] ], [ [ [ 126.120646257497512, 36.714088469766239 ], [ 126.120532116569777, 36.714189630133866 ], [ 126.120760303385552, 36.714175223583041 ], [ 126.120646257497512, 36.714088469766239 ] ] ], [ [ [ 126.120646449679597, 36.71422475275071 ], [ 126.120839347870699, 36.714385095693977 ], [ 126.120879918425175, 36.714284030849576 ], [ 126.120646449679597, 36.71422475275071 ] ] ], [ [ [ 126.121060190482993, 36.714321703712926 ], [ 126.121074707371122, 36.714273484147611 ], [ 126.121013443561097, 36.714272229889836 ], [ 126.121060190482993, 36.714321703712926 ] ] ], [ [ [ 126.121052737109196, 36.714357971273877 ], [ 126.121075859478708, 36.714525104808203 ], [ 126.121194431874116, 36.714430826154327 ], [ 126.121052737109196, 36.714357971273877 ] ] ], [ [ [ 126.122158078208599, 36.714675365804808 ], [ 126.122273498650287, 36.714685923378148 ], [ 126.122281791909856, 36.714658268529497 ], [ 126.122158078208599, 36.714675365804808 ] ] ], [ [ [ 126.121043771707193, 36.714689164866897 ], [ 126.121126080068393, 36.714725522297449 ], [ 126.121046217576151, 36.71466883753741 ], [ 126.121043771707193, 36.714689164866897 ] ] ], [ [ [ 126.121020918566387, 36.714799858393775 ], [ 126.120864587611422, 36.714647329243235 ], [ 126.120877501327953, 36.714805539526843 ], [ 126.121020918566387, 36.714799858393775 ] ] ], [ [ [ 126.123050041210391, 36.714768365931654 ], [ 126.123087648675593, 36.71472307421795 ], [ 126.123045612407907, 36.714716023818291 ], [ 126.123050041210391, 36.714768365931654 ] ] ], [ [ [ 126.123005436354887, 36.715180395211796 ], [ 126.123008830341561, 36.714989939218931 ], [ 126.122847905762129, 36.715124781711559 ], [ 126.123005436354887, 36.715180395211796 ] ] ], [ [ [ 126.123141063741031, 36.715368615937955 ], [ 126.123114745617556, 36.715342568967991 ], [ 126.123102350537252, 36.715368573711082 ], [ 126.123141063741031, 36.715368615937955 ] ] ], [ [ [ 126.123228674530949, 36.715420326611522 ], [ 126.123265451041888, 36.715338732612679 ], [ 126.123211034636583, 36.715313858779076 ], [ 126.123228674530949, 36.715420326611522 ] ] ], [ [ [ 126.123123472397737, 36.715424480214153 ], [ 126.123157480988326, 36.715393589263478 ], [ 126.123092545468722, 36.715407924064344 ], [ 126.123123472397737, 36.715424480214153 ] ] ], [ [ [ 126.123597072375517, 36.715741945689444 ], [ 126.1237317583806, 36.715177689109048 ], [ 126.123233311399332, 36.715229021439768 ], [ 126.123597072375517, 36.715741945689444 ] ] ], [ [ [ 126.123293146666583, 36.715539050912845 ], [ 126.123338723563677, 36.715562674066241 ], [ 126.123384855488823, 36.715497159450663 ], [ 126.123293146666583, 36.715539050912845 ] ] ], [ [ [ 126.123330237769778, 36.715814887243248 ], [ 126.123358301091798, 36.715770319763983 ], [ 126.123326377730038, 36.715772571813446 ], [ 126.123330237769778, 36.715814887243248 ] ] ], [ [ [ 126.124096801111406, 36.71954782248784 ], [ 126.12405503389104, 36.719529617872261 ], [ 126.124050907409526, 36.719559954920484 ], [ 126.124096801111406, 36.71954782248784 ] ] ], [ [ [ 126.124133911844822, 36.719663615879782 ], [ 126.124155976636601, 36.71962677790728 ], [ 126.124120379087969, 36.719630220808213 ], [ 126.124133911844822, 36.719663615879782 ] ] ], [ [ [ 126.124052072636545, 36.719699632983207 ], [ 126.12402917684993, 36.71977909445247 ], [ 126.124119494251374, 36.719756528881128 ], [ 126.124052072636545, 36.719699632983207 ] ] ], [ [ [ 126.123855640717949, 36.71982611570035 ], [ 126.123816639830167, 36.719622425439823 ], [ 126.123596486254641, 36.719797498899815 ], [ 126.123855640717949, 36.71982611570035 ] ] ], [ [ [ 126.123840505901612, 36.720134673872153 ], [ 126.123634422917348, 36.719955947730519 ], [ 126.123597305838231, 36.720035621428885 ], [ 126.123840505901612, 36.720134673872153 ] ] ], [ [ [ 126.123668567063831, 36.720430345806051 ], [ 126.123842080946986, 36.720468120294193 ], [ 126.123876584587606, 36.720431058439104 ], [ 126.123668567063831, 36.720430345806051 ] ] ], [ [ [ 126.12389310990774, 36.720650369832306 ], [ 126.123912197201534, 36.720753704700641 ], [ 126.123944717526456, 36.720682460037963 ], [ 126.12389310990774, 36.720650369832306 ] ] ], [ [ [ 126.123588940712565, 36.720760120029766 ], [ 126.123600109868804, 36.720726869970683 ], [ 126.123540527529926, 36.7207159336307 ], [ 126.123588940712565, 36.720760120029766 ] ] ], [ [ [ 126.123714408306498, 36.720782626198996 ], [ 126.123790890701486, 36.720738528452706 ], [ 126.123710642734153, 36.72073574896266 ], [ 126.123714408306498, 36.720782626198996 ] ] ], [ [ [ 126.12388431334999, 36.720927320280531 ], [ 126.123885720536805, 36.720866525589081 ], [ 126.123803846965799, 36.720863976153232 ], [ 126.12388431334999, 36.720927320280531 ] ] ], [ [ [ 126.123490960591766, 36.721000467488274 ], [ 126.123482132854278, 36.720967079897683 ], [ 126.123461975038978, 36.720989693895554 ], [ 126.123490960591766, 36.721000467488274 ] ] ], [ [ [ 126.123623449169344, 36.72101237324722 ], [ 126.12358325398381, 36.721012330236526 ], [ 126.123598183850149, 36.721047122481075 ], [ 126.123623449169344, 36.72101237324722 ] ] ], [ [ [ 126.123914143350873, 36.721233804066969 ], [ 126.1239610221227, 36.721170784039849 ], [ 126.123890921821257, 36.721236346158079 ], [ 126.123914143350873, 36.721233804066969 ] ] ], [ [ [ 126.123992809045589, 36.721348271533103 ], [ 126.124063813453176, 36.721299567172572 ], [ 126.123998727187029, 36.72130318830402 ], [ 126.123992809045589, 36.721348271533103 ] ] ], [ [ [ 126.124018749472114, 36.721420722159877 ], [ 126.124107959355413, 36.72144861018775 ], [ 126.124020417851796, 36.721407919785804 ], [ 126.124018749472114, 36.721420722159877 ] ] ], [ [ [ 126.123967467595847, 36.721445783377369 ], [ 126.12371263504177, 36.721611771792411 ], [ 126.123926085591691, 36.721671526488052 ], [ 126.123967467595847, 36.721445783377369 ] ] ], [ [ [ 126.121138797538933, 36.753945792775177 ], [ 126.121113614091129, 36.753830834894877 ], [ 126.121055840843312, 36.753915560839339 ], [ 126.121138797538933, 36.753945792775177 ] ] ], [ [ [ 126.120740006870136, 36.753983323466564 ], [ 126.120842822376645, 36.7539063184634 ], [ 126.120670160771795, 36.75391995615383 ], [ 126.120740006870136, 36.753983323466564 ] ] ], [ [ [ 126.121265053114129, 36.753923540024132 ], [ 126.121266530607116, 36.754026690566434 ], [ 126.121352492451891, 36.753968134475954 ], [ 126.121265053114129, 36.753923540024132 ] ] ], [ [ [ 126.120829881207015, 36.75405326340573 ], [ 126.120965614850491, 36.7539215802435 ], [ 126.120797234652741, 36.754037829668434 ], [ 126.120829881207015, 36.75405326340573 ] ] ], [ [ [ 126.120614635580836, 36.754219554337816 ], [ 126.120825251516507, 36.754165568131896 ], [ 126.120734906548222, 36.754109518800583 ], [ 126.120614635580836, 36.754219554337816 ] ] ], [ [ [ 126.121019245795026, 36.754282466646274 ], [ 126.120951970255703, 36.754308696550829 ], [ 126.121043224084019, 36.75430198057029 ], [ 126.121019245795026, 36.754282466646274 ] ] ], [ [ [ 126.120876377082922, 36.754830363229793 ], [ 126.120959766882507, 36.754826691245533 ], [ 126.120932207199871, 36.754794407945404 ], [ 126.120876377082922, 36.754830363229793 ] ] ], [ [ [ 126.122209377878931, 36.755873565581275 ], [ 126.122270115692302, 36.755974973995912 ], [ 126.122342988303828, 36.755870423762609 ], [ 126.122209377878931, 36.755873565581275 ] ] ], [ [ [ 126.123250408049131, 36.756205722715073 ], [ 126.123327732231189, 36.756173395320808 ], [ 126.123278950826361, 36.75616753957091 ], [ 126.123250408049131, 36.756205722715073 ] ] ], [ [ [ 126.123029036286113, 36.756182303970434 ], [ 126.123056255617456, 36.756254383507873 ], [ 126.1231180831942, 36.756185420447899 ], [ 126.123029036286113, 36.756182303970434 ] ] ], [ [ [ 126.123299182792081, 36.756289046990368 ], [ 126.123211799084359, 36.756293213420648 ], [ 126.123227453803096, 36.756345331769189 ], [ 126.123299182792081, 36.756289046990368 ] ] ], [ [ [ 126.123245480550437, 36.757650358922554 ], [ 126.123029671576703, 36.757715151139678 ], [ 126.123127491941872, 36.757756430109481 ], [ 126.123245480550437, 36.757650358922554 ] ] ], [ [ [ 126.123344775120273, 36.758211495183353 ], [ 126.123439686988917, 36.758280288989745 ], [ 126.123469513858623, 36.758240375556561 ], [ 126.123344775120273, 36.758211495183353 ] ] ], [ [ [ 126.121429471844692, 36.759977380614288 ], [ 126.121335768922208, 36.760128547394061 ], [ 126.121520053782746, 36.760111479408899 ], [ 126.121429471844692, 36.759977380614288 ] ] ], [ [ [ 126.121327508416059, 36.763105553684802 ], [ 126.121379085776169, 36.763112982269149 ], [ 126.121375182293932, 36.763090966203094 ], [ 126.121327508416059, 36.763105553684802 ] ] ], [ [ [ 126.121344799594667, 36.764728216704285 ], [ 126.12141053898246, 36.764804132235831 ], [ 126.12144960220823, 36.764791455080051 ], [ 126.121344799594667, 36.764728216704285 ] ] ], [ [ [ 126.12124033902434, 36.764825592572578 ], [ 126.121279400361871, 36.764789495171257 ], [ 126.121229650093312, 36.764795469956681 ], [ 126.12124033902434, 36.764825592572578 ] ] ], [ [ [ 126.121151338384877, 36.764971442968843 ], [ 126.121123264139726, 36.764936912875875 ], [ 126.121104032267368, 36.764949783744733 ], [ 126.121151338384877, 36.764971442968843 ] ] ], [ [ [ 126.120948324159357, 36.765026215200827 ], [ 126.121000047852561, 36.765020912422656 ], [ 126.120955052106268, 36.765003873477056 ], [ 126.120948324159357, 36.765026215200827 ] ] ], [ [ [ 126.12112562755172, 36.765027165403595 ], [ 126.121093164946117, 36.765082659934798 ], [ 126.121140925577762, 36.765076188007711 ], [ 126.12112562755172, 36.765027165403595 ] ] ], [ [ [ 126.121011496487284, 36.765110960186796 ], [ 126.12108095807875, 36.765123665725284 ], [ 126.121078919354787, 36.765114011492692 ], [ 126.121011496487284, 36.765110960186796 ] ] ], [ [ [ 126.12057110687357, 36.765248798852014 ], [ 126.120670771201603, 36.765252761497038 ], [ 126.120676497274886, 36.765224060487391 ], [ 126.12057110687357, 36.765248798852014 ] ] ], [ [ [ 126.120652307642771, 36.765308293829754 ], [ 126.120790926132827, 36.765310447336411 ], [ 126.120752423952837, 36.76524937249912 ], [ 126.120652307642771, 36.765308293829754 ] ] ], [ [ [ 126.120468964838238, 36.765380135155311 ], [ 126.120553388233049, 36.765357681283668 ], [ 126.120475718025645, 36.765344887453416 ], [ 126.120468964838238, 36.765380135155311 ] ] ], [ [ [ 126.119524976432928, 36.765663436462539 ], [ 126.119583560624648, 36.765573581123519 ], [ 126.119480993245219, 36.76558529353769 ], [ 126.119524976432928, 36.765663436462539 ] ] ], [ [ [ 126.113423773844971, 36.76835603480724 ], [ 126.113400353719513, 36.768332711137575 ], [ 126.113390610969304, 36.768355958320356 ], [ 126.113423773844971, 36.76835603480724 ] ] ], [ [ [ 126.113621058053909, 36.768421895807307 ], [ 126.113522549630844, 36.768529121502084 ], [ 126.113641782468733, 36.768549013380905 ], [ 126.113621058053909, 36.768421895807307 ] ] ], [ [ [ 126.112466583504002, 36.769872768638955 ], [ 126.11253710043863, 36.769915601941534 ], [ 126.112549878128135, 36.769893331302583 ], [ 126.112466583504002, 36.769872768638955 ] ] ], [ [ [ 126.112302592540203, 36.770692146668878 ], [ 126.112414838767151, 36.77077421814419 ], [ 126.112447832468007, 36.770762974932978 ], [ 126.112302592540203, 36.770692146668878 ] ] ], [ [ [ 126.11266226341958, 36.771018923354468 ], [ 126.112814341193285, 36.77103578284958 ], [ 126.112818788323978, 36.771020171946638 ], [ 126.11266226341958, 36.771018923354468 ] ] ], [ [ [ 126.120070574411784, 36.771659000866087 ], [ 126.119967005172484, 36.771735276693533 ], [ 126.120070221102097, 36.771727218546744 ], [ 126.120070574411784, 36.771659000866087 ] ] ], [ [ [ 126.119176116498593, 36.77206661936917 ], [ 126.118157439092883, 36.772230097968702 ], [ 126.11919396465764, 36.772278688660982 ], [ 126.119176116498593, 36.77206661936917 ] ] ], [ [ [ 126.11132749542783, 36.773039629491969 ], [ 126.111820909285782, 36.773215061615332 ], [ 126.111447342397184, 36.772911652214596 ], [ 126.11132749542783, 36.773039629491969 ] ] ], [ [ [ 126.112309616844669, 36.77316550098034 ], [ 126.112292699266973, 36.773252175314042 ], [ 126.112414088632107, 36.773256623774792 ], [ 126.112309616844669, 36.77316550098034 ] ] ], [ [ [ 126.114661427865542, 36.773509175648201 ], [ 126.114448661559393, 36.773393695854644 ], [ 126.114430576115709, 36.773532560706293 ], [ 126.114661427865542, 36.773509175648201 ] ] ], [ [ [ 126.156303760221803, 36.511834834056614 ], [ 126.156252447005713, 36.511815871905192 ], [ 126.15629620136832, 36.511850262751061 ], [ 126.156303760221803, 36.511834834056614 ] ] ], [ [ [ 126.156562812617764, 36.512063235850491 ], [ 126.156589446909933, 36.512026111498784 ], [ 126.156541286118809, 36.512036664001258 ], [ 126.156562812617764, 36.512063235850491 ] ] ], [ [ [ 126.156758511515505, 36.512177621105224 ], [ 126.156696342803372, 36.512137507999313 ], [ 126.156732195475101, 36.512198530297063 ], [ 126.156758511515505, 36.512177621105224 ] ] ], [ [ [ 126.156686780728535, 36.512216375817317 ], [ 126.156481062910345, 36.512142417329237 ], [ 126.156625501652144, 36.512285662927653 ], [ 126.156686780728535, 36.512216375817317 ] ] ], [ [ [ 126.157021842303109, 36.512691079654672 ], [ 126.157005899272733, 36.512633735964705 ], [ 126.156983097818156, 36.512640342810009 ], [ 126.157021842303109, 36.512691079654672 ] ] ], [ [ [ 126.156627095634505, 36.512726182304839 ], [ 126.156670928038835, 36.512692781701652 ], [ 126.156603372537575, 36.512676923425488 ], [ 126.156627095634505, 36.512726182304839 ] ] ], [ [ [ 126.157280318310285, 36.513028622056481 ], [ 126.157311329540491, 36.512960895925126 ], [ 126.157256362957469, 36.513019406437763 ], [ 126.157280318310285, 36.513028622056481 ] ] ], [ [ [ 126.126233986037732, 36.640448967178322 ], [ 126.126208293934553, 36.640505206260279 ], [ 126.126241626343003, 36.640518093434906 ], [ 126.126233986037732, 36.640448967178322 ] ] ], [ [ [ 126.126038497880245, 36.640559792157006 ], [ 126.126035665341163, 36.640611576844108 ], [ 126.126070180736463, 36.640595899019218 ], [ 126.126038497880245, 36.640559792157006 ] ] ], [ [ [ 126.12611724832675, 36.640653040441236 ], [ 126.126138148330597, 36.640607272917286 ], [ 126.126098102892016, 36.640592840764903 ], [ 126.12611724832675, 36.640653040441236 ] ] ], [ [ [ 126.126556673536939, 36.640772343694202 ], [ 126.126551779399833, 36.640740301188856 ], [ 126.126523745501189, 36.640752170565619 ], [ 126.126556673536939, 36.640772343694202 ] ] ], [ [ [ 126.126468439857419, 36.640856328566962 ], [ 126.126520195048968, 36.640883463255399 ], [ 126.126507631455141, 36.640838602423628 ], [ 126.126468439857419, 36.640856328566962 ] ] ], [ [ [ 126.126551714100572, 36.640989671717087 ], [ 126.126680256889955, 36.641057251572498 ], [ 126.126646636442814, 36.640906467016322 ], [ 126.126551714100572, 36.640989671717087 ] ] ], [ [ [ 126.126765315075033, 36.64118213095626 ], [ 126.126754943535133, 36.641349234232941 ], [ 126.126842745566648, 36.641351834808177 ], [ 126.126765315075033, 36.64118213095626 ] ] ], [ [ [ 126.126638239343436, 36.641839455839687 ], [ 126.126627644080301, 36.641870582374075 ], [ 126.126657433486102, 36.641866710806639 ], [ 126.126638239343436, 36.641839455839687 ] ] ], [ [ [ 126.126544881888918, 36.642764404912029 ], [ 126.126564536127063, 36.642739930781396 ], [ 126.126534977914488, 36.642749157632132 ], [ 126.126544881888918, 36.642764404912029 ] ] ], [ [ [ 126.125756253514027, 36.642832295239231 ], [ 126.125823237267127, 36.642865531885469 ], [ 126.125824086726595, 36.642828925924967 ], [ 126.125756253514027, 36.642832295239231 ] ] ], [ [ [ 126.126588138689755, 36.642867043846245 ], [ 126.126603225924512, 36.642846905170472 ], [ 126.126583378659475, 36.642849742951519 ], [ 126.126588138689755, 36.642867043846245 ] ] ], [ [ [ 126.125878521021832, 36.642851772189736 ], [ 126.125944858621608, 36.64288675367785 ], [ 126.126015334247626, 36.642878332521519 ], [ 126.125878521021832, 36.642851772189736 ] ] ], [ [ [ 126.126396973315465, 36.642922213085413 ], [ 126.12641215735141, 36.642904563475781 ], [ 126.126381521256633, 36.642905194516175 ], [ 126.126396973315465, 36.642922213085413 ] ] ], [ [ [ 126.125952828328892, 36.642981157795674 ], [ 126.125781846518194, 36.642933306404025 ], [ 126.125774165070382, 36.642959941332933 ], [ 126.125952828328892, 36.642981157795674 ] ] ], [ [ [ 126.126123561639758, 36.642988600737482 ], [ 126.126148387658148, 36.642968579864736 ], [ 126.126117944096933, 36.642968068251882 ], [ 126.126123561639758, 36.642988600737482 ] ] ], [ [ [ 126.131599174460021, 36.668322292568092 ], [ 126.131494374246813, 36.668387138742517 ], [ 126.13158124814403, 36.668432396803631 ], [ 126.131599174460021, 36.668322292568092 ] ] ], [ [ [ 126.131615266823971, 36.668432149538461 ], [ 126.131646811771233, 36.668454823963444 ], [ 126.131640201493113, 36.668425976510896 ], [ 126.131615266823971, 36.668432149538461 ] ] ], [ [ [ 126.131501311827435, 36.668527156553694 ], [ 126.131530982713599, 36.668492762272201 ], [ 126.131513837577728, 36.668487600215343 ], [ 126.131501311827435, 36.668527156553694 ] ] ], [ [ [ 126.131414553720134, 36.668603867153564 ], [ 126.1314934414075, 36.668607505120015 ], [ 126.131500854423166, 36.66858179711511 ], [ 126.131414553720134, 36.668603867153564 ] ] ], [ [ [ 126.131199744625434, 36.668612635145784 ], [ 126.131063284498367, 36.668755500765037 ], [ 126.131106776110016, 36.668787112326065 ], [ 126.131199744625434, 36.668612635145784 ] ] ], [ [ [ 126.132340814834834, 36.668834893828659 ], [ 126.132338650844403, 36.668784562583092 ], [ 126.13231401037136, 36.668797249183108 ], [ 126.132340814834834, 36.668834893828659 ] ] ], [ [ [ 126.131170704787365, 36.669345163845229 ], [ 126.131242356797344, 36.669519680087689 ], [ 126.131214469159886, 36.669342699464551 ], [ 126.131170704787365, 36.669345163845229 ] ] ], [ [ [ 126.131252491720446, 36.669786310054214 ], [ 126.13121695627315, 36.669762233919947 ], [ 126.131221542042226, 36.669792166862322 ], [ 126.131252491720446, 36.669786310054214 ] ] ], [ [ [ 126.131092853567509, 36.669969826425849 ], [ 126.131125686103843, 36.669979598460678 ], [ 126.131104043852957, 36.669954517376205 ], [ 126.131092853567509, 36.669969826425849 ] ] ], [ [ [ 126.137073396853125, 36.670201426974252 ], [ 126.137133713520427, 36.670144156089158 ], [ 126.137097973412466, 36.67011621586812 ], [ 126.137073396853125, 36.670201426974252 ] ] ], [ [ [ 126.136984303117444, 36.670210160520227 ], [ 126.137060223742296, 36.670235196600537 ], [ 126.137066960195995, 36.670206895225185 ], [ 126.136984303117444, 36.670210160520227 ] ] ], [ [ [ 126.130212694481941, 36.67013101556303 ], [ 126.130081232249779, 36.670038169651228 ], [ 126.130175994192072, 36.670277059457767 ], [ 126.130212694481941, 36.67013101556303 ] ] ], [ [ [ 126.137561926935078, 36.67032526413071 ], [ 126.137433460966847, 36.670281665416844 ], [ 126.137496694199044, 36.670355084847294 ], [ 126.137561926935078, 36.67032526413071 ] ] ], [ [ [ 126.130530252922767, 36.67025133345124 ], [ 126.130665009645554, 36.670223615965845 ], [ 126.130565429571803, 36.67019299076383 ], [ 126.130530252922767, 36.67025133345124 ] ] ], [ [ [ 126.130322105285003, 36.670451172593602 ], [ 126.130157966033721, 36.670300608043185 ], [ 126.13016784865421, 36.670761278080406 ], [ 126.130322105285003, 36.670451172593602 ] ] ], [ [ [ 126.136065570347654, 36.67130422311368 ], [ 126.136042788447284, 36.671329010783197 ], [ 126.136062468172653, 36.671329722977298 ], [ 126.136065570347654, 36.67130422311368 ] ] ], [ [ [ 126.13075390923035, 36.67126136153243 ], [ 126.130778070580035, 36.671287391092022 ], [ 126.130784881643336, 36.671259561497614 ], [ 126.13075390923035, 36.67126136153243 ] ] ], [ [ [ 126.136261202845816, 36.671424506493842 ], [ 126.136128908051617, 36.67147832574441 ], [ 126.136261596266237, 36.671455472940593 ], [ 126.136261202845816, 36.671424506493842 ] ] ], [ [ [ 126.130626431051795, 36.671436443758409 ], [ 126.130741447505798, 36.67147721972308 ], [ 126.130715322270333, 36.671398211042337 ], [ 126.130626431051795, 36.671436443758409 ] ] ], [ [ [ 126.154046987859829, 36.672106432294783 ], [ 126.154028353966893, 36.672109255843232 ], [ 126.154044180929318, 36.672126884453284 ], [ 126.154046987859829, 36.672106432294783 ] ] ], [ [ [ 126.154030633016916, 36.672160732904288 ], [ 126.154087374256832, 36.672169463637765 ], [ 126.154040288535015, 36.672136031341445 ], [ 126.154030633016916, 36.672160732904288 ] ] ], [ [ [ 126.131160707731041, 36.671969588640813 ], [ 126.131221435355016, 36.671926966384198 ], [ 126.131170306208702, 36.671910744417843 ], [ 126.131160707731041, 36.671969588640813 ] ] ], [ [ [ 126.154018237882994, 36.672230157239078 ], [ 126.153993227374627, 36.672240197589076 ], [ 126.154016162780479, 36.672245984365937 ], [ 126.154018237882994, 36.672230157239078 ] ] ], [ [ [ 126.153168228213246, 36.673940681589769 ], [ 126.153046748316598, 36.673302295176505 ], [ 126.154053371130459, 36.672381737074467 ], [ 126.152449582755153, 36.671614307772735 ], [ 126.153168228213246, 36.673940681589769 ] ] ], [ [ [ 126.153528754950045, 36.672990300698714 ], [ 126.153543872659938, 36.67296130167886 ], [ 126.153505807700924, 36.672985568355159 ], [ 126.153528754950045, 36.672990300698714 ] ] ], [ [ [ 126.152664900536294, 36.673304120879365 ], [ 126.152676509160557, 36.673291174427 ], [ 126.152634699096396, 36.673287741057401 ], [ 126.152664900536294, 36.673304120879365 ] ] ], [ [ [ 126.152739192327005, 36.673515192601435 ], [ 126.152710087352858, 36.673536423453847 ], [ 126.152734761834566, 36.67354273495247 ], [ 126.152739192327005, 36.673515192601435 ] ] ], [ [ [ 126.14715524463098, 36.673857183501191 ], [ 126.147239672412027, 36.673837611987636 ], [ 126.147207286184468, 36.67380226534231 ], [ 126.14715524463098, 36.673857183501191 ] ] ], [ [ [ 126.146338512531841, 36.673892881962267 ], [ 126.146310262356181, 36.673841587305773 ], [ 126.146307439324318, 36.673901669092281 ], [ 126.146338512531841, 36.673892881962267 ] ] ], [ [ [ 126.152375609395051, 36.674001474298123 ], [ 126.152419847599461, 36.673994803277274 ], [ 126.152416182047503, 36.673980277768798 ], [ 126.152375609395051, 36.674001474298123 ] ] ], [ [ [ 126.152787076777642, 36.67418270982396 ], [ 126.152388088065933, 36.674060168194373 ], [ 126.152799989294707, 36.674314218116173 ], [ 126.152787076777642, 36.67418270982396 ] ] ], [ [ [ 126.14426810593298, 36.674055828001826 ], [ 126.144322793029943, 36.67413291267296 ], [ 126.144337019385745, 36.674076606124203 ], [ 126.14426810593298, 36.674055828001826 ] ] ], [ [ [ 126.144365254191584, 36.67421403890696 ], [ 126.14444958879298, 36.674220248921443 ], [ 126.144386104389952, 36.674176917861153 ], [ 126.144365254191584, 36.67421403890696 ] ] ], [ [ [ 126.148097955091899, 36.675238068720013 ], [ 126.148071815630502, 36.675199205584271 ], [ 126.148059825964708, 36.675218134477369 ], [ 126.148097955091899, 36.675238068720013 ] ] ], [ [ [ 126.148187212359019, 36.675255432073151 ], [ 126.148236157760948, 36.675204412122724 ], [ 126.148213117097185, 36.675195918776197 ], [ 126.148187212359019, 36.675255432073151 ] ] ], [ [ [ 126.149839568415715, 36.6757354982295 ], [ 126.149866599479338, 36.67569241219509 ], [ 126.149834389115512, 36.67568863958121 ], [ 126.149839568415715, 36.6757354982295 ] ] ], [ [ [ 126.152997250846283, 36.676636918332946 ], [ 126.153091097559496, 36.676605462163351 ], [ 126.153083930120076, 36.676561220512006 ], [ 126.152997250846283, 36.676636918332946 ] ] ], [ [ [ 126.153221864902463, 36.676635640783957 ], [ 126.153290920255884, 36.676811351448805 ], [ 126.153243713989397, 36.676618306623418 ], [ 126.153221864902463, 36.676635640783957 ] ] ], [ [ [ 126.134946159435486, 36.687801446037852 ], [ 126.135905274965353, 36.685152417860927 ], [ 126.135347493371697, 36.684543334639095 ], [ 126.136626109066697, 36.68254851709672 ], [ 126.137923413698843, 36.682492146693463 ], [ 126.141648144716015, 36.686276601422762 ], [ 126.142617602525689, 36.685298873712476 ], [ 126.141919335450353, 36.685133795204166 ], [ 126.143338068857261, 36.684763891400294 ], [ 126.148503825518233, 36.685974545005934 ], [ 126.150641259725703, 36.681619183450771 ], [ 126.150502694593968, 36.679643025237574 ], [ 126.148523891866461, 36.679411068796611 ], [ 126.148770900712336, 36.678306965472963 ], [ 126.149991325612575, 36.677370039053017 ], [ 126.151668645428657, 36.677481915086879 ], [ 126.150716822048381, 36.678973259953224 ], [ 126.153106703437714, 36.677663811164685 ], [ 126.152219341162308, 36.67594229231721 ], [ 126.152733026114731, 36.674935603641494 ], [ 126.152028106935148, 36.675829779237674 ], [ 126.150056946306421, 36.675363912480925 ], [ 126.149864484060387, 36.675911428729599 ], [ 126.148808339843654, 36.676041994994378 ], [ 126.147103822885128, 36.674673856178316 ], [ 126.146812858147371, 36.673751882234107 ], [ 126.144917378571364, 36.674607478928898 ], [ 126.143423299025642, 36.6741778375008 ], [ 126.142947405604787, 36.6720532980952 ], [ 126.14051490258278, 36.671307648766728 ], [ 126.139581659128439, 36.669139045601369 ], [ 126.1378371808933, 36.670442660066108 ], [ 126.137125880631601, 36.670328836660069 ], [ 126.13556933781318, 36.672586911550461 ], [ 126.133409418138015, 36.672437778046984 ], [ 126.131885990689241, 36.668477447635034 ], [ 126.131184923836628, 36.668764183487944 ], [ 126.131283744918221, 36.669941844029722 ], [ 126.131110939171336, 36.670080460834562 ], [ 126.130552242829964, 36.669870004141536 ], [ 126.130825244095277, 36.670156582052329 ], [ 126.13034380153853, 36.670988452143035 ], [ 126.130803925833632, 36.671191686434049 ], [ 126.131239288360518, 36.671921142024054 ], [ 126.131860109527935, 36.672170374516639 ], [ 126.131927599593666, 36.673000689262828 ], [ 126.127850114677642, 36.674862958831127 ], [ 126.127099202708195, 36.67600247611751 ], [ 126.129413724837107, 36.674480330000847 ], [ 126.134493303440863, 36.673750123569675 ], [ 126.136277093020993, 36.67562643647652 ], [ 126.136309418673747, 36.679772648686921 ], [ 126.134549508949803, 36.681199965547385 ], [ 126.134032869915657, 36.680869182872947 ], [ 126.135208388571471, 36.682999864252864 ], [ 126.135047004993169, 36.68495179156217 ], [ 126.132831686111587, 36.684936272824935 ], [ 126.13284282180409, 36.683944387005319 ], [ 126.131894063731394, 36.6834613397602 ], [ 126.132637459289228, 36.682382841363754 ], [ 126.131414464132064, 36.681299021726097 ], [ 126.129221693497058, 36.681853916896301 ], [ 126.12699081755926, 36.680650156699905 ], [ 126.127441641426714, 36.679370383260249 ], [ 126.126100014399682, 36.678163809435524 ], [ 126.126288904759889, 36.676616132047243 ], [ 126.125805496224771, 36.678143481939856 ], [ 126.124241763452403, 36.678231996187399 ], [ 126.123759107544018, 36.679063342063891 ], [ 126.12594056478936, 36.679828847764469 ], [ 126.126006990308014, 36.681455010903996 ], [ 126.125788463989423, 36.68216268956521 ], [ 126.125330717066944, 36.682299151119132 ], [ 126.129297325808963, 36.6840322226304 ], [ 126.130340703924503, 36.687021235656808 ], [ 126.134946159435486, 36.687801446037852 ] ] ], [ [ [ 126.125718670876012, 36.681841519687019 ], [ 126.125736944150148, 36.681787948503917 ], [ 126.125697669036143, 36.681794329694142 ], [ 126.125718670876012, 36.681841519687019 ] ] ], [ [ [ 126.125591634201172, 36.682105599691681 ], [ 126.125522599522895, 36.682168504024865 ], [ 126.125707409791616, 36.682161426767365 ], [ 126.125591634201172, 36.682105599691681 ] ] ], [ [ [ 126.15008916128798, 36.699330516170455 ], [ 126.150159894241582, 36.699535777567746 ], [ 126.150277726810188, 36.699431153974665 ], [ 126.15008916128798, 36.699330516170455 ] ] ], [ [ [ 126.148954005051721, 36.701746128931013 ], [ 126.148992438771231, 36.701708098118296 ], [ 126.148940028662139, 36.701702325535571 ], [ 126.148954005051721, 36.701746128931013 ] ] ], [ [ [ 126.14646585836671, 36.702586198043768 ], [ 126.146505329834625, 36.702640629046279 ], [ 126.146548153765224, 36.702615605912236 ], [ 126.14646585836671, 36.702586198043768 ] ] ], [ [ [ 126.146637359910216, 36.702639573829828 ], [ 126.146702822370557, 36.702604290309516 ], [ 126.146657032283429, 36.702580900796491 ], [ 126.146637359910216, 36.702639573829828 ] ] ], [ [ [ 126.14652749665089, 36.702672208896047 ], [ 126.146610789045511, 36.702752273195891 ], [ 126.146660441254198, 36.702665223723777 ], [ 126.14652749665089, 36.702672208896047 ] ] ], [ [ [ 126.12934481534478, 36.713839940328114 ], [ 126.129319135510173, 36.713685683383019 ], [ 126.129247261322831, 36.713872902834929 ], [ 126.12934481534478, 36.713839940328114 ] ] ], [ [ [ 126.129228925125773, 36.714092255830842 ], [ 126.129132315345018, 36.714021653251194 ], [ 126.12911156256564, 36.714105166224478 ], [ 126.129228925125773, 36.714092255830842 ] ] ], [ [ [ 126.129156580806239, 36.714103890935654 ], [ 126.129211500698517, 36.714145608044802 ], [ 126.129212035892493, 36.714104271841606 ], [ 126.129156580806239, 36.714103890935654 ] ] ], [ [ [ 126.125074973732794, 36.715760612771426 ], [ 126.12497995785823, 36.715762689848717 ], [ 126.124991021980534, 36.715800833800643 ], [ 126.125074973732794, 36.715760612771426 ] ] ], [ [ [ 126.125093750844286, 36.715807319084938 ], [ 126.125138011616713, 36.715762536261586 ], [ 126.125129291578546, 36.715731890299466 ], [ 126.125093750844286, 36.715807319084938 ] ] ], [ [ [ 126.125040434134718, 36.716012105972702 ], [ 126.125072576613874, 36.715962133470462 ], [ 126.125041723136974, 36.715952916160681 ], [ 126.125040434134718, 36.716012105972702 ] ] ], [ [ [ 126.124998064099003, 36.715998856098189 ], [ 126.124963386711968, 36.715990220169843 ], [ 126.124973266712061, 36.716022182984737 ], [ 126.124998064099003, 36.715998856098189 ] ] ], [ [ [ 126.125285348526958, 36.716166534511935 ], [ 126.125250643537825, 36.71613939958219 ], [ 126.125251163901254, 36.716185341519719 ], [ 126.125285348526958, 36.716166534511935 ] ] ], [ [ [ 126.130888126231554, 36.716326619174701 ], [ 126.130647100523262, 36.716236355230606 ], [ 126.130792745029794, 36.71632041631662 ], [ 126.130888126231554, 36.716326619174701 ] ] ], [ [ [ 126.132633598710839, 36.716942039390226 ], [ 126.132587155606615, 36.716911551873856 ], [ 126.132565434951132, 36.716918953502073 ], [ 126.132633598710839, 36.716942039390226 ] ] ], [ [ [ 126.132797484672651, 36.716963706348444 ], [ 126.13275776482773, 36.716930581078479 ], [ 126.132732519043955, 36.716936995758147 ], [ 126.132797484672651, 36.716963706348444 ] ] ], [ [ [ 126.125872882014306, 36.716880795823315 ], [ 126.125777139681276, 36.716966626085643 ], [ 126.125892251459604, 36.716965317648004 ], [ 126.125872882014306, 36.716880795823315 ] ] ], [ [ [ 126.133146796709951, 36.717057675912578 ], [ 126.133116627375145, 36.717016151114059 ], [ 126.133106670257504, 36.717044579071917 ], [ 126.133146796709951, 36.717057675912578 ] ] ], [ [ [ 126.133292707435999, 36.717025588261883 ], [ 126.133319235467411, 36.717161036210754 ], [ 126.13344385987422, 36.717107796584891 ], [ 126.133292707435999, 36.717025588261883 ] ] ], [ [ [ 126.125878073963037, 36.71715144324012 ], [ 126.125972860984078, 36.717171863850133 ], [ 126.125880406001102, 36.717127571947096 ], [ 126.125878073963037, 36.71715144324012 ] ] ], [ [ [ 126.126063079660653, 36.717273070219072 ], [ 126.126087606015403, 36.71721354290662 ], [ 126.126044161421589, 36.717222857744019 ], [ 126.126063079660653, 36.717273070219072 ] ] ], [ [ [ 126.134533180068885, 36.717832624153353 ], [ 126.134487066318741, 36.717822547319351 ], [ 126.134489265799701, 36.717840928913027 ], [ 126.134533180068885, 36.717832624153353 ] ] ], [ [ [ 126.134493613387122, 36.717961364195467 ], [ 126.134337350828119, 36.717872541682389 ], [ 126.134277102039434, 36.717918062124205 ], [ 126.134493613387122, 36.717961364195467 ] ] ], [ [ [ 126.124600743339911, 36.718450535024004 ], [ 126.124714822732358, 36.718442570613689 ], [ 126.124615976345751, 36.718420037850535 ], [ 126.124600743339911, 36.718450535024004 ] ] ], [ [ [ 126.124755790452767, 36.718502704808806 ], [ 126.124815064918351, 36.718537607294842 ], [ 126.124905934984611, 36.718458069298663 ], [ 126.124755790452767, 36.718502704808806 ] ] ], [ [ [ 126.12472568511005, 36.718608910923166 ], [ 126.124615194610811, 36.718674302444597 ], [ 126.124798003674229, 36.718725352551374 ], [ 126.12472568511005, 36.718608910923166 ] ] ], [ [ [ 126.12480227758283, 36.718686915291293 ], [ 126.124930395149207, 36.718704437129368 ], [ 126.124799612198245, 36.718652591211601 ], [ 126.12480227758283, 36.718686915291293 ] ] ], [ [ [ 126.14649687580426, 36.719382923842396 ], [ 126.145762766252801, 36.719469781827755 ], [ 126.146543420786983, 36.71996309343141 ], [ 126.14649687580426, 36.719382923842396 ] ] ], [ [ [ 126.136497522924373, 36.719499438222876 ], [ 126.13660623795262, 36.719663855525738 ], [ 126.136646777404565, 36.719655915166761 ], [ 126.136497522924373, 36.719499438222876 ] ] ], [ [ [ 126.136798222080913, 36.719620967882669 ], [ 126.136769668287201, 36.71962192442767 ], [ 126.136779295686225, 36.719635727155435 ], [ 126.136798222080913, 36.719620967882669 ] ] ], [ [ [ 126.142311075755742, 36.720895078839767 ], [ 126.142397580617157, 36.720855621080609 ], [ 126.142312028559502, 36.7208738380059 ], [ 126.142311075755742, 36.720895078839767 ] ] ], [ [ [ 126.141996996833157, 36.720955928361342 ], [ 126.142044839726339, 36.72090847044857 ], [ 126.141966738549129, 36.720909052172559 ], [ 126.141996996833157, 36.720955928361342 ] ] ], [ [ [ 126.142342859580793, 36.721024570584611 ], [ 126.142251463646872, 36.720933054943373 ], [ 126.142207265139348, 36.721013230724651 ], [ 126.142342859580793, 36.721024570584611 ] ] ], [ [ [ 126.142368030440778, 36.721160610460842 ], [ 126.142366998836565, 36.721197078859241 ], [ 126.142457633853411, 36.72123203651649 ], [ 126.142368030440778, 36.721160610460842 ] ] ], [ [ [ 126.141343890779993, 36.721201021090621 ], [ 126.141349634938521, 36.721177696816753 ], [ 126.141312789737739, 36.721191577989423 ], [ 126.141343890779993, 36.721201021090621 ] ] ], [ [ [ 126.141179851300393, 36.721217093583128 ], [ 126.141152910547945, 36.721238066525558 ], [ 126.141169032288971, 36.721244812882489 ], [ 126.141179851300393, 36.721217093583128 ] ] ], [ [ [ 126.142250314005992, 36.721532589340107 ], [ 126.142328299649336, 36.721183410058863 ], [ 126.142076606252502, 36.721225326068101 ], [ 126.142250314005992, 36.721532589340107 ] ] ], [ [ [ 126.14140383760018, 36.721515054433837 ], [ 126.141396971636922, 36.72146933573989 ], [ 126.141379338264585, 36.721498944147811 ], [ 126.14140383760018, 36.721515054433837 ] ] ], [ [ [ 126.141134760602498, 36.721550317675046 ], [ 126.141099193214387, 36.721575805532012 ], [ 126.141137362046592, 36.721578963615791 ], [ 126.141134760602498, 36.721550317675046 ] ] ], [ [ [ 126.141272080883198, 36.721588441401529 ], [ 126.141259878470919, 36.721612820504291 ], [ 126.141287687101482, 36.721612379002636 ], [ 126.141272080883198, 36.721588441401529 ] ] ], [ [ [ 126.124096735195707, 36.721800097234421 ], [ 126.124187136871868, 36.721616517257729 ], [ 126.124112470504556, 36.721634790999332 ], [ 126.124096735195707, 36.721800097234421 ] ] ], [ [ [ 126.128670102265843, 36.734587575002962 ], [ 126.128609986064248, 36.73467261160706 ], [ 126.128706739906448, 36.734609838366573 ], [ 126.128670102265843, 36.734587575002962 ] ] ], [ [ [ 126.128210209575258, 36.735954885727068 ], [ 126.128080671356884, 36.735647601929891 ], [ 126.127932534277775, 36.735665366137333 ], [ 126.128210209575258, 36.735954885727068 ] ] ], [ [ [ 126.128578663549092, 36.73673249750869 ], [ 126.128474355861186, 36.736742350156085 ], [ 126.128509526899791, 36.736785408404693 ], [ 126.128578663549092, 36.73673249750869 ] ] ], [ [ [ 126.128896188106651, 36.736709438914126 ], [ 126.128792093979158, 36.736905294612761 ], [ 126.128853663503619, 36.737023735306479 ], [ 126.128896188106651, 36.736709438914126 ] ] ], [ [ [ 126.129274224595321, 36.737578128238049 ], [ 126.129225147517417, 36.737631158842802 ], [ 126.129272856272095, 36.737622009281445 ], [ 126.129274224595321, 36.737578128238049 ] ] ], [ [ [ 126.131736042856105, 36.737872840981353 ], [ 126.131915690291407, 36.737711847113694 ], [ 126.131650807891802, 36.737755779184994 ], [ 126.131736042856105, 36.737872840981353 ] ] ], [ [ [ 126.133459671904546, 36.742158185708924 ], [ 126.133428153431211, 36.742321629487513 ], [ 126.133542049084866, 36.742290227239074 ], [ 126.133459671904546, 36.742158185708924 ] ] ], [ [ [ 126.133399511694662, 36.742732950372087 ], [ 126.133378289095674, 36.742624755735349 ], [ 126.133316752457844, 36.742663810057024 ], [ 126.133399511694662, 36.742732950372087 ] ] ], [ [ [ 126.124825197339788, 36.748785011594855 ], [ 126.124879530134265, 36.748560841357516 ], [ 126.124668901670276, 36.748702393859659 ], [ 126.124825197339788, 36.748785011594855 ] ] ], [ [ [ 126.126537022347406, 36.749641054541698 ], [ 126.126527824431932, 36.749525900008173 ], [ 126.126382431878241, 36.74961997793158 ], [ 126.126537022347406, 36.749641054541698 ] ] ], [ [ [ 126.126439785833696, 36.749862045834497 ], [ 126.126370764671847, 36.749898547379523 ], [ 126.12642548361589, 36.74990578643532 ], [ 126.126439785833696, 36.749862045834497 ] ] ], [ [ [ 126.126471749057202, 36.750070973318287 ], [ 126.12643141465395, 36.749984270083573 ], [ 126.12639537169953, 36.75001159745856 ], [ 126.126471749057202, 36.750070973318287 ] ] ], [ [ [ 126.125646993556529, 36.750117348766373 ], [ 126.12582003570229, 36.750147292963071 ], [ 126.125789979308692, 36.750072462572874 ], [ 126.125646993556529, 36.750117348766373 ] ] ], [ [ [ 126.125574991573316, 36.750382884457949 ], [ 126.125594326143641, 36.75026278625996 ], [ 126.125504914902862, 36.750333649531051 ], [ 126.125574991573316, 36.750382884457949 ] ] ], [ [ [ 126.125483119529761, 36.75158908580709 ], [ 126.125252937913842, 36.751554548925888 ], [ 126.125380380036376, 36.751671933308423 ], [ 126.125483119529761, 36.75158908580709 ] ] ], [ [ [ 126.124012714078248, 36.756477042152618 ], [ 126.123942656322711, 36.75646531761916 ], [ 126.123936107272769, 36.75651749634644 ], [ 126.124012714078248, 36.756477042152618 ] ] ], [ [ [ 126.123920559722407, 36.756494215290203 ], [ 126.123738935896782, 36.756514341188797 ], [ 126.123735443982255, 36.756549646705203 ], [ 126.123920559722407, 36.756494215290203 ] ] ], [ [ [ 126.13198354411891, 36.779050045623727 ], [ 126.131629410863468, 36.779521541408975 ], [ 126.132449156190887, 36.779772392349408 ], [ 126.13198354411891, 36.779050045623727 ] ] ], [ [ [ 126.14503463455523, 36.801043964990178 ], [ 126.144745179582713, 36.801191761142341 ], [ 126.145086638913796, 36.801168824739001 ], [ 126.14503463455523, 36.801043964990178 ] ] ], [ [ [ 126.138687023396258, 36.803287564176635 ], [ 126.141788541037954, 36.802926396026137 ], [ 126.143849664669659, 36.801263162696877 ], [ 126.143791213204125, 36.799933048092242 ], [ 126.141537957718199, 36.800439759363996 ], [ 126.141913239756647, 36.801702542440999 ], [ 126.139295754704477, 36.802261041495811 ], [ 126.138687023396258, 36.803287564176635 ] ] ], [ [ [ 126.15017572598147, 36.833532713292726 ], [ 126.150108480571873, 36.833589325441956 ], [ 126.150189419058506, 36.833549366149725 ], [ 126.15017572598147, 36.833532713292726 ] ] ], [ [ [ 126.150198930532298, 36.834011108526589 ], [ 126.150061144959324, 36.834009439350439 ], [ 126.150207262805893, 36.834030992412444 ], [ 126.150198930532298, 36.834011108526589 ] ] ], [ [ [ 126.149862271992191, 36.834087475438814 ], [ 126.150120198727379, 36.834106691055204 ], [ 126.149835290086969, 36.834049032672219 ], [ 126.149862271992191, 36.834087475438814 ] ] ], [ [ [ 126.150169124964833, 36.844611565530812 ], [ 126.150044745347273, 36.844670353582984 ], [ 126.150137560544778, 36.844708150373727 ], [ 126.150169124964833, 36.844611565530812 ] ] ], [ [ [ 126.148651848014453, 36.845666169098152 ], [ 126.148679158089124, 36.845747327542988 ], [ 126.148732188759908, 36.845738184549269 ], [ 126.148651848014453, 36.845666169098152 ] ] ], [ [ [ 126.150138387632879, 36.846202567250408 ], [ 126.150214161451004, 36.846535480218648 ], [ 126.150376095975091, 36.84642858913822 ], [ 126.150138387632879, 36.846202567250408 ] ] ], [ [ [ 126.15059662337552, 36.894788163452503 ], [ 126.150665599274234, 36.894480201480178 ], [ 126.150428961429398, 36.89465445251566 ], [ 126.15059662337552, 36.894788163452503 ] ] ], [ [ [ 126.150220257513865, 36.897501261752765 ], [ 126.150195547519104, 36.897536126118744 ], [ 126.150230100044325, 36.897506873852713 ], [ 126.150220257513865, 36.897501261752765 ] ] ], [ [ [ 126.151314682863131, 36.89905112969258 ], [ 126.152073595271972, 36.897814558305292 ], [ 126.150615319169475, 36.897388569300333 ], [ 126.14889763140738, 36.898991003687016 ], [ 126.151314682863131, 36.89905112969258 ] ] ], [ [ [ 126.159935094458902, 36.508931093078786 ], [ 126.159904504789367, 36.508948044517425 ], [ 126.159935378296282, 36.508954398617369 ], [ 126.159935094458902, 36.508931093078786 ] ] ], [ [ [ 126.159930720148822, 36.509053851370943 ], [ 126.159921103196723, 36.509019405485418 ], [ 126.159889882717167, 36.509020221181295 ], [ 126.159930720148822, 36.509053851370943 ] ] ], [ [ [ 126.158174158368539, 36.509119918896268 ], [ 126.158285538859545, 36.509208709351533 ], [ 126.15832725188865, 36.509174887618933 ], [ 126.158174158368539, 36.509119918896268 ] ] ], [ [ [ 126.161157328817794, 36.509225829807143 ], [ 126.161179968406501, 36.509266921191312 ], [ 126.161203118721318, 36.509238037329411 ], [ 126.161157328817794, 36.509225829807143 ] ] ], [ [ [ 126.162347227909905, 36.509589290810602 ], [ 126.162296440579652, 36.509599333032568 ], [ 126.162343902854303, 36.509605748161299 ], [ 126.162347227909905, 36.509589290810602 ] ] ], [ [ [ 126.160517352594198, 36.514859171838388 ], [ 126.163836496759785, 36.512499001800911 ], [ 126.162158819362332, 36.509487986263039 ], [ 126.160543447280645, 36.509394843618146 ], [ 126.158494270920826, 36.508638596534205 ], [ 126.158482752807032, 36.509202315242646 ], [ 126.155413510905575, 36.511283875365478 ], [ 126.156712056117641, 36.511843722256422 ], [ 126.158092819694716, 36.513145252709606 ], [ 126.158529354411073, 36.5138181316361 ], [ 126.158567072165084, 36.514498028263496 ], [ 126.159163144027303, 36.51442545435296 ], [ 126.160517352594198, 36.514859171838388 ] ] ], [ [ [ 126.157519947294759, 36.513160905708595 ], [ 126.157639968204037, 36.513180072727785 ], [ 126.157569484852374, 36.513125246872569 ], [ 126.157519947294759, 36.513160905708595 ] ] ], [ [ [ 126.157636935094914, 36.513260117466722 ], [ 126.157740648338702, 36.513372988038505 ], [ 126.157739224106081, 36.513266390680705 ], [ 126.157636935094914, 36.513260117466722 ] ] ], [ [ [ 126.158176018996969, 36.513671945174934 ], [ 126.15822241732684, 36.513632477308391 ], [ 126.158170872984684, 36.513617362538405 ], [ 126.158176018996969, 36.513671945174934 ] ] ], [ [ [ 126.157972325853535, 36.513780626525623 ], [ 126.15809683157616, 36.513759110909497 ], [ 126.157993994905667, 36.513729026502055 ], [ 126.157972325853535, 36.513780626525623 ] ] ], [ [ [ 126.158444872291213, 36.513834359311602 ], [ 126.158456661375368, 36.513882960757762 ], [ 126.158471205312111, 36.513875871330178 ], [ 126.158444872291213, 36.513834359311602 ] ] ], [ [ [ 126.158380081899253, 36.514142503083598 ], [ 126.158359897558299, 36.514358963321733 ], [ 126.158460454259426, 36.514367731471708 ], [ 126.158380081899253, 36.514142503083598 ] ] ], [ [ [ 126.15919821190343, 36.514511680480233 ], [ 126.159196161756057, 36.514703387353272 ], [ 126.159372087103819, 36.514687894991624 ], [ 126.15919821190343, 36.514511680480233 ] ] ], [ [ [ 126.159934875003557, 36.514861740444168 ], [ 126.160002190529653, 36.514844128946955 ], [ 126.159994597675677, 36.514830855513026 ], [ 126.159934875003557, 36.514861740444168 ] ] ], [ [ [ 126.16083319262637, 36.514785807386872 ], [ 126.160638487013088, 36.514898421727437 ], [ 126.160669579883887, 36.514978885835255 ], [ 126.16083319262637, 36.514785807386872 ] ] ], [ [ [ 126.176661300180356, 36.571657290533786 ], [ 126.176184101931398, 36.570374834707309 ], [ 126.17492903468289, 36.570181921486757 ], [ 126.174684078322571, 36.571091862281847 ], [ 126.176661300180356, 36.571657290533786 ] ] ], [ [ [ 126.187655396986301, 36.673525678021193 ], [ 126.189275707043336, 36.672645041338605 ], [ 126.188912189912102, 36.672105272193789 ], [ 126.187460840364238, 36.672842925808602 ], [ 126.187655396986301, 36.673525678021193 ] ] ], [ [ [ 126.173969692220766, 36.67395905005219 ], [ 126.174206822068967, 36.673156359518849 ], [ 126.173139807764869, 36.672538059936798 ], [ 126.173008363718154, 36.673533534416734 ], [ 126.173969692220766, 36.67395905005219 ] ] ], [ [ [ 126.188278528529352, 36.674090316723003 ], [ 126.188361253597776, 36.674091366843953 ], [ 126.188279468376294, 36.6740701568093 ], [ 126.188278528529352, 36.674090316723003 ] ] ], [ [ [ 126.188230865661126, 36.674199601330251 ], [ 126.188304121923963, 36.674199038191674 ], [ 126.188266337123181, 36.674160340260457 ], [ 126.188230865661126, 36.674199601330251 ] ] ], [ [ [ 126.188066922825243, 36.674289424857029 ], [ 126.188142540238019, 36.674244054603342 ], [ 126.18804986499903, 36.674254038100379 ], [ 126.188066922825243, 36.674289424857029 ] ] ], [ [ [ 126.175724145157616, 36.675459831479259 ], [ 126.175566881935382, 36.675700961606893 ], [ 126.175580544458001, 36.675878859693903 ], [ 126.175801888716848, 36.675589273244391 ], [ 126.175724145157616, 36.675459831479259 ] ] ], [ [ [ 126.17584420175983, 36.676031504003376 ], [ 126.175986621658794, 36.676057685799151 ], [ 126.176002362213907, 36.675966294321675 ], [ 126.17584420175983, 36.676031504003376 ] ] ], [ [ [ 126.164453916954926, 36.676285299785349 ], [ 126.164616797621861, 36.676409453157326 ], [ 126.164496668532649, 36.676141955730294 ], [ 126.164453916954926, 36.676285299785349 ] ] ], [ [ [ 126.164001588034296, 36.676270671984192 ], [ 126.164151812937803, 36.676359899934383 ], [ 126.164008357179554, 36.676246804384846 ], [ 126.164001588034296, 36.676270671984192 ] ] ], [ [ [ 126.156828678758117, 36.67765564701984 ], [ 126.156834120337393, 36.677582372451724 ], [ 126.156738688610176, 36.677550021974071 ], [ 126.156828678758117, 36.67765564701984 ] ] ], [ [ [ 126.15690396676365, 36.677727521033695 ], [ 126.157005826236784, 36.677711889163398 ], [ 126.156917577150722, 36.677666251780444 ], [ 126.15690396676365, 36.677727521033695 ] ] ], [ [ [ 126.157029458488068, 36.677865279997199 ], [ 126.157210911356771, 36.677881952976627 ], [ 126.157051359504777, 36.677812357646673 ], [ 126.157029458488068, 36.677865279997199 ] ] ], [ [ [ 126.160753604854449, 36.706480164548132 ], [ 126.160728036881679, 36.706465477641146 ], [ 126.160728628339129, 36.706487260718973 ], [ 126.160753604854449, 36.706480164548132 ] ] ], [ [ [ 126.16064575961434, 36.706494201257875 ], [ 126.160622245353181, 36.706452008173663 ], [ 126.160600325149758, 36.706485806217806 ], [ 126.16064575961434, 36.706494201257875 ] ] ], [ [ [ 126.161293960864157, 36.707181821222093 ], [ 126.161201326827083, 36.707206704079219 ], [ 126.161312048294064, 36.707184644165203 ], [ 126.161293960864157, 36.707181821222093 ] ] ], [ [ [ 126.162349009752262, 36.707529764985921 ], [ 126.162311259716475, 36.707553747498608 ], [ 126.162341787000301, 36.70756629034581 ], [ 126.162349009752262, 36.707529764985921 ] ] ], [ [ [ 126.162411999885819, 36.707632554688246 ], [ 126.162368056270381, 36.70761663942455 ], [ 126.162355157613064, 36.70762628926267 ], [ 126.162411999885819, 36.707632554688246 ] ] ], [ [ [ 126.162507223824491, 36.707623609997306 ], [ 126.162477135472514, 36.707680816533419 ], [ 126.1625383293661, 36.707622171108525 ], [ 126.162507223824491, 36.707623609997306 ] ] ], [ [ [ 126.162868116599654, 36.707928638732824 ], [ 126.162832493351246, 36.707900824660818 ], [ 126.162828488639832, 36.70791833926782 ], [ 126.162868116599654, 36.707928638732824 ] ] ], [ [ [ 126.162999718762734, 36.707985370284824 ], [ 126.162938765326388, 36.707967080931809 ], [ 126.162988248672804, 36.708005745067638 ], [ 126.162999718762734, 36.707985370284824 ] ] ], [ [ [ 126.159657132600614, 36.710751278591054 ], [ 126.159784922610768, 36.710795316690486 ], [ 126.159675802199857, 36.710735714051246 ], [ 126.159657132600614, 36.710751278591054 ] ] ], [ [ [ 126.159771112353454, 36.710886788309615 ], [ 126.159717080684146, 36.710893778828748 ], [ 126.15976764186567, 36.710909463109076 ], [ 126.159771112353454, 36.710886788309615 ] ] ], [ [ [ 126.170745792498238, 36.717186682553276 ], [ 126.171470954598576, 36.717489858006054 ], [ 126.17134765373774, 36.717124740321395 ], [ 126.170745792498238, 36.717186682553276 ] ] ], [ [ [ 126.153325284617765, 36.840396188011063 ], [ 126.15342874343294, 36.840394726197829 ], [ 126.153413873330692, 36.84036054083608 ], [ 126.153325284617765, 36.840396188011063 ] ] ], [ [ [ 126.153441529138121, 36.840513246049852 ], [ 126.153590774544952, 36.840548044951987 ], [ 126.153612436341746, 36.840416695418185 ], [ 126.153441529138121, 36.840513246049852 ] ] ], [ [ [ 126.153948497316946, 36.840829169463305 ], [ 126.154030530351108, 36.840747440310871 ], [ 126.154000463587323, 36.840715706007344 ], [ 126.153948497316946, 36.840829169463305 ] ] ], [ [ [ 126.174773369524331, 36.842117239445884 ], [ 126.173197215091662, 36.84226971614283 ], [ 126.173297606551699, 36.843033100629434 ], [ 126.17509627384959, 36.842889398532478 ], [ 126.174773369524331, 36.842117239445884 ] ] ], [ [ [ 126.157714451274771, 36.846138403571814 ], [ 126.157775978164935, 36.846193795103481 ], [ 126.157798483638643, 36.846120895528365 ], [ 126.157714451274771, 36.846138403571814 ] ] ], [ [ [ 126.157933640628116, 36.846271119616887 ], [ 126.157791705773178, 36.846234915926907 ], [ 126.157753162490764, 36.84627263137137 ], [ 126.157933640628116, 36.846271119616887 ] ] ], [ [ [ 126.157393968044047, 36.847263398606806 ], [ 126.15747496257633, 36.84722342434933 ], [ 126.157374828716712, 36.847243052434088 ], [ 126.157393968044047, 36.847263398606806 ] ] ], [ [ [ 126.159748929140008, 36.848930275961649 ], [ 126.159217455855696, 36.848876246390162 ], [ 126.159749504686744, 36.849086571909098 ], [ 126.159748929140008, 36.848930275961649 ] ] ], [ [ [ 126.158722981258848, 36.848969550505018 ], [ 126.158718253070035, 36.849027556061621 ], [ 126.158828601596966, 36.84894055281071 ], [ 126.158722981258848, 36.848969550505018 ] ] ], [ [ [ 126.158842032228605, 36.849228390287912 ], [ 126.159250992668362, 36.848944640440756 ], [ 126.15884833491863, 36.849028638149321 ], [ 126.158842032228605, 36.849228390287912 ] ] ], [ [ [ 126.15931069765972, 36.849066266843387 ], [ 126.159536042155281, 36.849274777479273 ], [ 126.159395240341993, 36.848991184085051 ], [ 126.15931069765972, 36.849066266843387 ] ] ], [ [ [ 126.158879782119342, 36.84926734911943 ], [ 126.158798193381131, 36.849322504322302 ], [ 126.158848202886531, 36.849334471288842 ], [ 126.158879782119342, 36.84926734911943 ] ] ], [ [ [ 126.160394184292585, 36.849517292137506 ], [ 126.159918259426163, 36.849414305934097 ], [ 126.160250820468562, 36.84961409965652 ], [ 126.160394184292585, 36.849517292137506 ] ] ], [ [ [ 126.160593222069807, 36.849700750150873 ], [ 126.160635305701618, 36.849619310925149 ], [ 126.160562628171959, 36.849632665466039 ], [ 126.160593222069807, 36.849700750150873 ] ] ], [ [ [ 126.184244573431059, 36.869167457679715 ], [ 126.18405737026356, 36.869181283584517 ], [ 126.184086026347018, 36.869292952123168 ], [ 126.184232705197189, 36.869299501524587 ], [ 126.184244573431059, 36.869167457679715 ] ] ], [ [ [ 126.18420210243896, 36.869599700602109 ], [ 126.184341176697217, 36.869548348351934 ], [ 126.184159782590697, 36.869547609073287 ], [ 126.18420210243896, 36.869599700602109 ] ] ], [ [ [ 126.18433464351682, 36.869739965011277 ], [ 126.184271421430594, 36.869669487991736 ], [ 126.184289925636378, 36.869762397804067 ], [ 126.18433464351682, 36.869739965011277 ] ] ], [ [ [ 126.184279244861429, 36.869814479365857 ], [ 126.184206535655406, 36.869708176765315 ], [ 126.184266483679224, 36.869833224113194 ], [ 126.184279244861429, 36.869814479365857 ] ] ], [ [ [ 126.183802586627266, 36.870094424003732 ], [ 126.183916158662001, 36.869921845952838 ], [ 126.183759538939697, 36.870086451190559 ], [ 126.183802586627266, 36.870094424003732 ] ] ], [ [ [ 126.18150919451395, 36.879763644780574 ], [ 126.181607311021111, 36.879763121795904 ], [ 126.181517205527527, 36.879739262633187 ], [ 126.18150919451395, 36.879763644780574 ] ] ], [ [ [ 126.180897442211261, 36.880983235333645 ], [ 126.182595417761149, 36.880487376038495 ], [ 126.180722129248295, 36.880369608583287 ], [ 126.18144578667534, 36.880819890291185 ], [ 126.180897442211261, 36.880983235333645 ] ] ], [ [ [ 126.183688332474617, 36.881662160569874 ], [ 126.18358625326276, 36.881649050133106 ], [ 126.183650433758473, 36.881693500418741 ], [ 126.183688332474617, 36.881662160569874 ] ] ], [ [ [ 126.183773727943702, 36.881785391469883 ], [ 126.183718810451623, 36.881660062645466 ], [ 126.183725212970202, 36.881794978483811 ], [ 126.183773727943702, 36.881785391469883 ] ] ], [ [ [ 126.183224741458375, 36.881964564972549 ], [ 126.183476779250952, 36.881703795725187 ], [ 126.183283274651316, 36.881690465213907 ], [ 126.183224741458375, 36.881964564972549 ] ] ], [ [ [ 126.183560948107854, 36.881978842150062 ], [ 126.183692329431452, 36.881893799962569 ], [ 126.183692856015355, 36.881829529206904 ], [ 126.183560948107854, 36.881978842150062 ] ] ], [ [ [ 126.18248091560892, 36.882307796171027 ], [ 126.1825089642048, 36.882347186205777 ], [ 126.182521245300137, 36.882307424897995 ], [ 126.18248091560892, 36.882307796171027 ] ] ], [ [ [ 126.182383593766687, 36.88230393707174 ], [ 126.182342529489418, 36.882509116605384 ], [ 126.182363529978332, 36.882506666946902 ], [ 126.182383593766687, 36.88230393707174 ] ] ], [ [ [ 126.182194462970642, 36.882519956987039 ], [ 126.182302637034454, 36.882490568809196 ], [ 126.18215652172853, 36.88247628190274 ], [ 126.182194462970642, 36.882519956987039 ] ] ], [ [ [ 126.180564864849288, 36.883361020533798 ], [ 126.180565839169432, 36.883397907351963 ], [ 126.180591215356941, 36.883390287534162 ], [ 126.180564864849288, 36.883361020533798 ] ] ], [ [ [ 126.180523155376221, 36.883469573652903 ], [ 126.180445026688389, 36.883460249121292 ], [ 126.180452129601264, 36.883494674693011 ], [ 126.180523155376221, 36.883469573652903 ] ] ], [ [ [ 126.180598345931386, 36.883632032049434 ], [ 126.180572494988766, 36.883676755152059 ], [ 126.180651976853909, 36.883681142373007 ], [ 126.180598345931386, 36.883632032049434 ] ] ], [ [ [ 126.178482460737783, 36.883905839860766 ], [ 126.178426784699226, 36.883839262065351 ], [ 126.178355429952717, 36.883909817232031 ], [ 126.178482460737783, 36.883905839860766 ] ] ], [ [ [ 126.177143561738546, 36.883874625297253 ], [ 126.177144827218825, 36.883931221618106 ], [ 126.177168626491351, 36.883935683474576 ], [ 126.177143561738546, 36.883874625297253 ] ] ], [ [ [ 126.177375080411025, 36.884939270589598 ], [ 126.17716418074059, 36.884928132313732 ], [ 126.177198853534719, 36.884980211411396 ], [ 126.1773589145958, 36.88498430989948 ], [ 126.177375080411025, 36.884939270589598 ] ] ], [ [ [ 126.177420639026678, 36.884962797500535 ], [ 126.177464245650057, 36.884993582313918 ], [ 126.177475912627955, 36.884971516285574 ], [ 126.177420639026678, 36.884962797500535 ] ] ], [ [ [ 126.177227642037622, 36.885003928469253 ], [ 126.177145344976296, 36.885043230556604 ], [ 126.177215179918193, 36.885053995496186 ], [ 126.177227642037622, 36.885003928469253 ] ] ], [ [ [ 126.178310785201262, 36.886463773997576 ], [ 126.178468812793412, 36.886424579747505 ], [ 126.178401696628825, 36.886354572001785 ], [ 126.178310785201262, 36.886463773997576 ] ] ], [ [ [ 126.179467486859565, 36.887015356633484 ], [ 126.179530612548007, 36.886960503594793 ], [ 126.17942484584043, 36.886965405251566 ], [ 126.179467486859565, 36.887015356633484 ] ] ], [ [ [ 126.179837476853336, 36.88753538217901 ], [ 126.179877190595036, 36.887471236865913 ], [ 126.179819433474023, 36.88746677320308 ], [ 126.179837476853336, 36.88753538217901 ] ] ], [ [ [ 126.184042101878532, 36.888226986427682 ], [ 126.183895517531681, 36.888284072276953 ], [ 126.184055100692305, 36.888261920564325 ], [ 126.184042101878532, 36.888226986427682 ] ] ], [ [ [ 126.180049677689055, 36.889180475386496 ], [ 126.179704706542353, 36.889214983942239 ], [ 126.179713837397941, 36.889249603328764 ], [ 126.180049677689055, 36.889180475386496 ] ] ], [ [ [ 126.151650861192735, 36.894812049643832 ], [ 126.151596191880131, 36.894780751296778 ], [ 126.151620682502212, 36.89482422380707 ], [ 126.151650861192735, 36.894812049643832 ] ] ], [ [ [ 126.151302416015895, 36.894805264066136 ], [ 126.151439458159729, 36.894855393789307 ], [ 126.151384461002564, 36.894754334962151 ], [ 126.151302416015895, 36.894805264066136 ] ] ], [ [ [ 126.151446224814464, 36.894988090101677 ], [ 126.15146590374988, 36.894906900063908 ], [ 126.15127774308101, 36.894896644366874 ], [ 126.151446224814464, 36.894988090101677 ] ] ], [ [ [ 126.151687083451264, 36.894828635263472 ], [ 126.152671114923862, 36.895054282876558 ], [ 126.152831953162817, 36.894813258287584 ], [ 126.151687083451264, 36.894828635263472 ] ] ], [ [ [ 126.15149120926354, 36.895008532230733 ], [ 126.151637485324429, 36.895030246606098 ], [ 126.151563615273631, 36.89497297043593 ], [ 126.15149120926354, 36.895008532230733 ] ] ], [ [ [ 126.152607903425505, 36.897872777489795 ], [ 126.15243365279899, 36.897830563061284 ], [ 126.152432544915953, 36.89791756150462 ], [ 126.152607903425505, 36.897872777489795 ] ] ], [ [ [ 126.15279160770487, 36.897899849184505 ], [ 126.152713496738656, 36.897961150133767 ], [ 126.152877173980968, 36.89798634863466 ], [ 126.15279160770487, 36.897899849184505 ] ] ], [ [ [ 126.152420305410672, 36.89799769670028 ], [ 126.15237220486371, 36.897961474116556 ], [ 126.15237713829471, 36.897997354855491 ], [ 126.152420305410672, 36.89799769670028 ] ] ], [ [ [ 126.15267236270509, 36.898078293163429 ], [ 126.152607933528316, 36.898030257575698 ], [ 126.152599237128072, 36.898065915211689 ], [ 126.15267236270509, 36.898078293163429 ] ] ], [ [ [ 126.161772977265656, 36.92352059566894 ], [ 126.161789490182343, 36.92345878262654 ], [ 126.161705744158851, 36.923497719896339 ], [ 126.161772977265656, 36.92352059566894 ] ] ], [ [ [ 126.161480790435846, 36.923579958376962 ], [ 126.161597089122083, 36.923519886460191 ], [ 126.161393878807061, 36.923531787709138 ], [ 126.161480790435846, 36.923579958376962 ] ] ], [ [ [ 126.181944564379194, 36.92431459684073 ], [ 126.182298300696061, 36.924326484856792 ], [ 126.182164457499425, 36.924222075783845 ], [ 126.183092197689945, 36.923509045926714 ], [ 126.181647229859465, 36.92344214279283 ], [ 126.181944564379194, 36.92431459684073 ] ] ], [ [ [ 126.162978419350623, 36.923688873190187 ], [ 126.162835293360885, 36.923760787896583 ], [ 126.163139813906795, 36.923700516878597 ], [ 126.162978419350623, 36.923688873190187 ] ] ], [ [ [ 126.163274346097538, 36.923770983508589 ], [ 126.163331149806822, 36.923706037996261 ], [ 126.163145026417055, 36.923765655596377 ], [ 126.163274346097538, 36.923770983508589 ] ] ], [ [ [ 126.181634024503722, 36.923972078801889 ], [ 126.181542434394387, 36.923917474596017 ], [ 126.181533177361999, 36.923996966153041 ], [ 126.181634024503722, 36.923972078801889 ] ] ], [ [ [ 126.182558102499812, 36.924067899719532 ], [ 126.182566618188162, 36.924019815012272 ], [ 126.182515082030946, 36.924038724125225 ], [ 126.182558102499812, 36.924067899719532 ] ] ], [ [ [ 126.181139308259418, 36.924192079137853 ], [ 126.181220969714303, 36.92418343482138 ], [ 126.181223392298378, 36.924172106042171 ], [ 126.181139308259418, 36.924192079137853 ] ] ], [ [ [ 126.182110885876668, 36.924346431685436 ], [ 126.182086710360622, 36.924403257307638 ], [ 126.182118483189399, 36.924423326823749 ], [ 126.182110885876668, 36.924346431685436 ] ] ], [ [ [ 126.182239864060563, 36.924382968244629 ], [ 126.182255354421187, 36.924402707434233 ], [ 126.182261021324493, 36.924396475018824 ], [ 126.182239864060563, 36.924382968244629 ] ] ], [ [ [ 126.161575773455638, 36.924807486285211 ], [ 126.162859384965984, 36.92464793239877 ], [ 126.163648850389066, 36.924064339047128 ], [ 126.161142560667699, 36.923635653694213 ], [ 126.161575773455638, 36.924807486285211 ] ] ], [ [ [ 126.163780708476011, 36.924457124952504 ], [ 126.163582835092882, 36.924392259468341 ], [ 126.163674718137912, 36.924517614248863 ], [ 126.163780708476011, 36.924457124952504 ] ] ], [ [ [ 126.163871302266259, 36.924465061402223 ], [ 126.163787024027584, 36.924602284839679 ], [ 126.163944722081695, 36.92456402841956 ], [ 126.163871302266259, 36.924465061402223 ] ] ], [ [ [ 126.1641798656524, 36.924556951067807 ], [ 126.164249635813718, 36.924513146036048 ], [ 126.164175694951467, 36.92452161851498 ], [ 126.1641798656524, 36.924556951067807 ] ] ], [ [ [ 126.163212948922023, 36.924620057529083 ], [ 126.163253986792384, 36.924548513143087 ], [ 126.163181574862762, 36.924551716485048 ], [ 126.163212948922023, 36.924620057529083 ] ] ], [ [ [ 126.163919733142905, 36.924708374628835 ], [ 126.163918699877385, 36.924792797597235 ], [ 126.16394377691077, 36.92471944551248 ], [ 126.163919733142905, 36.924708374628835 ] ] ], [ [ [ 126.163951535255535, 36.924795074311326 ], [ 126.164075226976593, 36.924793997708285 ], [ 126.164060462623695, 36.924763545076289 ], [ 126.163951535255535, 36.924795074311326 ] ] ], [ [ [ 126.163704834200715, 36.924954952043372 ], [ 126.163821096061213, 36.924870511294714 ], [ 126.163770446093011, 36.924834625160308 ], [ 126.163704834200715, 36.924954952043372 ] ] ], [ [ [ 126.167174446988625, 36.925700310640408 ], [ 126.168020558806845, 36.925379989476852 ], [ 126.167416564277829, 36.925139030377991 ], [ 126.167174446988625, 36.925700310640408 ] ] ], [ [ [ 126.168217226228521, 36.926042840534848 ], [ 126.16807259321871, 36.925990124436034 ], [ 126.168059715980107, 36.926013201521904 ], [ 126.168217226228521, 36.926042840534848 ] ] ], [ [ [ 126.167637773333666, 36.926989967817669 ], [ 126.167488660807692, 36.926978440945739 ], [ 126.167424225097449, 36.927037487049404 ], [ 126.167637773333666, 36.926989967817669 ] ] ], [ [ [ 126.167124982423715, 36.928106631808916 ], [ 126.167184542997802, 36.928140902090554 ], [ 126.167186972306496, 36.928111517146142 ], [ 126.167124982423715, 36.928106631808916 ] ] ], [ [ [ 126.168220105698708, 36.92979631813639 ], [ 126.171245080282034, 36.928313257772729 ], [ 126.168662534705021, 36.926633833169554 ], [ 126.167261962486251, 36.927622114957323 ], [ 126.167968856712392, 36.928561403898875 ], [ 126.167435467210424, 36.929503443250688 ], [ 126.168220105698708, 36.92979631813639 ] ] ], [ [ [ 126.159191200146907, 36.932118099931515 ], [ 126.159201198825471, 36.932202124463331 ], [ 126.159350873613306, 36.932118337783102 ], [ 126.159191200146907, 36.932118099931515 ] ] ], [ [ [ 126.159014327983542, 36.932132697339718 ], [ 126.159054776705432, 36.932169584408733 ], [ 126.159047984821086, 36.932109535032644 ], [ 126.159014327983542, 36.932132697339718 ] ] ], [ [ [ 126.158885796725315, 36.93217065803659 ], [ 126.158736710669587, 36.932266305775741 ], [ 126.158884716821873, 36.932301746736997 ], [ 126.158885796725315, 36.93217065803659 ] ] ], [ [ [ 126.158927316914074, 36.932407581569493 ], [ 126.159040526057296, 36.932380801655114 ], [ 126.159038360319016, 36.93233074137423 ], [ 126.158927316914074, 36.932407581569493 ] ] ], [ [ [ 126.158846262576404, 36.932467062562871 ], [ 126.158556147011737, 36.932319297619742 ], [ 126.158515781235295, 36.932373777400699 ], [ 126.158846262576404, 36.932467062562871 ] ] ], [ [ [ 126.160279479451745, 36.932372455870762 ], [ 126.16039057681418, 36.932433838659449 ], [ 126.160370812001901, 36.932341519485782 ], [ 126.160279479451745, 36.932372455870762 ] ] ], [ [ [ 126.157944422800071, 36.932495264377607 ], [ 126.157962177190015, 36.932419043887755 ], [ 126.157898550837743, 36.932415627908519 ], [ 126.157944422800071, 36.932495264377607 ] ] ], [ [ [ 126.160240071676441, 36.932771367721159 ], [ 126.160651582574687, 36.932539333054009 ], [ 126.160428715897879, 36.932513689827111 ], [ 126.160240071676441, 36.932771367721159 ] ] ], [ [ [ 126.161374854679394, 36.932736639818735 ], [ 126.161229473870478, 36.932585531671549 ], [ 126.161229347440553, 36.932764914713268 ], [ 126.161374854679394, 36.932736639818735 ] ] ], [ [ [ 126.160962032491042, 36.932620378194798 ], [ 126.160721122348122, 36.93269543841366 ], [ 126.16074085131558, 36.932775718237743 ], [ 126.160962032491042, 36.932620378194798 ] ] ], [ [ [ 126.157979933889877, 36.932896581382934 ], [ 126.158228899394302, 36.932421024746887 ], [ 126.15785810884239, 36.932899313132495 ], [ 126.157979933889877, 36.932896581382934 ] ] ], [ [ [ 126.159719023263875, 36.93326171825889 ], [ 126.15978118583665, 36.93213972796709 ], [ 126.157950953212818, 36.933123029425303 ], [ 126.158284991803868, 36.933301248687592 ], [ 126.159719023263875, 36.93326171825889 ] ] ], [ [ [ 126.160250760120903, 36.932939852423004 ], [ 126.160308794241487, 36.933012095040105 ], [ 126.160342651197141, 36.932927851434805 ], [ 126.160250760120903, 36.932939852423004 ] ] ], [ [ [ 126.160277433994494, 36.933128688628408 ], [ 126.160220421542647, 36.933079924154733 ], [ 126.160253441517582, 36.93313843053415 ], [ 126.160277433994494, 36.933128688628408 ] ] ], [ [ [ 126.157860490383342, 36.933273551326685 ], [ 126.157900910776704, 36.933248922626618 ], [ 126.15784482312074, 36.933246875380277 ], [ 126.157860490383342, 36.933273551326685 ] ] ], [ [ [ 126.15821472297786, 36.933361950771832 ], [ 126.158234992466348, 36.933421249269848 ], [ 126.158278717260529, 36.933366585810354 ], [ 126.15821472297786, 36.933361950771832 ] ] ], [ [ [ 126.168122477029002, 36.958273762182642 ], [ 126.168228243453171, 36.958249300721242 ], [ 126.168095421181306, 36.958240502367438 ], [ 126.168122477029002, 36.958273762182642 ] ] ], [ [ [ 126.16613450753826, 36.958211376317998 ], [ 126.165961839486414, 36.958271436902649 ], [ 126.166144859360031, 36.95835660955138 ], [ 126.16613450753826, 36.958211376317998 ] ] ], [ [ [ 126.168812467116823, 36.958450940329584 ], [ 126.168824691639628, 36.95848438343014 ], [ 126.168903262877024, 36.958458648366808 ], [ 126.168812467116823, 36.958450940329584 ] ] ], [ [ [ 126.169761481794836, 36.958666390747972 ], [ 126.169688793792005, 36.958680515806691 ], [ 126.16974257376566, 36.958713907037328 ], [ 126.169761481794836, 36.958666390747972 ] ] ], [ [ [ 126.169470181166005, 36.959410595181453 ], [ 126.169774725637552, 36.958750508212233 ], [ 126.167535826662743, 36.958196222968262 ], [ 126.167147525683717, 36.958359512332066 ], [ 126.169470181166005, 36.959410595181453 ] ] ], [ [ [ 126.212857122253823, 36.280317790067457 ], [ 126.212643573229613, 36.280258529919045 ], [ 126.212636785501928, 36.280324719466698 ], [ 126.212857122253823, 36.280317790067457 ] ] ], [ [ [ 126.222286540477143, 36.282330240844367 ], [ 126.2250345035294, 36.281984371459615 ], [ 126.225476214218006, 36.280333953261874 ], [ 126.222535299202747, 36.281635258350683 ], [ 126.222286540477143, 36.282330240844367 ] ] ], [ [ [ 126.215088895113766, 36.281711513426274 ], [ 126.215086993059188, 36.28166806492618 ], [ 126.215024085070866, 36.281692614182816 ], [ 126.215088895113766, 36.281711513426274 ] ] ], [ [ [ 126.214937337494149, 36.282030161827088 ], [ 126.215245408725792, 36.281754084762987 ], [ 126.214869939732495, 36.281980425593495 ], [ 126.214937337494149, 36.282030161827088 ] ] ], [ [ [ 126.208450794364254, 36.282920556729287 ], [ 126.20842366013386, 36.282841075595847 ], [ 126.20838508695968, 36.282902098548448 ], [ 126.208450794364254, 36.282920556729287 ] ] ], [ [ [ 126.209797343970621, 36.284335641521373 ], [ 126.214362931823572, 36.282926294046959 ], [ 126.214812237688093, 36.281885064896969 ], [ 126.20905853908377, 36.282973782622761 ], [ 126.209797343970621, 36.284335641521373 ] ] ], [ [ [ 126.201122020664982, 36.282953375405732 ], [ 126.201256431548032, 36.282925256069802 ], [ 126.201151145260297, 36.282891478738925 ], [ 126.201122020664982, 36.282953375405732 ] ] ], [ [ [ 126.200241269863653, 36.282963708938176 ], [ 126.20032214330196, 36.282891885377552 ], [ 126.200212860214961, 36.28292269640346 ], [ 126.200241269863653, 36.282963708938176 ] ] ], [ [ [ 126.208550047290089, 36.283044854268688 ], [ 126.208503153519715, 36.283004172280151 ], [ 126.208498899609282, 36.283072721935142 ], [ 126.208550047290089, 36.283044854268688 ] ] ], [ [ [ 126.214279932813824, 36.283278193360644 ], [ 126.214522962964125, 36.282984388037136 ], [ 126.214102984535003, 36.283031103280628 ], [ 126.214279932813824, 36.283278193360644 ] ] ], [ [ [ 126.208346714229592, 36.283064864963158 ], [ 126.208424583028943, 36.283069256188817 ], [ 126.208424600179697, 36.28305645892906 ], [ 126.208346714229592, 36.283064864963158 ] ] ], [ [ [ 126.208224844018233, 36.283141018137144 ], [ 126.208265175764851, 36.283181117297751 ], [ 126.208278238382064, 36.283133171545146 ], [ 126.208224844018233, 36.283141018137144 ] ] ], [ [ [ 126.194404378860341, 36.285909091910234 ], [ 126.20022989543186, 36.286860176969022 ], [ 126.202950998629206, 36.285338346921108 ], [ 126.203650874116292, 36.285615431695938 ], [ 126.203213544974091, 36.286293887698662 ], [ 126.203667741339373, 36.285828668929248 ], [ 126.204350368897593, 36.286511609765434 ], [ 126.207155973110488, 36.286720940964983 ], [ 126.207780532343008, 36.284075107199484 ], [ 126.206265789949512, 36.283071888461706 ], [ 126.206589213204936, 36.285175099882963 ], [ 126.205533908780424, 36.285470613770215 ], [ 126.200826180806061, 36.283028898427489 ], [ 126.193241668324262, 36.282350820971025 ], [ 126.194404378860341, 36.285909091910234 ] ] ], [ [ [ 126.245694743985354, 36.295238639069858 ], [ 126.245523689732337, 36.295175739836971 ], [ 126.245526461538915, 36.295234783712431 ], [ 126.245694743985354, 36.295238639069858 ] ] ], [ [ [ 126.24585148584147, 36.295238815865289 ], [ 126.245959544330702, 36.295196151678802 ], [ 126.24584399401607, 36.295230568017594 ], [ 126.24585148584147, 36.295238815865289 ] ] ], [ [ [ 126.244113847918825, 36.29575790965518 ], [ 126.244247471494162, 36.295835083082338 ], [ 126.244255047821795, 36.295742039323819 ], [ 126.244113847918825, 36.29575790965518 ] ] ], [ [ [ 126.245086826523334, 36.311362942163576 ], [ 126.245087290355357, 36.311303286936763 ], [ 126.245044627697027, 36.311339695224298 ], [ 126.245086826523334, 36.311362942163576 ] ] ], [ [ [ 126.208689965102437, 36.428811000863355 ], [ 126.208617480039962, 36.428492505648563 ], [ 126.208384615471175, 36.428527910876277 ], [ 126.208689965102437, 36.428811000863355 ] ] ], [ [ [ 126.212208153646756, 36.431718285888415 ], [ 126.216658178306147, 36.430826418820722 ], [ 126.215381083394107, 36.430185068512742 ], [ 126.214944418145635, 36.428709458355115 ], [ 126.211950868685165, 36.428862306250629 ], [ 126.20937677822144, 36.426931133196064 ], [ 126.20771142563207, 36.427308792351823 ], [ 126.208383873128184, 36.428425264231471 ], [ 126.210214384813781, 36.428587158318685 ], [ 126.210182881441597, 36.429836564736839 ], [ 126.211349809130496, 36.430593309417482 ], [ 126.210882003135936, 36.431221198120134 ], [ 126.212208153646756, 36.431718285888415 ] ] ], [ [ [ 126.217055525638813, 36.431080173087011 ], [ 126.217493102448614, 36.43115927988557 ], [ 126.217209900332463, 36.430999002132303 ], [ 126.217055525638813, 36.431080173087011 ] ] ], [ [ [ 126.232185859001532, 36.44957699160819 ], [ 126.231966119447605, 36.44952051908362 ], [ 126.232016809993155, 36.449685123529591 ], [ 126.232185859001532, 36.44957699160819 ] ] ], [ [ [ 126.231399550826467, 36.449705660339255 ], [ 126.231514372974274, 36.449769029258846 ], [ 126.231406206011727, 36.449664251254021 ], [ 126.231399550826467, 36.449705660339255 ] ] ], [ [ [ 126.231310427430415, 36.449796103113513 ], [ 126.231403846423646, 36.449779131793051 ], [ 126.231281163541411, 36.44966443656309 ], [ 126.231310427430415, 36.449796103113513 ] ] ], [ [ [ 126.23556085225519, 36.456063804026698 ], [ 126.238795312293888, 36.455778268285755 ], [ 126.240353572755566, 36.454109279875503 ], [ 126.242802857130172, 36.453054466144522 ], [ 126.239103086155851, 36.453471506682845 ], [ 126.23689951079345, 36.449752302992707 ], [ 126.233273109469451, 36.448484857145459 ], [ 126.232245370237081, 36.448857902623615 ], [ 126.232282168838708, 36.449674032839738 ], [ 126.235339752685007, 36.449757280330097 ], [ 126.235469318945349, 36.451682950108278 ], [ 126.231790897375305, 36.453953367925031 ], [ 126.231379419660897, 36.455374971384828 ], [ 126.23556085225519, 36.456063804026698 ] ] ], [ [ [ 126.222389947677001, 36.458109503601811 ], [ 126.222466760698111, 36.458121053262815 ], [ 126.222413996095483, 36.458088565951876 ], [ 126.222389947677001, 36.458109503601811 ] ] ], [ [ [ 126.222390468567738, 36.458373369766505 ], [ 126.222379291683865, 36.458329808813573 ], [ 126.222369014726397, 36.458353558601758 ], [ 126.222390468567738, 36.458373369766505 ] ] ], [ [ [ 126.221634479690906, 36.458532034909304 ], [ 126.221624968877251, 36.458586051198047 ], [ 126.221656404414261, 36.458567340110861 ], [ 126.221634479690906, 36.458532034909304 ] ] ], [ [ [ 126.221555973820116, 36.458655124663714 ], [ 126.221510297855005, 36.458748246414522 ], [ 126.221609167384941, 36.458697239115985 ], [ 126.221555973820116, 36.458655124663714 ] ] ], [ [ [ 126.2224389741409, 36.458973342855892 ], [ 126.222565365825716, 36.459098621169666 ], [ 126.222567893755397, 36.458937036520155 ], [ 126.2224389741409, 36.458973342855892 ] ] ], [ [ [ 126.224852178063742, 36.45989528722432 ], [ 126.224061645867977, 36.458858428254551 ], [ 126.222451076204464, 36.458613738105512 ], [ 126.222115312588116, 36.458237676734278 ], [ 126.221591064964045, 36.458618621903604 ], [ 126.222712293645415, 36.458870940256297 ], [ 126.224000162466112, 36.459939296043274 ], [ 126.224852178063742, 36.45989528722432 ] ] ], [ [ [ 126.222760684816151, 36.459180860434202 ], [ 126.222788654176682, 36.459219709753725 ], [ 126.222782960386084, 36.459177806710876 ], [ 126.222760684816151, 36.459180860434202 ] ] ], [ [ [ 126.222942118515803, 36.459389043228363 ], [ 126.222940206750152, 36.459345704075666 ], [ 126.222909968940556, 36.459354121037691 ], [ 126.222942118515803, 36.459389043228363 ] ] ], [ [ [ 126.225512492300979, 36.460344593027401 ], [ 126.225195189751275, 36.459843212849805 ], [ 126.225117889489411, 36.460279405293285 ], [ 126.225512492300979, 36.460344593027401 ] ] ], [ [ [ 126.19336010525879, 36.567508743179118 ], [ 126.19313907991625, 36.567404807236294 ], [ 126.193322741283609, 36.567727571028513 ], [ 126.19336010525879, 36.567508743179118 ] ] ], [ [ [ 126.190473368952539, 36.569884851699904 ], [ 126.190228132320129, 36.569777754367259 ], [ 126.190409465225741, 36.569952361552005 ], [ 126.190473368952539, 36.569884851699904 ] ] ], [ [ [ 126.205963872425471, 36.585252859406154 ], [ 126.201520555254007, 36.581778147758328 ], [ 126.202918684505548, 36.578665689592505 ], [ 126.202368894645332, 36.576640906163263 ], [ 126.201707897784317, 36.575322070070989 ], [ 126.199688564093279, 36.572930614273567 ], [ 126.19737772495688, 36.570703707996799 ], [ 126.1965011480969, 36.570802233269752 ], [ 126.196330788659395, 36.569151609399562 ], [ 126.193634906299266, 36.567577500730003 ], [ 126.191430416250412, 36.568737866726885 ], [ 126.191268026264453, 36.568164807346214 ], [ 126.190599836447376, 36.568431434841457 ], [ 126.190700272608325, 36.570370014556225 ], [ 126.188868973531697, 36.571861621877126 ], [ 126.197896204945565, 36.57186156101529 ], [ 126.201026130402965, 36.574690573519284 ], [ 126.202126675171016, 36.576775552727945 ], [ 126.201473044180048, 36.579974119411126 ], [ 126.197672324807272, 36.576464775201572 ], [ 126.194657480774737, 36.578487348333582 ], [ 126.197053828958076, 36.580009899390454 ], [ 126.196952663283454, 36.580826019568285 ], [ 126.195038018250841, 36.582842374056227 ], [ 126.201116897017513, 36.583092564977719 ], [ 126.202268183785634, 36.585101635969309 ], [ 126.205963872425471, 36.585252859406154 ] ] ], [ [ [ 126.194564135852318, 36.57865364200498 ], [ 126.194406013641157, 36.578754138572762 ], [ 126.194536820636685, 36.578811575938865 ], [ 126.194564135852318, 36.57865364200498 ] ] ], [ [ [ 126.193987038081161, 36.578632240565867 ], [ 126.193916520344985, 36.578800444289172 ], [ 126.19395351256162, 36.578881164210912 ], [ 126.194061476309301, 36.578677962262837 ], [ 126.193987038081161, 36.578632240565867 ] ] ], [ [ [ 126.196858336481426, 36.580468225947762 ], [ 126.196886884589063, 36.580404537745984 ], [ 126.196869030391781, 36.580386187565217 ], [ 126.196858336481426, 36.580468225947762 ] ] ], [ [ [ 126.19668451425656, 36.58079316887715 ], [ 126.196735655713866, 36.580863000046037 ], [ 126.196735104776735, 36.58078779782759 ], [ 126.19668451425656, 36.58079316887715 ] ] ], [ [ [ 126.195573736727638, 36.581822822021003 ], [ 126.195597936760308, 36.581780758945435 ], [ 126.195541700372232, 36.581783246210023 ], [ 126.195573736727638, 36.581822822021003 ] ] ], [ [ [ 126.195158568605521, 36.581758375084547 ], [ 126.195182910541376, 36.581960103992763 ], [ 126.19529004460513, 36.581829522634166 ], [ 126.195158568605521, 36.581758375084547 ] ] ], [ [ [ 126.195293672314506, 36.582330289596811 ], [ 126.195206025630782, 36.582370464519435 ], [ 126.195309251490031, 36.582348337461411 ], [ 126.195293672314506, 36.582330289596811 ] ] ], [ [ [ 126.241360681329454, 36.587442679237995 ], [ 126.241282231581167, 36.587141872410008 ], [ 126.240704709786897, 36.587153531703493 ], [ 126.241360681329454, 36.587442679237995 ] ] ], [ [ [ 126.239477662923477, 36.589925535383962 ], [ 126.239421717123975, 36.59003659077289 ], [ 126.239454431451364, 36.590058616472206 ], [ 126.239477662923477, 36.589925535383962 ] ] ], [ [ [ 126.200579107796216, 36.59113846211288 ], [ 126.200600051454472, 36.591097024234017 ], [ 126.20049922161428, 36.591098311803655 ], [ 126.200579107796216, 36.59113846211288 ] ] ], [ [ [ 126.199557748269754, 36.5966755930964 ], [ 126.201556951183719, 36.5948471004833 ], [ 126.201456084040174, 36.593220382262928 ], [ 126.202367024053572, 36.592220978076988 ], [ 126.205449200354849, 36.591203278555476 ], [ 126.204750178107545, 36.589959045606086 ], [ 126.200702048396707, 36.590768096629787 ], [ 126.200666464197013, 36.59199716465789 ], [ 126.198080719905505, 36.593654847543093 ], [ 126.197148976697022, 36.596202315846625 ], [ 126.198958610618092, 36.595808891785339 ], [ 126.199557748269754, 36.5966755930964 ] ] ], [ [ [ 126.198168311863668, 36.593582149847727 ], [ 126.198002918042917, 36.593430296991095 ], [ 126.198022362341206, 36.593614076210983 ], [ 126.198168311863668, 36.593582149847727 ] ] ], [ [ [ 126.19797755449332, 36.593720421337721 ], [ 126.197835038821111, 36.593712965157053 ], [ 126.197896188026945, 36.593783323390312 ], [ 126.19797755449332, 36.593720421337721 ] ] ], [ [ [ 126.197760995016694, 36.594005456519376 ], [ 126.197502615876203, 36.594114627258826 ], [ 126.197608760977985, 36.594231784223304 ], [ 126.197760995016694, 36.594005456519376 ] ] ], [ [ [ 126.19726648220994, 36.595183015836042 ], [ 126.197350700835571, 36.595104186391573 ], [ 126.197296030412033, 36.595076125602588 ], [ 126.19726648220994, 36.595183015836042 ] ] ], [ [ [ 126.234406024637295, 36.596327480336498 ], [ 126.23450119549274, 36.596412157302076 ], [ 126.234543896942611, 36.596329699904956 ], [ 126.234406024637295, 36.596327480336498 ] ] ], [ [ [ 126.199722838908912, 36.596864215499117 ], [ 126.199658163802411, 36.597061522917521 ], [ 126.199750775548736, 36.596960714414415 ], [ 126.199722838908912, 36.596864215499117 ] ] ], [ [ [ 126.243891820855723, 36.608942377699464 ], [ 126.244130276321428, 36.607354892803912 ], [ 126.246623508957441, 36.607433886463554 ], [ 126.245340935929903, 36.60629937948395 ], [ 126.244852927128491, 36.60294054611677 ], [ 126.245866934663752, 36.60105642727104 ], [ 126.245119909011123, 36.599854873345606 ], [ 126.24557501091121, 36.598945101054646 ], [ 126.244170981168821, 36.59922393190493 ], [ 126.241693973781537, 36.59704284327109 ], [ 126.242580139322882, 36.596549743023132 ], [ 126.241892306942319, 36.594311526744654 ], [ 126.244598057183552, 36.590752869535628 ], [ 126.243804081603884, 36.589162831158724 ], [ 126.241984064511001, 36.588239939411658 ], [ 126.241712503137478, 36.589326858180073 ], [ 126.239451473812608, 36.590236055585997 ], [ 126.239458578949936, 36.59240444153432 ], [ 126.24039945701287, 36.591952664432583 ], [ 126.24104748870927, 36.592768990142396 ], [ 126.240645222798122, 36.594351157301439 ], [ 126.238588703396047, 36.595835159066588 ], [ 126.236420795119358, 36.595635271502232 ], [ 126.234141224642244, 36.596714171030257 ], [ 126.234487875553867, 36.597744558736345 ], [ 126.238994021642384, 36.599416205537807 ], [ 126.239158588572877, 36.600420916162349 ], [ 126.23777261192555, 36.601791878837759 ], [ 126.239380172564736, 36.603791767899153 ], [ 126.238309577858274, 36.604590910229035 ], [ 126.236047079420516, 36.603358906611639 ], [ 126.234820677966468, 36.604628924149793 ], [ 126.236558722934802, 36.607023243130534 ], [ 126.239724324960264, 36.607982950706102 ], [ 126.242135240704258, 36.607715844424121 ], [ 126.243028317698844, 36.608459446201579 ], [ 126.242838099452158, 36.609021410391733 ], [ 126.243891820855723, 36.608942377699464 ] ] ], [ [ [ 126.23754871623899, 36.601242484539263 ], [ 126.237625122242491, 36.601255571602294 ], [ 126.237579720636774, 36.601227401995686 ], [ 126.23754871623899, 36.601242484539263 ] ] ], [ [ [ 126.237083367319315, 36.601672386373068 ], [ 126.237144501369087, 36.601828959895009 ], [ 126.237137119549502, 36.601639992203786 ], [ 126.237083367319315, 36.601672386373068 ] ] ], [ [ [ 126.233937801604284, 36.605005642024466 ], [ 126.234027477944352, 36.604914727382244 ], [ 126.233905003479563, 36.604955355626927 ], [ 126.233937801604284, 36.605005642024466 ] ] ], [ [ [ 126.233626144592975, 36.605137473911313 ], [ 126.233685202753946, 36.605201905390629 ], [ 126.233703687455133, 36.605137566027409 ], [ 126.233626144592975, 36.605137473911313 ] ] ], [ [ [ 126.234055813089839, 36.605117823312874 ], [ 126.234043835571455, 36.605262214729414 ], [ 126.234105646479904, 36.605122667027793 ], [ 126.234055813089839, 36.605117823312874 ] ] ], [ [ [ 126.233717714409138, 36.605178205919813 ], [ 126.233775513283007, 36.605245674441143 ], [ 126.233756522824564, 36.605158756029738 ], [ 126.233717714409138, 36.605178205919813 ] ] ], [ [ [ 126.233680954098247, 36.605398590231161 ], [ 126.233745809841622, 36.605339975606945 ], [ 126.233663204684305, 36.605362556790539 ], [ 126.233680954098247, 36.605398590231161 ] ] ], [ [ [ 126.233346379795847, 36.605588358462221 ], [ 126.233376205990254, 36.605644113995019 ], [ 126.233394732939757, 36.605607160843554 ], [ 126.233346379795847, 36.605588358462221 ] ] ], [ [ [ 126.235411079424253, 36.605645958663132 ], [ 126.235438426855339, 36.605758304957448 ], [ 126.235539596895336, 36.605635016088875 ], [ 126.235411079424253, 36.605645958663132 ] ] ], [ [ [ 126.188258055791252, 36.674862442188271 ], [ 126.188489052016692, 36.674393549161202 ], [ 126.188322522220631, 36.674249219452335 ], [ 126.188258055791252, 36.674862442188271 ] ] ], [ [ [ 126.219401157650253, 36.684986793510014 ], [ 126.218579194410736, 36.684991079708034 ], [ 126.21917104641426, 36.685477297110374 ], [ 126.219401157650253, 36.684986793510014 ] ] ], [ [ [ 126.215396784244234, 36.686718809823937 ], [ 126.214425816441718, 36.686557273762901 ], [ 126.214192212189374, 36.68696202209015 ], [ 126.215180357232157, 36.687416524712511 ], [ 126.215396784244234, 36.686718809823937 ] ] ], [ [ [ 126.221383149051888, 36.692545186067228 ], [ 126.221469000172149, 36.692659900379226 ], [ 126.221527848466138, 36.692486263495113 ], [ 126.221383149051888, 36.692545186067228 ] ] ], [ [ [ 126.209471975516564, 36.722146061784869 ], [ 126.209452388354762, 36.722754105561108 ], [ 126.209701570405102, 36.722498898700898 ], [ 126.209471975516564, 36.722146061784869 ] ] ], [ [ [ 126.209908942164702, 36.723090988779745 ], [ 126.209449134556692, 36.723181157343312 ], [ 126.209727631597502, 36.723347063506395 ], [ 126.209908942164702, 36.723090988779745 ] ] ], [ [ [ 126.196781057343728, 36.736359784254745 ], [ 126.196213802449648, 36.736151992088452 ], [ 126.19620137064193, 36.736354366203742 ], [ 126.196781057343728, 36.736359784254745 ] ] ], [ [ [ 126.190480796256622, 36.738123344248841 ], [ 126.189562866047623, 36.739100174656116 ], [ 126.191333564891181, 36.739578996184505 ], [ 126.190406192543009, 36.738679271451048 ], [ 126.190480796256622, 36.738123344248841 ] ] ], [ [ [ 126.189038331290902, 36.739254480900762 ], [ 126.188495479763588, 36.739323637198339 ], [ 126.18898246275252, 36.739439681220219 ], [ 126.189038331290902, 36.739254480900762 ] ] ], [ [ [ 126.158817005638838, 36.848392851827434 ], [ 126.15978405072326, 36.847385012797147 ], [ 126.161914022370567, 36.846977741077261 ], [ 126.159764473729567, 36.845393365742382 ], [ 126.161036646761076, 36.843228526097299 ], [ 126.159966556154217, 36.842547565587907 ], [ 126.160406742511242, 36.841659967443235 ], [ 126.165558419920472, 36.840318275997632 ], [ 126.166787875444172, 36.840728932190572 ], [ 126.167489055874157, 36.842129075820878 ], [ 126.171077929364671, 36.840679754413863 ], [ 126.169373334293198, 36.839987765912134 ], [ 126.169592692158503, 36.838114268506381 ], [ 126.16752932687308, 36.837288279744016 ], [ 126.16725237110856, 36.83544436021122 ], [ 126.168198103446286, 36.833481768205168 ], [ 126.167520382776274, 36.832755826932555 ], [ 126.167985679064998, 36.832324556924149 ], [ 126.168598175179142, 36.83283169859056 ], [ 126.17170351491626, 36.834187766568817 ], [ 126.169761125884179, 36.833918095137456 ], [ 126.171102605420543, 36.834525925937484 ], [ 126.172689217426267, 36.834269202967661 ], [ 126.168599645347726, 36.832661350584907 ], [ 126.166317525809987, 36.830556176320698 ], [ 126.170735299657281, 36.824490643371902 ], [ 126.174628269963392, 36.825159543866405 ], [ 126.171829539218109, 36.819685945485816 ], [ 126.170643728318097, 36.818855974234296 ], [ 126.170879330690397, 36.817219809575143 ], [ 126.172357606961839, 36.815989459748224 ], [ 126.172332366772793, 36.814198181785322 ], [ 126.171335664158718, 36.813075608163551 ], [ 126.172043927677137, 36.811632696896105 ], [ 126.176941715914012, 36.810225440627754 ], [ 126.177804367480434, 36.812480830483842 ], [ 126.183970016897689, 36.81291448934202 ], [ 126.185898646209125, 36.814530277520745 ], [ 126.184938994241193, 36.816470659639442 ], [ 126.183622624119749, 36.817227983947276 ], [ 126.183834713419472, 36.818492326841216 ], [ 126.180899255448907, 36.819870132944096 ], [ 126.183980373814236, 36.821222384421304 ], [ 126.185455005771161, 36.820502744279359 ], [ 126.188466809476083, 36.825055510399977 ], [ 126.187164466601999, 36.827661151558587 ], [ 126.184618392465978, 36.829766848855478 ], [ 126.185087157122936, 36.83061262753192 ], [ 126.181003297976432, 36.829157468936515 ], [ 126.175450667830873, 36.832421481293743 ], [ 126.180889982495373, 36.83553726647343 ], [ 126.177782827931708, 36.834097994019174 ], [ 126.179411977019001, 36.835805280388463 ], [ 126.185849326287652, 36.838440256935456 ], [ 126.191324804226866, 36.842756069544741 ], [ 126.196856611195841, 36.850146362452058 ], [ 126.198522169139622, 36.855478967721318 ], [ 126.197592824717276, 36.857982626341773 ], [ 126.19563732706699, 36.859563075428063 ], [ 126.193266016544783, 36.858033145934165 ], [ 126.191857583862671, 36.858427234385076 ], [ 126.191524382915333, 36.860646137567606 ], [ 126.190665456311706, 36.861106608629093 ], [ 126.191343328175975, 36.861681389397646 ], [ 126.19228817761342, 36.863968945257639 ], [ 126.190315648185575, 36.867447577759066 ], [ 126.187718465369443, 36.868784166142099 ], [ 126.185491398254754, 36.868391984182246 ], [ 126.18499369953301, 36.866952481138156 ], [ 126.183838302346814, 36.866853093107736 ], [ 126.184374189837996, 36.869504513916695 ], [ 126.186384788120776, 36.870866358773434 ], [ 126.18789896245778, 36.869853922332204 ], [ 126.190709146180652, 36.871251009079202 ], [ 126.191157457767929, 36.872184611022419 ], [ 126.190126480880153, 36.874220942556377 ], [ 126.191712946250902, 36.875369206480975 ], [ 126.191638483028498, 36.87697115602564 ], [ 126.190150727674364, 36.877551458117559 ], [ 126.188634553069534, 36.880457651517524 ], [ 126.186351925118004, 36.882472454377194 ], [ 126.184013442782984, 36.882750864157273 ], [ 126.182783262947979, 36.882085004044271 ], [ 126.181750303767203, 36.883406260213953 ], [ 126.1802613523503, 36.88398238998834 ], [ 126.178233530004533, 36.884039775238016 ], [ 126.177403750586549, 36.883667846172827 ], [ 126.17685822737316, 36.884543695135839 ], [ 126.178547685298838, 36.885653698117615 ], [ 126.178565845354399, 36.886664123299219 ], [ 126.179424866862036, 36.886735920831967 ], [ 126.18006942490743, 36.887206034906988 ], [ 126.179770535786716, 36.888865509207427 ], [ 126.181945011479044, 36.887713823459855 ], [ 126.187548648843858, 36.889011664707404 ], [ 126.188337097422348, 36.888701137982082 ], [ 126.189603929983704, 36.888691428426341 ], [ 126.190021140891616, 36.887404595488839 ], [ 126.192081476138554, 36.886323001891228 ], [ 126.194415910917186, 36.886757834135587 ], [ 126.19749544663523, 36.888555870078235 ], [ 126.199082468742404, 36.890569034796449 ], [ 126.197890506446939, 36.891364971002439 ], [ 126.198480394290698, 36.891981927064414 ], [ 126.198403686468112, 36.892914856739779 ], [ 126.197962321418274, 36.892887765049224 ], [ 126.200994352431536, 36.894589659163891 ], [ 126.201882896812805, 36.900071535956641 ], [ 126.201466080437939, 36.901007246976128 ], [ 126.202870837981081, 36.900305860133159 ], [ 126.204225572254742, 36.901455898780512 ], [ 126.202208162740774, 36.902920543590255 ], [ 126.202720483762064, 36.904859666152873 ], [ 126.205333448730499, 36.904675512533785 ], [ 126.207201652270257, 36.902654812829567 ], [ 126.208106621419162, 36.902700675743411 ], [ 126.208605987016838, 36.902258422913981 ], [ 126.206644599984187, 36.90245799468299 ], [ 126.206300146082867, 36.900445833440379 ], [ 126.209424331747783, 36.899349845591892 ], [ 126.212343507299863, 36.899510773391107 ], [ 126.215958287702733, 36.90090661488793 ], [ 126.216718899270546, 36.90258081581986 ], [ 126.216698821975442, 36.903092385262347 ], [ 126.21741797085032, 36.903265858759745 ], [ 126.218492119961795, 36.90493214753257 ], [ 126.220207273727638, 36.904540170109506 ], [ 126.221212213896777, 36.905599169702541 ], [ 126.223628074682892, 36.906048875766842 ], [ 126.224578184739798, 36.905521465549178 ], [ 126.226255390864537, 36.906621978499828 ], [ 126.228213198527598, 36.905747516935456 ], [ 126.229805789187935, 36.906218841678374 ], [ 126.229435522946204, 36.907467853136943 ], [ 126.230997262281633, 36.908926535380083 ], [ 126.231539157600338, 36.908352183752307 ], [ 126.230692482993334, 36.908180185513856 ], [ 126.230553991444012, 36.906629894781808 ], [ 126.232045197965036, 36.906808852858497 ], [ 126.234595216746186, 36.907624382818675 ], [ 126.235162045133379, 36.909999658997641 ], [ 126.237834316290844, 36.909673344664597 ], [ 126.239408538659362, 36.910754448452487 ], [ 126.239961733360175, 36.909488286791557 ], [ 126.240509578682932, 36.910639036627124 ], [ 126.241200951963251, 36.909898356707664 ], [ 126.243241791986719, 36.910526088123589 ], [ 126.243555722321034, 36.912154976736204 ], [ 126.244853339874524, 36.913317419182576 ], [ 126.247775977420346, 36.91400275491992 ], [ 126.251874468738862, 36.913322905106689 ], [ 126.25029620087092, 36.911868984408997 ], [ 126.252342475561449, 36.910802502551306 ], [ 126.248856223030046, 36.911438295085681 ], [ 126.247978738568975, 36.909454847837381 ], [ 126.262158931065926, 36.903910114233604 ], [ 126.262936995142326, 36.902961453124902 ], [ 126.263984612582178, 36.904443045410865 ], [ 126.263938462464822, 36.902881734094144 ], [ 126.275990215539153, 36.898002702048252 ], [ 126.276264005571662, 36.898434499096659 ], [ 126.276521239614453, 36.897798760394089 ], [ 126.278982240412077, 36.898741696422157 ], [ 126.278848021737616, 36.899601246426634 ], [ 126.279385137124009, 36.899286967329836 ], [ 126.279933404484055, 36.900058811447714 ], [ 126.28237162901442, 36.899839653646211 ], [ 126.28097181309532, 36.901963229214957 ], [ 126.283312637624121, 36.900541101884237 ], [ 126.28373227875278, 36.899065368771069 ], [ 126.28721154432084, 36.900029179622543 ], [ 126.288596828665021, 36.899122620177927 ], [ 126.291196612016833, 36.901291940578773 ], [ 126.292500398076086, 36.901096923725099 ], [ 126.293208602771742, 36.902264422194001 ], [ 126.292302159573367, 36.902937212817847 ], [ 126.289827002600589, 36.901127821279516 ], [ 126.285122291388632, 36.903731790030889 ], [ 126.286243032913887, 36.906630758183908 ], [ 126.28556306883506, 36.907473109702259 ], [ 126.284837303965048, 36.906923949932434 ], [ 126.284464956194427, 36.906760801775228 ], [ 126.285540994167889, 36.907498754205598 ], [ 126.285430647515852, 36.907606093294113 ], [ 126.284192198128366, 36.907085141152663 ], [ 126.285209170393301, 36.911898652071493 ], [ 126.288312897184142, 36.915033568043029 ], [ 126.287925514877685, 36.918133891374872 ], [ 126.290221652572129, 36.919517238818116 ], [ 126.291496477110954, 36.921992743969781 ], [ 126.289771822546825, 36.923515424174106 ], [ 126.294178233516689, 36.929276324431243 ], [ 126.293145156024266, 36.931602952760976 ], [ 126.291221558601734, 36.932302967760307 ], [ 126.292990171910333, 36.933024736110326 ], [ 126.292343161113038, 36.935383883497884 ], [ 126.291140934126346, 36.936210576171561 ], [ 126.289787355638055, 36.935573764680491 ], [ 126.28913987944938, 36.936259997738127 ], [ 126.289981828894256, 36.937205483421991 ], [ 126.290033299967746, 36.940203306236128 ], [ 126.289105997004327, 36.941521912824179 ], [ 126.291409724024632, 36.943345059144306 ], [ 126.29030461514499, 36.943853080468735 ], [ 126.290152547881945, 36.944988037269397 ], [ 126.288689987872175, 36.944881130602724 ], [ 126.288565051637732, 36.945860124783096 ], [ 126.2888092461654, 36.946106949666564 ], [ 126.28886393438367, 36.946707706553994 ], [ 126.289492740570992, 36.947506242426222 ], [ 126.289305621685429, 36.947614512191542 ], [ 126.289567700112272, 36.947789139470167 ], [ 126.289426321911705, 36.949643454835368 ], [ 126.290492456536128, 36.950821085993745 ], [ 126.290437514616499, 36.952454616836327 ], [ 126.288719822053451, 36.952532048529719 ], [ 126.288887838532133, 36.954259001116597 ], [ 126.287334948963377, 36.954802406450554 ], [ 126.288308714605094, 36.956702071957416 ], [ 126.28430357436568, 36.963550980825126 ], [ 126.286396513521652, 36.966983456249167 ], [ 126.285955253234505, 36.969533231578787 ], [ 126.28903596050236, 36.96891741223714 ], [ 126.292063040787937, 36.970412682369393 ], [ 126.293335173088394, 36.969233168352041 ], [ 126.294722002672145, 36.969538378733326 ], [ 126.297512431106398, 36.971723297545651 ], [ 126.299783108457561, 36.977063145489744 ], [ 126.301487031624816, 36.97803373914725 ], [ 126.30470740758507, 36.978476558953375 ], [ 126.304201418544508, 36.977468273646139 ], [ 126.305254093121619, 36.976457998123195 ], [ 126.304116425386951, 36.974809943136052 ], [ 126.306012563443289, 36.973404456449664 ], [ 126.307474066594139, 36.973837183860496 ], [ 126.307288314610361, 36.972857279841662 ], [ 126.308179545609406, 36.972500102958975 ], [ 126.306420235634107, 36.972530971111105 ], [ 126.304586064148708, 36.97135287257192 ], [ 126.304820479593332, 36.968897996513739 ], [ 126.303864817471705, 36.967740532539821 ], [ 126.305823069966081, 36.966832216893366 ], [ 126.307851267022997, 36.967321954329528 ], [ 126.305480344051261, 36.966424971864008 ], [ 126.303374003207281, 36.966583350130549 ], [ 126.303932081624637, 36.96594023213477 ], [ 126.302933879852901, 36.966609005289747 ], [ 126.298275780553595, 36.966749706353781 ], [ 126.298394210036065, 36.965946293096096 ], [ 126.296606601798857, 36.966059072731397 ], [ 126.292034175914523, 36.962856170329125 ], [ 126.29217333233791, 36.962161375615352 ], [ 126.296142065824398, 36.961287862480923 ], [ 126.297583992645457, 36.961867319922483 ], [ 126.299431477323466, 36.961005278953117 ], [ 126.305197564175998, 36.962087012455726 ], [ 126.307831132283013, 36.958304157028536 ], [ 126.308867205296309, 36.958445993412262 ], [ 126.309215979501332, 36.956858299002704 ], [ 126.312760202324554, 36.955852483182518 ], [ 126.310067633808288, 36.954693084613673 ], [ 126.306590932719956, 36.950115602334911 ], [ 126.307357260719598, 36.947166722646216 ], [ 126.305831747294107, 36.946418305181794 ], [ 126.304741230621815, 36.94698500746599 ], [ 126.301718897412442, 36.944076365769469 ], [ 126.302329265561156, 36.94305222644423 ], [ 126.301517966069994, 36.942697264911395 ], [ 126.301753517435301, 36.941313331941764 ], [ 126.305082491962835, 36.939098953805292 ], [ 126.303857408672698, 36.937763661381304 ], [ 126.305522666483924, 36.93747776768425 ], [ 126.304201699057018, 36.937243236497217 ], [ 126.305197259791726, 36.934459969537258 ], [ 126.307156300091961, 36.934551019192028 ], [ 126.306447177769627, 36.933187751760741 ], [ 126.309601999348956, 36.929690381933661 ], [ 126.303208638382813, 36.923480082076502 ], [ 126.301050829113009, 36.922418281543329 ], [ 126.30024196910945, 36.919314451960688 ], [ 126.302623429125646, 36.916262995816503 ], [ 126.306991537603295, 36.914741499935971 ], [ 126.308448857520716, 36.913429193027966 ], [ 126.308352377357295, 36.909523995213824 ], [ 126.310288113879281, 36.908837993190886 ], [ 126.310984285389878, 36.907374806925496 ], [ 126.312936248749565, 36.907285282302574 ], [ 126.313480431497766, 36.908740154490118 ], [ 126.313422347774264, 36.905029072523256 ], [ 126.316200083533573, 36.904056984907115 ], [ 126.31857617589111, 36.905230956018784 ], [ 126.319522563835193, 36.904743670983834 ], [ 126.320071782770128, 36.897159058707501 ], [ 126.32079142295531, 36.896019935837771 ], [ 126.31958920745835, 36.894295926119796 ], [ 126.319361208175295, 36.891980454540601 ], [ 126.326569210049428, 36.890250386506906 ], [ 126.331599025754272, 36.892184801081584 ], [ 126.331664571886364, 36.891411705273008 ], [ 126.330216642973014, 36.891167974494934 ], [ 126.329495479542118, 36.887296212975365 ], [ 126.332116990655408, 36.88770263061771 ], [ 126.333501411432977, 36.887319234491905 ], [ 126.329515346063474, 36.887224362825549 ], [ 126.329949992550311, 36.886844035037825 ], [ 126.32602940279952, 36.885263530923588 ], [ 126.328587070984341, 36.883952500790578 ], [ 126.318122441184016, 36.887044236628 ], [ 126.316159840867599, 36.885038127313464 ], [ 126.313030864668519, 36.883686884602596 ], [ 126.312347599881363, 36.878706076821402 ], [ 126.313610588670443, 36.877331882552767 ], [ 126.311887926112419, 36.874920392962494 ], [ 126.311768829145905, 36.873047310720992 ], [ 126.309921534343871, 36.872523685204875 ], [ 126.308014494390861, 36.87021306042017 ], [ 126.307993735851454, 36.866732044229302 ], [ 126.305430960654633, 36.867254211989398 ], [ 126.303653481230441, 36.866770300177286 ], [ 126.302504598593586, 36.864161430673342 ], [ 126.302783064554689, 36.861510524860329 ], [ 126.304968658105324, 36.859592913734083 ], [ 126.303137095564892, 36.858966037635 ], [ 126.3029373126747, 36.857789462820307 ], [ 126.303830981847625, 36.85721287813594 ], [ 126.299929617518799, 36.857350897707029 ], [ 126.299590196397048, 36.855830426067911 ], [ 126.298073583467641, 36.855643335213635 ], [ 126.295613564453333, 36.852822352490847 ], [ 126.296393564396723, 36.850663801531013 ], [ 126.295423574774773, 36.849884056199393 ], [ 126.295988475194051, 36.848194819781824 ], [ 126.294323374611707, 36.846536717936893 ], [ 126.293332444662411, 36.842994273196858 ], [ 126.294608136285817, 36.842027522059283 ], [ 126.297035041556981, 36.842297464031951 ], [ 126.298611985109503, 36.841603084429991 ], [ 126.300455853784001, 36.842138318702752 ], [ 126.301958050784179, 36.841015959510479 ], [ 126.303867352384572, 36.841917897817353 ], [ 126.304169761780656, 36.840700000301901 ], [ 126.302354064708567, 36.838620704636817 ], [ 126.306877333778502, 36.839050831812621 ], [ 126.311396565710155, 36.838065695095189 ], [ 126.314144500068153, 36.838734741564608 ], [ 126.317011098456987, 36.837381265936394 ], [ 126.31532069723572, 36.832865266890174 ], [ 126.311948571179371, 36.83143502798854 ], [ 126.312556871338131, 36.830601686501112 ], [ 126.310434255116562, 36.831682100796307 ], [ 126.304203821966198, 36.830086260115181 ], [ 126.295641950150937, 36.824433441073445 ], [ 126.291200223011273, 36.824281883212748 ], [ 126.286801749233192, 36.823202227254519 ], [ 126.283712719683678, 36.825371611124901 ], [ 126.282800715949861, 36.825052182765248 ], [ 126.28078153993431, 36.817773043334476 ], [ 126.284469523516321, 36.81605503502211 ], [ 126.286567739733684, 36.816644510483194 ], [ 126.288968843455748, 36.813651646877737 ], [ 126.287030256111493, 36.811227366469382 ], [ 126.287529037953007, 36.808610406641414 ], [ 126.28624980269835, 36.803543555470256 ], [ 126.288133441523968, 36.801364459176234 ], [ 126.287465110241399, 36.799224786702283 ], [ 126.290994740448994, 36.79802096178819 ], [ 126.293164204709299, 36.798210812475411 ], [ 126.295096525567658, 36.80015686529044 ], [ 126.294963985953871, 36.801437372562923 ], [ 126.29735914365898, 36.803262824270931 ], [ 126.294985666691431, 36.805480046685062 ], [ 126.296167504828091, 36.808336102468282 ], [ 126.29680095073634, 36.808649122998887 ], [ 126.297294634859185, 36.807870098545699 ], [ 126.298803946327695, 36.808450751504573 ], [ 126.298630176539135, 36.809918307896474 ], [ 126.302792476438597, 36.812096755187376 ], [ 126.304806251222317, 36.814680107905531 ], [ 126.306915351955624, 36.815194560419556 ], [ 126.312490009546352, 36.81317545116223 ], [ 126.31836888105417, 36.814122020483794 ], [ 126.319592005697515, 36.815290596783072 ], [ 126.319001982113761, 36.81660742590379 ], [ 126.320993367411603, 36.816939856106778 ], [ 126.32109953004084, 36.818998555722715 ], [ 126.32132172571292, 36.818460305484422 ], [ 126.32244288086774, 36.819823681502072 ], [ 126.326040509638517, 36.815853078511843 ], [ 126.327775869771258, 36.815369716550222 ], [ 126.328239803907039, 36.813826809734252 ], [ 126.330667512047057, 36.814937391754967 ], [ 126.331620310578032, 36.814697743219007 ], [ 126.331699185262451, 36.815623338615474 ], [ 126.331906111658796, 36.814556284723551 ], [ 126.332988843692092, 36.814063887322014 ], [ 126.337411650520835, 36.816230423351762 ], [ 126.337453603803965, 36.817908437377724 ], [ 126.329872123264565, 36.822659843940428 ], [ 126.328305410298668, 36.827322073929331 ], [ 126.3258086709005, 36.826575184733663 ], [ 126.325562712356657, 36.827087020957755 ], [ 126.324538089168925, 36.826914287572279 ], [ 126.32340884105237, 36.827537603574669 ], [ 126.326581409802941, 36.827302551165097 ], [ 126.326399549328016, 36.829753600049045 ], [ 126.325087869878615, 36.831015851652857 ], [ 126.326324182985857, 36.831596416501462 ], [ 126.32789054481384, 36.834774136925567 ], [ 126.328663377278545, 36.834789297336954 ], [ 126.327530143705076, 36.835791952221456 ], [ 126.327987308839852, 36.836416874050272 ], [ 126.324390688609938, 36.83649868306064 ], [ 126.322844115429106, 36.837944314141396 ], [ 126.321275751192474, 36.837634973607628 ], [ 126.318490152887492, 36.841304218510928 ], [ 126.315596780560881, 36.842025336834809 ], [ 126.319795532954871, 36.843869355822228 ], [ 126.324777572488685, 36.847953418049833 ], [ 126.323746792583606, 36.850909075029165 ], [ 126.320100515914589, 36.850754920329464 ], [ 126.320229478148278, 36.851840304568782 ], [ 126.318379735740493, 36.853616719572564 ], [ 126.320214878281433, 36.851927030468168 ], [ 126.322142568312458, 36.852189021784774 ], [ 126.323022870126522, 36.851357065806361 ], [ 126.324692130239342, 36.852030839008791 ], [ 126.325411120614035, 36.852867447181183 ], [ 126.324435922790656, 36.856490232260164 ], [ 126.327025255851495, 36.857325884401519 ], [ 126.327570805097437, 36.860456639586886 ], [ 126.331202181705805, 36.863048540181261 ], [ 126.332879539539874, 36.863448632549414 ], [ 126.333232812100221, 36.862229121047974 ], [ 126.335029043888795, 36.861503566171635 ], [ 126.335810886120427, 36.862113080850932 ], [ 126.336462405297411, 36.860937537706825 ], [ 126.338027364413136, 36.860467537533978 ], [ 126.340724225216036, 36.860406662339614 ], [ 126.343583126655304, 36.861931509285235 ], [ 126.347502858515057, 36.86123658331352 ], [ 126.347812780853118, 36.860614451488459 ], [ 126.350613100567926, 36.862432047917039 ], [ 126.345595542337747, 36.858351612907541 ], [ 126.345347020025557, 36.853687952209526 ], [ 126.342939620611276, 36.850978090938668 ], [ 126.34311273748861, 36.84956292500047 ], [ 126.342207267077612, 36.848777178227579 ], [ 126.343074322635431, 36.846400007631118 ], [ 126.345333038531024, 36.843980888225204 ], [ 126.348187989073708, 36.844150193322584 ], [ 126.348788927284559, 36.841182406149436 ], [ 126.350710750709723, 36.841044469815422 ], [ 126.350116505506378, 36.839001092391463 ], [ 126.3518260556868, 36.838767159154187 ], [ 126.351767463316079, 36.835409852007523 ], [ 126.354342320909851, 36.832921433586201 ], [ 126.361973377546562, 36.830651842128553 ], [ 126.364004856549769, 36.831224978170397 ], [ 126.365106018286525, 36.829548301077722 ], [ 126.365929667074482, 36.834068249446183 ], [ 126.359242267094444, 36.840713860392547 ], [ 126.358304918470438, 36.845581938031764 ], [ 126.356011953155203, 36.848761214715488 ], [ 126.363183112328812, 36.850718511085482 ], [ 126.366337737768404, 36.856664841943022 ], [ 126.370411511748188, 36.857569771710338 ], [ 126.371879050487948, 36.868066369297892 ], [ 126.370810587510604, 36.868221605986285 ], [ 126.370982036466572, 36.869929406804985 ], [ 126.368033219143058, 36.873086857743857 ], [ 126.365142280238189, 36.872853286683274 ], [ 126.364013315089892, 36.870732793640137 ], [ 126.364982711289514, 36.872971655954636 ], [ 126.366127378423599, 36.873120642885922 ], [ 126.364493755939591, 36.876529136136625 ], [ 126.368225173969833, 36.879085379072507 ], [ 126.369190908694804, 36.878171556445153 ], [ 126.371577362865395, 36.879373154543963 ], [ 126.372053696161515, 36.878848564382928 ], [ 126.374870641733168, 36.87930060530541 ], [ 126.375462375115475, 36.882041366921875 ], [ 126.374628031206115, 36.882987902441137 ], [ 126.376048471164978, 36.881765920493862 ], [ 126.383013887239372, 36.882018035661758 ], [ 126.382107720951581, 36.883301823812012 ], [ 126.382844283114252, 36.883244794168171 ], [ 126.383135667763341, 36.885076067994959 ], [ 126.383019701550708, 36.88220571573644 ], [ 126.38586431575861, 36.880596207903274 ], [ 126.388068914770287, 36.880927169747487 ], [ 126.38997851218825, 36.8803294486368 ], [ 126.391609345594134, 36.880992952348457 ], [ 126.396954165186656, 36.880483256132756 ], [ 126.398491760493101, 36.881065248080233 ], [ 126.399744281260098, 36.883908281827814 ], [ 126.397723593261389, 36.884966268666091 ], [ 126.396550189653041, 36.886900991217949 ], [ 126.395139448124922, 36.887196801087725 ], [ 126.391086369902467, 36.889466983454227 ], [ 126.389539021870007, 36.889328052234895 ], [ 126.386018808316891, 36.889640037605247 ], [ 126.385143192504827, 36.888572419047257 ], [ 126.383854170370199, 36.889266425287758 ], [ 126.38250923564982, 36.88854656838253 ], [ 126.382849306571543, 36.890699746207844 ], [ 126.381187828617811, 36.892700577866677 ], [ 126.382269900869275, 36.89219014720269 ], [ 126.383921481040744, 36.893205377641102 ], [ 126.386476933704628, 36.892102932070941 ], [ 126.386775597834045, 36.889720763403361 ], [ 126.39130627655814, 36.889489834845293 ], [ 126.395015609045743, 36.88736696117931 ], [ 126.396453673451987, 36.889903160579294 ], [ 126.39571198091167, 36.891046743942638 ], [ 126.396535222970073, 36.891954759256819 ], [ 126.396236828777973, 36.893073643570268 ], [ 126.39819598343918, 36.892491696639411 ], [ 126.399422889336151, 36.892995635841714 ], [ 126.403649569506996, 36.890807572751115 ], [ 126.405523552256327, 36.891283301592694 ], [ 126.406117238444168, 36.893530918507004 ], [ 126.40494320175398, 36.895523947285106 ], [ 126.404946694399584, 36.897559604671891 ], [ 126.407355572137874, 36.896313550002652 ], [ 126.410033968354782, 36.897064849695084 ], [ 126.407041039040749, 36.901666745083453 ], [ 126.410097614279437, 36.898063414524863 ], [ 126.411232330787982, 36.894444168015077 ], [ 126.413488384065687, 36.893600448429041 ], [ 126.417910821047244, 36.896717547982455 ], [ 126.417838711319661, 36.898456649420538 ], [ 126.418583395734885, 36.896808139693711 ], [ 126.419670875055871, 36.896860933332157 ], [ 126.422484997624764, 36.900048076298368 ], [ 126.423381464845207, 36.899956375706651 ], [ 126.423019634665053, 36.899272092793552 ], [ 126.424043128936432, 36.898102575322483 ], [ 126.431081928761728, 36.89868884332688 ], [ 126.432509256428702, 36.900912988074182 ], [ 126.432361555293696, 36.902976621415775 ], [ 126.430662893236942, 36.903255777768955 ], [ 126.4269239232449, 36.906829009940438 ], [ 126.417755896416537, 36.906295406052394 ], [ 126.415174727741856, 36.908039118619115 ], [ 126.413431473596702, 36.907505500443371 ], [ 126.411779387864868, 36.90845533683688 ], [ 126.409328828104549, 36.908232522483203 ], [ 126.408822479629421, 36.909863837577504 ], [ 126.41222455220904, 36.912566620593857 ], [ 126.4120751248593, 36.913953116001487 ], [ 126.409023748315136, 36.91419437790745 ], [ 126.409061900423893, 36.915848449612163 ], [ 126.410158285932567, 36.916469264240362 ], [ 126.408521659239099, 36.918409591630542 ], [ 126.404628087781106, 36.919085684518336 ], [ 126.404512435309897, 36.921388357454241 ], [ 126.405312906517025, 36.921592615992679 ], [ 126.406693393328439, 36.921340069764973 ], [ 126.408855299013609, 36.919165366264856 ], [ 126.414101828629057, 36.919395453514234 ], [ 126.41585546418635, 36.922689612688075 ], [ 126.417665805834645, 36.92315192588805 ], [ 126.419511710521647, 36.926446211701439 ], [ 126.421194571084939, 36.927232055295036 ], [ 126.419421356685746, 36.929125583210535 ], [ 126.42064265007069, 36.931273411997076 ], [ 126.419002865658541, 36.937756796673106 ], [ 126.418114692791619, 36.937317118509391 ], [ 126.418394022515997, 36.932716676147507 ], [ 126.416195483018186, 36.931334538170752 ], [ 126.408585233529664, 36.936040890479667 ], [ 126.407118449550339, 36.935290544811146 ], [ 126.40716108577432, 36.934118998193895 ], [ 126.40880993639972, 36.934183262529082 ], [ 126.409036425792152, 36.933575979414563 ], [ 126.406545347619385, 36.93380901384991 ], [ 126.404969801488534, 36.932402207515501 ], [ 126.400238016112255, 36.932678646940289 ], [ 126.400421135156847, 36.935280626083248 ], [ 126.397964406179668, 36.935860116224006 ], [ 126.397298235715667, 36.935215349600782 ], [ 126.39602708245603, 36.935464437582972 ], [ 126.394647261280795, 36.934394140439892 ], [ 126.394747711256599, 36.93348690518755 ], [ 126.392836781342481, 36.932377296039306 ], [ 126.392789326702953, 36.930463974177172 ], [ 126.391673568749184, 36.929443379173691 ], [ 126.390568252860945, 36.929638473609145 ], [ 126.389963224366511, 36.926332688453108 ], [ 126.388685265297639, 36.927494682709401 ], [ 126.390132876067696, 36.928468981263329 ], [ 126.390425494162955, 36.92980615184851 ], [ 126.388869845675828, 36.93190163714538 ], [ 126.387165776662201, 36.932784113036206 ], [ 126.383801127977705, 36.93305099511943 ], [ 126.384919839195931, 36.933515713170287 ], [ 126.38520531094575, 36.936320623396455 ], [ 126.382609580346951, 36.937465321685913 ], [ 126.382045697130124, 36.936497769142342 ], [ 126.381139522939193, 36.938128244342607 ], [ 126.382212501328382, 36.93918557645533 ], [ 126.382288230186248, 36.941694072565589 ], [ 126.380938134996143, 36.945799409925151 ], [ 126.379345748867124, 36.944836138540886 ], [ 126.376591761745757, 36.944900855594746 ], [ 126.375529998262721, 36.943924340126713 ], [ 126.375666294246798, 36.945174940674967 ], [ 126.373257544280307, 36.947126687475091 ], [ 126.368221447454545, 36.947003226736619 ], [ 126.36488791369824, 36.944788533879588 ], [ 126.365407462405102, 36.942798790182586 ], [ 126.361798274978028, 36.941686697917397 ], [ 126.359955081020999, 36.938811619584406 ], [ 126.358639346562384, 36.939684421402653 ], [ 126.358014475580077, 36.938514332651451 ], [ 126.358372136953108, 36.940130111108154 ], [ 126.356468440297874, 36.941749360438109 ], [ 126.359493264376383, 36.947556317008946 ], [ 126.36162533988022, 36.948628543056167 ], [ 126.361971760706382, 36.949736564693325 ], [ 126.358636806882686, 36.952977513225569 ], [ 126.356488956563922, 36.951729260060809 ], [ 126.354862705793622, 36.952513832326986 ], [ 126.353779563675616, 36.950829855106477 ], [ 126.350989636469677, 36.952525346539041 ], [ 126.351875896071249, 36.955761165034765 ], [ 126.351390367183541, 36.959605102898941 ], [ 126.350179134648215, 36.961445227922439 ], [ 126.343663715751177, 36.961041754463452 ], [ 126.342208624476655, 36.960034774752899 ], [ 126.337993850308649, 36.960666791992516 ], [ 126.335829982384112, 36.959919973466469 ], [ 126.33411888038458, 36.96137823636677 ], [ 126.333147357724798, 36.961149317593623 ], [ 126.333188773868173, 36.960713477483665 ], [ 126.332853774022851, 36.960644916465561 ], [ 126.333827344626613, 36.965063638400736 ], [ 126.33675537739704, 36.968393816518713 ], [ 126.336637966566911, 36.969286086304407 ], [ 126.334909700181399, 36.969583717780772 ], [ 126.333593208202373, 36.971338161762517 ], [ 126.334507816373701, 36.971819462872347 ], [ 126.33482747251108, 36.97355741663182 ], [ 126.335611490707066, 36.973416409616803 ], [ 126.335233469834122, 36.972544419825546 ], [ 126.337358998280862, 36.968349114205914 ], [ 126.337673029370379, 36.968783921736581 ], [ 126.342188212680483, 36.968071766704874 ], [ 126.343542690985998, 36.966728829787726 ], [ 126.347916609517441, 36.966851779414782 ], [ 126.35227027067836, 36.968890584180564 ], [ 126.356809325258496, 36.968983380671759 ], [ 126.360913735471286, 36.968076359035152 ], [ 126.362604655309553, 36.96876702119971 ], [ 126.367630911946108, 36.964591027079621 ], [ 126.368114174693588, 36.963399768712812 ], [ 126.367249289685489, 36.96197377393019 ], [ 126.370393658086201, 36.960261544727217 ], [ 126.373890506234801, 36.962281138266007 ], [ 126.376103475033588, 36.96506413561201 ], [ 126.375051454260003, 36.966541642857095 ], [ 126.376894155817368, 36.968516595114544 ], [ 126.384994351406206, 36.968865761057266 ], [ 126.386518795269637, 36.967448572851303 ], [ 126.388676590206259, 36.969830398569989 ], [ 126.386467826842946, 36.973640840201988 ], [ 126.383794234721847, 36.974178189047002 ], [ 126.382307875596993, 36.972705511594611 ], [ 126.377287917563521, 36.973182086883853 ], [ 126.375764048060446, 36.97432230124415 ], [ 126.375875948441461, 36.975309743116341 ], [ 126.377953075809486, 36.976480683267091 ], [ 126.379724407840314, 36.980091530441911 ], [ 126.380837506984648, 36.980263138521629 ], [ 126.380179364490544, 36.981410100891203 ], [ 126.37659692701439, 36.98068265149022 ], [ 126.374626231150629, 36.982593097830858 ], [ 126.370537436225504, 36.982592302630138 ], [ 126.365272207720892, 36.978849427160164 ], [ 126.364137570494236, 36.979005457698861 ], [ 126.363806044166466, 36.979947372367192 ], [ 126.363210460912271, 36.9796224082679 ], [ 126.362710186475823, 36.980730471439024 ], [ 126.36345119958348, 36.98159794237921 ], [ 126.362244050555901, 36.98287350528085 ], [ 126.357603599741964, 36.98267457078267 ], [ 126.360921552842541, 36.982041238520736 ], [ 126.356285683362728, 36.980168990778637 ], [ 126.351552905211108, 36.981802769721661 ], [ 126.350843875719676, 36.98048491137012 ], [ 126.350180077323174, 36.981591477652231 ], [ 126.347043632737382, 36.982240031086391 ], [ 126.339915789206572, 36.985334843901271 ], [ 126.3376039365792, 36.98454873235918 ], [ 126.336698886951055, 36.985746325315688 ], [ 126.332988478018962, 36.984860807841414 ], [ 126.330224432667322, 36.985208978629622 ], [ 126.327988396774415, 36.98921015487457 ], [ 126.327905521856394, 36.991584590677931 ], [ 126.326689549391659, 36.993582337078742 ], [ 126.326982276294075, 36.993736997725485 ], [ 126.327152896048176, 36.994308447870033 ], [ 126.327802095923815, 36.994672499073474 ], [ 126.327680343677756, 36.995635103659211 ], [ 126.326517287441149, 36.996149128191774 ], [ 126.327818921927715, 36.998103348589993 ], [ 126.327316314646424, 36.999284148506362 ], [ 126.329053526468869, 37.000008346188679 ], [ 126.332483553831494, 36.996733498886329 ], [ 126.343520085604197, 37.001096118461994 ], [ 126.343808617169486, 37.002023243732189 ], [ 126.344655440319002, 37.001571072226078 ], [ 126.352136759473709, 37.004600214250445 ], [ 126.351587675420035, 37.006778604833549 ], [ 126.35272620248243, 37.007642652387574 ], [ 126.353078813054239, 37.006990455116842 ], [ 126.354711016104602, 37.007535041249007 ], [ 126.356099313095385, 37.009111273176593 ], [ 126.355350071077424, 37.010039060389516 ], [ 126.356210291493994, 37.011042407778362 ], [ 126.358940592761456, 37.012193114851861 ], [ 126.360244231230652, 37.01111873573609 ], [ 126.360463008110131, 37.006891341237086 ], [ 126.361016243511685, 37.007193707846668 ], [ 126.361368346549924, 37.006391934056687 ], [ 126.379634662906966, 37.009255982543969 ], [ 126.38325062881988, 37.011667988608025 ], [ 126.383642433099382, 37.013154918105542 ], [ 126.38492605885628, 37.012802196303213 ], [ 126.385625367892274, 37.010995665787085 ], [ 126.386639204098472, 37.011045205510676 ], [ 126.38697766769927, 37.013088384419859 ], [ 126.385775842887057, 37.014273441053291 ], [ 126.386074397904125, 37.015003535032541 ], [ 126.387726786428146, 37.014384082093542 ], [ 126.387339646439457, 37.011416774595951 ], [ 126.398172634971715, 37.011854011191311 ], [ 126.398132133609948, 37.016985716439237 ], [ 126.40580654562261, 37.018760414853382 ], [ 126.410627573823092, 37.017077511477375 ], [ 126.411781294956825, 37.017941717622435 ], [ 126.409812772502761, 37.013854409964225 ], [ 126.412186779744928, 37.013836512750075 ], [ 126.412554290139298, 37.014733434629427 ], [ 126.417573168364228, 37.014913237245878 ], [ 126.417494206082878, 37.017290782271758 ], [ 126.420793674605832, 37.019823701320725 ], [ 126.417834317905942, 37.017235412679653 ], [ 126.418347465678139, 37.014953931268657 ], [ 126.425839369863027, 37.015205498666198 ], [ 126.433683055870119, 37.012952842320288 ], [ 126.433149131468056, 37.011738783388353 ], [ 126.437582932401057, 37.010456912951966 ], [ 126.436523453101231, 37.007749580173424 ], [ 126.449297946092116, 37.00595761907676 ], [ 126.450372892040235, 37.007135253392526 ], [ 126.452135431743443, 37.007042815886592 ], [ 126.449781591589627, 37.006197203201047 ], [ 126.453349612419316, 37.004132713900205 ], [ 126.452897167972679, 37.002057293472738 ], [ 126.454401766669747, 36.998955162949812 ], [ 126.454962890701012, 37.000008317507813 ], [ 126.455406480582582, 36.999674227671839 ], [ 126.470182049238048, 37.006756034725342 ], [ 126.470391755533853, 37.008282718864614 ], [ 126.463456714125186, 37.017825772362876 ], [ 126.460500084577404, 37.017823571050108 ], [ 126.459153902588625, 37.01599170917094 ], [ 126.458900243804962, 37.015912835348367 ], [ 126.460033623401316, 37.017768797394879 ], [ 126.462896646255331, 37.019101851774053 ], [ 126.46078921811403, 37.018907315369113 ], [ 126.46021972496176, 37.020165526142158 ], [ 126.462451712955314, 37.022664464590605 ], [ 126.464074962592122, 37.021765822196734 ], [ 126.471074405707554, 37.028496624190062 ], [ 126.46885556330534, 37.030572883652262 ], [ 126.472999400013421, 37.03485586874266 ], [ 126.489059037641269, 37.059524969032402 ], [ 126.495270282907939, 37.059623579024375 ], [ 126.496489896661544, 37.060264219534872 ], [ 126.49832651115635, 37.064942650833018 ], [ 126.519147960203227, 37.059434910973721 ], [ 126.518696929159645, 37.057208126844806 ], [ 126.519757419516054, 37.056185319176876 ], [ 126.520459761156246, 37.056968579393192 ], [ 126.523263414315736, 37.055439869844029 ], [ 126.52675483566243, 37.051907145295232 ], [ 126.52785619791436, 37.048448638405894 ], [ 126.53012749096267, 37.049158065598633 ], [ 126.527844625821501, 37.048325402460634 ], [ 126.528158829820754, 37.044694488434942 ], [ 126.529515625357362, 37.042489475045052 ], [ 126.537325577788366, 37.038355288670033 ], [ 126.540143562505818, 37.037620924599501 ], [ 126.541947202310155, 37.03505456917425 ], [ 126.54946952760784, 37.034066424489311 ], [ 126.551202322224114, 37.034759998904953 ], [ 126.551095361363835, 37.038152794841317 ], [ 126.55158446665871, 37.034796779319009 ], [ 126.557229215429942, 37.035548593385464 ], [ 126.55907091989522, 37.036066133562329 ], [ 126.559504385583978, 37.037047689013562 ], [ 126.561213713850464, 37.037044263863208 ], [ 126.56437589629401, 37.035602502177021 ], [ 126.561997830719989, 37.036291213116371 ], [ 126.559222601079384, 37.034890168690978 ], [ 126.560545550236498, 37.032619024884731 ], [ 126.561981617342781, 37.032552885784696 ], [ 126.559724284269848, 37.0314700938209 ], [ 126.560563225348233, 37.030418959743521 ], [ 126.565246121400065, 37.03293933814652 ], [ 126.565587913268843, 37.035862561159028 ], [ 126.565332433577851, 37.032889077018631 ], [ 126.560624454003076, 37.030340805054664 ], [ 126.562357577851316, 37.028940466910889 ], [ 126.566678211512169, 37.0274253016673 ], [ 126.571291052819177, 37.027247411494706 ], [ 126.571100318657955, 37.025534770299437 ], [ 126.57209791273857, 37.024829628078528 ], [ 126.573987383042905, 37.024591185126987 ], [ 126.574088540369345, 37.025365511095558 ], [ 126.574835628352005, 37.025725668627601 ], [ 126.57425896975387, 37.024113885738331 ], [ 126.574821111518432, 37.023746079170827 ], [ 126.578114262070926, 37.024546135296205 ], [ 126.57888364226973, 37.026329774521898 ], [ 126.580510680298374, 37.027020983485052 ], [ 126.579472680474524, 37.025227551525433 ], [ 126.580984692813033, 37.023640682108528 ], [ 126.633100827438653, 37.001655043770612 ], [ 126.644274407888489, 36.99955403674219 ], [ 126.680921482148037, 36.99842991142998 ], [ 126.6818972771988, 36.999160767969364 ], [ 126.682251988922062, 36.998053421211132 ], [ 126.683878269932066, 36.998001189802444 ], [ 126.686439355226128, 37.000316841010971 ], [ 126.686178634731633, 36.999319154742508 ], [ 126.687016016215523, 36.999134785241019 ], [ 126.690605071790628, 36.999730130898811 ], [ 126.692474207196739, 36.999142662136869 ], [ 126.694542958672258, 36.999985072686528 ], [ 126.694582781402119, 37.001346633867655 ], [ 126.695556305766743, 37.001783962483955 ], [ 126.694902175150631, 37.00007604082306 ], [ 126.698425303047458, 36.999166556746779 ], [ 126.699493149410131, 36.997918829122902 ], [ 126.702170519779841, 36.997511771037978 ], [ 126.700832848173135, 36.99731316669935 ], [ 126.699798867913799, 36.995659736950124 ], [ 126.704668921795047, 36.999369924617433 ], [ 126.718080429738379, 36.993116865659026 ], [ 126.718106797953126, 36.992361850727455 ], [ 126.732278872023528, 36.988616716938282 ], [ 126.734902225889627, 36.989133442506827 ], [ 126.736131017015282, 36.987953905239614 ], [ 126.739487835377616, 36.988231141842697 ], [ 126.738755802744336, 36.98745683486036 ], [ 126.740102946629207, 36.987332468457794 ], [ 126.739639844923005, 36.986529913937936 ], [ 126.741609214525013, 36.985012971826677 ], [ 126.742639167139046, 36.985100190448478 ], [ 126.742815876042883, 36.986553030901646 ], [ 126.74292427980086, 36.985944515319567 ], [ 126.744091363615922, 36.986415612402887 ], [ 126.7451869058021, 36.988103121042045 ], [ 126.745639870217659, 36.988254637864102 ], [ 126.746645152822339, 36.988230018483925 ], [ 126.747186093975387, 36.988065376328436 ], [ 126.747124037484923, 36.987948554953 ], [ 126.745763447512203, 36.988136301868288 ], [ 126.744528260474397, 36.986584891932914 ], [ 126.747591660902415, 36.985552623261192 ], [ 126.748537937657545, 36.987106619068832 ], [ 126.750000006164612, 36.987100002238506 ], [ 126.780888398422235, 36.976158509002389 ], [ 126.783847624289777, 36.973609063606638 ], [ 126.782754745107908, 36.971230304032787 ], [ 126.783479490527469, 36.970722274344475 ], [ 126.782477933880287, 36.970763657047947 ], [ 126.779711789086107, 36.966753088529266 ], [ 126.794467284282973, 36.942386363370673 ], [ 126.793661136209039, 36.940742249484678 ], [ 126.792310203172434, 36.940395675918431 ], [ 126.791592625578019, 36.937649309161152 ], [ 126.792661755432334, 36.936658081403479 ], [ 126.792175716332395, 36.935874708492776 ], [ 126.801227820079561, 36.925738251881505 ], [ 126.802025851510123, 36.92600283676714 ], [ 126.802248332748547, 36.924470567601702 ], [ 126.803863004839798, 36.925135396112289 ], [ 126.805453530609967, 36.930225896288064 ], [ 126.806825474712127, 36.930804174891264 ], [ 126.806379230242797, 36.931272156653556 ], [ 126.809720558701613, 36.928637573381344 ], [ 126.811989458287215, 36.925550387788412 ], [ 126.813632851615637, 36.916655089729758 ], [ 126.813040615034737, 36.915429839014671 ], [ 126.814254782090231, 36.914387684202829 ], [ 126.815239486454388, 36.910074242105246 ], [ 126.815907795113503, 36.910100610279841 ], [ 126.814895311519678, 36.909568975624111 ], [ 126.815267978267357, 36.906918359176608 ], [ 126.81447526210728, 36.905614694968342 ], [ 126.817022411116824, 36.898947987023597 ], [ 126.816760725972642, 36.896644428894241 ], [ 126.818840881613511, 36.895914109831615 ], [ 126.820540002466728, 36.894019605486783 ], [ 126.820216242981942, 36.893328300717656 ], [ 126.821673305860458, 36.892580552821038 ], [ 126.82282562569884, 36.892854000993005 ], [ 126.825028618108604, 36.891771161433631 ], [ 126.82531639139782, 36.892043942271414 ], [ 126.825706241564845, 36.891781372941765 ], [ 126.824486645170381, 36.891151711643559 ], [ 126.825015847000799, 36.890651478231568 ], [ 126.826356386277084, 36.891299215886725 ], [ 126.825358149924881, 36.89044319512324 ], [ 126.827018389118365, 36.890187625512482 ], [ 126.826799711731482, 36.888520507073324 ], [ 126.828262853401213, 36.888167584809892 ], [ 126.82964560846608, 36.889646243952505 ], [ 126.831727660890337, 36.889240584005684 ], [ 126.83197279508407, 36.887602674476327 ], [ 126.861883746986834, 36.880067922291175 ], [ 126.862893225980784, 36.880051556075777 ], [ 126.862375461768423, 36.881098467183264 ], [ 126.863408096562537, 36.880149673798584 ], [ 126.869149829614045, 36.882788445338136 ], [ 126.88154801892523, 36.886317171339037 ], [ 126.88118017894061, 36.887430309976409 ], [ 126.88166018787409, 36.886316399300156 ], [ 126.905888805848917, 36.88868921669485 ], [ 126.910048976844422, 36.891158717233303 ], [ 126.911261616769082, 36.89287470802909 ], [ 126.909610622320585, 36.901589173291164 ], [ 126.916742724893126, 36.906208522180101 ], [ 126.939625714575584, 36.917331354096348 ], [ 126.973745480758794, 36.925862886866575 ], [ 126.979782882589589, 36.928206671972283 ], [ 126.985551042008979, 36.932486059022217 ], [ 126.991526901865029, 36.933511137051021 ], [ 126.995181628976894, 36.935359410146674 ], [ 127.000794912017, 36.933603919932075 ], [ 127.002630003248981, 36.933631230376989 ], [ 127.003715982383625, 36.935161363271135 ], [ 127.007380437107784, 36.9341689144767 ], [ 127.007108699638096, 36.93556674815553 ], [ 127.00979843665111, 36.935913761241366 ], [ 127.011764412560325, 36.934188052921741 ], [ 127.015016846737012, 36.935417705106204 ], [ 127.019108055634717, 36.9335922420561 ], [ 127.020826411070715, 36.934601979473307 ], [ 127.020994587652723, 36.931618516577061 ], [ 127.021794973547415, 36.930770801384313 ], [ 127.024115737132092, 36.93035954048225 ], [ 127.025796741030717, 36.928746833722201 ], [ 127.029795986349839, 36.928890391492182 ], [ 127.031040729486421, 36.928089266987513 ], [ 127.033446270721896, 36.928725307611948 ], [ 127.037379657097645, 36.932329095384027 ], [ 127.041343816198733, 36.93255395057885 ], [ 127.043749100275463, 36.933732687866708 ], [ 127.047579692013997, 36.933217930806819 ], [ 127.052778594528803, 36.935271401151056 ], [ 127.054709937336625, 36.937581564757906 ], [ 127.056866516678497, 36.936950646693845 ], [ 127.058502006771334, 36.937395351720724 ], [ 127.059312717313077, 36.939082807890792 ], [ 127.062373838289204, 36.939739350172502 ], [ 127.065486672898558, 36.941926505333484 ], [ 127.067964763345358, 36.942158865157332 ], [ 127.068969084887385, 36.939901645729279 ], [ 127.072770152003685, 36.940561726595256 ], [ 127.074082492267465, 36.938625041777911 ], [ 127.078321791668216, 36.942505150849584 ], [ 127.086212073469028, 36.947737886788019 ], [ 127.089832064816065, 36.945701347459398 ], [ 127.092892560140015, 36.942820357797977 ], [ 127.095763943937044, 36.94237432102998 ], [ 127.097002644589978, 36.947994127810951 ], [ 127.098636549366333, 36.948592317675207 ], [ 127.09846046224591, 36.949230815964277 ], [ 127.102999424745121, 36.953160237755029 ], [ 127.096414827684072, 36.955691543709563 ], [ 127.09643191825046, 36.959419754433689 ], [ 127.098301238665925, 36.9607873219909 ], [ 127.100781305455939, 36.96067939079618 ], [ 127.101862528180234, 36.964117223449314 ], [ 127.104546975954946, 36.965763341373723 ], [ 127.10664905379933, 36.965989590492889 ], [ 127.107900147731598, 36.96880970181487 ], [ 127.110853221919996, 36.969224343018986 ], [ 127.111543673808271, 36.971280733609781 ], [ 127.1124160671027, 36.971289141123535 ], [ 127.111911857783284, 36.972130257194443 ], [ 127.113098050988413, 36.973074036236554 ], [ 127.115044734147773, 36.971028464813138 ], [ 127.120213998828476, 36.970347046440168 ], [ 127.121356237198285, 36.968273396884783 ], [ 127.124321022570555, 36.968360493616188 ], [ 127.129505914402458, 36.966426716197802 ], [ 127.132931772237527, 36.966936588120866 ], [ 127.136107310483055, 36.965563385003207 ], [ 127.137151968100142, 36.965904599670367 ], [ 127.135728316073198, 36.967158721736432 ], [ 127.135898052513113, 36.967888403230802 ], [ 127.143753496923793, 36.971069064743972 ], [ 127.146762785865036, 36.971011350819758 ], [ 127.150196381247071, 36.969412202994874 ], [ 127.152363450816964, 36.969364437807862 ], [ 127.154847427652072, 36.970469552879365 ], [ 127.15887788469081, 36.969923617812739 ], [ 127.157718294090131, 36.966653298644175 ], [ 127.156545890021945, 36.966295353801428 ], [ 127.155390543333638, 36.966864543703515 ], [ 127.155545300612133, 36.965710984548792 ], [ 127.154423657720912, 36.966225891402743 ], [ 127.155402479325403, 36.964427217151552 ], [ 127.158438677114944, 36.963814914701764 ], [ 127.160865372428518, 36.964316276373268 ], [ 127.165530740761326, 36.961660792664155 ], [ 127.171912368142287, 36.963255669349209 ], [ 127.175289776508663, 36.962286653295976 ], [ 127.177772235762333, 36.962697471277899 ], [ 127.179069184002685, 36.960343716162107 ], [ 127.179074532669603, 36.957811670976803 ], [ 127.180498092403084, 36.956674205731083 ], [ 127.185120173534827, 36.954991146606432 ], [ 127.187984061823187, 36.955238951234222 ], [ 127.190750516054223, 36.952486276496181 ], [ 127.200461022066023, 36.952118972501694 ], [ 127.203054836301988, 36.951063763323191 ], [ 127.204861595989627, 36.947705235968272 ], [ 127.206866955108609, 36.946133901412736 ], [ 127.205733322732158, 36.942017909883432 ], [ 127.211559314035227, 36.937808997640737 ], [ 127.211396311064306, 36.935610354209132 ], [ 127.209727177471677, 36.932729821889424 ], [ 127.21045076177468, 36.930538965568218 ], [ 127.214804422935984, 36.930116690654245 ], [ 127.21673657106912, 36.930689815617555 ], [ 127.217698214590527, 36.929408623338929 ], [ 127.220327816052702, 36.930449047509832 ], [ 127.221994888061502, 36.928598739951148 ], [ 127.225638437427179, 36.927159205394524 ], [ 127.22838032636146, 36.924513863132049 ], [ 127.231433555685868, 36.924724173805039 ], [ 127.233742393052708, 36.923611376499387 ], [ 127.236346506457593, 36.923723397587757 ], [ 127.237661079860658, 36.920557983114193 ], [ 127.243142694885833, 36.918564570705946 ], [ 127.244048608477186, 36.917598612583696 ], [ 127.246644625521739, 36.918764592600361 ], [ 127.248147501898572, 36.918527259037496 ], [ 127.248934714243887, 36.919039230645076 ], [ 127.248908200495606, 36.921210902160546 ], [ 127.253131962438118, 36.922436371452548 ], [ 127.258609088685844, 36.915873898650439 ], [ 127.261881818476013, 36.914668327827158 ], [ 127.265732523557148, 36.915056307023278 ], [ 127.266883782590867, 36.913729148937229 ], [ 127.270832128880201, 36.913287744550978 ], [ 127.273045394720228, 36.914012494965405 ], [ 127.274288801322101, 36.913442042027832 ], [ 127.273285832671874, 36.912245896467439 ], [ 127.27409483023844, 36.909387599953597 ], [ 127.27884119921039, 36.906249843380451 ], [ 127.279754737759703, 36.904445534678459 ], [ 127.279156659039543, 36.900410063022434 ], [ 127.283532400620899, 36.897372101145457 ], [ 127.282668898119113, 36.89740118702187 ], [ 127.284546071195223, 36.895324226948723 ], [ 127.287502145708018, 36.893785292646157 ], [ 127.28987640200576, 36.894022070167203 ], [ 127.290588043242806, 36.892196981606638 ], [ 127.292476355463151, 36.891961466739232 ], [ 127.295985577077346, 36.889751921238414 ], [ 127.29927011415144, 36.889797787609893 ], [ 127.304017032062561, 36.885420591372764 ], [ 127.307815601309258, 36.885435085112242 ], [ 127.308350462928018, 36.882174006064659 ], [ 127.311212434330017, 36.880343561369429 ], [ 127.309509605562639, 36.878210717704675 ], [ 127.310680302292241, 36.87481535026577 ], [ 127.309857403216611, 36.873435998799884 ], [ 127.311293211761679, 36.87048823784356 ], [ 127.310612592927271, 36.867883880519216 ], [ 127.308577769305387, 36.866962157471498 ], [ 127.305779028213024, 36.863353719729311 ], [ 127.307296771246541, 36.859702939864299 ], [ 127.308754037080533, 36.859780265399962 ], [ 127.31272969666442, 36.857466585485987 ], [ 127.316606616133527, 36.859186104388556 ], [ 127.317299918710034, 36.858685621382854 ], [ 127.319299932609056, 36.859064903368896 ], [ 127.324514737727554, 36.856899814755515 ], [ 127.328130795278668, 36.858162674858207 ], [ 127.334796102624438, 36.856180921023807 ], [ 127.336542432582974, 36.854623600696634 ], [ 127.336650457840037, 36.848024745596675 ], [ 127.336027820182778, 36.847296613413256 ], [ 127.336800515584827, 36.845640928611601 ], [ 127.334619200759732, 36.842141800438689 ], [ 127.334037328802921, 36.83843148232657 ], [ 127.335606826957289, 36.837427144785565 ], [ 127.33355447846931, 36.8319666185076 ], [ 127.333987854455899, 36.831211873947971 ], [ 127.336600544749231, 36.829727948840926 ], [ 127.339288333303102, 36.831250407707472 ], [ 127.343915102039702, 36.830488110805504 ], [ 127.346368820927253, 36.829305992533513 ], [ 127.348179952429277, 36.830362041162616 ], [ 127.351735180224964, 36.830661092104336 ], [ 127.357225316665222, 36.827503913185176 ], [ 127.35808305362265, 36.825442616089191 ], [ 127.357150492324948, 36.823559862527269 ], [ 127.35810985920331, 36.822463003774118 ], [ 127.360752049252554, 36.820552888304455 ], [ 127.363972057363512, 36.819742784837494 ], [ 127.366613722118714, 36.81696949073342 ], [ 127.374109573604926, 36.815982354488511 ], [ 127.375336650700945, 36.815028138106221 ], [ 127.377789730957517, 36.814982655827571 ], [ 127.378851735483607, 36.813865606092349 ], [ 127.381490313359166, 36.814082701268632 ], [ 127.38626864304841, 36.809636505967312 ], [ 127.39160838701153, 36.806587485879554 ], [ 127.397487974210975, 36.799672671687219 ], [ 127.401181442960208, 36.798751327113258 ], [ 127.401717508530751, 36.795148502470425 ], [ 127.396738527829967, 36.790278936579128 ], [ 127.39600320069988, 36.787835732418706 ], [ 127.396746291570068, 36.785927148635338 ], [ 127.394982768616572, 36.784094754577659 ], [ 127.395497176833587, 36.782477536849925 ], [ 127.399818023347919, 36.780856374707312 ], [ 127.401556403611934, 36.778789547774267 ], [ 127.401897111647457, 36.775711979416599 ], [ 127.403317597117919, 36.774474975624933 ], [ 127.40864966478523, 36.773884881644513 ], [ 127.410845324546642, 36.772832912572348 ], [ 127.412950168850813, 36.773216509212531 ], [ 127.415041290506778, 36.767840364544639 ], [ 127.41685649162342, 36.766324970358014 ], [ 127.417176389025542, 36.763533817743827 ], [ 127.420417062686454, 36.760837709330978 ], [ 127.419697936405313, 36.757661592154875 ], [ 127.415150261892435, 36.756607982525033 ], [ 127.412557322723174, 36.75741220296289 ], [ 127.411302792534457, 36.755849444666666 ], [ 127.410795905745445, 36.756118430606165 ], [ 127.411370925724313, 36.753559272968701 ], [ 127.405597719287186, 36.750262095722206 ], [ 127.404197528810542, 36.744850348160767 ], [ 127.400950068600196, 36.747285273060001 ], [ 127.399068298019728, 36.746930284298685 ], [ 127.39602076327985, 36.74793304975362 ], [ 127.393460192781873, 36.752675146876975 ], [ 127.38865502075501, 36.753489195947829 ], [ 127.386371191653495, 36.759285379346089 ], [ 127.385016993111563, 36.759642588517771 ], [ 127.381880447555105, 36.758174841625575 ], [ 127.379392173948361, 36.758458173887107 ], [ 127.379235828864495, 36.759084651449037 ], [ 127.372301867128343, 36.757926578317566 ], [ 127.369869518320016, 36.760105513111483 ], [ 127.369585706534806, 36.761575203982012 ], [ 127.366441372748554, 36.760928208176622 ], [ 127.364192468230954, 36.761500528226037 ], [ 127.360076931605491, 36.759716700592961 ], [ 127.357814382861307, 36.760973487716136 ], [ 127.356132198408687, 36.756676298517768 ], [ 127.352252616180124, 36.754081902809325 ], [ 127.347841387187401, 36.752926201995635 ], [ 127.343920223430601, 36.753706023574367 ], [ 127.338895155287247, 36.752588638620054 ], [ 127.335507950833602, 36.752641845267178 ], [ 127.334286807901336, 36.748870185913333 ], [ 127.332395186838781, 36.747505775191762 ], [ 127.332675484343298, 36.7468147973442 ], [ 127.334309942147499, 36.746814464575174 ], [ 127.337112339444673, 36.744345155644439 ], [ 127.337404982217123, 36.740115305182101 ], [ 127.339891278591367, 36.739799072024695 ], [ 127.341512911307916, 36.738470096787196 ], [ 127.343166204482074, 36.735695291579134 ], [ 127.342468294767428, 36.732823307080672 ], [ 127.339995246426014, 36.731520653326065 ], [ 127.339202839844035, 36.729725185494019 ], [ 127.33689575524437, 36.729345077653427 ], [ 127.334928045498714, 36.731315312528736 ], [ 127.333345472320445, 36.731102909278157 ], [ 127.330642093164613, 36.732711296644943 ], [ 127.329651196784241, 36.7343706726232 ], [ 127.3283030975537, 36.734555163773877 ], [ 127.325463928972937, 36.733670545564394 ], [ 127.325202989967721, 36.732058827767304 ], [ 127.322435460004257, 36.730702822754381 ], [ 127.31801274319038, 36.724908118258526 ], [ 127.312418821067055, 36.723780133208578 ], [ 127.309435301503839, 36.724577488955134 ], [ 127.309248545192006, 36.724104329292231 ], [ 127.311087179924371, 36.723848654833112 ], [ 127.308734731121461, 36.72078335643485 ], [ 127.307897040027896, 36.715651413009006 ], [ 127.308896726881912, 36.714077805267472 ], [ 127.307701938310387, 36.713377724334912 ], [ 127.306100667280106, 36.708269693901158 ], [ 127.307107687252454, 36.707901594397221 ], [ 127.30839798744195, 36.704805479260358 ], [ 127.301320887794006, 36.699977185474978 ], [ 127.297479488940596, 36.699139745885844 ], [ 127.29654710235468, 36.697651836471259 ], [ 127.292011471455695, 36.697299442142139 ], [ 127.285665820498224, 36.691993089692012 ], [ 127.28526314954189, 36.690606043193995 ], [ 127.28135671300582, 36.690408311696729 ], [ 127.279970759485877, 36.692134677398933 ], [ 127.277708741585329, 36.691349214033835 ], [ 127.273476892567103, 36.695265866257429 ], [ 127.265229643749592, 36.692204285357604 ], [ 127.261463806875184, 36.692752670382447 ], [ 127.25791565820505, 36.692219979975647 ], [ 127.257097864412643, 36.693723502574151 ], [ 127.251217499627515, 36.697012957424477 ], [ 127.248049141181554, 36.695048087401481 ], [ 127.247128279749418, 36.696211307688465 ], [ 127.245710860332366, 36.695891504673668 ], [ 127.243871840923859, 36.697946724615008 ], [ 127.243643781198358, 36.699491192667658 ], [ 127.244758458433992, 36.700767671207309 ], [ 127.24169130006868, 36.701259373172924 ], [ 127.239666087235776, 36.702323380221372 ], [ 127.239558385191998, 36.703346930150872 ], [ 127.237047313932223, 36.704408770827555 ], [ 127.236404505754479, 36.707451876668202 ], [ 127.235303684254689, 36.707387018979567 ], [ 127.234255934725354, 36.708799321393165 ], [ 127.232240753344243, 36.709050771624106 ], [ 127.229747288584775, 36.707826963178483 ], [ 127.225116582737186, 36.71037268168898 ], [ 127.223637163886963, 36.711659823464714 ], [ 127.22343039823825, 36.713828802363949 ], [ 127.224209982278012, 36.714720578875898 ], [ 127.22362996957871, 36.715719932392517 ], [ 127.21813967262716, 36.715588121034564 ], [ 127.215282746870614, 36.716612680815906 ], [ 127.21458319951131, 36.71883293317034 ], [ 127.213483758144292, 36.719006103524706 ], [ 127.212305131309151, 36.718107649612612 ], [ 127.207839445630938, 36.719039955120827 ], [ 127.206289349492337, 36.720691964845962 ], [ 127.204807918887283, 36.720876127612797 ], [ 127.203668596527862, 36.723738548202455 ], [ 127.204220951043482, 36.725072109647591 ], [ 127.203122372418079, 36.726149122867966 ], [ 127.201361460859204, 36.726123647424579 ], [ 127.195409838298715, 36.728598328678494 ], [ 127.193847693913654, 36.727706507515578 ], [ 127.192585203507349, 36.728640908644827 ], [ 127.190400068554681, 36.728614833465862 ], [ 127.189149015804631, 36.727733992250208 ], [ 127.187299711061982, 36.72798695351532 ], [ 127.18321899808241, 36.730318979891564 ], [ 127.176995472274925, 36.728555094549947 ], [ 127.17444513087203, 36.729313791113725 ], [ 127.174128799102192, 36.728573930013567 ], [ 127.17121920698095, 36.73222565824031 ], [ 127.168343014565679, 36.733164921070433 ], [ 127.166965666867085, 36.732368788294615 ], [ 127.167122285088254, 36.733289961254158 ], [ 127.166548873252935, 36.732801057030706 ], [ 127.166611198155948, 36.73348103255708 ], [ 127.164694534022274, 36.73382187293366 ], [ 127.159643892374376, 36.732843944845619 ], [ 127.159453970083703, 36.731504355309539 ], [ 127.157646178838903, 36.729715482224563 ], [ 127.157525636422235, 36.727456094248247 ], [ 127.155843932954099, 36.727331850642891 ], [ 127.151933726870624, 36.728952109411182 ], [ 127.152051284081523, 36.726807583539539 ], [ 127.149288424870207, 36.725932178233727 ], [ 127.149293410812007, 36.724433218462551 ], [ 127.147621283586105, 36.722303012582529 ], [ 127.148819894056459, 36.7210180112681 ], [ 127.148245810007197, 36.71988668256521 ], [ 127.145919295473533, 36.719028411108653 ], [ 127.145113707033374, 36.717520287583362 ], [ 127.140934137477828, 36.71684660566649 ], [ 127.136228387287517, 36.713265572262699 ], [ 127.134438310834227, 36.713276596542414 ], [ 127.13164525454259, 36.710270792588936 ], [ 127.129558557305458, 36.71022461269127 ], [ 127.127765726569805, 36.708832048421698 ], [ 127.129995919000365, 36.706759345058806 ], [ 127.132030717113906, 36.706159571767934 ], [ 127.134378529217514, 36.706791983391533 ], [ 127.136143554393243, 36.705039576879827 ], [ 127.136030433992005, 36.702940940804147 ], [ 127.138289099070931, 36.701662715362637 ], [ 127.138829645539232, 36.698253887783331 ], [ 127.140903326630465, 36.696885147713374 ], [ 127.140481472811558, 36.694581876378528 ], [ 127.142388007454031, 36.69318289245161 ], [ 127.142906446719735, 36.691780757491479 ], [ 127.141554162643402, 36.690750283439037 ], [ 127.141748933095883, 36.689983825822594 ], [ 127.143827768715681, 36.688997722838373 ], [ 127.149025973832224, 36.690944298500462 ], [ 127.14958789134559, 36.689852400623359 ], [ 127.150888205498063, 36.689454283978058 ], [ 127.15334318393991, 36.69098167451498 ], [ 127.156223453635135, 36.690764233873381 ], [ 127.157113942955959, 36.695657282574807 ], [ 127.160349681733592, 36.692726619266203 ], [ 127.161444901331578, 36.690218628541459 ], [ 127.159871408965259, 36.688161385682825 ], [ 127.160856175283783, 36.688092821244012 ], [ 127.161965817859752, 36.685972518157214 ], [ 127.164123637583884, 36.678497590149611 ], [ 127.16344711131687, 36.676230213121649 ], [ 127.158556537006902, 36.673027358567708 ], [ 127.158723324059451, 36.671327392861514 ], [ 127.1561168543424, 36.669037716874541 ], [ 127.155271974533463, 36.665268736780362 ], [ 127.154360934400927, 36.66441721629915 ], [ 127.159042257318433, 36.661350945470495 ], [ 127.160568727811992, 36.65611900292199 ], [ 127.154289398844426, 36.652449776820774 ], [ 127.154145403446833, 36.646690626844048 ], [ 127.153144437771061, 36.645213495848886 ], [ 127.153821447881256, 36.643053016881602 ], [ 127.156343014269567, 36.641371692193523 ], [ 127.156357240010124, 36.639920571305417 ], [ 127.157498081042775, 36.639543990937021 ], [ 127.156426996702294, 36.637850703553219 ], [ 127.158082081402611, 36.635363394490284 ], [ 127.156927583870058, 36.633085320773326 ], [ 127.157535989724721, 36.632266756600657 ], [ 127.15628907881181, 36.631699822197184 ], [ 127.156489914046062, 36.628616845019486 ], [ 127.157642691042852, 36.626788585089798 ], [ 127.160367461558153, 36.62628062885566 ], [ 127.160497345130068, 36.624450880631358 ], [ 127.157413341159042, 36.623416403039009 ], [ 127.155477353090859, 36.624198675643349 ], [ 127.154321399169348, 36.623890679902431 ], [ 127.150053323948839, 36.619008005580433 ], [ 127.15561631732821, 36.615992282780347 ], [ 127.154984840715827, 36.61208077241794 ], [ 127.155883767165122, 36.606011045841605 ], [ 127.157896586208778, 36.606329436264815 ], [ 127.158598597989069, 36.605356413311561 ], [ 127.162717502018026, 36.604375436763895 ], [ 127.165654781567383, 36.602426657901347 ], [ 127.167153300892977, 36.602915707412535 ], [ 127.168626161665657, 36.60016997987892 ], [ 127.170731571512619, 36.599171253634346 ], [ 127.171007345079076, 36.597676945649916 ], [ 127.172535809470986, 36.596885984318959 ], [ 127.172723672040092, 36.595451223026259 ], [ 127.178076687995201, 36.596893114451284 ], [ 127.178308194528782, 36.595958400684154 ], [ 127.178655074836158, 36.596683589943396 ], [ 127.181683736596099, 36.595510105519836 ], [ 127.181934614750176, 36.593016678426835 ], [ 127.184321982682278, 36.591202877799709 ], [ 127.187336125367082, 36.59232435849259 ], [ 127.187051669800439, 36.593488393490489 ], [ 127.187969972883849, 36.594076351081839 ], [ 127.190011668948301, 36.594622553850257 ], [ 127.191350853221977, 36.593937539638596 ], [ 127.189255410886886, 36.586839054502256 ], [ 127.192955969635278, 36.580817227130652 ], [ 127.197013112568939, 36.581093942914457 ], [ 127.200399289525848, 36.582567613243498 ], [ 127.205665000180716, 36.580769391972126 ], [ 127.207751314932807, 36.577959504883829 ], [ 127.206861950871897, 36.575289740728735 ], [ 127.203731592680427, 36.572654954175263 ], [ 127.203100015602274, 36.567443715051198 ], [ 127.199200726839351, 36.564944553158405 ], [ 127.193787717070578, 36.56481251947784 ], [ 127.19267678394398, 36.56348156962359 ], [ 127.193186887612441, 36.562199546008614 ], [ 127.191760012934111, 36.561546635521431 ], [ 127.190571185341199, 36.558149041775216 ], [ 127.189335401227623, 36.557161562875507 ], [ 127.188792815214057, 36.553800594372703 ], [ 127.186114333221809, 36.552320873752009 ], [ 127.18926525112056, 36.548480293112249 ], [ 127.191458465755019, 36.547266001016581 ], [ 127.191826854959473, 36.54602537696443 ], [ 127.187007959752506, 36.545797695739253 ], [ 127.185035259229196, 36.543662712193182 ], [ 127.182792956197346, 36.544106099415551 ], [ 127.181174484659863, 36.545599391853862 ], [ 127.178955893517724, 36.545564163115031 ], [ 127.174240557234555, 36.542189508648548 ], [ 127.173796581281181, 36.54075206966732 ], [ 127.174895261375383, 36.538480972867994 ], [ 127.172668445048828, 36.536143616535398 ], [ 127.173018362366477, 36.533456890489852 ], [ 127.174922141885361, 36.532980150466109 ], [ 127.175733466098151, 36.528881969943086 ], [ 127.17753163855501, 36.527892099671952 ], [ 127.179576548343888, 36.523988276800573 ], [ 127.182348728666227, 36.521438080530118 ], [ 127.176746372300784, 36.516629223360113 ], [ 127.173990362085448, 36.515505876293361 ], [ 127.173186402194276, 36.513616626169458 ], [ 127.170263274281538, 36.511747696813536 ], [ 127.171167850726363, 36.511069370378081 ], [ 127.16998970228002, 36.509037913833488 ], [ 127.173592444511399, 36.50736249080142 ], [ 127.175163754816595, 36.505085340651732 ], [ 127.176260806904935, 36.505336295821813 ], [ 127.176193317579319, 36.503134371136461 ], [ 127.178564769934127, 36.502581471992272 ], [ 127.177193469802958, 36.499933036078978 ], [ 127.175695435955674, 36.500556286988598 ], [ 127.173465873178685, 36.499206681123241 ], [ 127.173240090373469, 36.497441075435184 ], [ 127.17462785166741, 36.496673162198071 ], [ 127.174876228250895, 36.494786293515119 ], [ 127.176231701740619, 36.494128031765932 ], [ 127.17683455069114, 36.492480793949575 ], [ 127.180203965801226, 36.491811230107444 ], [ 127.181576194790736, 36.493106193648238 ], [ 127.185446343650753, 36.493208942287012 ], [ 127.18831461114101, 36.49262206211241 ], [ 127.190102946365769, 36.490956937339845 ], [ 127.194675500497368, 36.489593598291115 ], [ 127.193981191089392, 36.488588655954075 ], [ 127.195074986066615, 36.488949338506416 ], [ 127.194821690318051, 36.484386034271033 ], [ 127.193775175285367, 36.483706446085677 ], [ 127.193450024335647, 36.48153683095574 ], [ 127.190481965716955, 36.479470995702073 ], [ 127.192017399611998, 36.474666515589995 ], [ 127.194747626384711, 36.468759559547827 ], [ 127.196370397299219, 36.468122042276697 ], [ 127.197907865418543, 36.465967480952429 ], [ 127.198641624365578, 36.46561625188675 ], [ 127.201085912893333, 36.466802947720282 ], [ 127.203276712917514, 36.464977718562686 ], [ 127.204733515003696, 36.459290238935807 ], [ 127.20325276840876, 36.457488968665608 ], [ 127.203077860819846, 36.45426539424642 ], [ 127.201202446266961, 36.454154655699703 ], [ 127.198399464627542, 36.452206679286924 ], [ 127.201342462849979, 36.449115969950867 ], [ 127.20100796219549, 36.447347980542581 ], [ 127.20181691639992, 36.446316871766733 ], [ 127.200918097847037, 36.44489666473347 ], [ 127.20110991558461, 36.441249570543185 ], [ 127.198933626706875, 36.439884385349352 ], [ 127.207121186358279, 36.43614573487789 ], [ 127.21267823764299, 36.435609948560455 ], [ 127.213449163671825, 36.434606356291113 ], [ 127.217707342125692, 36.433737500451727 ], [ 127.219602149121457, 36.430757115046234 ], [ 127.221203017632817, 36.430239357160715 ], [ 127.223208970767971, 36.427479519375787 ], [ 127.225114641896567, 36.426650162828665 ], [ 127.22564316279643, 36.422294762390784 ], [ 127.22693294104451, 36.421221303886199 ], [ 127.228779840315198, 36.422796265655215 ], [ 127.231708565716772, 36.421945120905207 ], [ 127.231925343712348, 36.419909480807192 ], [ 127.235625909599435, 36.418808005038692 ], [ 127.24452170845862, 36.418343481683998 ], [ 127.243044498980069, 36.417400634346372 ], [ 127.243284221546119, 36.415048542711098 ], [ 127.245579348556603, 36.413431463854764 ], [ 127.247274225352612, 36.410693515811452 ], [ 127.249380017511641, 36.409522820221284 ], [ 127.250795709770685, 36.406758399550128 ], [ 127.255236627137592, 36.408123963439451 ], [ 127.257323660028675, 36.40802944287384 ], [ 127.259116300448113, 36.409107989364735 ], [ 127.259563488945574, 36.410354351802084 ], [ 127.258645507271567, 36.414243071698749 ], [ 127.262612764108354, 36.416681497777951 ], [ 127.266851801774436, 36.417063226011408 ], [ 127.276322387034583, 36.413875721977895 ], [ 127.277755901653023, 36.41435300347068 ], [ 127.27789194356366, 36.415723770208238 ], [ 127.278282191727925, 36.414578639415538 ], [ 127.279861662648926, 36.415396200102336 ], [ 127.282100442686072, 36.414999377934564 ], [ 127.281794126191429, 36.409005757282905 ], [ 127.280623269327734, 36.406807934653642 ], [ 127.281039354952611, 36.404817983950061 ], [ 127.278482451434058, 36.396759680456888 ], [ 127.278786425971006, 36.388558895898285 ], [ 127.277401848259075, 36.387023045413507 ], [ 127.278827958959951, 36.384962877067778 ], [ 127.278854349797811, 36.379910263067067 ], [ 127.280304767853607, 36.378696268881789 ], [ 127.28103693044595, 36.374863605885487 ], [ 127.279351877408175, 36.369395300853164 ], [ 127.277050252674826, 36.368376726138443 ], [ 127.277675430404017, 36.365290308053929 ], [ 127.27234979311082, 36.362621395172852 ], [ 127.270569159273236, 36.360857709922342 ], [ 127.272412784590855, 36.354123063458559 ], [ 127.277418421940766, 36.349908636755458 ], [ 127.27747628735122, 36.347124606664316 ], [ 127.279118076048206, 36.34482237279947 ], [ 127.275699106408197, 36.343876790630695 ], [ 127.273125879257563, 36.34427460263845 ], [ 127.27127913752453, 36.341946153780988 ], [ 127.268646036817628, 36.341002177686761 ], [ 127.265424780780492, 36.337228618288037 ], [ 127.268120190649697, 36.331411163593181 ], [ 127.26617992098501, 36.32961767431506 ], [ 127.266112036451361, 36.32853331402724 ], [ 127.263047631714358, 36.327253567182581 ], [ 127.259766335684816, 36.327248149604884 ], [ 127.26077959558215, 36.321694802964409 ], [ 127.258418555722869, 36.317638866668524 ], [ 127.258697530950002, 36.311542343892199 ], [ 127.258012002597042, 36.309933482546064 ], [ 127.258641998592154, 36.30920851087506 ], [ 127.258420674864141, 36.303505257582493 ], [ 127.260664171171598, 36.301852060359082 ], [ 127.259278240923962, 36.297136299459268 ], [ 127.25984859494541, 36.295654321725237 ], [ 127.254656625821625, 36.296198589578331 ], [ 127.254058893474593, 36.29686905209212 ], [ 127.251179848568199, 36.295680169983456 ], [ 127.249674357571067, 36.293228093093852 ], [ 127.247984898620913, 36.292975571053262 ], [ 127.247665965522202, 36.291449249837562 ], [ 127.246652996341268, 36.290959627464517 ], [ 127.251261789316757, 36.283990479804004 ], [ 127.253637880274667, 36.28236283544711 ], [ 127.254219720779346, 36.280474554532695 ], [ 127.258771863886892, 36.276050581163616 ], [ 127.265352317187521, 36.27436098860499 ], [ 127.269805488614637, 36.271131213690651 ], [ 127.278115766640383, 36.267405389852208 ], [ 127.281245003924482, 36.265185360407756 ], [ 127.285862607095467, 36.264814638968282 ], [ 127.290136326627291, 36.265911891671514 ], [ 127.291750877326209, 36.26468817120891 ], [ 127.291334134067156, 36.263169162371305 ], [ 127.282597886033898, 36.258472868631067 ], [ 127.282742324195183, 36.256213186722903 ], [ 127.279145101984938, 36.253108738950061 ], [ 127.281152266762888, 36.24882512294564 ], [ 127.279908089154773, 36.247164767164485 ], [ 127.281415278129529, 36.245654295259406 ], [ 127.280300360680329, 36.244349616233862 ], [ 127.282440285757929, 36.241938998247626 ], [ 127.282105387507002, 36.239815234954925 ], [ 127.2830822323089, 36.238835716422365 ], [ 127.283247145216251, 36.236887347628361 ], [ 127.281839822603075, 36.235803037048356 ], [ 127.287270707765927, 36.234619488379444 ], [ 127.289256767476502, 36.231488163484457 ], [ 127.292971544061984, 36.228960913929591 ], [ 127.292793579088624, 36.2274149600565 ], [ 127.291610531837648, 36.226625913627437 ], [ 127.293045443595631, 36.225430602315022 ], [ 127.293567980155615, 36.223123413371717 ], [ 127.297323254822146, 36.221524707590262 ], [ 127.30109462012328, 36.221358757651714 ], [ 127.303244013500134, 36.222634998151719 ], [ 127.30368543713702, 36.223816706121859 ], [ 127.302795786715961, 36.227160677306472 ], [ 127.303566542822338, 36.22973525949061 ], [ 127.306389783635353, 36.226159977877131 ], [ 127.311459586532081, 36.223063747817243 ], [ 127.314460897327777, 36.222405953355107 ], [ 127.318075211476724, 36.215929565975713 ], [ 127.3215307874936, 36.213429708851109 ], [ 127.320631312831893, 36.212000623263947 ], [ 127.32086677706593, 36.208925813319595 ], [ 127.322827522959656, 36.206444530788318 ], [ 127.323035334859952, 36.203729130993679 ], [ 127.323945754225207, 36.203158443075665 ], [ 127.328141225229473, 36.204080854628756 ], [ 127.329806775563185, 36.201846693984621 ], [ 127.333550375358669, 36.200671295267057 ], [ 127.333568514664719, 36.199824682452096 ], [ 127.331768614457047, 36.198741752707463 ], [ 127.332099834062831, 36.1962005985852 ], [ 127.32981438797411, 36.19418202433846 ], [ 127.331702529499893, 36.192687329444517 ], [ 127.331062245503858, 36.190165740120143 ], [ 127.331953686727005, 36.187964376669186 ], [ 127.331697630558892, 36.1840555190998 ], [ 127.334031685954429, 36.183100076317814 ], [ 127.335511961949805, 36.183372207690489 ], [ 127.337581658761465, 36.185614895491327 ], [ 127.338145936058581, 36.189086844843743 ], [ 127.340925627501434, 36.189142081837424 ], [ 127.342147955397039, 36.193416179960685 ], [ 127.343859866317274, 36.194635233896754 ], [ 127.344021930563287, 36.196664148780499 ], [ 127.347586596484732, 36.197566632471471 ], [ 127.347690497458842, 36.201003257536513 ], [ 127.346651720713211, 36.203255010927457 ], [ 127.349545165646163, 36.208036462875796 ], [ 127.352830980923528, 36.210640876649514 ], [ 127.352967693263537, 36.211839056048099 ], [ 127.355185941657339, 36.212848622861216 ], [ 127.356675058477094, 36.212336721980726 ], [ 127.359430946706169, 36.213918267776492 ], [ 127.360638142388723, 36.218456645665 ], [ 127.36419690249096, 36.218901292870981 ], [ 127.363546831996942, 36.22290285556133 ], [ 127.360355622704361, 36.225486765154876 ], [ 127.360111161948723, 36.226680165139243 ], [ 127.362297441268169, 36.228338818657853 ], [ 127.362016455690835, 36.230241458914641 ], [ 127.363402109291272, 36.232303247618731 ], [ 127.361938523755342, 36.234201284862522 ], [ 127.36086980389959, 36.23437439655379 ], [ 127.36285853714196, 36.237060895147359 ], [ 127.363608425590414, 36.238690343426988 ], [ 127.362944227656598, 36.240344901694939 ], [ 127.364199933507606, 36.240821828471965 ], [ 127.364064505206642, 36.242547163190707 ], [ 127.365136835290059, 36.243634062382661 ], [ 127.363636806852796, 36.25089568224778 ], [ 127.364156551463367, 36.251559580604706 ], [ 127.360022552234469, 36.253809549121627 ], [ 127.359598865815286, 36.254715063325733 ], [ 127.360819482183771, 36.256269602279787 ], [ 127.360863556794001, 36.257882589249952 ], [ 127.35998994792152, 36.259910062231917 ], [ 127.360200244862781, 36.262212789345291 ], [ 127.359501950146154, 36.26258634326571 ], [ 127.361848350041456, 36.26553742774685 ], [ 127.361825101927238, 36.267024167125022 ], [ 127.36366955475809, 36.269789320555624 ], [ 127.366674161843463, 36.268737793211102 ], [ 127.36898518394274, 36.269819280706102 ], [ 127.36986480537, 36.269512557203811 ], [ 127.371765534084446, 36.270243124559656 ], [ 127.372460352126311, 36.272178516944088 ], [ 127.37762786878352, 36.271486492699331 ], [ 127.380873264545414, 36.269515037288507 ], [ 127.380782127729958, 36.268691872552132 ], [ 127.383333555980187, 36.26859138516533 ], [ 127.384396482873768, 36.266662001006956 ], [ 127.390257703231143, 36.262270945496802 ], [ 127.388643325015792, 36.254981110583408 ], [ 127.386557107350072, 36.252508742792678 ], [ 127.387890629255153, 36.245890602253105 ], [ 127.390885637533103, 36.242949790317283 ], [ 127.389954550576448, 36.241775932941437 ], [ 127.390369781780265, 36.239524711859126 ], [ 127.387256270534934, 36.237287180817354 ], [ 127.387342898477215, 36.234152459326296 ], [ 127.396618130987179, 36.232122722319232 ], [ 127.400713908197929, 36.233159422675314 ], [ 127.400907971341468, 36.230119919431552 ], [ 127.40457029323251, 36.222433475616519 ], [ 127.407518674528362, 36.221401511237609 ], [ 127.410626923426719, 36.217551850927627 ], [ 127.40799902332995, 36.212892941263227 ], [ 127.412093836347694, 36.211398765143493 ], [ 127.419559314381488, 36.207126965025985 ], [ 127.420289238681377, 36.207947529388825 ], [ 127.422323436895965, 36.208102054147879 ], [ 127.423947539378631, 36.206016271971457 ], [ 127.429370712410829, 36.205205622444076 ], [ 127.430919417205686, 36.204125718665686 ], [ 127.431181401734534, 36.202126112287282 ], [ 127.433530628216374, 36.198575692431952 ], [ 127.436739231993343, 36.198518113708381 ], [ 127.438204405232497, 36.197148669765731 ], [ 127.439415154946332, 36.197300799334052 ], [ 127.44075655440065, 36.196599447677606 ], [ 127.441101825579082, 36.194786778682008 ], [ 127.443694397926535, 36.194753344872709 ], [ 127.448716276037558, 36.196722890069239 ], [ 127.450715938132575, 36.198814604229746 ], [ 127.455591560228811, 36.200800793965584 ], [ 127.45638516001398, 36.203595973382562 ], [ 127.454161068675575, 36.206999072310538 ], [ 127.459241815462448, 36.209745547425079 ], [ 127.460283926585888, 36.212918806310029 ], [ 127.469137703807647, 36.214765472217941 ], [ 127.469405925833669, 36.216008627257608 ], [ 127.467831529618209, 36.217052821522572 ], [ 127.467302332849584, 36.222346813411647 ], [ 127.470358605549492, 36.22350585181924 ], [ 127.47099780325965, 36.224585613737204 ], [ 127.474422477421214, 36.224947250664115 ], [ 127.477822202627692, 36.22668093720327 ], [ 127.477857173595552, 36.229668789210166 ], [ 127.483545752051398, 36.230356848464574 ], [ 127.48651401421597, 36.232532163621052 ], [ 127.488469441523293, 36.23253356170521 ], [ 127.489969849670871, 36.233482075939826 ], [ 127.489387318904221, 36.235731496614342 ], [ 127.48997111530268, 36.237095531448681 ], [ 127.492539752930881, 36.237323579115142 ], [ 127.492577204130413, 36.23795395029979 ], [ 127.499231497812275, 36.238295370201158 ], [ 127.502167469559922, 36.237645814375604 ], [ 127.509493362378095, 36.238921085088101 ], [ 127.511954328138771, 36.240692412033951 ], [ 127.513677157889902, 36.24033105788719 ], [ 127.514743110243174, 36.241220621265974 ], [ 127.515732401547623, 36.240540213798852 ], [ 127.518129558942931, 36.240641128556653 ], [ 127.523516784911834, 36.245340768768266 ], [ 127.52384706362507, 36.246489736371238 ], [ 127.526225808445446, 36.247085084899062 ], [ 127.526949346923971, 36.248335673995172 ], [ 127.530444792110174, 36.248706091224854 ], [ 127.532572757929415, 36.250889337281087 ], [ 127.536811046982535, 36.250857206424087 ], [ 127.535088909404365, 36.247323841287219 ], [ 127.537917977798728, 36.242777689868582 ], [ 127.549436891544858, 36.239331714889232 ], [ 127.549861455872346, 36.238424363707004 ], [ 127.548776441388199, 36.237718804179885 ], [ 127.547472873430223, 36.232301630395604 ], [ 127.545094668859932, 36.228426118163391 ], [ 127.545331165683251, 36.225513817466656 ], [ 127.554371366316218, 36.226186418874903 ], [ 127.56157879493874, 36.228966844790918 ], [ 127.563809037785191, 36.227524064053469 ], [ 127.566989130442778, 36.231969073875902 ], [ 127.570240413707054, 36.233523408628514 ], [ 127.574864511777761, 36.231997777644061 ], [ 127.579548805989319, 36.232796437633283 ], [ 127.580217579192791, 36.231849783208901 ], [ 127.583582280023634, 36.231296129786791 ], [ 127.586307257139907, 36.227577875904231 ], [ 127.586567273200686, 36.225060904067554 ], [ 127.590510338220398, 36.225293610171555 ], [ 127.590660236876261, 36.222571590568329 ], [ 127.59110953563804, 36.221655808322438 ], [ 127.592448273545685, 36.22132450382594 ], [ 127.592763840910067, 36.219821065663432 ], [ 127.594643611071618, 36.219481710344432 ], [ 127.597778937700568, 36.217500140426068 ], [ 127.597964765181374, 36.214327350402108 ], [ 127.596309935127053, 36.211882959921979 ], [ 127.598792328470552, 36.21022426188032 ], [ 127.598432290263972, 36.20850564499554 ], [ 127.599657817690101, 36.205090801866284 ], [ 127.599280250433068, 36.202642597846683 ], [ 127.598258415443226, 36.202379035946748 ], [ 127.597336207859783, 36.200268107383621 ], [ 127.592461839916282, 36.19534956565191 ], [ 127.593612100495946, 36.194387215095666 ], [ 127.592976223496009, 36.192231457734444 ], [ 127.596226788545522, 36.188465583833768 ], [ 127.597720314391978, 36.184868059241538 ], [ 127.594244187265573, 36.182183450921521 ], [ 127.594914098224166, 36.17962358098665 ], [ 127.593060819632157, 36.177377539021485 ], [ 127.59449643935983, 36.175529763669417 ], [ 127.598627439633873, 36.173799226582055 ], [ 127.60147835682848, 36.169046425717674 ], [ 127.601006127604634, 36.163294709700139 ], [ 127.601664511975486, 36.160024040523822 ], [ 127.598498173225522, 36.154899153810732 ], [ 127.595907885259791, 36.153489562374681 ], [ 127.593412898864202, 36.150518701083854 ], [ 127.592841876089864, 36.147628984309094 ], [ 127.590439706752846, 36.143330875048974 ], [ 127.590904246869371, 36.137291728431194 ], [ 127.589480654112378, 36.134296909157065 ], [ 127.593746575990011, 36.128779739239114 ], [ 127.595238430924908, 36.128176719845648 ], [ 127.595866894769287, 36.125730804813877 ], [ 127.59863411910149, 36.12536811578628 ], [ 127.599200638707813, 36.122942203090368 ], [ 127.603204996516382, 36.120614258951974 ], [ 127.605985560733828, 36.116789334505448 ], [ 127.610086122175034, 36.118607285787682 ], [ 127.610762335782752, 36.115626531056321 ], [ 127.613075581368136, 36.111807480930146 ], [ 127.616321359938553, 36.111554298699829 ], [ 127.619095783612636, 36.108885168265004 ], [ 127.618987315143443, 36.107110088781901 ], [ 127.616923145502923, 36.104876457518976 ], [ 127.617284078993222, 36.100096851229971 ], [ 127.618265376515396, 36.098709590239736 ], [ 127.617360611749376, 36.097541849425959 ], [ 127.617274688190236, 36.093578145866552 ], [ 127.619241992929858, 36.090699115005982 ], [ 127.62333596309179, 36.090691171303327 ], [ 127.624178166955545, 36.088413536388572 ], [ 127.626536219177098, 36.08760763897395 ], [ 127.629792286561937, 36.083829799715197 ], [ 127.632146953053379, 36.082364532805066 ], [ 127.633053168096552, 36.080888275285638 ], [ 127.632190968462851, 36.079643240005012 ], [ 127.634663480960512, 36.076733979544819 ], [ 127.634199472538995, 36.073615464193971 ], [ 127.637390902002622, 36.070349470324324 ], [ 127.638295434744705, 36.067939868665 ], [ 127.637997829667498, 36.066672441941144 ], [ 127.63717302440719, 36.066616276930787 ], [ 127.635908726798064, 36.067508963034349 ], [ 127.629342672179305, 36.066529404041781 ], [ 127.623924263227224, 36.067271575986148 ], [ 127.620550962445165, 36.064205249892204 ], [ 127.620594995005646, 36.059620435780324 ], [ 127.619610060937092, 36.058680102998416 ], [ 127.618639735687424, 36.052656612027299 ], [ 127.618517263714693, 36.050183159635601 ], [ 127.619673426461091, 36.047335031003918 ], [ 127.619668543946432, 36.044292931984863 ], [ 127.618491051125829, 36.041935865433885 ], [ 127.619604127620505, 36.040598881566879 ], [ 127.61909972519743, 36.039173070830969 ], [ 127.621215205277139, 36.040956963820058 ], [ 127.622191921609499, 36.040411183598991 ], [ 127.625133058610515, 36.042313803384936 ], [ 127.630534778071123, 36.04215237988538 ], [ 127.632683073214864, 36.035448237349854 ], [ 127.634281291253984, 36.034572114981849 ], [ 127.637054223937724, 36.035167457491198 ], [ 127.636926977178518, 36.034347467577305 ], [ 127.638794204684515, 36.033688978897239 ], [ 127.639748257256358, 36.032252393891312 ], [ 127.637997159279863, 36.03180405026287 ], [ 127.635828152584381, 36.029393274002807 ], [ 127.636645163792963, 36.028872729294818 ], [ 127.635330140725486, 36.028683954509852 ], [ 127.631683300628353, 36.032016234304983 ], [ 127.628449632489449, 36.031956022789323 ], [ 127.627183224558109, 36.030618146891939 ], [ 127.626910189258922, 36.026912230236036 ], [ 127.625277584538978, 36.025308987143703 ], [ 127.622943937521981, 36.024640403786222 ], [ 127.616546182964754, 36.026323444542207 ], [ 127.613116906335634, 36.026313388274147 ], [ 127.610735114279748, 36.025348538731151 ], [ 127.610247045068732, 36.023217685868765 ], [ 127.610971318979992, 36.022300973109317 ], [ 127.613634597932574, 36.021436335006548 ], [ 127.616441520198649, 36.019056293729768 ], [ 127.618662950097431, 36.007981977873499 ], [ 127.614593645340037, 36.001198981895676 ], [ 127.612741894673462, 36.000445503018419 ], [ 127.610569424056067, 36.001044593881787 ], [ 127.609810609180613, 36.005448329644352 ], [ 127.606640609054637, 36.00804323512633 ], [ 127.607670148232671, 36.009955646293939 ], [ 127.606593381209365, 36.011909945585842 ], [ 127.600065085019253, 36.011941297439705 ], [ 127.599990286143878, 36.013877588249258 ], [ 127.596297728799641, 36.019007782377699 ], [ 127.591503443829296, 36.021047077938007 ], [ 127.59123589223617, 36.025152277805176 ], [ 127.589770468889697, 36.026046324066947 ], [ 127.586514506419192, 36.02598198865352 ], [ 127.582560541949618, 36.027226568425661 ], [ 127.578363104599404, 36.024100774404054 ], [ 127.574532985651231, 36.023302415935262 ], [ 127.573063259465613, 36.025733395241097 ], [ 127.570481156146144, 36.026904012803683 ], [ 127.5704231739373, 36.027928850049591 ], [ 127.566331097142694, 36.031220992408691 ], [ 127.562475110102369, 36.03071808478596 ], [ 127.559030601511836, 36.033443690216053 ], [ 127.555366080050774, 36.032416674251564 ], [ 127.552203635429848, 36.032770603309757 ], [ 127.549111494103272, 36.036950322291261 ], [ 127.548124877779657, 36.036857386245806 ], [ 127.547779314929059, 36.038208800289688 ], [ 127.545379006153482, 36.037691378756961 ], [ 127.54448510600659, 36.038805611976066 ], [ 127.540984120556033, 36.038122977749971 ], [ 127.539220080726835, 36.038616139813882 ], [ 127.53833253224623, 36.039889136129965 ], [ 127.535319655489843, 36.040007911678877 ], [ 127.533156854061971, 36.041134463327182 ], [ 127.53142107084085, 36.040842775605874 ], [ 127.530817615512632, 36.038938533253344 ], [ 127.531935607173466, 36.037007823986166 ], [ 127.532002988839324, 36.034568906836661 ], [ 127.53564816562573, 36.033994821280224 ], [ 127.537600993735282, 36.032488402924173 ], [ 127.536850077493952, 36.03127231057131 ], [ 127.537396244495284, 36.027035586454602 ], [ 127.538841945999323, 36.025879223149758 ], [ 127.538121455507209, 36.023647164631413 ], [ 127.536652214301114, 36.022677043854422 ], [ 127.53612809445363, 36.019940541945978 ], [ 127.537918685948284, 36.018539604872522 ], [ 127.537710159672756, 36.015134235682623 ], [ 127.539870466397858, 36.011716844674119 ], [ 127.538698218193375, 36.010551649595655 ], [ 127.533063981808922, 36.009634698486536 ], [ 127.532104260117038, 36.00796748268634 ], [ 127.536113860367394, 36.00050705007574 ], [ 127.536655544755703, 35.996450570230529 ], [ 127.534030306815382, 35.993669607166773 ], [ 127.533640357536868, 35.992007467250922 ], [ 127.528757829981501, 35.990136189371114 ], [ 127.52436950333032, 35.985031407830412 ], [ 127.523603011560411, 35.985532944353558 ], [ 127.521397293949576, 35.984855353727269 ], [ 127.519756231618558, 35.983221103269869 ], [ 127.514044223120479, 35.983366181382003 ], [ 127.509951830022146, 35.982137935677123 ], [ 127.508889251960866, 35.979781236588217 ], [ 127.506360285777617, 35.979853584597898 ], [ 127.504873626375229, 35.982388594075672 ], [ 127.502371216366697, 35.983797652909388 ], [ 127.502041727314122, 35.986192604493461 ], [ 127.499336414621951, 35.987379675390287 ], [ 127.494409457227221, 35.986183936367411 ], [ 127.492932215554305, 35.983807954641669 ], [ 127.491179043253496, 35.983334098077513 ], [ 127.489281256061034, 35.97937449368127 ], [ 127.487727688497472, 35.978264123860455 ], [ 127.485175499457583, 35.9799211405984 ], [ 127.483257952170931, 35.979631169034256 ], [ 127.480934189679459, 35.980693503584604 ], [ 127.47593058318526, 35.980586086766507 ], [ 127.472164674335119, 35.983450750649148 ], [ 127.4717153973818, 35.98493727766845 ], [ 127.468369767184242, 35.988087433404182 ], [ 127.465589219003405, 35.987474125460032 ], [ 127.463925695239183, 35.983939315343591 ], [ 127.461688037404969, 35.983665724566976 ], [ 127.459516875642379, 35.984313056850027 ], [ 127.456746063375491, 35.983276215650292 ], [ 127.455786332629287, 35.983821415747514 ], [ 127.454809553323912, 35.985060361371659 ], [ 127.454799244313733, 35.987256278512398 ], [ 127.451898656240218, 35.989032470678303 ], [ 127.450596745467664, 35.991637091804364 ], [ 127.448605531693829, 35.993151253033815 ], [ 127.449032960865651, 35.995412010365172 ], [ 127.447698251465695, 35.997367555910621 ], [ 127.448120321382333, 35.998923967171308 ], [ 127.446050230320878, 36.002360237687761 ], [ 127.444151379342728, 36.003564743727381 ], [ 127.444990280578963, 36.006619319105631 ], [ 127.443591951991294, 36.008063609789311 ], [ 127.440334800140135, 36.007947430533328 ], [ 127.437243451165543, 36.009332495738782 ], [ 127.437503771224982, 36.011945081114369 ], [ 127.435362796543473, 36.013565178949719 ], [ 127.435190085106711, 36.014626706862899 ], [ 127.437296375481836, 36.020646523828177 ], [ 127.436758126781484, 36.023005439690145 ], [ 127.434295480393473, 36.024343930004953 ], [ 127.434557165059331, 36.029495126478672 ], [ 127.427578427577942, 36.027007420405802 ], [ 127.423041647427425, 36.0234323855965 ], [ 127.419589621381547, 36.022704066159697 ], [ 127.413405859173551, 36.015156363022818 ], [ 127.409228956121623, 36.013728126523169 ], [ 127.407323698982225, 36.01422011257349 ], [ 127.401223042946, 36.008735859747148 ], [ 127.399769795291348, 36.010104898191614 ], [ 127.397513256038167, 36.010250369242293 ], [ 127.394060562680011, 36.013382192740728 ], [ 127.393301536159782, 36.015928365082381 ], [ 127.392017948898285, 36.016930370238434 ], [ 127.389643254676457, 36.016209218436273 ], [ 127.387918504028988, 36.0184912091012 ], [ 127.384202575034806, 36.020105886795399 ], [ 127.383870371880676, 36.021271488290054 ], [ 127.37649498169931, 36.022889314187609 ], [ 127.376831302435846, 36.028843954354755 ], [ 127.378228865652162, 36.030620601961594 ], [ 127.373540117299441, 36.034520611475472 ], [ 127.372748263142796, 36.038160322235363 ], [ 127.37386662123707, 36.039465871650314 ], [ 127.373640023332626, 36.041088764963135 ], [ 127.37256670449068, 36.041079417391884 ], [ 127.372060719288768, 36.043724913877739 ], [ 127.370551298016935, 36.045639560974436 ], [ 127.36677045489391, 36.047761420126101 ], [ 127.36511297822868, 36.051427364564681 ], [ 127.360828919023859, 36.053628258762345 ], [ 127.360371513605415, 36.054518171463613 ], [ 127.360072509443313, 36.056421186474239 ], [ 127.361617805364077, 36.059458996922338 ], [ 127.360561600695988, 36.061508765942648 ], [ 127.361838782883922, 36.063766408632205 ], [ 127.364340742595274, 36.065768286798118 ], [ 127.364034199632343, 36.068246700075477 ], [ 127.36004733447291, 36.068645086746344 ], [ 127.359458605994675, 36.069246431902464 ], [ 127.359249559698611, 36.071381242411185 ], [ 127.360798965319887, 36.072708428011559 ], [ 127.361731089173688, 36.076168810924059 ], [ 127.360120346668609, 36.079837350100661 ], [ 127.358245026711728, 36.081414984255915 ], [ 127.356950435017225, 36.081546422087733 ], [ 127.357259875505548, 36.086891362394759 ], [ 127.359943336376801, 36.088319748593342 ], [ 127.36005792171936, 36.089380772776671 ], [ 127.358556919592814, 36.08988457882306 ], [ 127.359121042900753, 36.090029108441072 ], [ 127.358480486958271, 36.090860364137022 ], [ 127.35626704106339, 36.092283817963896 ], [ 127.354154958182789, 36.092479637036384 ], [ 127.353173250448094, 36.0937771165813 ], [ 127.350187152646413, 36.094602283948284 ], [ 127.347685397759022, 36.098271821838338 ], [ 127.349440007556169, 36.100257840175146 ], [ 127.350328186948701, 36.104804658764948 ], [ 127.353043787141772, 36.105595697920229 ], [ 127.354920774129383, 36.108338008904802 ], [ 127.353493222929714, 36.110808415789798 ], [ 127.353458630413854, 36.113402862149982 ], [ 127.350506908093337, 36.116395052921611 ], [ 127.348246828330488, 36.116527217918915 ], [ 127.346388560044318, 36.117874468908951 ], [ 127.344406265746926, 36.117864448441225 ], [ 127.343635227810836, 36.118876290762806 ], [ 127.343461094045423, 36.120343499862194 ], [ 127.340740690173291, 36.1242849924067 ], [ 127.340092966324832, 36.128979274004962 ], [ 127.338477040359479, 36.130497015072613 ], [ 127.335266371857429, 36.129514134077894 ], [ 127.331297840271233, 36.12953299826237 ], [ 127.32810261410286, 36.130794145876372 ], [ 127.323164258867592, 36.129917941434208 ], [ 127.322798931402957, 36.130629654505 ], [ 127.322784160634669, 36.126964605815488 ], [ 127.319385702380671, 36.124228090368689 ], [ 127.318547352053415, 36.119733868577356 ], [ 127.315321948838076, 36.119098579339393 ], [ 127.310916045508961, 36.120438457267916 ], [ 127.30908422031986, 36.121704015208209 ], [ 127.308830899701206, 36.123640562658501 ], [ 127.305404353680998, 36.125799160354305 ], [ 127.30431790242389, 36.124981060440753 ], [ 127.30169054644297, 36.125203646121307 ], [ 127.298490496058477, 36.12265856641239 ], [ 127.297988538689125, 36.12314936383013 ], [ 127.297068032290142, 36.122730673109629 ], [ 127.297021627883851, 36.118873896919887 ], [ 127.294848757699711, 36.117799482759089 ], [ 127.293935045106892, 36.113072072750313 ], [ 127.290676024732448, 36.111996305078108 ], [ 127.289339719190949, 36.112808310168795 ], [ 127.285280793658828, 36.112164078336932 ], [ 127.280927636243888, 36.109595730798873 ], [ 127.278845274044357, 36.109549590622436 ], [ 127.274521646795094, 36.107425064378617 ], [ 127.26913987945882, 36.107924709132483 ], [ 127.26762366361713, 36.108918412415221 ], [ 127.267249002077236, 36.108306607046018 ], [ 127.26431365219203, 36.108929817996007 ], [ 127.261315036551252, 36.11078158167544 ], [ 127.259019510641807, 36.114934356050682 ], [ 127.258098864776699, 36.115258910366329 ], [ 127.256452690710773, 36.112869346754614 ], [ 127.251512335091533, 36.112885646154183 ], [ 127.250345890108932, 36.107365072585146 ], [ 127.246192461440955, 36.104791661795922 ], [ 127.246052665623694, 36.096410137089279 ], [ 127.247610698184616, 36.09367261908568 ], [ 127.251066180420537, 36.091748977545073 ], [ 127.254717272449113, 36.087443667339159 ], [ 127.252645791671483, 36.084858735819758 ], [ 127.248702351411296, 36.083066476361481 ], [ 127.242693091467629, 36.084987605049861 ], [ 127.238017601953118, 36.090251838488285 ], [ 127.236092166634208, 36.091355101077262 ], [ 127.235185156922654, 36.094000521161036 ], [ 127.228446425789286, 36.098230573892579 ], [ 127.225918617767576, 36.099142410652277 ], [ 127.223407843556316, 36.098666106918785 ], [ 127.222025191406999, 36.096923732254375 ], [ 127.21953306255287, 36.09671398136927 ], [ 127.218368686664817, 36.097514188976923 ], [ 127.21387481630758, 36.097938197192192 ], [ 127.211732379311456, 36.10066926683033 ], [ 127.204869551822114, 36.100175035038035 ], [ 127.204854587079154, 36.098681862523947 ], [ 127.203781262923627, 36.097802464801561 ], [ 127.204514701295864, 36.096461231116372 ], [ 127.203808966805795, 36.093650934113036 ], [ 127.200796915690077, 36.091622612365612 ], [ 127.20073073570704, 36.089874938546792 ], [ 127.20222993166972, 36.08846204102116 ], [ 127.19804232861317, 36.085791610067382 ], [ 127.194104794287327, 36.085837412184205 ], [ 127.192972678653774, 36.087094680729834 ], [ 127.19064653658215, 36.087773709850168 ], [ 127.19030789414505, 36.089154226112171 ], [ 127.186906428284999, 36.0923182881115 ], [ 127.182440883680556, 36.094690449068878 ], [ 127.178676009253508, 36.094231193671533 ], [ 127.177029660084244, 36.090945016528053 ], [ 127.172585288229598, 36.087430805904873 ], [ 127.170993145021015, 36.087079617943964 ], [ 127.170750017123467, 36.0846176741844 ], [ 127.168739112400218, 36.083966306054613 ], [ 127.164477393304594, 36.085439097109472 ], [ 127.16109735423818, 36.083937549003174 ], [ 127.157403180385401, 36.083712628985893 ], [ 127.152769551303294, 36.08558349473951 ], [ 127.15120390253395, 36.090040021263405 ], [ 127.145784080061176, 36.090290245545383 ], [ 127.142373336004766, 36.087714015900602 ], [ 127.140120729911388, 36.088048105100121 ], [ 127.137701315997973, 36.086839044561238 ], [ 127.135192390114568, 36.084187515277407 ], [ 127.133738918669309, 36.081146683224752 ], [ 127.134704986882056, 36.076101909918656 ], [ 127.133574920114384, 36.074776399987286 ], [ 127.134336523315767, 36.073921944162208 ], [ 127.133437435655978, 36.071144644535742 ], [ 127.13394715688095, 36.070286242854401 ], [ 127.13211595145529, 36.066863061401918 ], [ 127.131055706360769, 36.065768733912513 ], [ 127.123187785309725, 36.064247680200189 ], [ 127.122047854526784, 36.063033310847928 ], [ 127.118116436554317, 36.067119710351363 ], [ 127.112651339081836, 36.069248125382657 ], [ 127.10934845583462, 36.072595204701166 ], [ 127.106260825525823, 36.071956680889677 ], [ 127.102031194679128, 36.075776114655788 ], [ 127.094418514597251, 36.073264484108876 ], [ 127.092709835792476, 36.075992536667798 ], [ 127.090380392481549, 36.07180053379804 ], [ 127.088181217333272, 36.074034065014473 ], [ 127.087825903766756, 36.075556809026068 ], [ 127.082260599939247, 36.077759935584496 ], [ 127.080276133188335, 36.08088441219347 ], [ 127.07731761694086, 36.081999165270382 ], [ 127.076957810123631, 36.083601581938836 ], [ 127.07548150546657, 36.08489461929134 ], [ 127.071710833394363, 36.08463046652227 ], [ 127.070109769609616, 36.087598926206645 ], [ 127.065239541279681, 36.089830428049055 ], [ 127.063646982395682, 36.089068895412474 ], [ 127.060896453609473, 36.089040724321251 ], [ 127.063132455745247, 36.091568904034418 ], [ 127.060185308967917, 36.09487107777516 ], [ 127.061234651696552, 36.09967684010465 ], [ 127.060332150565344, 36.100526958311484 ], [ 127.061047644390356, 36.105476232415228 ], [ 127.060012030384783, 36.106638177757979 ], [ 127.057806261642128, 36.107050133978213 ], [ 127.058963993074187, 36.110780030984898 ], [ 127.057885788703075, 36.111976620212936 ], [ 127.058146762194824, 36.11290108015482 ], [ 127.056957974574885, 36.113120185297547 ], [ 127.057720955852687, 36.114945059008619 ], [ 127.056965613697329, 36.115087068187577 ], [ 127.057251598304575, 36.116038275163362 ], [ 127.058487788874302, 36.11580506842391 ], [ 127.058753999996711, 36.116740789283291 ], [ 127.062314652156829, 36.115947942976689 ], [ 127.061059617820021, 36.117191116934983 ], [ 127.063008795530479, 36.125223285014471 ], [ 127.060211828839883, 36.123729250212584 ], [ 127.060766720236259, 36.126041703222107 ], [ 127.056106318948139, 36.126784875114247 ], [ 127.056319209769569, 36.12766092303324 ], [ 127.055104838880951, 36.127856079920406 ], [ 127.05564048908191, 36.130116745034634 ], [ 127.050706441774494, 36.130905179168657 ], [ 127.049510255719269, 36.13285227200091 ], [ 127.050125211403397, 36.134162721811634 ], [ 127.047808300841922, 36.133847654328164 ], [ 127.046245858636837, 36.134490922294873 ], [ 127.046200135297866, 36.135290194154948 ], [ 127.045746542967606, 36.134374511044953 ], [ 127.044757305819104, 36.134458513679959 ], [ 127.045806244202595, 36.13773824282012 ], [ 127.044526229832798, 36.137593670106902 ], [ 127.04552935044569, 36.138651101587094 ], [ 127.043235686128369, 36.142782259179398 ], [ 127.045462008645998, 36.143047043910329 ], [ 127.044190889004767, 36.143445439325411 ], [ 127.044838866636397, 36.14608602018027 ], [ 127.042515225304953, 36.146483368695833 ], [ 127.040885969900074, 36.141529537368349 ], [ 127.039772997823974, 36.141566223834204 ], [ 127.039687201113722, 36.138272343262223 ], [ 127.038460755868982, 36.139055940677913 ], [ 127.034929113032391, 36.139250169321002 ], [ 127.030387359982825, 36.137769715497704 ], [ 127.030964349225798, 36.137638052618634 ], [ 127.029784384981696, 36.136619405868224 ], [ 127.024060418595127, 36.136503464157428 ], [ 127.020407717728574, 36.138236105192568 ], [ 127.017426386297871, 36.147022175281407 ], [ 127.015437031631237, 36.14876316078184 ], [ 127.013845497641498, 36.146877001223615 ], [ 127.011263334790343, 36.145816916920602 ], [ 127.008814268819847, 36.14715960587607 ], [ 127.005855999838801, 36.147212132352315 ], [ 127.006712462202643, 36.149903880533543 ], [ 127.005340690778951, 36.150616734260488 ], [ 127.001352519158218, 36.14795598864896 ], [ 126.998031750085161, 36.14684604946185 ], [ 126.98080533261377, 36.147958712284534 ], [ 126.977192304027213, 36.148521566973187 ], [ 126.971459082917193, 36.151031537604119 ], [ 126.963028702725197, 36.156277797006268 ], [ 126.956626502672677, 36.156570435432556 ], [ 126.944457345670017, 36.153509610657551 ], [ 126.941348662790176, 36.152114314859624 ], [ 126.939684467048494, 36.151184389836821 ], [ 126.939685814103171, 36.149467594293661 ], [ 126.938920661626, 36.150768870874856 ], [ 126.934398450808672, 36.146848435720507 ], [ 126.931355475685592, 36.142929269305036 ], [ 126.933049728552092, 36.142930249652188 ], [ 126.92525102282228, 36.139910161024382 ], [ 126.919691522084278, 36.136299423529294 ], [ 126.914696451804872, 36.135743911044941 ], [ 126.911089454880738, 36.136570075357753 ], [ 126.904148887798343, 36.141292022896373 ], [ 126.897756474988611, 36.142684103084775 ], [ 126.895247817959174, 36.142448699645662 ], [ 126.887756552527364, 36.137953826736705 ], [ 126.882205435151675, 36.131292738080582 ], [ 126.877481063523931, 36.117141504850892 ], [ 126.873811584269419, 36.110438285402111 ], [ 126.8735877888342, 36.086834735364157 ], [ 126.870817905329133, 36.067404116814465 ], [ 126.868036513913864, 36.062411130861911 ], [ 126.865529696333368, 36.060924964517113 ], [ 126.840541215328514, 36.052964155822565 ], [ 126.829707712767856, 36.051854702490658 ], [ 126.821097570507092, 36.049918524349302 ], [ 126.818875283153062, 36.048240859750301 ], [ 126.814153391295051, 36.041304046518846 ], [ 126.808320082770265, 36.035743274411914 ], [ 126.805821722646968, 36.034360924359959 ], [ 126.793880244173877, 36.032138921338152 ], [ 126.769712787439062, 36.029640081123425 ], [ 126.761655260166506, 36.026024141897771 ], [ 126.748047369765757, 36.025750586719234 ], [ 126.743845223192636, 36.018813204216734 ], [ 126.7364827157202, 36.000431906757278 ], [ 126.730211961162709, 36.00321665687715 ], [ 126.726804124799997, 36.000022175908583 ], [ 126.724588366864978, 36.000522212454619 ], [ 126.72367729706319, 35.999695608979771 ], [ 126.722976288348093, 36.00080246063424 ], [ 126.721719999832175, 36.000227974187361 ], [ 126.720162530714177, 36.000990659686252 ], [ 126.719500514329951, 36.000544742327904 ], [ 126.719422630176894, 36.001462320434207 ], [ 126.707731923045358, 36.005405277387332 ], [ 126.704534051451759, 36.005887882009617 ], [ 126.703528241100869, 36.004881982231787 ], [ 126.70209032678963, 36.005630817662116 ], [ 126.70271869805805, 36.006457028087283 ], [ 126.70218656602087, 36.006790866621891 ], [ 126.701562102998267, 36.00617401054253 ], [ 126.696510474460368, 36.006642519921876 ], [ 126.698232924647257, 36.006729238554279 ], [ 126.698287047834839, 36.007341938453777 ], [ 126.696213152375819, 36.007467923511967 ], [ 126.696137465713207, 36.006668973459185 ], [ 126.687774352614625, 36.007287718369682 ], [ 126.683967183032394, 36.006825133130583 ], [ 126.683871641265242, 36.008551571015545 ], [ 126.677082077152932, 36.009019301726362 ], [ 126.675088021143338, 36.008094564210559 ], [ 126.67466889469442, 36.008562454148404 ], [ 126.672291314628438, 36.005910121237179 ], [ 126.66802673405796, 36.004245054657467 ], [ 126.666170803065, 36.004767293966083 ], [ 126.665070552071072, 36.00610801176574 ], [ 126.661163653227405, 36.005721038965326 ], [ 126.660777048240931, 36.008288153105305 ], [ 126.661271386898221, 36.006229634020421 ], [ 126.66319040760267, 36.006191802054339 ], [ 126.662910612833358, 36.008749130065333 ], [ 126.660712307358452, 36.008898366571238 ], [ 126.663014001961116, 36.009382194426458 ], [ 126.661047947437908, 36.009284732814663 ], [ 126.66047553409669, 36.010770031644668 ], [ 126.662787784869238, 36.013987140169426 ], [ 126.66235800819473, 36.014786471954665 ], [ 126.663841700323843, 36.01466679309118 ], [ 126.66451457842885, 36.01585185290979 ], [ 126.66427575801238, 36.020708784901032 ], [ 126.662741109168522, 36.026891228505789 ], [ 126.659407265844919, 36.029049405198101 ], [ 126.662108840780192, 36.028727326794133 ], [ 126.664835132455011, 36.029603001189678 ], [ 126.666450153617888, 36.028862191324784 ], [ 126.668725382004666, 36.031235501133942 ], [ 126.664119897332753, 36.036320769267867 ], [ 126.662399766273509, 36.039623084687229 ], [ 126.661604442251914, 36.040314576665416 ], [ 126.659681493664394, 36.040022996642612 ], [ 126.661643217126922, 36.040573201967796 ], [ 126.658380594257707, 36.044615711780892 ], [ 126.654771962967246, 36.046448391268072 ], [ 126.650151120788053, 36.046760204077032 ], [ 126.648251074853889, 36.050317405632363 ], [ 126.646219496588799, 36.051203141563711 ], [ 126.645712211399285, 36.052361389351326 ], [ 126.64634224264698, 36.05233937528245 ], [ 126.646512190164358, 36.05279597544245 ], [ 126.645487758309471, 36.052344277486533 ], [ 126.64417501599128, 36.051143603071509 ], [ 126.643449597837659, 36.05066471246996 ], [ 126.639345538197475, 36.049393917028524 ], [ 126.63181021099463, 36.047566598219589 ], [ 126.643283844754521, 36.050668490225192 ], [ 126.645449290036595, 36.052396533305618 ], [ 126.646380289006672, 36.052951858255256 ], [ 126.64525151360516, 36.054183239217856 ], [ 126.64365758077534, 36.0541225738029 ], [ 126.644918976127315, 36.054646456004079 ], [ 126.643723333691483, 36.056221322349337 ], [ 126.644586971171435, 36.056785049397575 ], [ 126.643813182090184, 36.056580826162644 ], [ 126.642755927221828, 36.055523189790222 ], [ 126.639466695322753, 36.056299891503073 ], [ 126.638073322650783, 36.055364254157467 ], [ 126.641851079260064, 36.054731274001767 ], [ 126.635576538039899, 36.055557123304425 ], [ 126.632851110081688, 36.055148086925946 ], [ 126.632333782584027, 36.053959914232216 ], [ 126.63125916081755, 36.053961558040726 ], [ 126.631758932807543, 36.055422565311709 ], [ 126.63107673121516, 36.055837803213066 ], [ 126.632843917670385, 36.055400794600224 ], [ 126.632990344979859, 36.05732929399754 ], [ 126.631932131412924, 36.064709952139545 ], [ 126.632290275552222, 36.072146412203793 ], [ 126.630695861071501, 36.077306149901069 ], [ 126.627867208773594, 36.080369780721064 ], [ 126.623645829867812, 36.080444548477942 ], [ 126.623129725057353, 36.078711763114725 ], [ 126.62169251153486, 36.077769959416365 ], [ 126.62206401472173, 36.076956418058913 ], [ 126.620071535874644, 36.076918815211116 ], [ 126.620312509483213, 36.076310034721814 ], [ 126.618907643576549, 36.077535926190656 ], [ 126.619327644006617, 36.078710797071068 ], [ 126.618114004207328, 36.078931455737496 ], [ 126.619771335821383, 36.079618855476923 ], [ 126.62029613497927, 36.081409386931966 ], [ 126.623128096311206, 36.08107861315883 ], [ 126.624168973931845, 36.08446891911538 ], [ 126.626210785378305, 36.083572781671343 ], [ 126.626292140383583, 36.084756025460003 ], [ 126.626551723073391, 36.083507867265006 ], [ 126.627953164397923, 36.083437370444031 ], [ 126.630520860467087, 36.081631104982243 ], [ 126.632595194754231, 36.081614131872655 ], [ 126.63701563269727, 36.084833253614342 ], [ 126.639905569308752, 36.085737365418062 ], [ 126.640925722845253, 36.087405529353049 ], [ 126.641484613527695, 36.08700371096193 ], [ 126.64085947635256, 36.086527997730194 ], [ 126.642031738602228, 36.086723284135132 ], [ 126.644406465901568, 36.089099873641665 ], [ 126.64585768932514, 36.088946476230873 ], [ 126.646019847727786, 36.088070477763353 ], [ 126.646776090379802, 36.088422966947363 ], [ 126.646136759835073, 36.091240143680075 ], [ 126.643941489217013, 36.093663820983245 ], [ 126.644678439320487, 36.093940779955915 ], [ 126.643198979115681, 36.093923486530642 ], [ 126.642663853484962, 36.092924959902682 ], [ 126.641254866150845, 36.09272721488837 ], [ 126.640158550105483, 36.09070914523339 ], [ 126.636437947227165, 36.093206615267881 ], [ 126.633587182538548, 36.093240408785199 ], [ 126.632330738630884, 36.09150196684034 ], [ 126.63066954705198, 36.091504796829526 ], [ 126.630444120977572, 36.093574614724076 ], [ 126.631947948780194, 36.094600470644224 ], [ 126.632464796859153, 36.096395048992562 ], [ 126.631876480309685, 36.099686393846603 ], [ 126.630682000190944, 36.100184163178561 ], [ 126.629814261887603, 36.098687667751278 ], [ 126.62938353668865, 36.100136020990426 ], [ 126.620030080044359, 36.102293237727359 ], [ 126.616748980984127, 36.102038244840806 ], [ 126.616061301324152, 36.099747061576302 ], [ 126.613837404612852, 36.096945400658363 ], [ 126.614478907455052, 36.095978615043691 ], [ 126.613371271911149, 36.096398102505425 ], [ 126.61257542270576, 36.095008719075857 ], [ 126.611906009704853, 36.095152539876018 ], [ 126.612496915673816, 36.096176672771279 ], [ 126.610176571334335, 36.098491924237834 ], [ 126.607873875354542, 36.099212876946339 ], [ 126.605957307658414, 36.09892022110926 ], [ 126.605990241132517, 36.099990790760728 ], [ 126.606294410758494, 36.099499690945578 ], [ 126.607608412674594, 36.100553581007532 ], [ 126.608247669694208, 36.102752907627682 ], [ 126.604487970397614, 36.110833602684707 ], [ 126.606139053212985, 36.111484967215659 ], [ 126.607405506760458, 36.110496395236481 ], [ 126.606722957154503, 36.112148302276772 ], [ 126.604527575374192, 36.11136499814468 ], [ 126.603112310249912, 36.109843661876518 ], [ 126.602959938949851, 36.110965559670596 ], [ 126.601418093386172, 36.110786479996662 ], [ 126.602528165806547, 36.112102563888484 ], [ 126.599531329961593, 36.118942822717209 ], [ 126.597804021478396, 36.120993217519107 ], [ 126.59655002251391, 36.121362487739631 ], [ 126.591276461239175, 36.128889632608903 ], [ 126.590508803569676, 36.128089287807796 ], [ 126.590923946889703, 36.12907920565376 ], [ 126.590127908704758, 36.128782383975782 ], [ 126.585803985469767, 36.130820775840441 ], [ 126.58535985008966, 36.130214547316015 ], [ 126.585609069496172, 36.130846967021078 ], [ 126.58319554681448, 36.131100816314529 ], [ 126.580123507756852, 36.135114507252474 ], [ 126.578122134568758, 36.136858443583868 ], [ 126.577515499705555, 36.136407368885102 ], [ 126.578116524805537, 36.136930970600531 ], [ 126.576093096143012, 36.138646471365199 ], [ 126.570726911738674, 36.139549391827231 ], [ 126.570027425536679, 36.140609311942171 ], [ 126.567629889006696, 36.139165773808834 ], [ 126.567640953991727, 36.133623418531293 ], [ 126.565968368213674, 36.134934400515753 ], [ 126.56362067399796, 36.134827115842036 ], [ 126.562882647652543, 36.133311526631395 ], [ 126.564298341722449, 36.132605623948606 ], [ 126.560543333269848, 36.132025128855204 ], [ 126.559687098499438, 36.129376449039164 ], [ 126.557643322311719, 36.129377364477556 ], [ 126.555993220194097, 36.128437033099026 ], [ 126.554832866741805, 36.135065806150088 ], [ 126.550410788942528, 36.139873256370755 ], [ 126.544548110327071, 36.144615148024421 ], [ 126.535333843861849, 36.149239654309838 ], [ 126.519284597666257, 36.152287660097265 ], [ 126.506899466896286, 36.15025436474069 ], [ 126.505849876862271, 36.148768642502652 ], [ 126.506355886966659, 36.147232216832897 ], [ 126.506804509436137, 36.147595041562994 ], [ 126.506429762901831, 36.14681081609239 ], [ 126.504012884258685, 36.145475845862563 ], [ 126.504010489651449, 36.144361250852612 ], [ 126.501124462131273, 36.141283030562469 ], [ 126.503057143840124, 36.136977972661441 ], [ 126.502830601817294, 36.135143829355535 ], [ 126.504720293340739, 36.135070661291444 ], [ 126.50649392837488, 36.133617727529682 ], [ 126.504822023261099, 36.134097746235831 ], [ 126.503086326019258, 36.133519673420189 ], [ 126.504032398121367, 36.129303051307694 ], [ 126.505811290751168, 36.129435697551884 ], [ 126.506718049772189, 36.12877192275495 ], [ 126.508832322804324, 36.129373872786246 ], [ 126.506848774280769, 36.12849209707867 ], [ 126.502572232252874, 36.128696028604551 ], [ 126.499856270325409, 36.130065931333206 ], [ 126.497766483168249, 36.132594733239443 ], [ 126.496932116706503, 36.131444594923423 ], [ 126.49708847231436, 36.133164620069913 ], [ 126.494218438553688, 36.133339788694514 ], [ 126.492890554406245, 36.13632758936221 ], [ 126.493167394180944, 36.145590452784326 ], [ 126.492253855699175, 36.146527250716105 ], [ 126.493148242836526, 36.147249390246294 ], [ 126.492836361351564, 36.158659504369837 ], [ 126.491911873550919, 36.159792679763861 ], [ 126.493321686174156, 36.160232103336398 ], [ 126.495879635961487, 36.158741997692793 ], [ 126.497808767424942, 36.158910687890554 ], [ 126.503525966944693, 36.161669452176859 ], [ 126.502653479003399, 36.160553699164765 ], [ 126.499739696168945, 36.15932205709445 ], [ 126.50020780211787, 36.157981405586348 ], [ 126.500862064685833, 36.158129436373343 ], [ 126.50027902074595, 36.157801869423274 ], [ 126.500735631234605, 36.15650271053714 ], [ 126.506103358894663, 36.15941637943493 ], [ 126.504513714853047, 36.160595825555355 ], [ 126.505526720057205, 36.161259754009748 ], [ 126.50670337847032, 36.161132699921637 ], [ 126.504928833093217, 36.160740843234869 ], [ 126.506110020562772, 36.159747517572278 ], [ 126.508568731337817, 36.160334867681875 ], [ 126.510110568390203, 36.158151342705722 ], [ 126.513453666361485, 36.159704439254511 ], [ 126.512669975636683, 36.161032423068491 ], [ 126.513231412186428, 36.161517137313957 ], [ 126.516999810452901, 36.158961832407982 ], [ 126.521710195149865, 36.162938646704966 ], [ 126.525455353517415, 36.167915146677629 ], [ 126.526259332721168, 36.169559864061448 ], [ 126.524977684378854, 36.173139663577693 ], [ 126.526208580300434, 36.173829418320771 ], [ 126.526978830827801, 36.172983300418466 ], [ 126.527612988711155, 36.173448757204753 ], [ 126.527556066415528, 36.173863803921606 ], [ 126.526609772416094, 36.174328914669196 ], [ 126.528576388043604, 36.174627373688395 ], [ 126.528054260268661, 36.175686495638111 ], [ 126.526476154101189, 36.17578111687228 ], [ 126.523585542786151, 36.182049589231788 ], [ 126.523641339285405, 36.185214318364672 ], [ 126.534041322174943, 36.198433130076623 ], [ 126.536199861733508, 36.199344951623836 ], [ 126.537103413077631, 36.203003630647643 ], [ 126.537071859120559, 36.19987953697467 ], [ 126.537852605093988, 36.201796745991146 ], [ 126.536282125181572, 36.20902602252059 ], [ 126.537442963077098, 36.209922199847405 ], [ 126.535728838486037, 36.21068076612849 ], [ 126.531259190745715, 36.218750443840243 ], [ 126.529492232356873, 36.21993914805072 ], [ 126.527814051458748, 36.218964487291018 ], [ 126.52658716502448, 36.219778417146394 ], [ 126.529716019886877, 36.220943260468943 ], [ 126.531041745065735, 36.226090776344407 ], [ 126.5308492001909, 36.231289896847485 ], [ 126.528790847788983, 36.232324826857941 ], [ 126.530022564811048, 36.233159892261426 ], [ 126.530385990116073, 36.237829965809411 ], [ 126.528062929935302, 36.238116847184912 ], [ 126.528046210712816, 36.239412149063554 ], [ 126.531305412458877, 36.240545437144938 ], [ 126.535026441592962, 36.243593554471595 ], [ 126.537410352412181, 36.24786910932572 ], [ 126.535280133025182, 36.248880681497397 ], [ 126.535071481391398, 36.249875709632235 ], [ 126.536343465857513, 36.248666460343713 ], [ 126.538432987458037, 36.249096619791672 ], [ 126.5385546632142, 36.247824495168963 ], [ 126.540361157657316, 36.248788574375816 ], [ 126.54042356540505, 36.250539748907691 ], [ 126.538411899541231, 36.250605017469837 ], [ 126.537560027921415, 36.249613611160974 ], [ 126.537195298112749, 36.251501585653791 ], [ 126.533822206202117, 36.250160454210622 ], [ 126.537595225466362, 36.252396010345485 ], [ 126.538252099893228, 36.253818655343657 ], [ 126.537348057970732, 36.254278569117744 ], [ 126.538703835115058, 36.25473010137118 ], [ 126.540071491473014, 36.260814749730613 ], [ 126.541478292304333, 36.261304898279946 ], [ 126.544243495931227, 36.260358011889771 ], [ 126.544903206412243, 36.26114029223141 ], [ 126.54384854381675, 36.261972142351418 ], [ 126.545363300697204, 36.260942528683415 ], [ 126.547107871779147, 36.261230271094647 ], [ 126.548131850371377, 36.265107043583669 ], [ 126.547799233520635, 36.266829504618578 ], [ 126.546330649066007, 36.267503081525675 ], [ 126.543231763440588, 36.267489511734787 ], [ 126.543228523165268, 36.267942731976525 ], [ 126.546277793116275, 36.267561890547782 ], [ 126.546781673678481, 36.268245308406975 ], [ 126.540472870011911, 36.277875550720566 ], [ 126.539159625634852, 36.277692396599768 ], [ 126.539334510868613, 36.274811059751322 ], [ 126.534729196781342, 36.276557000397354 ], [ 126.536612030003681, 36.278795793289746 ], [ 126.538741413120164, 36.278186840772783 ], [ 126.539872186396835, 36.278800585203605 ], [ 126.527834298537343, 36.29625747722163 ], [ 126.528181492877835, 36.297133261369424 ], [ 126.522302796500014, 36.300299455050357 ], [ 126.519451837860117, 36.298784890225782 ], [ 126.519284483802764, 36.297497270700035 ], [ 126.516983211777998, 36.298998182435554 ], [ 126.516762240885143, 36.300227796153443 ], [ 126.517853525085158, 36.299981880851071 ], [ 126.51809051308858, 36.301544399262582 ], [ 126.51299097285802, 36.311376162342704 ], [ 126.504999226154226, 36.322326449277838 ], [ 126.501458602768963, 36.323695651060177 ], [ 126.500833239749142, 36.324818906144991 ], [ 126.503190228592231, 36.324576523378553 ], [ 126.50392422559058, 36.325178601180063 ], [ 126.504300929716848, 36.329824896038986 ], [ 126.505534747427873, 36.331149208016285 ], [ 126.50483870910692, 36.328709146762705 ], [ 126.506953932858167, 36.327952290287151 ], [ 126.507428136580501, 36.328568864682552 ], [ 126.5070862749171, 36.327906604474812 ], [ 126.507798674671108, 36.327652994002797 ], [ 126.512312459106454, 36.327571285590238 ], [ 126.51249024024861, 36.328375490446355 ], [ 126.512700335435625, 36.327564677522687 ], [ 126.513750585136407, 36.327543445930388 ], [ 126.513873834043508, 36.32816557266294 ], [ 126.513885459363806, 36.327541353090872 ], [ 126.515067497877055, 36.327522974089618 ], [ 126.515973906381674, 36.328164662630513 ], [ 126.516164044315119, 36.332321206810775 ], [ 126.520094248171972, 36.335406693710453 ], [ 126.528223225858625, 36.335639090385285 ], [ 126.529781489013985, 36.336932109157942 ], [ 126.534001193912857, 36.33810484348497 ], [ 126.543267905833204, 36.338947798811461 ], [ 126.547358739511253, 36.344315857763164 ], [ 126.550457187013905, 36.346931087719433 ], [ 126.555942955430453, 36.349564972701664 ], [ 126.558596637441596, 36.349731805485462 ], [ 126.56012537210259, 36.351022571875802 ], [ 126.559829935164444, 36.353156388632364 ], [ 126.545755175104489, 36.355038789786342 ], [ 126.529120428619635, 36.366043170748128 ], [ 126.529253519162879, 36.367013686063693 ], [ 126.528287475740797, 36.366461082785577 ], [ 126.528094548447044, 36.367568614632809 ], [ 126.527818589575162, 36.366152184130364 ], [ 126.527206548010469, 36.367089916896937 ], [ 126.527773717968969, 36.367638448628576 ], [ 126.525392273298976, 36.3683594370018 ], [ 126.519998647116964, 36.373784108348836 ], [ 126.517388888134363, 36.374804278907185 ], [ 126.515750588723705, 36.374278414142111 ], [ 126.515729996724332, 36.375369311309669 ], [ 126.509673972508452, 36.381059725994028 ], [ 126.50556241636626, 36.379384345510942 ], [ 126.501681318562603, 36.37937090292904 ], [ 126.500379166628335, 36.380944649868553 ], [ 126.501453117763262, 36.382853562166027 ], [ 126.507642515160256, 36.383597246719148 ], [ 126.508698415811381, 36.385234768293714 ], [ 126.508225479832618, 36.387487466340794 ], [ 126.506810545829268, 36.384289650049816 ], [ 126.50161249179861, 36.383877023676739 ], [ 126.499446810797096, 36.38248426543629 ], [ 126.494757327042109, 36.383321258754464 ], [ 126.49339571667781, 36.382876931596407 ], [ 126.492704900687585, 36.381498686153286 ], [ 126.489003222610279, 36.383339948475196 ], [ 126.486416574716429, 36.382813877463491 ], [ 126.485408435859839, 36.381867440455757 ], [ 126.482902657590671, 36.383018051347506 ], [ 126.481612038670008, 36.382637085741095 ], [ 126.479547679471452, 36.384997218981439 ], [ 126.481203144227564, 36.388827410548899 ], [ 126.481350340337485, 36.388146939763736 ], [ 126.482180437429619, 36.38824790349026 ], [ 126.482222860793357, 36.389775651400463 ], [ 126.484562145292415, 36.39331531257595 ], [ 126.483399454907541, 36.393421060317586 ], [ 126.484545573897705, 36.393529321279921 ], [ 126.484065297005074, 36.397254818154842 ], [ 126.486786272729347, 36.399418753578551 ], [ 126.486428676447716, 36.403771065303566 ], [ 126.48738505467594, 36.408312595639188 ], [ 126.488319347163866, 36.409006648499833 ], [ 126.488084288210317, 36.410479562184847 ], [ 126.488916232450492, 36.410875483683533 ], [ 126.48829268382525, 36.411941544218216 ], [ 126.488886827674776, 36.413468942338902 ], [ 126.488217741856275, 36.413784996672014 ], [ 126.491805118846756, 36.421354735119607 ], [ 126.492893113050414, 36.421163898543675 ], [ 126.49375940644066, 36.422231458695208 ], [ 126.496035882258383, 36.42158438609119 ], [ 126.495538146989645, 36.42091180289065 ], [ 126.497432150601185, 36.419316076128737 ], [ 126.500221693365049, 36.421792042779451 ], [ 126.496123407480994, 36.423464330846286 ], [ 126.495248359023208, 36.425744604902164 ], [ 126.497204151571069, 36.42678089919125 ], [ 126.499432296126173, 36.426091331440446 ], [ 126.502567961702709, 36.426268421029889 ], [ 126.505917981612583, 36.427646973341339 ], [ 126.509369117350658, 36.43082119255704 ], [ 126.510433038770302, 36.433009580857629 ], [ 126.513568718526969, 36.434053594466334 ], [ 126.514882108160322, 36.434973063348316 ], [ 126.514727623828406, 36.435888707367354 ], [ 126.516962756898778, 36.436556202538142 ], [ 126.517667827947875, 36.439062803570245 ], [ 126.521549148794421, 36.439820815159614 ], [ 126.52217148064517, 36.440657554334123 ], [ 126.525935384509694, 36.439528196842993 ], [ 126.530158046228905, 36.439950637298232 ], [ 126.531607018255656, 36.440964763433669 ], [ 126.528181541978171, 36.443459288217085 ], [ 126.526679324494935, 36.445551505432732 ], [ 126.52604172966852, 36.445024114768565 ], [ 126.525451957443394, 36.446803628739509 ], [ 126.523295313195746, 36.443971702709526 ], [ 126.52156508097778, 36.443427861478142 ], [ 126.520532286394868, 36.444233435301321 ], [ 126.520275178921906, 36.444239494605327 ], [ 126.520130964825313, 36.443471064125667 ], [ 126.518465131401186, 36.443595087478457 ], [ 126.516601022719115, 36.442547807714838 ], [ 126.515499590252432, 36.443115233864297 ], [ 126.512052937634053, 36.440224920051214 ], [ 126.509960069016984, 36.441864789332229 ], [ 126.510110089381243, 36.4392496865648 ], [ 126.507364429077469, 36.436760853538644 ], [ 126.500746509848938, 36.432590629073054 ], [ 126.498547577601371, 36.43242316188168 ], [ 126.496615620870955, 36.433909377426552 ], [ 126.49636046933054, 36.438619823072258 ], [ 126.49736934149432, 36.44111298031747 ], [ 126.500036302068537, 36.442755147421551 ], [ 126.500244992656576, 36.444856220776721 ], [ 126.498932284209374, 36.445717973005408 ], [ 126.498130913364122, 36.445675623655539 ], [ 126.497894681053438, 36.445795672114208 ], [ 126.497784825193932, 36.445880829991438 ], [ 126.497551475790658, 36.445746971353373 ], [ 126.496436819206608, 36.446183840579224 ], [ 126.495953431461601, 36.445209157186667 ], [ 126.494165434792251, 36.444902120729665 ], [ 126.495967768496584, 36.44527737243579 ], [ 126.496368744270384, 36.446208235767628 ], [ 126.497801729970604, 36.445909080265494 ], [ 126.498157545839064, 36.445689810308615 ], [ 126.498453098249996, 36.445773706483493 ], [ 126.498571288833233, 36.445865255119188 ], [ 126.492998490886009, 36.448225995495115 ], [ 126.492489814175471, 36.447632856243231 ], [ 126.492912914486581, 36.4482448717823 ], [ 126.490802436343586, 36.448050303835039 ], [ 126.490066878746831, 36.451212119633503 ], [ 126.486692298583236, 36.453577624150817 ], [ 126.48635354341441, 36.454773584334376 ], [ 126.487722162664838, 36.456582026853084 ], [ 126.485703545685041, 36.457312302407693 ], [ 126.487905920603495, 36.456598054984312 ], [ 126.488961636521722, 36.460165624589685 ], [ 126.487941306369208, 36.462195703933126 ], [ 126.485564905649113, 36.462172463671045 ], [ 126.486299596571058, 36.463692071375348 ], [ 126.485205147017751, 36.46455259772754 ], [ 126.486390992644544, 36.466607838719142 ], [ 126.488875538809708, 36.467014938531854 ], [ 126.490031699248675, 36.468280822802008 ], [ 126.488727988283117, 36.471353933653802 ], [ 126.486112972080903, 36.471586021370705 ], [ 126.484100815334457, 36.47264061704746 ], [ 126.484729282684, 36.472733916974235 ], [ 126.483914192723375, 36.472817094963119 ], [ 126.483765820764319, 36.475045369479744 ], [ 126.481812630017671, 36.476287066163778 ], [ 126.480968092434537, 36.475962581736361 ], [ 126.48171323317743, 36.476300409084494 ], [ 126.481040097000871, 36.477731404106066 ], [ 126.481155490186438, 36.483545397226315 ], [ 126.480117165858033, 36.48604801889681 ], [ 126.480383944517456, 36.488217871094989 ], [ 126.479108811261625, 36.489104943156029 ], [ 126.480040250446905, 36.490157970786086 ], [ 126.479221082486731, 36.491392187471014 ], [ 126.480283483989609, 36.49301849152863 ], [ 126.4793024518561, 36.493884742154606 ], [ 126.480005965444462, 36.495742562364036 ], [ 126.481864101737173, 36.497163699019552 ], [ 126.481144966237565, 36.497258060697959 ], [ 126.480228601694563, 36.497629040788304 ], [ 126.480125844975959, 36.497723301557997 ], [ 126.48203614167771, 36.497159039800863 ], [ 126.480644219267433, 36.49857111697365 ], [ 126.482450354012371, 36.501238378467114 ], [ 126.482945356043317, 36.506895742791315 ], [ 126.482187920698152, 36.507404127872086 ], [ 126.483938613306833, 36.507612002997092 ], [ 126.48374175719573, 36.508464312157514 ], [ 126.48176592440835, 36.508050227209964 ], [ 126.48376973482506, 36.508769616229138 ], [ 126.482978616528072, 36.514254017605481 ], [ 126.48146895230137, 36.514353616465648 ], [ 126.480826992489426, 36.515070630591872 ], [ 126.482726707757948, 36.514668736640601 ], [ 126.482647224875322, 36.516061976611674 ], [ 126.481001753013629, 36.515655594130436 ], [ 126.4829378105876, 36.516961479681171 ], [ 126.48205011201253, 36.518411401526656 ], [ 126.482889237780583, 36.518813609705973 ], [ 126.483265345348343, 36.521068334505578 ], [ 126.488096728910847, 36.526548992205093 ], [ 126.484706716401135, 36.530957430539331 ], [ 126.482103737664389, 36.530911749205373 ], [ 126.481466069330821, 36.530316575968648 ], [ 126.481900307501959, 36.531409630279477 ], [ 126.480553975375102, 36.534109771028895 ], [ 126.478138381060333, 36.536531640481037 ], [ 126.476689542268176, 36.535594999296123 ], [ 126.471850925603476, 36.537813166886934 ], [ 126.470885675081547, 36.536613083950392 ], [ 126.471673527535529, 36.537870153485464 ], [ 126.468873801175306, 36.538912800509202 ], [ 126.466722788532792, 36.536827377117042 ], [ 126.468226137184857, 36.533869505769665 ], [ 126.470306956245352, 36.533319355036149 ], [ 126.466938393093812, 36.533985998258089 ], [ 126.466254685734327, 36.534806709331164 ], [ 126.466505436871415, 36.537384374448443 ], [ 126.468965389343765, 36.539760866118137 ], [ 126.468126319212317, 36.541948791710077 ], [ 126.464160402482761, 36.546394744844918 ], [ 126.464235691991064, 36.548318348354087 ], [ 126.462618559544268, 36.549421050014224 ], [ 126.464360438078316, 36.548410078183188 ], [ 126.465049670224502, 36.548923008848647 ], [ 126.46622513592007, 36.551506824027285 ], [ 126.464271032563659, 36.552080377043346 ], [ 126.466523172314623, 36.551583086541577 ], [ 126.468197020856778, 36.556218605166649 ], [ 126.461668213495187, 36.556553862123032 ], [ 126.46200958912209, 36.55697236047866 ], [ 126.469427969377207, 36.556132443201101 ], [ 126.472151284190829, 36.559087496249667 ], [ 126.468796085459914, 36.562381807365263 ], [ 126.467217329121695, 36.561893383562989 ], [ 126.466825580732149, 36.562143157056234 ], [ 126.468530958845136, 36.562468674228462 ], [ 126.468165063449106, 36.563898076999976 ], [ 126.463689902028776, 36.563818960149078 ], [ 126.46815592746394, 36.563972803408589 ], [ 126.467396113686775, 36.564689557456511 ], [ 126.467688752268401, 36.567588242571176 ], [ 126.466579584373974, 36.570777938871117 ], [ 126.45982156609935, 36.568807472936143 ], [ 126.459703105230432, 36.56890655591944 ], [ 126.466341533222803, 36.570877333030055 ], [ 126.465266713934611, 36.575131834011636 ], [ 126.463886003782761, 36.576599844838455 ], [ 126.462343615631724, 36.576212646664267 ], [ 126.464673311548665, 36.578965736088733 ], [ 126.464108397208619, 36.583491496104976 ], [ 126.461206348543328, 36.587007082373361 ], [ 126.458472917988999, 36.588035397472353 ], [ 126.458624051625293, 36.58732808054215 ], [ 126.458011854871444, 36.588309655973518 ], [ 126.45645350397173, 36.587823305829495 ], [ 126.455457870351793, 36.588525339914561 ], [ 126.457629780188398, 36.588426818827287 ], [ 126.457250739205378, 36.590403419644169 ], [ 126.455149005619788, 36.59227899346218 ], [ 126.453203702577568, 36.59282392978097 ], [ 126.4552367607088, 36.592358784868935 ], [ 126.456758931266037, 36.59438423251158 ], [ 126.456445270226226, 36.595226342736716 ], [ 126.43123800771987, 36.603415129943976 ], [ 126.430298183407103, 36.602432194571179 ], [ 126.429856717374761, 36.603871269489161 ], [ 126.423369579107188, 36.606132970310519 ], [ 126.413320834449834, 36.605549088098186 ], [ 126.410857798294217, 36.603550830624492 ], [ 126.411330700008705, 36.604808745027427 ], [ 126.409577405368907, 36.604915775273213 ], [ 126.410901152368041, 36.605159250564824 ], [ 126.41097267159779, 36.606267369207615 ], [ 126.409880985180237, 36.606412792573757 ], [ 126.412063257520828, 36.606528777820309 ], [ 126.413464152084899, 36.605924609038127 ], [ 126.416055695341868, 36.608534844259687 ], [ 126.414835514487024, 36.614820029211302 ], [ 126.398482624412651, 36.618986572840036 ], [ 126.387942770329488, 36.61924721368127 ], [ 126.38625993402043, 36.618407115608527 ], [ 126.385871339169682, 36.619417771993561 ], [ 126.380633481375312, 36.620376302163599 ], [ 126.379642385188745, 36.622572548777647 ], [ 126.376777430934737, 36.62224980006738 ], [ 126.375698216521926, 36.62389862165589 ], [ 126.373608564950928, 36.621786937902812 ], [ 126.373197817154519, 36.620232807153606 ], [ 126.370918269583427, 36.622591721935372 ], [ 126.371572326767634, 36.62387096524305 ], [ 126.37465462961292, 36.624706648455451 ], [ 126.374094103206076, 36.625672231411563 ], [ 126.371402600192624, 36.625849190355019 ], [ 126.368906222168434, 36.62421009920309 ], [ 126.366429927555799, 36.624528297195404 ], [ 126.366967001263419, 36.62529278294334 ], [ 126.366072380864338, 36.627056317028483 ], [ 126.356149598219602, 36.623473481483167 ], [ 126.35488610666286, 36.62241341254088 ], [ 126.356282259454673, 36.621609196615765 ], [ 126.354652611507817, 36.621362610940828 ], [ 126.354817151143052, 36.619446181198768 ], [ 126.353695393907969, 36.618691810641018 ], [ 126.347609574260659, 36.61761991806047 ], [ 126.346680448197034, 36.618927764503049 ], [ 126.345751183652879, 36.616979933430784 ], [ 126.344306838694493, 36.616568112514393 ], [ 126.3435313668449, 36.617059279754493 ], [ 126.34015012168264, 36.615784617756667 ], [ 126.335405759447895, 36.618672393305566 ], [ 126.332699174496085, 36.616195037017903 ], [ 126.333447134315819, 36.615322970463787 ], [ 126.335029484936058, 36.615457248840642 ], [ 126.335285533494783, 36.611620611875367 ], [ 126.332924137047698, 36.610323134651964 ], [ 126.332358593340942, 36.610668971019727 ], [ 126.332351690370913, 36.609771142650061 ], [ 126.328469900686528, 36.606676050830387 ], [ 126.328802480846051, 36.605326868878549 ], [ 126.327081296857415, 36.604782435342884 ], [ 126.325089920730989, 36.60180917778829 ], [ 126.32147502522028, 36.600398485711942 ], [ 126.320086447295239, 36.598011962159056 ], [ 126.319746649787675, 36.594568175850263 ], [ 126.318632619785973, 36.59345973555542 ], [ 126.318204109557058, 36.594368052320831 ], [ 126.316933441925741, 36.590874504014948 ], [ 126.3151618341291, 36.589454079224204 ], [ 126.315502481692448, 36.588690724272766 ], [ 126.314867141157919, 36.588309472847257 ], [ 126.314789167122839, 36.589530572012407 ], [ 126.312829356544142, 36.589093625691369 ], [ 126.313799580353773, 36.58802621702344 ], [ 126.312678046465933, 36.588464578312781 ], [ 126.31191137691556, 36.589723352697639 ], [ 126.312393856544631, 36.59130166537431 ], [ 126.310437784466899, 36.594283723020986 ], [ 126.306889451279076, 36.595445866605203 ], [ 126.302777909753061, 36.593288022315882 ], [ 126.302900727185488, 36.588852231660105 ], [ 126.295801018349067, 36.586438195579646 ], [ 126.294420232336364, 36.584057636895047 ], [ 126.292514330246689, 36.583826104409042 ], [ 126.290732174022224, 36.586960800736819 ], [ 126.288215479103158, 36.586968146801993 ], [ 126.29034146665613, 36.587443550459227 ], [ 126.289002803038429, 36.590562205037578 ], [ 126.287386172235912, 36.591777627271 ], [ 126.285511204080819, 36.591360537219437 ], [ 126.283135980130069, 36.593889785997902 ], [ 126.286329323916391, 36.596782633026272 ], [ 126.286332549396661, 36.597645839265638 ], [ 126.287898380496003, 36.598009076032625 ], [ 126.288802393869389, 36.602305439869539 ], [ 126.287323970226353, 36.618657994666911 ], [ 126.286652414736906, 36.620044747008933 ], [ 126.283848097457621, 36.620988627520589 ], [ 126.282853067078577, 36.622327202647526 ], [ 126.284338124461812, 36.622252778240693 ], [ 126.285155984128892, 36.624016591129795 ], [ 126.286096295064851, 36.624411935112725 ], [ 126.284903218568559, 36.622558135290831 ], [ 126.285926531135544, 36.62217382662628 ], [ 126.285455174337443, 36.621242253897613 ], [ 126.287252650023248, 36.620127385438487 ], [ 126.290110676530603, 36.621513068832421 ], [ 126.290471326798411, 36.622980375015743 ], [ 126.290221382877149, 36.621427724921787 ], [ 126.292028183531329, 36.620111523387699 ], [ 126.289937904078045, 36.621002455536363 ], [ 126.287438540476984, 36.619667304726605 ], [ 126.288779808199436, 36.615111954486792 ], [ 126.290904068867164, 36.616104672933638 ], [ 126.29013692571661, 36.616736026334557 ], [ 126.290984245584113, 36.617675983705794 ], [ 126.294782313105088, 36.618418698716397 ], [ 126.297838840311329, 36.62035875033385 ], [ 126.299455421088766, 36.619666922576549 ], [ 126.297610966958587, 36.620733535160227 ], [ 126.301236553624094, 36.626464980142472 ], [ 126.300581237414661, 36.63578834633536 ], [ 126.301694681437311, 36.638981681619434 ], [ 126.300375731145138, 36.639646177196823 ], [ 126.295880295334271, 36.652084925992021 ], [ 126.293138108390863, 36.656990303545321 ], [ 126.294789582570615, 36.657846959736339 ], [ 126.29589403857652, 36.656471005137746 ], [ 126.296358269405019, 36.656276853315916 ], [ 126.297116431898331, 36.656265291041187 ], [ 126.297257472138412, 36.656362902488596 ], [ 126.29737699351756, 36.656711528938537 ], [ 126.297288381091434, 36.65768745521698 ], [ 126.29703505176046, 36.658450283631367 ], [ 126.298377103879744, 36.65805240897177 ], [ 126.297155208327652, 36.658569670303599 ], [ 126.297599077706579, 36.659719048219529 ], [ 126.296875676383493, 36.658831506854696 ], [ 126.296500158664315, 36.659771764278993 ], [ 126.297184637653984, 36.656402302520014 ], [ 126.295909321605663, 36.65653651747796 ], [ 126.294913540983345, 36.658026925837945 ], [ 126.292987478829545, 36.657623974660972 ], [ 126.289829866096028, 36.664546828263504 ], [ 126.284279936779541, 36.671711241706276 ], [ 126.286394451824918, 36.673313672758674 ], [ 126.283324868054606, 36.671588263270053 ], [ 126.280209038991018, 36.673605351999441 ], [ 126.278209874876524, 36.673630196050091 ], [ 126.276357126753837, 36.671984516652294 ], [ 126.274558758961533, 36.671996105317355 ], [ 126.273309562271493, 36.669745675631333 ], [ 126.270487830246395, 36.669402140556976 ], [ 126.273072831670873, 36.670044291996724 ], [ 126.273940092728935, 36.671608289084297 ], [ 126.273313316989174, 36.672272820066503 ], [ 126.271609854083621, 36.67101357224081 ], [ 126.272986554858107, 36.672400119695553 ], [ 126.272108455492528, 36.673086997611513 ], [ 126.269538473190593, 36.673689781654467 ], [ 126.267517410811138, 36.671929300755806 ], [ 126.265566177520228, 36.671564499890394 ], [ 126.264270406774514, 36.673603822609323 ], [ 126.265210398897864, 36.676405322822148 ], [ 126.263715859982511, 36.677386862644695 ], [ 126.264379322378986, 36.679212917121646 ], [ 126.266166040566162, 36.679533111327366 ], [ 126.266392342444362, 36.682091494716765 ], [ 126.265316293419872, 36.683821207294137 ], [ 126.262292299437917, 36.684451037331371 ], [ 126.263434025075028, 36.686635906360429 ], [ 126.262080267841299, 36.687567921084955 ], [ 126.263017250683518, 36.689509034278942 ], [ 126.260799209814024, 36.691176120515692 ], [ 126.26185937398138, 36.692464432703431 ], [ 126.261351792999491, 36.695614171129201 ], [ 126.267173423622765, 36.700808805651747 ], [ 126.267394831797503, 36.701462657995819 ], [ 126.266366905409868, 36.701693587076917 ], [ 126.269264336917985, 36.701356371078091 ], [ 126.270375115649429, 36.702623114451853 ], [ 126.27102498221349, 36.702052637380341 ], [ 126.273112719876565, 36.703478519660379 ], [ 126.270908195294311, 36.713882360648078 ], [ 126.273682127708412, 36.719945549922492 ], [ 126.270554066215624, 36.726607562007345 ], [ 126.272471723877842, 36.728687511744994 ], [ 126.273103818581731, 36.726461142664562 ], [ 126.279494387531145, 36.728558751425048 ], [ 126.279420363327233, 36.729895368508444 ], [ 126.276756211162933, 36.730598550018364 ], [ 126.276447159290583, 36.73263469664785 ], [ 126.275709064500717, 36.731382808617219 ], [ 126.273239862862027, 36.731470481752716 ], [ 126.269473186410821, 36.73032554969766 ], [ 126.265995512950539, 36.726868520712642 ], [ 126.262992873984956, 36.722088087099372 ], [ 126.258690485681129, 36.721285699696757 ], [ 126.257624178444715, 36.71779809231721 ], [ 126.252536848423532, 36.717972155654039 ], [ 126.25147575352446, 36.713749586367989 ], [ 126.250652632035894, 36.713960579541897 ], [ 126.248083561079497, 36.718367914237689 ], [ 126.24176993968608, 36.717766712080255 ], [ 126.241044564910823, 36.716052390939666 ], [ 126.241630812267857, 36.71412290040746 ], [ 126.237600798818704, 36.718182026436175 ], [ 126.235025427722192, 36.718098586531191 ], [ 126.233405277638724, 36.709641587742318 ], [ 126.234656971323162, 36.70658759269697 ], [ 126.236964840225255, 36.705980259165919 ], [ 126.239077535904528, 36.706249496824547 ], [ 126.238883762458642, 36.706735826872922 ], [ 126.240268125866436, 36.705503081529272 ], [ 126.238318129870493, 36.702324358377986 ], [ 126.238424118418266, 36.701068581127871 ], [ 126.237583684224887, 36.701208135954687 ], [ 126.238192128803448, 36.702484740299106 ], [ 126.237340298017841, 36.702700121100861 ], [ 126.237118144496534, 36.702114077276605 ], [ 126.237212136655586, 36.702748110998094 ], [ 126.235700302374241, 36.702847036380078 ], [ 126.234270560704431, 36.702388368388178 ], [ 126.234357572882516, 36.701355723401463 ], [ 126.233469079103799, 36.702083485659294 ], [ 126.231175252868653, 36.700872694585755 ], [ 126.230869003443743, 36.6997423532857 ], [ 126.232828509556327, 36.698718905577167 ], [ 126.230821983726855, 36.697502616741097 ], [ 126.232189058275182, 36.695932135591484 ], [ 126.23060406405483, 36.694981463856784 ], [ 126.229136718076532, 36.695891703753553 ], [ 126.22733514135615, 36.694348661239069 ], [ 126.230882697309369, 36.692789820042286 ], [ 126.228665234112256, 36.692747895425562 ], [ 126.228989516721882, 36.693260622051319 ], [ 126.227236093416266, 36.694083363932116 ], [ 126.224506775754662, 36.694499337674159 ], [ 126.222624352711719, 36.693881482312321 ], [ 126.222297835017955, 36.692392500354536 ], [ 126.2211437825422, 36.69309937010528 ], [ 126.214281276331107, 36.694196708998781 ], [ 126.209387358804491, 36.693179053437852 ], [ 126.207872483071213, 36.691561701528556 ], [ 126.209125515045372, 36.691561182295338 ], [ 126.208649036127625, 36.689719336555868 ], [ 126.210481485922458, 36.689521169724671 ], [ 126.209476343615705, 36.689277589991043 ], [ 126.209005714420456, 36.687849304444114 ], [ 126.207265400480651, 36.687893285462494 ], [ 126.205613172295116, 36.686309044156822 ], [ 126.204809950586011, 36.686873962400149 ], [ 126.201618722222065, 36.686430150813358 ], [ 126.198398152654448, 36.68416551712378 ], [ 126.199575053648417, 36.68303872906651 ], [ 126.201678804690474, 36.683116659305568 ], [ 126.199798739125157, 36.681381513082833 ], [ 126.19764500033817, 36.68196452590864 ], [ 126.196538825096908, 36.680995146391766 ], [ 126.197947816912531, 36.679488474179934 ], [ 126.199095280013992, 36.680103999682245 ], [ 126.196248392829759, 36.674319714316361 ], [ 126.193734009393879, 36.676410096941936 ], [ 126.192054282013586, 36.676345567309397 ], [ 126.191777097684493, 36.675023293070524 ], [ 126.191329656520779, 36.67613868968656 ], [ 126.188692369509667, 36.674975329356847 ], [ 126.187287461439325, 36.675173282566334 ], [ 126.186968068136267, 36.676595614993474 ], [ 126.18072460264969, 36.678429671799243 ], [ 126.179099038264397, 36.678212302897748 ], [ 126.178418362220853, 36.676144385710124 ], [ 126.176036796176518, 36.676156063399667 ], [ 126.174056250468595, 36.678824551450752 ], [ 126.171187573447014, 36.679782192272185 ], [ 126.170123420997655, 36.679565253756046 ], [ 126.169378292392054, 36.677634355173318 ], [ 126.164999714191481, 36.678367769695662 ], [ 126.164152885264116, 36.676401693744396 ], [ 126.163176576424377, 36.678020318042748 ], [ 126.160160085572656, 36.678728769226005 ], [ 126.157317664291995, 36.678124475211526 ], [ 126.155476139206712, 36.677037323055025 ], [ 126.154860772193814, 36.678529780361117 ], [ 126.152363584412285, 36.679601454096911 ], [ 126.151855768556018, 36.681053523950865 ], [ 126.153609694052463, 36.682606004909182 ], [ 126.152026854512414, 36.688188683108038 ], [ 126.151198365375933, 36.688169804041912 ], [ 126.151181328973252, 36.689277127632586 ], [ 126.150405786200963, 36.689350684680832 ], [ 126.151269749142202, 36.690122458808375 ], [ 126.151245851746182, 36.692174473963824 ], [ 126.150528453676799, 36.694040302523163 ], [ 126.149471200416528, 36.694541688060418 ], [ 126.151532056107399, 36.695660683274298 ], [ 126.151732584704462, 36.697579352923164 ], [ 126.149114322982811, 36.701851451727798 ], [ 126.147183332320864, 36.701908226324697 ], [ 126.146837086995959, 36.702821209068318 ], [ 126.150888297685228, 36.705053919032167 ], [ 126.159867202300219, 36.705810732351836 ], [ 126.163204126982464, 36.707959917851134 ], [ 126.162852001023239, 36.710516122379779 ], [ 126.159820732004704, 36.71101778280493 ], [ 126.165408957960835, 36.714629308593409 ], [ 126.165719544130198, 36.716241306178865 ], [ 126.16702028013637, 36.71708826672841 ], [ 126.169578523254501, 36.717202323987543 ], [ 126.170135537447905, 36.71623945656188 ], [ 126.172962266998738, 36.715399608474435 ], [ 126.175585638872406, 36.716683562170417 ], [ 126.176904585129861, 36.714232699497089 ], [ 126.183190669570934, 36.713939289319519 ], [ 126.185171600666507, 36.711745960970305 ], [ 126.184685785760749, 36.710635012559166 ], [ 126.18999120206945, 36.708941540796864 ], [ 126.194834338598199, 36.706045639846991 ], [ 126.196259122244825, 36.70620077759137 ], [ 126.198017046154405, 36.705258259136741 ], [ 126.207255326206365, 36.705194225548119 ], [ 126.208732902759465, 36.706682881866577 ], [ 126.208001114147663, 36.707993543914412 ], [ 126.208878893870718, 36.706882554712678 ], [ 126.212380139401475, 36.707670644402931 ], [ 126.217712773256224, 36.710812050449277 ], [ 126.223380921960839, 36.718902629302974 ], [ 126.223005751446536, 36.722378538565742 ], [ 126.214948157051978, 36.727265819940548 ], [ 126.211248817308672, 36.72521111213284 ], [ 126.210321936417984, 36.725532020042507 ], [ 126.208344091804548, 36.724515416000607 ], [ 126.204618276414379, 36.721826529712217 ], [ 126.202174158276264, 36.721283217500265 ], [ 126.199202034374764, 36.72157495752613 ], [ 126.202205542160073, 36.721378657617628 ], [ 126.203345165666676, 36.726312372273917 ], [ 126.205735903154249, 36.7282430144815 ], [ 126.207794143931338, 36.728787416436795 ], [ 126.209948626102147, 36.730932001953107 ], [ 126.209411772054509, 36.731596233827297 ], [ 126.211389736949343, 36.733451110126985 ], [ 126.212944815693831, 36.738101185816014 ], [ 126.21150536355988, 36.741012671323404 ], [ 126.205836937831236, 36.736577370966813 ], [ 126.200979125896779, 36.736790151296141 ], [ 126.195818627871688, 36.738986994368631 ], [ 126.195623751538463, 36.738573821784996 ], [ 126.195355447415949, 36.738240926163982 ], [ 126.195775104174132, 36.739201088492621 ], [ 126.193427391402878, 36.741708359769824 ], [ 126.186803047362986, 36.745734947017176 ], [ 126.184047955110358, 36.743273470646784 ], [ 126.185498735737639, 36.745100108522408 ], [ 126.18337102564189, 36.745523808451004 ], [ 126.182209695398484, 36.746906582794047 ], [ 126.178149112660179, 36.744513981457935 ], [ 126.182629796597169, 36.74721522028684 ], [ 126.186458383231454, 36.747976911525413 ], [ 126.184976812079057, 36.753256367686852 ], [ 126.175082937390769, 36.754382448489935 ], [ 126.172518714383955, 36.75595649560956 ], [ 126.17227132791443, 36.757845200900988 ], [ 126.170096574820718, 36.756747708681871 ], [ 126.16992078340742, 36.75759337382398 ], [ 126.16635776715033, 36.758529993325524 ], [ 126.164364523958341, 36.757944106632372 ], [ 126.163957260645248, 36.755983511464684 ], [ 126.163117788314295, 36.75669803389799 ], [ 126.161102456351074, 36.755858440522665 ], [ 126.162026536744051, 36.754418248383089 ], [ 126.163010099535498, 36.752030024948169 ], [ 126.16205451296446, 36.754017397733392 ], [ 126.161031574447506, 36.753649931700657 ], [ 126.160787004334708, 36.754762758281807 ], [ 126.1590693462216, 36.756012422185186 ], [ 126.158663263222365, 36.753916702492688 ], [ 126.157665972604789, 36.753074225010565 ], [ 126.160489222609101, 36.748637194235755 ], [ 126.158882393165072, 36.746795124815335 ], [ 126.157754690270124, 36.747550940021419 ], [ 126.157772333963976, 36.751353119418702 ], [ 126.156529155222444, 36.75245491583086 ], [ 126.15854629954498, 36.753879796085521 ], [ 126.158423620580805, 36.756534128897144 ], [ 126.156872516742723, 36.755292744539922 ], [ 126.15594241722664, 36.756595265247235 ], [ 126.140819307684438, 36.754040738376929 ], [ 126.14447847615078, 36.750263419148219 ], [ 126.146917659773635, 36.749914961598336 ], [ 126.147436272209632, 36.747698576676797 ], [ 126.151204174692083, 36.748728540504267 ], [ 126.149012951045421, 36.745459178279177 ], [ 126.151829160153667, 36.740010053944566 ], [ 126.151023257957348, 36.738762277001364 ], [ 126.15206704844735, 36.736203069932294 ], [ 126.151195954588744, 36.735097560573706 ], [ 126.151759222761982, 36.733613663412726 ], [ 126.15083358083254, 36.731346846362975 ], [ 126.151460193950086, 36.730535913910892 ], [ 126.149887600212551, 36.729737657881252 ], [ 126.149765331621936, 36.730235315802979 ], [ 126.148700466252535, 36.728348532994943 ], [ 126.147176576215685, 36.729601991842436 ], [ 126.142932556294383, 36.729058999967954 ], [ 126.142772000130876, 36.727882375442398 ], [ 126.14168379347754, 36.727582919368992 ], [ 126.142312583158699, 36.727613369239783 ], [ 126.142371642237734, 36.725251393980798 ], [ 126.143290423560245, 36.724885308849657 ], [ 126.141408988766528, 36.723851034740107 ], [ 126.142751116608778, 36.721483961015046 ], [ 126.142272333765902, 36.721759212272254 ], [ 126.141385763698864, 36.721252351396494 ], [ 126.142136673218758, 36.722400652802889 ], [ 126.14115089164045, 36.724237238412272 ], [ 126.136398749160193, 36.720807742799522 ], [ 126.137973914512912, 36.719017202871235 ], [ 126.136598173402746, 36.719966475364402 ], [ 126.135089780591031, 36.719438016575175 ], [ 126.134460113027572, 36.718744651298856 ], [ 126.135016834271127, 36.717994877287104 ], [ 126.133680116558438, 36.717956971155779 ], [ 126.133369477051886, 36.717269694256423 ], [ 126.128567945473776, 36.715535525235829 ], [ 126.128772968349224, 36.714048973021079 ], [ 126.126596266073108, 36.713148921492945 ], [ 126.126404702207694, 36.711283127798168 ], [ 126.124036679075061, 36.709663579065698 ], [ 126.123641262335909, 36.707611858367379 ], [ 126.121523357843529, 36.707396431974459 ], [ 126.119612330698814, 36.708506299465462 ], [ 126.119995829280015, 36.710852641310332 ], [ 126.121862396902642, 36.711619772088198 ], [ 126.12059581369958, 36.712805172329247 ], [ 126.121334234721544, 36.712777996120288 ], [ 126.121019150647172, 36.713812768261413 ], [ 126.120737897691569, 36.714117343023979 ], [ 126.121313550954739, 36.714307444436628 ], [ 126.121664300202255, 36.714756337165355 ], [ 126.122696837143081, 36.714347708054746 ], [ 126.124675681532494, 36.715150753816616 ], [ 126.127003075527, 36.717923116072186 ], [ 126.126163496894279, 36.719050316058087 ], [ 126.124852484953848, 36.718562040642787 ], [ 126.125193832413828, 36.718862541297312 ], [ 126.125030945031384, 36.719642711096952 ], [ 126.123988554697902, 36.719904634802965 ], [ 126.124405125187224, 36.720223694867911 ], [ 126.124173896591088, 36.72101012591321 ], [ 126.123762449546476, 36.72092560282892 ], [ 126.124716938675746, 36.721892310446634 ], [ 126.124627836167306, 36.722469364310996 ], [ 126.121739639532066, 36.723741886525076 ], [ 126.121714163739739, 36.72578530749086 ], [ 126.122736818458264, 36.726575359521107 ], [ 126.122589329580833, 36.72609948576163 ], [ 126.124385973027273, 36.725865629890841 ], [ 126.124884591957368, 36.726736472068552 ], [ 126.125711280794306, 36.726668478896364 ], [ 126.12472685794053, 36.729442503801415 ], [ 126.126110700250891, 36.730594998445341 ], [ 126.12589226034541, 36.731862791004161 ], [ 126.127196237055543, 36.732150925148417 ], [ 126.130194386215138, 36.735421711972194 ], [ 126.128980925354497, 36.737281414531125 ], [ 126.129873666327754, 36.737893858348968 ], [ 126.13157742272864, 36.737175841223831 ], [ 126.133525565576022, 36.739112344691542 ], [ 126.134256784909468, 36.743318097721428 ], [ 126.13371245889617, 36.744008642593499 ], [ 126.133288468124135, 36.743466649121302 ], [ 126.131487907114092, 36.746617252530591 ], [ 126.13252877269845, 36.747595211953445 ], [ 126.133343436010179, 36.746957013662993 ], [ 126.134087927509768, 36.748450360198781 ], [ 126.132927153000068, 36.75098504583827 ], [ 126.130987517331803, 36.752362324822514 ], [ 126.129335373811514, 36.75277512827418 ], [ 126.126667231921843, 36.752200493597073 ], [ 126.127607741878094, 36.74914148134495 ], [ 126.126542329449094, 36.750167690587624 ], [ 126.125725288392687, 36.750520026318888 ], [ 126.126267391000155, 36.752374081889066 ], [ 126.122388990189876, 36.752909467494199 ], [ 126.121787066657134, 36.754108171321178 ], [ 126.121158819211942, 36.75405592779785 ], [ 126.12128099870128, 36.755168344085583 ], [ 126.122968676623003, 36.755752310965462 ], [ 126.122632767447456, 36.756267961868325 ], [ 126.12324892776283, 36.756002362924939 ], [ 126.123489803064629, 36.756478157335195 ], [ 126.123920439672958, 36.756354139087506 ], [ 126.12415394383352, 36.756622752601402 ], [ 126.122842799261207, 36.756961805549068 ], [ 126.123952155365785, 36.758514410265086 ], [ 126.123483654342607, 36.75971320978789 ], [ 126.119908526537202, 36.760493581035284 ], [ 126.121414455468695, 36.7616186986941 ], [ 126.120461572741647, 36.762446084592987 ], [ 126.121576244058332, 36.76305584009544 ], [ 126.12186277666865, 36.764450143864153 ], [ 126.120898509433871, 36.765314529549009 ], [ 126.118231951435646, 36.766251921771541 ], [ 126.116055211235619, 36.766185859279965 ], [ 126.115862034113931, 36.767759377951009 ], [ 126.114315773276232, 36.767808582441894 ], [ 126.114052977074621, 36.768585147710709 ], [ 126.11256501034299, 36.7691169252751 ], [ 126.113115724946951, 36.771378118983641 ], [ 126.111947215559638, 36.771610387887129 ], [ 126.111633391814166, 36.772941698006079 ], [ 126.113321748688577, 36.77337793064109 ], [ 126.11378829030005, 36.77390234905242 ], [ 126.115216282609879, 36.772763484082517 ], [ 126.116614009230261, 36.772910303717943 ], [ 126.115598853239888, 36.772514194406796 ], [ 126.116226539137273, 36.772268077956568 ], [ 126.114623145913725, 36.770336598614158 ], [ 126.116046369664687, 36.769325918359208 ], [ 126.116557518260691, 36.770431301675806 ], [ 126.116357147322447, 36.769330784877269 ], [ 126.117657187208735, 36.770778028932376 ], [ 126.120039495960683, 36.771249020278809 ], [ 126.120407285954613, 36.773948639666045 ], [ 126.122821255322336, 36.774479322316779 ], [ 126.124234173993784, 36.773570588329918 ], [ 126.126636689244165, 36.774776814357587 ], [ 126.126927723955092, 36.773553355413661 ], [ 126.128253465185466, 36.772803181709243 ], [ 126.129813273039517, 36.774362354565568 ], [ 126.131163248961229, 36.774304018793927 ], [ 126.130766283589139, 36.776032928251432 ], [ 126.128725755954733, 36.778104420615051 ], [ 126.130151750999644, 36.77683842064657 ], [ 126.13325720166408, 36.776973607832424 ], [ 126.133505650734136, 36.775066687143564 ], [ 126.135288189144418, 36.775537322584263 ], [ 126.135502100717446, 36.776382340644041 ], [ 126.133376782132245, 36.77806447764241 ], [ 126.134801266990763, 36.779012905561331 ], [ 126.134182483907011, 36.779586624412005 ], [ 126.133147974543576, 36.779021837618714 ], [ 126.132092916127093, 36.780226520436443 ], [ 126.126867054037319, 36.77804733202904 ], [ 126.129941623428678, 36.780295956587004 ], [ 126.129623062842469, 36.781199360939453 ], [ 126.131155265570499, 36.780857662419884 ], [ 126.132594621269718, 36.782168289294852 ], [ 126.130577004044582, 36.783222902533993 ], [ 126.131595952932415, 36.784807290940407 ], [ 126.130463606417365, 36.785499885563112 ], [ 126.131363297054094, 36.786085585674805 ], [ 126.13066198381361, 36.787098509406292 ], [ 126.13235181743255, 36.785878271636875 ], [ 126.13410917073864, 36.786487935667004 ], [ 126.132911754215129, 36.785602891245652 ], [ 126.133337558985389, 36.784205283858505 ], [ 126.137317086819394, 36.783393363514612 ], [ 126.140931750853625, 36.784839419666113 ], [ 126.144717538308157, 36.789091723186125 ], [ 126.146421390169166, 36.793613554241851 ], [ 126.145999502984523, 36.794297197759789 ], [ 126.144301808164087, 36.7940096423035 ], [ 126.142472146279474, 36.795652729644246 ], [ 126.144151517916981, 36.796118432289639 ], [ 126.145898735092146, 36.795109558870621 ], [ 126.147143723976498, 36.795762633497276 ], [ 126.149752085118209, 36.803437447819832 ], [ 126.146010792866548, 36.804097384362137 ], [ 126.144756341110082, 36.803110422577049 ], [ 126.146172415839018, 36.805375830143241 ], [ 126.148608585752285, 36.806938472953725 ], [ 126.143010292927954, 36.80872439816973 ], [ 126.144641930862292, 36.808983851233663 ], [ 126.145662328664812, 36.810368761331546 ], [ 126.150792917932549, 36.811685174326698 ], [ 126.151978533803359, 36.810586241205094 ], [ 126.154025857178752, 36.810931989964757 ], [ 126.154750660942696, 36.813610359881423 ], [ 126.151838437712314, 36.81438064674682 ], [ 126.149353709769272, 36.816970540925361 ], [ 126.155803577588458, 36.81653212062426 ], [ 126.15691554796625, 36.817833136026266 ], [ 126.157128560413227, 36.820044468156802 ], [ 126.155098105996643, 36.822127992251644 ], [ 126.157688693202999, 36.822527531949454 ], [ 126.157857068669557, 36.824774938029549 ], [ 126.160383230058272, 36.825672865810368 ], [ 126.16068677408559, 36.826458650064083 ], [ 126.159511447939366, 36.829836123985672 ], [ 126.157687962458141, 36.830259964907214 ], [ 126.156706500146726, 36.829476724600113 ], [ 126.155960297289752, 36.830038785556802 ], [ 126.156975882432519, 36.830443909450061 ], [ 126.156666154312845, 36.831529659661257 ], [ 126.155031607428597, 36.831482379947083 ], [ 126.154209612081459, 36.832785220439447 ], [ 126.151827139982075, 36.833525295952711 ], [ 126.149871583821309, 36.833168297538073 ], [ 126.15032010591591, 36.833380364231211 ], [ 126.150473596078186, 36.833963234050891 ], [ 126.149359307886172, 36.834558459401791 ], [ 126.149736876198432, 36.8349668071669 ], [ 126.146785867614838, 36.836193246128651 ], [ 126.145479546226653, 36.837848372302261 ], [ 126.146340437149021, 36.838870847175464 ], [ 126.147360981900746, 36.838421775431364 ], [ 126.148685354056994, 36.839062021684676 ], [ 126.151439439983591, 36.83657260202672 ], [ 126.154945943007618, 36.838032647735602 ], [ 126.155033953727354, 36.839555349601753 ], [ 126.153045508517053, 36.84021989128285 ], [ 126.153592712702959, 36.840262371940419 ], [ 126.154976231199655, 36.841293407959967 ], [ 126.154986477458337, 36.841824558291407 ], [ 126.151886172837237, 36.843126226866467 ], [ 126.14913486283082, 36.845715980323277 ], [ 126.150814915049395, 36.846069107066896 ], [ 126.152802502087297, 36.844110367233789 ], [ 126.155555966069201, 36.843422560763322 ], [ 126.156516056113531, 36.845849769680079 ], [ 126.157797077698746, 36.845999999706571 ], [ 126.158070226059877, 36.846324761549212 ], [ 126.157305697929075, 36.84810811915861 ], [ 126.158817005638838, 36.848392851827434 ] ], [ [ 126.484447686037086, 36.509594151793969 ], [ 126.485927619955348, 36.508659856529768 ], [ 126.491391608444971, 36.508371008030423 ], [ 126.492031650288794, 36.51104055017629 ], [ 126.490253351319467, 36.511309013976238 ], [ 126.492848789630727, 36.513906071515812 ], [ 126.494077569699158, 36.516772248800642 ], [ 126.499045599279, 36.520171474529285 ], [ 126.498752297344936, 36.52143128172635 ], [ 126.499888899712417, 36.521970270565248 ], [ 126.498903797063065, 36.522036287552197 ], [ 126.499406495673298, 36.522861180003204 ], [ 126.499937377940881, 36.522006673869079 ], [ 126.502450671494572, 36.522194035451278 ], [ 126.504330699126626, 36.523375689896469 ], [ 126.504515101055802, 36.524791291310336 ], [ 126.511212292645283, 36.519366540649827 ], [ 126.516473319673807, 36.519623533742006 ], [ 126.51874700835873, 36.520399165567788 ], [ 126.520762843537966, 36.518694041487855 ], [ 126.524024405987902, 36.519588446634899 ], [ 126.527335015375655, 36.516730737160131 ], [ 126.527340508280815, 36.515359828329153 ], [ 126.531239983101315, 36.513543577909878 ], [ 126.532434193924345, 36.512261602994094 ], [ 126.532401640679197, 36.510890830834313 ], [ 126.535220949141305, 36.50956188670898 ], [ 126.539230890456466, 36.505831633372615 ], [ 126.540549445274621, 36.503965502425736 ], [ 126.539987664528908, 36.503500522487364 ], [ 126.542649267585617, 36.503144232144706 ], [ 126.547766950949551, 36.504975052986794 ], [ 126.55970031933056, 36.504982000468665 ], [ 126.562022803915852, 36.50748241616887 ], [ 126.563113297099534, 36.505901003628082 ], [ 126.563090463811406, 36.507018722840314 ], [ 126.561647878972082, 36.508262028736958 ], [ 126.561744852328346, 36.511172598060682 ], [ 126.559874438505545, 36.514945546974431 ], [ 126.55967805730269, 36.518722187053093 ], [ 126.56169349729737, 36.519485592030755 ], [ 126.559463882990272, 36.519232169542654 ], [ 126.55913874440958, 36.524256967044522 ], [ 126.558295169830927, 36.524228468288364 ], [ 126.558560497894277, 36.519125502766677 ], [ 126.556458735955445, 36.519548281472296 ], [ 126.556060114634704, 36.519356941651274 ], [ 126.558692502445538, 36.518724561982005 ], [ 126.558060212606975, 36.51601765506274 ], [ 126.560527062223514, 36.51090525776695 ], [ 126.558133479169783, 36.507499567877964 ], [ 126.556110123527347, 36.506377137517923 ], [ 126.553241804915757, 36.506452672176813 ], [ 126.547131326265514, 36.507329563911256 ], [ 126.546420178382618, 36.50824414350047 ], [ 126.542409333612554, 36.50940323668781 ], [ 126.537165405928704, 36.512884236008233 ], [ 126.534737830230696, 36.516566816905986 ], [ 126.533151806102921, 36.516961158183811 ], [ 126.530873083429441, 36.519620231801071 ], [ 126.528580691320656, 36.520951574898746 ], [ 126.526512018435582, 36.520767110943162 ], [ 126.523176456871624, 36.522599388125244 ], [ 126.517662763662742, 36.523921065293905 ], [ 126.516376998002102, 36.525094955419142 ], [ 126.515459790464959, 36.523700801778233 ], [ 126.512764804479431, 36.523126397287378 ], [ 126.514371867345702, 36.525688725787717 ], [ 126.512111339439727, 36.526910085203639 ], [ 126.513226424370799, 36.527656525195582 ], [ 126.511836972214581, 36.527006850097621 ], [ 126.510043799517007, 36.528650702207607 ], [ 126.507745438622422, 36.528894421311513 ], [ 126.507533256225869, 36.52835153468412 ], [ 126.506133541944891, 36.529875987344901 ], [ 126.506449467622659, 36.529970837002509 ], [ 126.506934851725802, 36.529386624363568 ], [ 126.507471052763819, 36.529192561729531 ], [ 126.506938915011148, 36.530190284906347 ], [ 126.504535378687265, 36.531614139455208 ], [ 126.502153239690372, 36.531866997421595 ], [ 126.501108013334843, 36.531768961556473 ], [ 126.499322976016188, 36.528970604134791 ], [ 126.494610693137375, 36.526218820420247 ], [ 126.491274200241833, 36.522105735952842 ], [ 126.485923730879819, 36.519260476538236 ], [ 126.485798698794753, 36.517751358355554 ], [ 126.483280637210484, 36.516972358924697 ], [ 126.484447686037086, 36.509594151793969 ] ], [ [ 126.598677073259495, 36.476618733596538 ], [ 126.58935817187664, 36.475240176379963 ], [ 126.589004540315059, 36.474454379833801 ], [ 126.588460046626423, 36.475736407558216 ], [ 126.587387694145363, 36.475273908563189 ], [ 126.58602326665924, 36.476322069454966 ], [ 126.584657869567494, 36.479236242279583 ], [ 126.577356657926074, 36.480948444031128 ], [ 126.573795059780821, 36.483463433226518 ], [ 126.571014621147214, 36.484085308592334 ], [ 126.569481850053208, 36.482947550963907 ], [ 126.570151940643754, 36.479493996015236 ], [ 126.56855201517584, 36.479003070579203 ], [ 126.566711508801305, 36.48432808629903 ], [ 126.560871704463651, 36.484322943495364 ], [ 126.560265583441804, 36.483238480094705 ], [ 126.561425141750306, 36.480709720564676 ], [ 126.56109428351435, 36.47810645518571 ], [ 126.555327765267549, 36.475566782261517 ], [ 126.552225185338898, 36.472777490978217 ], [ 126.544992453105564, 36.472471132779042 ], [ 126.544016909131088, 36.471887031305002 ], [ 126.543003460729437, 36.468850393386496 ], [ 126.542365407614653, 36.469319359339416 ], [ 126.538556374579116, 36.466741416188732 ], [ 126.538201311350505, 36.463013750489274 ], [ 126.538092241196637, 36.463884619068175 ], [ 126.537855496507348, 36.46286585430326 ], [ 126.536844535240718, 36.462751630737287 ], [ 126.534143654847881, 36.45958512750115 ], [ 126.535612608384156, 36.45897349369487 ], [ 126.534722880508411, 36.456498192663076 ], [ 126.528879315140102, 36.457443394384256 ], [ 126.52696660790906, 36.456352488961883 ], [ 126.526870258312144, 36.453181494849566 ], [ 126.524704509086348, 36.45156997963791 ], [ 126.527557634768286, 36.449449779646869 ], [ 126.525632958085311, 36.44694180085343 ], [ 126.533154475976488, 36.440367817084748 ], [ 126.539489228612553, 36.44382007508792 ], [ 126.53714633441507, 36.445831618899575 ], [ 126.53861232441497, 36.449194016265459 ], [ 126.542078907680903, 36.4504877169202 ], [ 126.543419558799329, 36.448926525845081 ], [ 126.544819151192584, 36.448560738514189 ], [ 126.549038249001157, 36.450021061382579 ], [ 126.549898617996931, 36.452125936935474 ], [ 126.551164577068704, 36.452897057414262 ], [ 126.552601003889691, 36.452527409981634 ], [ 126.55097043505495, 36.456060875638187 ], [ 126.551248130034139, 36.457644542628103 ], [ 126.549649738439669, 36.459534809243394 ], [ 126.549022033265061, 36.458818792854423 ], [ 126.548067301758948, 36.459017902850448 ], [ 126.549845751268094, 36.462129599536283 ], [ 126.549907191175919, 36.465495666596695 ], [ 126.554304877009642, 36.465457570499645 ], [ 126.555804357784709, 36.467584111858748 ], [ 126.555602948541861, 36.465671466150418 ], [ 126.557813391860918, 36.462713065025845 ], [ 126.557498494762527, 36.460789193702368 ], [ 126.556214808793257, 36.45747946317222 ], [ 126.552766310477793, 36.455503385205979 ], [ 126.551617498648028, 36.455664009022577 ], [ 126.552568156645137, 36.452826467201703 ], [ 126.555255888685068, 36.451555062411991 ], [ 126.557953344954115, 36.452136265840096 ], [ 126.5591314592304, 36.450567974065592 ], [ 126.565540592385091, 36.452074630597039 ], [ 126.566970287639052, 36.454410733996482 ], [ 126.565354422576021, 36.457742484875169 ], [ 126.569014000480877, 36.461230770518696 ], [ 126.569494992409545, 36.464584257467358 ], [ 126.567148883164933, 36.46500737661993 ], [ 126.568037483317411, 36.467427118493319 ], [ 126.567086879265716, 36.47038642205144 ], [ 126.568329003679011, 36.47262751600114 ], [ 126.569108341040931, 36.471527984446539 ], [ 126.569828334310188, 36.471651371880341 ], [ 126.571332787248565, 36.47326680394935 ], [ 126.575377938100786, 36.475287875698321 ], [ 126.576298754204728, 36.47414914278847 ], [ 126.576093903393414, 36.472781433554552 ], [ 126.576221253268983, 36.473546087317665 ], [ 126.578640708629194, 36.47264066863891 ], [ 126.579091502116029, 36.471688830925714 ], [ 126.583208420347958, 36.47069152141443 ], [ 126.584262432810718, 36.471160048951987 ], [ 126.587740946459292, 36.468476343943159 ], [ 126.590557215744894, 36.469455971670172 ], [ 126.59173533390458, 36.469169698915664 ], [ 126.593141133327194, 36.470050990592362 ], [ 126.592543458365299, 36.470698097315285 ], [ 126.595460168523601, 36.470742180745113 ], [ 126.594820141284558, 36.471205599477535 ], [ 126.595519795195031, 36.471835289939506 ], [ 126.596535434364512, 36.471497428949554 ], [ 126.597699089028225, 36.472495493199155 ], [ 126.6025761697273, 36.47247658787952 ], [ 126.613670521926423, 36.480964712620377 ], [ 126.612828038540783, 36.482849391160777 ], [ 126.615952370591543, 36.4866175921929 ], [ 126.617082372659837, 36.489585805850766 ], [ 126.615734057043156, 36.490853145241125 ], [ 126.618647855893229, 36.495033260760358 ], [ 126.617135619440944, 36.494458072657629 ], [ 126.615246696276799, 36.491989906035506 ], [ 126.6152789805694, 36.487300792287968 ], [ 126.610235163414785, 36.482518317758505 ], [ 126.61039204577412, 36.481225017100236 ], [ 126.609603687791861, 36.480888014340117 ], [ 126.608906374229221, 36.481943436470388 ], [ 126.601519833603831, 36.47911402234687 ], [ 126.598677073259495, 36.476618733596538 ] ] ], [ [ [ 126.190335082967309, 36.8561653228738 ], [ 126.19048760920704, 36.856708273311064 ], [ 126.19091437108159, 36.856758949661518 ], [ 126.190958242359045, 36.857056800524816 ], [ 126.191199134461655, 36.856971769159294 ], [ 126.190335082967309, 36.8561653228738 ] ] ], [ [ [ 126.190536023419796, 36.85677947635773 ], [ 126.190594243441637, 36.856766674356322 ], [ 126.190548777659629, 36.856725940427232 ], [ 126.190536023419796, 36.85677947635773 ] ] ], [ [ [ 126.191343123591366, 36.858088697855699 ], [ 126.191291736059796, 36.858123614632589 ], [ 126.191364283669074, 36.858141868155585 ], [ 126.191343123591366, 36.858088697855699 ] ] ], [ [ [ 126.191458009046258, 36.858778028751779 ], [ 126.191408727335457, 36.858654560692685 ], [ 126.191296134771136, 36.858651072818994 ], [ 126.191458009046258, 36.858778028751779 ] ] ], [ [ [ 126.191117037267475, 36.858716723378372 ], [ 126.191171977835012, 36.858733175015452 ], [ 126.191191009968691, 36.858691437158214 ], [ 126.191117037267475, 36.858716723378372 ] ] ], [ [ [ 126.191586133497466, 36.858720590717986 ], [ 126.191534101092401, 36.858762388976864 ], [ 126.191562366456139, 36.858762671323476 ], [ 126.191586133497466, 36.858720590717986 ] ] ], [ [ [ 126.191372002248855, 36.85872174673645 ], [ 126.191310420639937, 36.858823582819404 ], [ 126.191397445759719, 36.858804757195848 ], [ 126.191372002248855, 36.85872174673645 ] ] ], [ [ [ 126.191082420666262, 36.858813642624838 ], [ 126.191101290836855, 36.858734051499262 ], [ 126.191042699457796, 36.858751179958297 ], [ 126.191082420666262, 36.858813642624838 ] ] ], [ [ [ 126.191613176211149, 36.858802980549562 ], [ 126.191361702027123, 36.859062779971552 ], [ 126.191561267215448, 36.85912478321076 ], [ 126.191613176211149, 36.858802980549562 ] ] ], [ [ [ 126.190210430305029, 36.860687012136921 ], [ 126.190200253559667, 36.860744059396538 ], [ 126.190233416595973, 36.860738205245603 ], [ 126.190210430305029, 36.860687012136921 ] ] ], [ [ [ 126.190255903130137, 36.860769913641803 ], [ 126.1901835724791, 36.860800860097164 ], [ 126.190272089299455, 36.860818214031632 ], [ 126.190255903130137, 36.860769913641803 ] ] ], [ [ [ 126.190333610534807, 36.860865876460643 ], [ 126.190301468839593, 36.860836336803466 ], [ 126.190317364316911, 36.860869991682428 ], [ 126.190333610534807, 36.860865876460643 ] ] ], [ [ [ 126.190725201398408, 36.861250375416397 ], [ 126.190716109171873, 36.861337368273176 ], [ 126.190760447988822, 36.861312951129904 ], [ 126.190725201398408, 36.861250375416397 ] ] ], [ [ [ 126.190672782508784, 36.861327447898724 ], [ 126.190681073622599, 36.861371559890898 ], [ 126.190708609951855, 36.861356112242234 ], [ 126.190672782508784, 36.861327447898724 ] ] ], [ [ [ 126.190264427401175, 36.861577454184875 ], [ 126.190259505041794, 36.86153170990535 ], [ 126.190239267441939, 36.861546204885997 ], [ 126.190264427401175, 36.861577454184875 ] ] ], [ [ [ 126.191139199003217, 36.862319051559815 ], [ 126.191192376659046, 36.862305104889998 ], [ 126.191140763244491, 36.86228864121761 ], [ 126.191139199003217, 36.862319051559815 ] ] ], [ [ [ 126.191228821264545, 36.862498877620055 ], [ 126.191184741494837, 36.862403900490143 ], [ 126.191132806966607, 36.862422173131947 ], [ 126.191228821264545, 36.862498877620055 ] ] ], [ [ [ 126.191344768325635, 36.862544115607854 ], [ 126.191325354503675, 36.862635802891951 ], [ 126.191389011179027, 36.862604419520835 ], [ 126.191344768325635, 36.862544115607854 ] ] ], [ [ [ 126.191657646307306, 36.862877580141884 ], [ 126.191635909434481, 36.862831180276622 ], [ 126.191632519296519, 36.862861314525517 ], [ 126.191657646307306, 36.862877580141884 ] ] ], [ [ [ 126.185872158497517, 36.888672523079016 ], [ 126.185840685987372, 36.888737580044278 ], [ 126.185895354683595, 36.888716078959973 ], [ 126.185872158497517, 36.888672523079016 ] ] ], [ [ [ 126.189016551465656, 36.888764641675102 ], [ 126.189159560099867, 36.888776980419749 ], [ 126.189050099828904, 36.888709806917447 ], [ 126.189016551465656, 36.888764641675102 ] ] ], [ [ [ 126.187976904462687, 36.889013608524422 ], [ 126.188079000504388, 36.888964586019597 ], [ 126.187961941691981, 36.888967686766534 ], [ 126.187976904462687, 36.889013608524422 ] ] ], [ [ [ 126.187293455265333, 36.889088574520009 ], [ 126.187368438086949, 36.889153028703667 ], [ 126.18736591964489, 36.889082528161538 ], [ 126.187293455265333, 36.889088574520009 ] ] ], [ [ [ 126.187518423280807, 36.8891823728665 ], [ 126.187506627796324, 36.889227409569081 ], [ 126.187537081129094, 36.889224562263848 ], [ 126.187518423280807, 36.8891823728665 ] ] ], [ [ [ 126.198175876465115, 36.89187848820945 ], [ 126.198047447899654, 36.891893724219429 ], [ 126.198066103408792, 36.891925991233819 ], [ 126.198175876465115, 36.89187848820945 ] ] ], [ [ [ 126.197816625171157, 36.892046602003816 ], [ 126.19775123963619, 36.891968650301344 ], [ 126.197729208522873, 36.891980377520866 ], [ 126.197816625171157, 36.892046602003816 ] ] ], [ [ [ 126.198074268908343, 36.892019272214419 ], [ 126.197985741438529, 36.892049744482684 ], [ 126.198020443198303, 36.892079335345329 ], [ 126.198074268908343, 36.892019272214419 ] ] ], [ [ [ 126.197576565253769, 36.891993835053938 ], [ 126.197474346262254, 36.892096562197516 ], [ 126.197672173999749, 36.892059799707461 ], [ 126.197576565253769, 36.891993835053938 ] ] ], [ [ [ 126.197840289803366, 36.892529537893196 ], [ 126.198120768385451, 36.89268547907912 ], [ 126.198185675668853, 36.892604127434701 ], [ 126.197840289803366, 36.892529537893196 ] ] ], [ [ [ 126.197983440730837, 36.893035295943442 ], [ 126.197941245372306, 36.892953976693981 ], [ 126.197908362173251, 36.893001359518621 ], [ 126.197983440730837, 36.893035295943442 ] ] ], [ [ [ 126.198057580877588, 36.893089068922741 ], [ 126.197975299949562, 36.893133465843604 ], [ 126.198074513021623, 36.893114457440831 ], [ 126.198057580877588, 36.893089068922741 ] ] ], [ [ [ 126.197824084282701, 36.893126174815379 ], [ 126.197717534283129, 36.89307858153952 ], [ 126.197736869614204, 36.893147860062832 ], [ 126.197824084282701, 36.893126174815379 ] ] ], [ [ [ 126.19806138913853, 36.893166801773525 ], [ 126.197996531037248, 36.893235972443193 ], [ 126.198078407896588, 36.893176521413196 ], [ 126.19806138913853, 36.893166801773525 ] ] ], [ [ [ 126.197559997012192, 36.89351872853215 ], [ 126.197467833811842, 36.893544705845528 ], [ 126.197567516630102, 36.89353996306901 ], [ 126.197559997012192, 36.89351872853215 ] ] ], [ [ [ 126.198544107332864, 36.893524414842489 ], [ 126.19869538980295, 36.893601720541724 ], [ 126.198626140317501, 36.893490925283778 ], [ 126.198544107332864, 36.893524414842489 ] ] ], [ [ [ 126.198478293270171, 36.893596885217661 ], [ 126.198506259675128, 36.893614078298242 ], [ 126.198506415103438, 36.893591707411488 ], [ 126.198478293270171, 36.893596885217661 ] ] ], [ [ [ 126.198715699573739, 36.893661256502902 ], [ 126.198751258013914, 36.893699277355616 ], [ 126.198767952370943, 36.893683035010675 ], [ 126.198715699573739, 36.893661256502902 ] ] ], [ [ [ 126.198463082804949, 36.89365249682016 ], [ 126.198530746536889, 36.893706647449591 ], [ 126.198537725588778, 36.893686240634679 ], [ 126.198463082804949, 36.89365249682016 ] ] ], [ [ [ 126.198648354551764, 36.893723562313021 ], [ 126.198654182838851, 36.893779918185047 ], [ 126.19868918664632, 36.893766926722108 ], [ 126.198648354551764, 36.893723562313021 ] ] ], [ [ [ 126.199235939354779, 36.893843870162648 ], [ 126.199367212053176, 36.893952991459088 ], [ 126.199352191847538, 36.893845454812094 ], [ 126.199235939354779, 36.893843870162648 ] ] ], [ [ [ 126.199558710136131, 36.894099417117275 ], [ 126.199373024835126, 36.89412258560521 ], [ 126.199428053023837, 36.89419233933608 ], [ 126.199558710136131, 36.894099417117275 ] ] ], [ [ [ 126.19967568196968, 36.894052672993581 ], [ 126.199625005351734, 36.894204397961957 ], [ 126.199749720245805, 36.894057407995653 ], [ 126.19967568196968, 36.894052672993581 ] ] ], [ [ [ 126.199811879118883, 36.894070693365556 ], [ 126.200042963853988, 36.894130512904631 ], [ 126.200044892090503, 36.894099403470861 ], [ 126.199811879118883, 36.894070693365556 ] ] ], [ [ [ 126.197005358326578, 36.900270723547457 ], [ 126.197381446435955, 36.899931415622483 ], [ 126.196674871879338, 36.899970413896469 ], [ 126.197005358326578, 36.900270723547457 ] ] ], [ [ [ 126.198699090366389, 36.900987788752154 ], [ 126.201493854109557, 36.900373311594194 ], [ 126.1979988014415, 36.900194887363114 ], [ 126.198699090366389, 36.900987788752154 ] ] ], [ [ [ 126.202887620064359, 36.901183914545364 ], [ 126.20268259236353, 36.901262572112579 ], [ 126.202405965650371, 36.901442129797871 ], [ 126.202887620064359, 36.901183914545364 ] ] ], [ [ [ 126.216627637545244, 36.902706678614699 ], [ 126.216555618270547, 36.902658301529065 ], [ 126.216591234328277, 36.902721531513748 ], [ 126.216627637545244, 36.902706678614699 ] ] ], [ [ [ 126.21764171813993, 36.904086569737053 ], [ 126.217589480979754, 36.904185153760992 ], [ 126.217693210067793, 36.904106137779749 ], [ 126.21764171813993, 36.904086569737053 ] ] ], [ [ [ 126.218419851094723, 36.904951639333646 ], [ 126.218375242733543, 36.90498095454825 ], [ 126.218429924191852, 36.904992541491524 ], [ 126.218419851094723, 36.904951639333646 ] ] ], [ [ [ 126.20393029444385, 36.904898324538514 ], [ 126.203938164576414, 36.904821243993098 ], [ 126.203879925785941, 36.904908079701293 ], [ 126.20393029444385, 36.904898324538514 ] ] ], [ [ [ 126.204125171413054, 36.904878544936778 ], [ 126.204029795991758, 36.905128232202792 ], [ 126.204213190395848, 36.905127342967326 ], [ 126.204125171413054, 36.904878544936778 ] ] ], [ [ [ 126.190580006736027, 36.934641811311629 ], [ 126.190541851277615, 36.93456363696292 ], [ 126.190511778747847, 36.934577695105133 ], [ 126.190580006736027, 36.934641811311629 ] ] ], [ [ [ 126.190874399603928, 36.934725147004862 ], [ 126.190865045729453, 36.93474775523471 ], [ 126.190876846757433, 36.934744222089741 ], [ 126.190874399603928, 36.934725147004862 ] ] ], [ [ [ 126.1908052264764, 36.934915927352414 ], [ 126.190766018154562, 36.934557054994627 ], [ 126.190730254768155, 36.934687825127561 ], [ 126.190267895027063, 36.934728980515246 ], [ 126.190160271502876, 36.934563656368958 ], [ 126.190015175608494, 36.934751044285349 ], [ 126.1908052264764, 36.934915927352414 ] ] ], [ [ [ 126.190999693000592, 36.934910629201994 ], [ 126.190944832325414, 36.934915357083057 ], [ 126.190958729779965, 36.934939589925172 ], [ 126.190999693000592, 36.934910629201994 ] ] ], [ [ [ 126.190915058320215, 36.934916029415938 ], [ 126.190895055230826, 36.934946908562864 ], [ 126.190931323566147, 36.934932862737057 ], [ 126.190915058320215, 36.934916029415938 ] ] ], [ [ [ 126.190756002528033, 36.935050086132399 ], [ 126.190813591060333, 36.935133358360972 ], [ 126.190869425081601, 36.935002425477919 ], [ 126.190756002528033, 36.935050086132399 ] ] ], [ [ [ 126.190443395326668, 36.935056541943823 ], [ 126.190326922373998, 36.935189782264963 ], [ 126.190493776014989, 36.935149451790586 ], [ 126.190443395326668, 36.935056541943823 ] ] ], [ [ [ 126.190127590831239, 36.93514246938787 ], [ 126.19006770897937, 36.935160289104992 ], [ 126.190130684550823, 36.935160889999167 ], [ 126.190127590831239, 36.93514246938787 ] ] ], [ [ [ 126.190226193344287, 36.935254425707953 ], [ 126.190369872913351, 36.935249824979046 ], [ 126.190193443821585, 36.93516179494577 ], [ 126.190226193344287, 36.935254425707953 ] ] ], [ [ [ 126.283270582326551, 36.244105862123625 ], [ 126.283336822282763, 36.244039807160149 ], [ 126.283277315516074, 36.244021426191431 ], [ 126.283270582326551, 36.244105862123625 ] ] ], [ [ [ 126.283364665265523, 36.244249713387916 ], [ 126.283377115886623, 36.244205664922625 ], [ 126.28334843270315, 36.244197573442285 ], [ 126.283364665265523, 36.244249713387916 ] ] ], [ [ [ 126.282345244148303, 36.24424463766087 ], [ 126.28232656479463, 36.244326153677648 ], [ 126.282391815786298, 36.244319894409792 ], [ 126.282345244148303, 36.24424463766087 ] ] ], [ [ [ 126.282404567189388, 36.244442586160453 ], [ 126.282414922216702, 36.244336805480565 ], [ 126.282359879419658, 36.244349910060329 ], [ 126.282404567189388, 36.244442586160453 ] ] ], [ [ [ 126.282570818545054, 36.244462183840817 ], [ 126.282530598659079, 36.244484389410317 ], [ 126.282558091446418, 36.244497477681385 ], [ 126.282570818545054, 36.244462183840817 ] ] ], [ [ [ 126.282662251281067, 36.244474905945417 ], [ 126.28264793654867, 36.244570659579189 ], [ 126.282685419482732, 36.244568064300729 ], [ 126.282662251281067, 36.244474905945417 ] ] ], [ [ [ 126.282481056584146, 36.244516238037832 ], [ 126.282556360646112, 36.24460762645046 ], [ 126.282605314660728, 36.244590302115789 ], [ 126.282481056584146, 36.244516238037832 ] ] ], [ [ [ 126.282217577508348, 36.245104152791455 ], [ 126.282167542822364, 36.24511808174536 ], [ 126.282202342332425, 36.245135097481167 ], [ 126.282217577508348, 36.245104152791455 ] ] ], [ [ [ 126.281224234046377, 36.245843739172791 ], [ 126.281198519436543, 36.245806573544641 ], [ 126.281172153883745, 36.245835405166417 ], [ 126.281224234046377, 36.245843739172791 ] ] ], [ [ [ 126.281177906646633, 36.246063798143702 ], [ 126.28120216740956, 36.246011982185536 ], [ 126.28114914123644, 36.246042483965148 ], [ 126.281177906646633, 36.246063798143702 ] ] ], [ [ [ 126.281216768726964, 36.24628949584524 ], [ 126.281189817495957, 36.246247673112357 ], [ 126.281133056542302, 36.246292625659919 ], [ 126.281216768726964, 36.24628949584524 ] ] ], [ [ [ 126.281165495606075, 36.246360750459658 ], [ 126.281237280189472, 36.246436980330195 ], [ 126.281261527891914, 36.246364653408683 ], [ 126.281165495606075, 36.246360750459658 ] ] ], [ [ [ 126.280893161816167, 36.246498678742697 ], [ 126.280971518933711, 36.246482785242456 ], [ 126.280883907088509, 36.24649005266717 ], [ 126.280893161816167, 36.246498678742697 ] ] ], [ [ [ 126.280955606072652, 36.246555016746385 ], [ 126.28095902089332, 36.246517450179859 ], [ 126.280901336931407, 36.246543849447939 ], [ 126.280955606072652, 36.246555016746385 ] ] ], [ [ [ 126.28077137783913, 36.246555125948994 ], [ 126.280729156472106, 36.24652739650039 ], [ 126.280724097232024, 36.246540423823035 ], [ 126.28077137783913, 36.246555125948994 ] ] ], [ [ [ 126.280992299159365, 36.246691900520119 ], [ 126.281200720945478, 36.246502727092675 ], [ 126.280995116537937, 36.246576433263542 ], [ 126.280992299159365, 36.246691900520119 ] ] ], [ [ [ 126.281104909180812, 36.246768672728102 ], [ 126.281087596558194, 36.246751744722431 ], [ 126.281066472513203, 36.246773271721786 ], [ 126.281104909180812, 36.246768672728102 ] ] ], [ [ [ 126.281047495961218, 36.246810593162721 ], [ 126.28103656120058, 36.24677398559534 ], [ 126.280982758157847, 36.24680688817071 ], [ 126.281047495961218, 36.246810593162721 ] ] ], [ [ [ 126.2806896563892, 36.247184701325459 ], [ 126.280633949059265, 36.247204326938302 ], [ 126.280688241518789, 36.24722018057021 ], [ 126.2806896563892, 36.247184701325459 ] ] ], [ [ [ 126.280796942472264, 36.247211038591061 ], [ 126.280720687691115, 36.247180822087756 ], [ 126.28070237832155, 36.247210857174203 ], [ 126.280796942472264, 36.247211038591061 ] ] ], [ [ [ 126.280563226498259, 36.247631320316884 ], [ 126.280562810212558, 36.247597802091391 ], [ 126.280526528359744, 36.247601647589214 ], [ 126.280563226498259, 36.247631320316884 ] ] ], [ [ [ 126.280501067571777, 36.247666596755359 ], [ 126.280559655724119, 36.247644526876201 ], [ 126.280495802778248, 36.247631536221803 ], [ 126.280501067571777, 36.247666596755359 ] ] ], [ [ [ 126.277310943393715, 36.251657475261034 ], [ 126.286218531929649, 36.249758283974685 ], [ 126.285282227143838, 36.246710858117794 ], [ 126.283483709031657, 36.245788524314214 ], [ 126.28315988993981, 36.243899757604225 ], [ 126.27973381404108, 36.249326304807518 ], [ 126.276727250698258, 36.250753764880052 ], [ 126.277461355452246, 36.251381002754641 ], [ 126.277310943393715, 36.251657475261034 ] ] ], [ [ [ 126.280147955565596, 36.248035142285545 ], [ 126.280202340407968, 36.247998396652342 ], [ 126.280143029044098, 36.247975321122013 ], [ 126.280147955565596, 36.248035142285545 ] ] ], [ [ [ 126.280215838847752, 36.24806223574673 ], [ 126.280007761101757, 36.24814781106177 ], [ 126.280231353079259, 36.248121120946216 ], [ 126.280215838847752, 36.24806223574673 ] ] ], [ [ [ 126.2799651281519, 36.248123611007529 ], [ 126.27996403347521, 36.248053708740493 ], [ 126.279871461811808, 36.248121162708102 ], [ 126.2799651281519, 36.248123611007529 ] ] ], [ [ [ 126.275199702770891, 36.248783373848468 ], [ 126.275219412961576, 36.248712804760622 ], [ 126.275059045138974, 36.248744213129108 ], [ 126.275199702770891, 36.248783373848468 ] ] ], [ [ [ 126.275610991782216, 36.24882026384099 ], [ 126.275612433015127, 36.248862996808121 ], [ 126.275639342101954, 36.248829770921411 ], [ 126.275610991782216, 36.24882026384099 ] ] ], [ [ [ 126.274810694183202, 36.248878180993906 ], [ 126.274938685357853, 36.248810747597808 ], [ 126.274790223455184, 36.248836044610634 ], [ 126.274810694183202, 36.248878180993906 ] ] ], [ [ [ 126.274518358343741, 36.248798303175001 ], [ 126.274715201918355, 36.248910801513084 ], [ 126.27468374794519, 36.248765342318976 ], [ 126.274518358343741, 36.248798303175001 ] ] ], [ [ [ 126.274010311417555, 36.248875652126152 ], [ 126.274048717081641, 36.24885289539737 ], [ 126.274004876936772, 36.248827983103752 ], [ 126.274010311417555, 36.248875652126152 ] ] ], [ [ [ 126.275436782516422, 36.248886795685273 ], [ 126.275475621828335, 36.24885205666471 ], [ 126.275396349024675, 36.248876340881857 ], [ 126.275436782516422, 36.248886795685273 ] ] ], [ [ [ 126.275207724620614, 36.248892933466777 ], [ 126.275013327128832, 36.248819192788183 ], [ 126.274929118181305, 36.248925110543276 ], [ 126.275207724620614, 36.248892933466777 ] ] ], [ [ [ 126.274894914217839, 36.248959058470874 ], [ 126.274889055826804, 36.248935799411917 ], [ 126.274878207535906, 36.248941870746521 ], [ 126.274894914217839, 36.248959058470874 ] ] ], [ [ [ 126.274660291998032, 36.248988384140979 ], [ 126.274630238878203, 36.249063269900482 ], [ 126.274721742237119, 36.249030237174594 ], [ 126.274660291998032, 36.248988384140979 ] ] ], [ [ [ 126.275106105117786, 36.249219001883169 ], [ 126.2755304210323, 36.249126174327174 ], [ 126.274928871170488, 36.249179340226775 ], [ 126.275106105117786, 36.249219001883169 ] ] ], [ [ [ 126.27429342087801, 36.249256636680734 ], [ 126.274664572269984, 36.249128388582861 ], [ 126.274463835969968, 36.249081825232473 ], [ 126.27429342087801, 36.249256636680734 ] ] ], [ [ [ 126.277176535646205, 36.251355851353388 ], [ 126.277278255812448, 36.251377102754567 ], [ 126.277232209125287, 36.251266790361335 ], [ 126.277176535646205, 36.251355851353388 ] ] ], [ [ [ 126.281429411649171, 36.261848606131018 ], [ 126.281361875703567, 36.261799085896911 ], [ 126.281343457189081, 36.261805553037973 ], [ 126.281429411649171, 36.261848606131018 ] ] ], [ [ [ 126.282968231412113, 36.262105662974825 ], [ 126.283063410562974, 36.26211371364262 ], [ 126.28307464493389, 36.262102065273851 ], [ 126.282968231412113, 36.262105662974825 ] ] ], [ [ [ 126.283101996111483, 36.262153236481289 ], [ 126.283038643040811, 36.262193768438514 ], [ 126.283150507834478, 36.262190384804562 ], [ 126.283101996111483, 36.262153236481289 ] ] ], [ [ [ 126.282919616284786, 36.262189540796051 ], [ 126.282944252559133, 36.262209063632923 ], [ 126.282968596701636, 36.262187581776828 ], [ 126.282919616284786, 36.262189540796051 ] ] ], [ [ [ 126.283214434623119, 36.262196534339722 ], [ 126.283208015659881, 36.262253540766025 ], [ 126.283318821731214, 36.262207613751343 ], [ 126.283214434623119, 36.262196534339722 ] ] ], [ [ [ 126.281634500578988, 36.262224454689665 ], [ 126.281488814057894, 36.26226377199594 ], [ 126.281642947422213, 36.262261994173542 ], [ 126.281634500578988, 36.262224454689665 ] ] ], [ [ [ 126.283420018672643, 36.262360788244976 ], [ 126.283443033544401, 36.262301990781729 ], [ 126.283392341949792, 36.262320970809888 ], [ 126.283420018672643, 36.262360788244976 ] ] ], [ [ [ 126.28218989197525, 36.262320610543767 ], [ 126.282189589676761, 36.26234151489426 ], [ 126.282204690705456, 36.262332774533867 ], [ 126.28218989197525, 36.262320610543767 ] ] ], [ [ [ 126.282925359643841, 36.262328176782241 ], [ 126.282915806985258, 36.262362723951064 ], [ 126.282957083088291, 36.262351525558074 ], [ 126.282925359643841, 36.262328176782241 ] ] ], [ [ [ 126.282593511058408, 36.262367189205079 ], [ 126.282563341267959, 36.262344297881164 ], [ 126.282519048606787, 36.262356920438819 ], [ 126.282593511058408, 36.262367189205079 ] ] ], [ [ [ 126.283572958439279, 36.262392345635384 ], [ 126.283584004620792, 36.262364836235243 ], [ 126.283530066644659, 36.262361447904759 ], [ 126.283572958439279, 36.262392345635384 ] ] ], [ [ [ 126.28349515774606, 36.262431079345674 ], [ 126.2834747962997, 36.262406357020609 ], [ 126.283446099526373, 36.262417088569379 ], [ 126.28349515774606, 36.262431079345674 ] ] ], [ [ [ 126.283727005856463, 36.262448961185022 ], [ 126.283803985267326, 36.262402740182871 ], [ 126.283683116729776, 36.262417335777243 ], [ 126.283727005856463, 36.262448961185022 ] ] ], [ [ [ 126.28284744456289, 36.262403677206365 ], [ 126.282821790250424, 36.262446599436579 ], [ 126.282867564468887, 36.262418127367937 ], [ 126.28284744456289, 36.262403677206365 ] ] ], [ [ [ 126.282568461112348, 36.262453641621818 ], [ 126.282501820893401, 36.262439994344412 ], [ 126.282502089223442, 36.26245928181752 ], [ 126.282568461112348, 36.262453641621818 ] ] ], [ [ [ 126.283594158494694, 36.262434917025296 ], [ 126.283580379281346, 36.262469258991352 ], [ 126.283601814532261, 36.262461637627425 ], [ 126.283594158494694, 36.262434917025296 ] ] ], [ [ [ 126.283402773125189, 36.262433590493352 ], [ 126.28344438888648, 36.262531256104907 ], [ 126.283467856039834, 36.262459663838463 ], [ 126.283402773125189, 36.262433590493352 ] ] ], [ [ [ 126.282133635698202, 36.26246094646396 ], [ 126.282114623760663, 36.262532295349793 ], [ 126.282238703977001, 36.2625071757613 ], [ 126.282133635698202, 36.26246094646396 ] ] ], [ [ [ 126.283729759304606, 36.262537292256049 ], [ 126.283780616337467, 36.262500467807676 ], [ 126.283713360506567, 36.262517458502053 ], [ 126.283729759304606, 36.262537292256049 ] ] ], [ [ [ 126.282479878252687, 36.262539531994307 ], [ 126.282458427230452, 36.262561212682094 ], [ 126.282492367390134, 36.262548890428548 ], [ 126.282479878252687, 36.262539531994307 ] ] ], [ [ [ 126.283127068501287, 36.262538997144247 ], [ 126.283158807649954, 36.262584877947809 ], [ 126.28331017233954, 36.262521081333844 ], [ 126.283127068501287, 36.262538997144247 ] ] ], [ [ [ 126.28311959174853, 36.26288229981742 ], [ 126.283036261395537, 36.262624785969109 ], [ 126.282788357977296, 36.262658896167025 ], [ 126.28311959174853, 36.26288229981742 ] ] ], [ [ [ 126.283576595075417, 36.262920273619855 ], [ 126.283311686274303, 36.262647523946825 ], [ 126.283260146435893, 36.262941897844726 ], [ 126.283576595075417, 36.262920273619855 ] ] ], [ [ [ 126.282354147049077, 36.26274514639686 ], [ 126.282459801802091, 36.262812287098306 ], [ 126.28252401959459, 36.262701467632169 ], [ 126.282354147049077, 36.26274514639686 ] ] ], [ [ [ 126.28228410915959, 36.262798616622874 ], [ 126.282235573347037, 36.262812924931232 ], [ 126.282288139209157, 36.262832434799826 ], [ 126.28228410915959, 36.262798616622874 ] ] ], [ [ [ 126.282923172829911, 36.262968986351126 ], [ 126.282872397250401, 36.262741406927177 ], [ 126.282656296901422, 36.262765884418926 ], [ 126.282923172829911, 36.262968986351126 ] ] ], [ [ [ 126.282229124486776, 36.263019073998301 ], [ 126.282106745431776, 36.262991935114044 ], [ 126.282102927629097, 36.263007683180817 ], [ 126.282229124486776, 36.263019073998301 ] ] ], [ [ [ 126.282833068414021, 36.263087491935885 ], [ 126.28295756272162, 36.263114642590708 ], [ 126.282941638629339, 36.263030647087945 ], [ 126.282833068414021, 36.263087491935885 ] ] ], [ [ [ 126.282536297756465, 36.263074536709475 ], [ 126.282527938092343, 36.263149104247319 ], [ 126.282607285818472, 36.263075322455109 ], [ 126.282536297756465, 36.263074536709475 ] ] ], [ [ [ 126.283603573780852, 36.263097426396982 ], [ 126.283615484784491, 36.263145800867846 ], [ 126.283650428775374, 36.26313321264039 ], [ 126.283603573780852, 36.263097426396982 ] ] ], [ [ [ 126.281907740133335, 36.263105730368849 ], [ 126.281953402165257, 36.263101588813029 ], [ 126.28190850830083, 36.263094830127628 ], [ 126.281907740133335, 36.263105730368849 ] ] ], [ [ [ 126.283436604258426, 36.263273866661898 ], [ 126.283384925560526, 36.263339793610321 ], [ 126.283478398838213, 36.263327735930183 ], [ 126.283436604258426, 36.263273866661898 ] ] ], [ [ [ 126.282934600999653, 36.263496241716034 ], [ 126.282944223583442, 36.263648596406483 ], [ 126.283025667431957, 36.263540313900528 ], [ 126.282934600999653, 36.263496241716034 ] ] ], [ [ [ 126.283035811801511, 36.263672395709733 ], [ 126.283074260696992, 36.263665959049028 ], [ 126.283036051321858, 36.263658250115498 ], [ 126.283035811801511, 36.263672395709733 ] ] ], [ [ [ 126.282837522062962, 36.263671477582207 ], [ 126.282865917293535, 36.263705893493373 ], [ 126.282890431646493, 36.263677922645243 ], [ 126.282837522062962, 36.263671477582207 ] ] ], [ [ [ 126.273383360601642, 36.267858844081239 ], [ 126.274910074663808, 36.266461831328556 ], [ 126.275110122530165, 36.266550187518185 ], [ 126.275546849950118, 36.266363498574975 ], [ 126.274626699566014, 36.266034130676289 ], [ 126.274416162492344, 36.266899329075599 ], [ 126.272384706677542, 36.267029914371015 ], [ 126.271497797673618, 36.268094295221275 ], [ 126.273383360601642, 36.267858844081239 ] ] ], [ [ [ 126.250957596991, 36.268628244056586 ], [ 126.250845854513898, 36.268780833035478 ], [ 126.250978129204597, 36.268657210600949 ], [ 126.250957596991, 36.268628244056586 ] ] ], [ [ [ 126.251313628467315, 36.268776461889964 ], [ 126.251240453939403, 36.268724637450745 ], [ 126.251216092182815, 36.26874683373444 ], [ 126.251313628467315, 36.268776461889964 ] ] ], [ [ [ 126.251674599739857, 36.268745649434202 ], [ 126.251641407262426, 36.268806901687171 ], [ 126.251771847417871, 36.268793839470838 ], [ 126.251674599739857, 36.268745649434202 ] ] ], [ [ [ 126.251527487435212, 36.26879158968282 ], [ 126.251423718623514, 36.268773457323313 ], [ 126.251336932675059, 36.268830048136181 ], [ 126.251527487435212, 36.26879158968282 ] ] ], [ [ [ 126.251218402502772, 36.268854538921396 ], [ 126.251186669757914, 36.26884451653595 ], [ 126.251177743531272, 36.268858789448622 ], [ 126.251218402502772, 36.268854538921396 ] ] ], [ [ [ 126.251521369574291, 36.269047754238443 ], [ 126.251792530530693, 36.268865521808266 ], [ 126.251349311317327, 36.269013963955928 ], [ 126.251521369574291, 36.269047754238443 ] ] ], [ [ [ 126.252209988785566, 36.269504629527084 ], [ 126.252045754030263, 36.269560464971576 ], [ 126.252167619743531, 36.269571411458351 ], [ 126.252209988785566, 36.269504629527084 ] ] ], [ [ [ 126.25441577257547, 36.273487062204126 ], [ 126.256716327763797, 36.273365845918725 ], [ 126.257436651260122, 36.272456354621013 ], [ 126.255445831147526, 36.270528089623269 ], [ 126.255453908036472, 36.271681547893898 ], [ 126.253502783996566, 36.272674819864875 ], [ 126.25441577257547, 36.273487062204126 ] ] ], [ [ [ 126.271299544523714, 36.280519056087812 ], [ 126.272437368741251, 36.279021842222903 ], [ 126.271217796250966, 36.278632950790808 ], [ 126.270345612190752, 36.27479847097387 ], [ 126.26792838944516, 36.271272919324815 ], [ 126.268425548520582, 36.269854787158977 ], [ 126.267313402687677, 36.270053680172069 ], [ 126.266352458340734, 36.269140013919724 ], [ 126.266425959889901, 36.267885132717353 ], [ 126.26948487231634, 36.26958913653629 ], [ 126.267380914146514, 36.268275697177423 ], [ 126.266303080429381, 36.265210784107701 ], [ 126.263844269748816, 36.264981196864561 ], [ 126.262987035310459, 36.266217461032653 ], [ 126.260726125231699, 36.266949226020273 ], [ 126.260205480413148, 36.268064991141415 ], [ 126.261208437940709, 36.27096448901414 ], [ 126.258895288183481, 36.272296975069366 ], [ 126.26073312107151, 36.273821414615263 ], [ 126.260133658573949, 36.275158556331924 ], [ 126.26176487655114, 36.277265388239705 ], [ 126.263548564668568, 36.277036495137438 ], [ 126.264397053998508, 36.278309997401657 ], [ 126.267457512080853, 36.278185885399438 ], [ 126.271043417561216, 36.279659401284192 ], [ 126.271299544523714, 36.280519056087812 ] ] ], [ [ [ 126.275684191291703, 36.281035930617811 ], [ 126.275204307414, 36.280632903649028 ], [ 126.275093386121753, 36.280820304962404 ], [ 126.275684191291703, 36.281035930617811 ] ] ], [ [ [ 126.26216791828179, 36.282216464475013 ], [ 126.262192909667561, 36.282127403743345 ], [ 126.262129271457695, 36.282136473782195 ], [ 126.26216791828179, 36.282216464475013 ] ] ], [ [ [ 126.24955477221053, 36.284379989418923 ], [ 126.249559868446937, 36.284487260124664 ], [ 126.249621773933285, 36.284438625065661 ], [ 126.24955477221053, 36.284379989418923 ] ] ], [ [ [ 126.25004550523137, 36.284835993792981 ], [ 126.249202732541193, 36.284714364605968 ], [ 126.249106388560136, 36.285313306746922 ], [ 126.249811321312052, 36.285346929298441 ], [ 126.25004550523137, 36.284835993792981 ] ] ], [ [ [ 126.251140824037506, 36.285483499693065 ], [ 126.250512762040117, 36.285326546414957 ], [ 126.24967758651195, 36.285666364474466 ], [ 126.249903202314329, 36.285853241678716 ], [ 126.251140824037506, 36.285483499693065 ] ] ], [ [ [ 126.268498945357635, 36.285636995995951 ], [ 126.267411486978901, 36.285680894612817 ], [ 126.267734543684639, 36.286308465545332 ], [ 126.268498945357635, 36.285636995995951 ] ] ], [ [ [ 126.251058089152139, 36.285778113937702 ], [ 126.250815077566074, 36.285734056346413 ], [ 126.250809885911806, 36.285834683726712 ], [ 126.251058089152139, 36.285778113937702 ] ] ], [ [ [ 126.251725881485171, 36.285761656338472 ], [ 126.251904278305432, 36.285776741733791 ], [ 126.25186397373605, 36.285696104908475 ], [ 126.251725881485171, 36.285761656338472 ] ] ], [ [ [ 126.251598983369888, 36.285750499799384 ], [ 126.251675068733505, 36.285849022574538 ], [ 126.251665815065834, 36.285745601167733 ], [ 126.251598983369888, 36.285750499799384 ] ] ], [ [ [ 126.250510425962105, 36.285780359173998 ], [ 126.250498147033341, 36.285912033587167 ], [ 126.250521377871152, 36.285787366392327 ], [ 126.250510425962105, 36.285780359173998 ] ] ], [ [ [ 126.250739852212121, 36.285941392959742 ], [ 126.251258228594352, 36.285859120546355 ], [ 126.251323432659078, 36.285803474851782 ], [ 126.250739852212121, 36.285941392959742 ] ] ], [ [ [ 126.263970487340401, 36.28699430379092 ], [ 126.264999027277867, 36.286517153585784 ], [ 126.26303833377635, 36.286997845079533 ], [ 126.263970487340401, 36.28699430379092 ] ] ], [ [ [ 126.249112336712045, 36.294323118977069 ], [ 126.249023968570057, 36.294367531823205 ], [ 126.249132276492631, 36.294379926451214 ], [ 126.249112336712045, 36.294323118977069 ] ] ], [ [ [ 126.249213060304896, 36.294476588717089 ], [ 126.249067756331797, 36.294467926843481 ], [ 126.249152895559973, 36.294540103509242 ], [ 126.249213060304896, 36.294476588717089 ] ] ], [ [ [ 126.249293410989125, 36.294606951122866 ], [ 126.249276435127427, 36.294461576726135 ], [ 126.249234026964885, 36.294612075917094 ], [ 126.249293410989125, 36.294606951122866 ] ] ], [ [ [ 126.249499128836376, 36.294816682670735 ], [ 126.249927254831917, 36.294853523414261 ], [ 126.249487942333431, 36.294578164313968 ], [ 126.249499128836376, 36.294816682670735 ] ] ], [ [ [ 126.247081562292593, 36.295127164585594 ], [ 126.246772162505479, 36.29521181816483 ], [ 126.246869601426809, 36.295382300668209 ], [ 126.247081562292593, 36.295127164585594 ] ] ], [ [ [ 126.264758747272097, 36.303891904164509 ], [ 126.265020181478391, 36.302015283889936 ], [ 126.266063734819369, 36.302356568319851 ], [ 126.265351015132978, 36.302865610946263 ], [ 126.265813543986894, 36.303665686746427 ], [ 126.267438626267506, 36.304301154218194 ], [ 126.26820980201353, 36.303485213846216 ], [ 126.270131802231191, 36.302833578466768 ], [ 126.269566824417993, 36.300447182893912 ], [ 126.267790839916074, 36.299927431095746 ], [ 126.265994735523321, 36.297505976437627 ], [ 126.268143089564802, 36.292752875379072 ], [ 126.262346435448364, 36.291040811068513 ], [ 126.261638526830765, 36.289639632103999 ], [ 126.258694429638908, 36.288325356993248 ], [ 126.259001873960756, 36.286394979429211 ], [ 126.25686187476316, 36.286295095793847 ], [ 126.25399969199745, 36.287623078202692 ], [ 126.253522210470706, 36.289873466868436 ], [ 126.250528843988661, 36.294888205542144 ], [ 126.251816710069349, 36.294809128326499 ], [ 126.252646830851077, 36.295568776594514 ], [ 126.255146683459401, 36.294470805050523 ], [ 126.256969647666509, 36.294827565296266 ], [ 126.256815235696038, 36.296999497617733 ], [ 126.259056491770636, 36.298147615847448 ], [ 126.256733156054565, 36.299948143556506 ], [ 126.25543159456717, 36.300106778399837 ], [ 126.255770997031433, 36.301816312030056 ], [ 126.257107367618346, 36.302034144205265 ], [ 126.258233611923544, 36.303668011104833 ], [ 126.260142202026756, 36.304566584144162 ], [ 126.261166282393674, 36.303727443795808 ], [ 126.263637520294765, 36.30341502749944 ], [ 126.264621732346598, 36.30437988841873 ], [ 126.266194883105712, 36.304668195116662 ], [ 126.264758747272097, 36.303891904164509 ] ] ], [ [ [ 126.24622842966312, 36.297159143705144 ], [ 126.248347457372049, 36.296329443636836 ], [ 126.247307694643396, 36.295540690695795 ], [ 126.245997710205984, 36.295267405109243 ], [ 126.243993459882688, 36.295993524343437 ], [ 126.243767506915049, 36.295759144211154 ], [ 126.243602101979505, 36.295849114015169 ], [ 126.244608660736475, 36.296787643720741 ], [ 126.24608667322812, 36.296318544368852 ], [ 126.24622842966312, 36.297159143705144 ] ] ], [ [ [ 126.245866833618649, 36.296801624617736 ], [ 126.246054307754065, 36.29689382437315 ], [ 126.246024705407876, 36.296684657949768 ], [ 126.245866833618649, 36.296801624617736 ] ] ], [ [ [ 126.247535764962848, 36.296933833183452 ], [ 126.247632895331094, 36.29695248558744 ], [ 126.247627181631472, 36.296866847797695 ], [ 126.247535764962848, 36.296933833183452 ] ] ], [ [ [ 126.247154362938488, 36.296996505144698 ], [ 126.247050023511392, 36.29709882453303 ], [ 126.24719418711301, 36.297092315781086 ], [ 126.247154362938488, 36.296996505144698 ] ] ], [ [ [ 126.246975752738095, 36.297122588111492 ], [ 126.246955297631814, 36.296981787201872 ], [ 126.24695237317448, 36.297136626179949 ], [ 126.246975752738095, 36.297122588111492 ] ] ], [ [ [ 126.247333590616918, 36.29720227024827 ], [ 126.247280844696235, 36.297113065555571 ], [ 126.247278640455434, 36.297214829076502 ], [ 126.247333590616918, 36.29720227024827 ] ] ], [ [ [ 126.247092836032579, 36.297137438481023 ], [ 126.247203641124813, 36.297220638407623 ], [ 126.2471907663883, 36.297116940944328 ], [ 126.247092836032579, 36.297137438481023 ] ] ], [ [ [ 126.269857604624718, 36.302939133791213 ], [ 126.270063341603276, 36.303006868126822 ], [ 126.269998305659726, 36.302908461651818 ], [ 126.269857604624718, 36.302939133791213 ] ] ], [ [ [ 126.269849633791566, 36.303431149529224 ], [ 126.270114910050864, 36.303076501205624 ], [ 126.269964320033466, 36.303095462388349 ], [ 126.269849633791566, 36.303431149529224 ] ] ], [ [ [ 126.254513820898083, 36.304309121709814 ], [ 126.253239917200872, 36.303211392552242 ], [ 126.251772861353487, 36.304715095886245 ], [ 126.253191611375541, 36.305171665404139 ], [ 126.254513820898083, 36.304309121709814 ] ] ], [ [ [ 126.250027896883083, 36.30427205228164 ], [ 126.250057605585042, 36.304215917424152 ], [ 126.249972602330189, 36.304209886503926 ], [ 126.250027896883083, 36.30427205228164 ] ] ], [ [ [ 126.252660122870182, 36.311864894584417 ], [ 126.254442928456086, 36.309275627798257 ], [ 126.256671604736397, 36.30818197665473 ], [ 126.256722258242135, 36.30726778934627 ], [ 126.255300650986129, 36.306672374247242 ], [ 126.255629417618124, 36.30481162347899 ], [ 126.254722239418243, 36.304894286521638 ], [ 126.254999952695741, 36.306552177857057 ], [ 126.252338600900785, 36.307370221278788 ], [ 126.252795494507922, 36.308518548232797 ], [ 126.249156780974161, 36.309848936393102 ], [ 126.251277147200952, 36.311707187327016 ], [ 126.252660122870182, 36.311864894584417 ] ] ], [ [ [ 126.248567562521856, 36.309522888653255 ], [ 126.248621677245382, 36.309708237547561 ], [ 126.248658440979753, 36.309520574895181 ], [ 126.248567562521856, 36.309522888653255 ] ] ], [ [ [ 126.245442929766483, 36.311187480025751 ], [ 126.248217124401222, 36.310164926137929 ], [ 126.246347316157767, 36.310119360115493 ], [ 126.245442929766483, 36.311187480025751 ] ] ], [ [ [ 126.271196565314284, 36.347335060146968 ], [ 126.274207276725107, 36.346821258625994 ], [ 126.273427193994294, 36.345925062698356 ], [ 126.270395649777598, 36.346497095071051 ], [ 126.271196565314284, 36.347335060146968 ] ] ], [ [ [ 126.27370769811904, 36.347227656242488 ], [ 126.273628479301379, 36.347191038191077 ], [ 126.273609436085195, 36.347247937067493 ], [ 126.27370769811904, 36.347227656242488 ] ] ], [ [ [ 126.273376479318799, 36.34728178345005 ], [ 126.273417210784686, 36.347257403681375 ], [ 126.273399147863643, 36.347237593032496 ], [ 126.273376479318799, 36.34728178345005 ] ] ], [ [ [ 126.272498064778958, 36.347568334215396 ], [ 126.27243423899364, 36.347510351583466 ], [ 126.272447835700447, 36.347568469049769 ], [ 126.272498064778958, 36.347568334215396 ] ] ], [ [ [ 126.242110790131903, 36.58819788882122 ], [ 126.242202367767064, 36.588138015231578 ], [ 126.242125602695836, 36.58814228556156 ], [ 126.242110790131903, 36.58819788882122 ] ] ], [ [ [ 126.242024432688808, 36.608104071112137 ], [ 126.241941091948036, 36.608085167828392 ], [ 126.241936941299869, 36.608095782621326 ], [ 126.242024432688808, 36.608104071112137 ] ] ], [ [ [ 126.24239338639417, 36.608279055369131 ], [ 126.242464284351897, 36.608365903706947 ], [ 126.2424914783617, 36.608271052814729 ], [ 126.24239338639417, 36.608279055369131 ] ] ], [ [ [ 126.263020469639699, 36.662759422259306 ], [ 126.262961346507737, 36.662801678486517 ], [ 126.263014031290311, 36.662801104367738 ], [ 126.263020469639699, 36.662759422259306 ] ] ], [ [ [ 126.262611771335784, 36.662935133050162 ], [ 126.26238991468685, 36.663116864216953 ], [ 126.262496468486191, 36.663144648554152 ], [ 126.262611771335784, 36.662935133050162 ] ] ], [ [ [ 126.262718574518289, 36.663311916890478 ], [ 126.26261128226848, 36.663256014782256 ], [ 126.262618661959664, 36.66331490277139 ], [ 126.262718574518289, 36.663311916890478 ] ] ], [ [ [ 126.262926165338996, 36.66944689077976 ], [ 126.265244509062896, 36.668735549704429 ], [ 126.26507270433703, 36.667558178938286 ], [ 126.264575891499717, 36.668328084812465 ], [ 126.262367672981071, 36.668787961800469 ], [ 126.262926165338996, 36.66944689077976 ] ] ], [ [ [ 126.269038894616642, 36.670065916818082 ], [ 126.269869924030317, 36.668788996176687 ], [ 126.268757072007631, 36.670082685037606 ], [ 126.269038894616642, 36.670065916818082 ] ] ], [ [ [ 126.264126661029039, 36.672699122036271 ], [ 126.264550218921997, 36.672448166920894 ], [ 126.264097086384197, 36.672456813019231 ], [ 126.264126661029039, 36.672699122036271 ] ] ], [ [ [ 126.262323140115939, 36.675269645755783 ], [ 126.261291167484956, 36.674133525973907 ], [ 126.260281164831028, 36.674421289291416 ], [ 126.261466762089555, 36.675541699240412 ], [ 126.262323140115939, 36.675269645755783 ] ] ], [ [ [ 126.24238474391484, 36.710897304614761 ], [ 126.241397304817525, 36.710723572596009 ], [ 126.241794858564845, 36.71144352642677 ], [ 126.24238474391484, 36.710897304614761 ] ] ], [ [ [ 126.253250698224562, 36.914591958032574 ], [ 126.25224716211774, 36.913585426661122 ], [ 126.251138539429533, 36.914348888040024 ], [ 126.251398837576502, 36.914634637555643 ], [ 126.253250698224562, 36.914591958032574 ] ] ], [ [ [ 126.251129672587524, 36.914369728830316 ], [ 126.251101937859758, 36.914395651616275 ], [ 126.251113426019018, 36.914399379791014 ], [ 126.251129672587524, 36.914369728830316 ] ] ], [ [ [ 126.252437037794991, 36.914635391215263 ], [ 126.252399024450582, 36.914707390267814 ], [ 126.252450853378974, 36.914694994195038 ], [ 126.252437037794991, 36.914635391215263 ] ] ], [ [ [ 126.284840735151377, 36.246386122898961 ], [ 126.284772395040662, 36.246354162943177 ], [ 126.284788606708602, 36.246408889770123 ], [ 126.284840735151377, 36.246386122898961 ] ] ], [ [ [ 126.28984829706981, 36.255950330241269 ], [ 126.289676694253558, 36.256014736496113 ], [ 126.289637513297677, 36.256040908850636 ], [ 126.289735979750859, 36.25606618433698 ], [ 126.28984829706981, 36.255950330241269 ] ] ], [ [ [ 126.288975690901538, 36.257526976367302 ], [ 126.288920191078503, 36.257536559805658 ], [ 126.288974746009885, 36.257545355484758 ], [ 126.288975690901538, 36.257526976367302 ] ] ], [ [ [ 126.291487982210072, 36.25762073791465 ], [ 126.291607841737687, 36.257519614904147 ], [ 126.291605743291598, 36.257468686291958 ], [ 126.291487982210072, 36.25762073791465 ] ] ], [ [ [ 126.291614269289809, 36.257719894620564 ], [ 126.291658763326907, 36.257610394252012 ], [ 126.291608142345581, 36.257622080034132 ], [ 126.291614269289809, 36.257719894620564 ] ] ], [ [ [ 126.288954052323177, 36.257729162609436 ], [ 126.288918744764445, 36.257683892632443 ], [ 126.28890927830497, 36.257746378520743 ], [ 126.288954052323177, 36.257729162609436 ] ] ], [ [ [ 126.28887404108967, 36.25787738025884 ], [ 126.288869549271368, 36.257845182071307 ], [ 126.288824126567619, 36.257860141250582 ], [ 126.28887404108967, 36.25787738025884 ] ] ], [ [ [ 126.288954176203788, 36.257875153681468 ], [ 126.289029353114685, 36.257928769504552 ], [ 126.289044951172073, 36.257914261924675 ], [ 126.288954176203788, 36.257875153681468 ] ] ], [ [ [ 126.288791694184027, 36.257915009508885 ], [ 126.288875913583354, 36.257990127494836 ], [ 126.288894776276692, 36.25793445830417 ], [ 126.288791694184027, 36.257915009508885 ] ] ], [ [ [ 126.291715326172692, 36.258345817322514 ], [ 126.291639317122872, 36.258273092092956 ], [ 126.291610893359859, 36.258352406892264 ], [ 126.291715326172692, 36.258345817322514 ] ] ], [ [ [ 126.291665187298875, 36.261557483283937 ], [ 126.292340229833442, 36.260676616448109 ], [ 126.291767485134713, 36.259643005386827 ], [ 126.291516941658855, 36.258960593901215 ], [ 126.291433206028131, 36.257205332742402 ], [ 126.290184518273136, 36.255732169492227 ], [ 126.287973607285267, 36.260296631575763 ], [ 126.288402686056585, 36.26055349489652 ], [ 126.288284636713101, 36.260919931766054 ], [ 126.288935986729655, 36.261281571888624 ], [ 126.291665187298875, 36.261557483283937 ] ] ], [ [ [ 126.288102577512959, 36.259413257300885 ], [ 126.288149993066639, 36.259423993155146 ], [ 126.288157892292801, 36.259375105835552 ], [ 126.288102577512959, 36.259413257300885 ] ] ], [ [ [ 126.291854570038339, 36.25961071734158 ], [ 126.291813793683829, 36.259566948946265 ], [ 126.291810729960545, 36.259585766443358 ], [ 126.291854570038339, 36.25961071734158 ] ] ], [ [ [ 126.288207601290921, 36.260592617502084 ], [ 126.288295211217459, 36.260637476435086 ], [ 126.288265782520412, 36.260569714066442 ], [ 126.288207601290921, 36.260592617502084 ] ] ], [ [ [ 126.286211976114018, 36.26146486649597 ], [ 126.286241005456162, 36.261515323828505 ], [ 126.286256561835003, 36.261468915953685 ], [ 126.286211976114018, 36.26146486649597 ] ] ], [ [ [ 126.291265814620246, 36.26184115038361 ], [ 126.291250678803664, 36.261767704131145 ], [ 126.291219751707402, 36.261791492090296 ], [ 126.291265814620246, 36.26184115038361 ] ] ], [ [ [ 126.285969223334249, 36.261765039337028 ], [ 126.285799420053195, 36.261764656932868 ], [ 126.285803579090469, 36.261796853630898 ], [ 126.285969223334249, 36.261765039337028 ] ] ], [ [ [ 126.285775479687487, 36.261864093820357 ], [ 126.285966753551804, 36.261852978404463 ], [ 126.285997620321723, 36.261787017532988 ], [ 126.285775479687487, 36.261864093820357 ] ] ], [ [ [ 126.284909151833091, 36.262406199449565 ], [ 126.287132921964627, 36.261840921171945 ], [ 126.287677125040645, 36.261429532331739 ], [ 126.286439059779795, 36.261113231929066 ], [ 126.286221266156346, 36.261752484967879 ], [ 126.284909151833091, 36.262406199449565 ] ] ], [ [ [ 126.284320804772562, 36.262031215645017 ], [ 126.284601848890688, 36.262060022520828 ], [ 126.284676240666954, 36.26202901709987 ], [ 126.284320804772562, 36.262031215645017 ] ] ], [ [ [ 126.284258033668863, 36.262081216245882 ], [ 126.284115073855503, 36.262053596150047 ], [ 126.284044048825933, 36.262093453858405 ], [ 126.284258033668863, 36.262081216245882 ] ] ], [ [ [ 126.283987816659774, 36.262073200711178 ], [ 126.283808851088111, 36.262101416845844 ], [ 126.283792925430689, 36.262115110844434 ], [ 126.283965379720328, 36.262117583874542 ], [ 126.283987816659774, 36.262073200711178 ] ] ], [ [ [ 126.284144085834882, 36.262398378756281 ], [ 126.284605690213411, 36.262102491247902 ], [ 126.284052461596474, 36.262232645225922 ], [ 126.284144085834882, 36.262398378756281 ] ] ], [ [ [ 126.28393173776908, 36.262194703515043 ], [ 126.283872833963784, 36.262308709592219 ], [ 126.284016120649724, 36.262227380623088 ], [ 126.28393173776908, 36.262194703515043 ] ] ], [ [ [ 126.284897190275856, 36.262668729816696 ], [ 126.284330497808213, 36.262517907835758 ], [ 126.284565353075195, 36.262767314895221 ], [ 126.284897190275856, 36.262668729816696 ] ] ], [ [ [ 126.283738002202071, 36.26256077163918 ], [ 126.283889800206737, 36.262631971901882 ], [ 126.283994969781787, 36.262569790720292 ], [ 126.283738002202071, 36.26256077163918 ] ] ], [ [ [ 126.284360158667567, 36.262742747879052 ], [ 126.283889058196834, 36.262786518162649 ], [ 126.284420844926743, 36.262823855455238 ], [ 126.284360158667567, 36.262742747879052 ] ] ], [ [ [ 126.283755953484203, 36.262910353146118 ], [ 126.283961730909525, 36.26307812211455 ], [ 126.284007974926553, 36.262936915449259 ], [ 126.283755953484203, 36.262910353146118 ] ] ], [ [ [ 126.283711512695902, 36.263353464671177 ], [ 126.283934843458212, 36.263207640297466 ], [ 126.28364572515153, 36.263258356958609 ], [ 126.283711512695902, 36.263353464671177 ] ] ], [ [ [ 126.28545313973143, 36.265648174203449 ], [ 126.285775174028927, 36.265344240744483 ], [ 126.285649338740456, 36.265268240089554 ], [ 126.28545313973143, 36.265648174203449 ] ] ], [ [ [ 126.285305990324389, 36.265701005441592 ], [ 126.285325103122375, 36.265642993777099 ], [ 126.285311336404533, 36.265639307474252 ], [ 126.285305990324389, 36.265701005441592 ] ] ], [ [ [ 126.285916384006597, 36.266395850636734 ], [ 126.28642314120593, 36.26619052447117 ], [ 126.285947157120631, 36.265949323636569 ], [ 126.285916384006597, 36.266395850636734 ] ] ], [ [ [ 126.299082737748549, 36.288519546103998 ], [ 126.29913371181037, 36.288533001707108 ], [ 126.299094334613372, 36.288504834862493 ], [ 126.299082737748549, 36.288519546103998 ] ] ], [ [ [ 126.299149966787382, 36.288594646660755 ], [ 126.299159634325619, 36.288559197967807 ], [ 126.299122580824161, 36.288570065594826 ], [ 126.299149966787382, 36.288594646660755 ] ] ], [ [ [ 126.292630338613378, 36.288530392862739 ], [ 126.292594462054709, 36.288497196477493 ], [ 126.292593601223317, 36.288530806164317 ], [ 126.292630338613378, 36.288530392862739 ] ] ], [ [ [ 126.299357303703744, 36.288674084092172 ], [ 126.299402080060631, 36.288708319816543 ], [ 126.299374526867382, 36.288664993326428 ], [ 126.299357303703744, 36.288674084092172 ] ] ], [ [ [ 126.299296044631873, 36.288727794557097 ], [ 126.299315194431401, 36.288690057536364 ], [ 126.299299937537626, 36.288678523894994 ], [ 126.299296044631873, 36.288727794557097 ] ] ], [ [ [ 126.299388347464742, 36.288800069095522 ], [ 126.299323373455408, 36.288746518923986 ], [ 126.299361541165979, 36.288822531904216 ], [ 126.299388347464742, 36.288800069095522 ] ] ], [ [ [ 126.292448045902546, 36.288711080218164 ], [ 126.292540724316524, 36.288703787426407 ], [ 126.292491442416434, 36.288675830312677 ], [ 126.292448045902546, 36.288711080218164 ] ] ], [ [ [ 126.299244886363383, 36.288648012673256 ], [ 126.299068553499595, 36.28882369832079 ], [ 126.299215150597163, 36.288948557812112 ], [ 126.299244886363383, 36.288648012673256 ] ] ], [ [ [ 126.297602544340137, 36.289879285860394 ], [ 126.297536522801778, 36.289768775223237 ], [ 126.297562037898857, 36.289877967976174 ], [ 126.297602544340137, 36.289879285860394 ] ] ], [ [ [ 126.297625612440925, 36.289913846619299 ], [ 126.297715031946666, 36.289922482450834 ], [ 126.297660029409414, 36.289874126884854 ], [ 126.297625612440925, 36.289913846619299 ] ] ], [ [ [ 126.296013681302085, 36.290368650111745 ], [ 126.295997271087202, 36.290423344155862 ], [ 126.296015379999034, 36.290415070538806 ], [ 126.296013681302085, 36.290368650111745 ] ] ], [ [ [ 126.296055928770386, 36.29042423053977 ], [ 126.296041820819411, 36.290470556700114 ], [ 126.296062632537726, 36.290471040327155 ], [ 126.296055928770386, 36.29042423053977 ] ] ], [ [ [ 126.296103033119564, 36.290471728415618 ], [ 126.296201251401087, 36.290467530215189 ], [ 126.296199847297316, 36.290450490528329 ], [ 126.296103033119564, 36.290471728415618 ] ] ], [ [ [ 126.295898300406876, 36.290561000272277 ], [ 126.296059758235302, 36.290592591795324 ], [ 126.295926372592575, 36.290471770399748 ], [ 126.295898300406876, 36.290561000272277 ] ] ], [ [ [ 126.292222252759615, 36.290897871880226 ], [ 126.292190751577962, 36.290885340261575 ], [ 126.292185927726933, 36.290901803220422 ], [ 126.292222252759615, 36.290897871880226 ] ] ], [ [ [ 126.292392042077438, 36.290931589882646 ], [ 126.292347226732502, 36.290889600154436 ], [ 126.292342288796021, 36.290906242265514 ], [ 126.292392042077438, 36.290931589882646 ] ] ], [ [ [ 126.292318962598088, 36.290900698670001 ], [ 126.292267029160669, 36.29096897037401 ], [ 126.292317973162184, 36.290997838649346 ], [ 126.292318962598088, 36.290900698670001 ] ] ], [ [ [ 126.29217477541134, 36.290978156740529 ], [ 126.292151904583932, 36.290934403551397 ], [ 126.292125362329926, 36.290952269773491 ], [ 126.29217477541134, 36.290978156740529 ] ] ], [ [ [ 126.292435039865012, 36.290952931538406 ], [ 126.292415738802489, 36.290970028971827 ], [ 126.292430887894284, 36.290981293750079 ], [ 126.292435039865012, 36.290952931538406 ] ] ], [ [ [ 126.292406261045684, 36.291020979212831 ], [ 126.292433907148862, 36.290992035750087 ], [ 126.292338928681659, 36.290933078136476 ], [ 126.292406261045684, 36.291020979212831 ] ] ], [ [ [ 126.29234380139097, 36.291071525906858 ], [ 126.292337901504013, 36.291108530171535 ], [ 126.292363690848632, 36.291100210288754 ], [ 126.29234380139097, 36.291071525906858 ] ] ], [ [ [ 126.292624478427129, 36.291128067891727 ], [ 126.292616153952835, 36.291100713751248 ], [ 126.292596731938218, 36.291106727073668 ], [ 126.292624478427129, 36.291128067891727 ] ] ], [ [ [ 126.29273259127595, 36.29118728411882 ], [ 126.292671206632633, 36.291093920758641 ], [ 126.292643720567838, 36.291068253626023 ], [ 126.29273259127595, 36.29118728411882 ] ] ], [ [ [ 126.292663808972435, 36.291136500956711 ], [ 126.292675350126217, 36.291189828854002 ], [ 126.292714179120651, 36.291192222263518 ], [ 126.292663808972435, 36.291136500956711 ] ] ], [ [ [ 126.292551176757385, 36.291134123045893 ], [ 126.292558138083848, 36.291201662666488 ], [ 126.292577111318877, 36.291208442370575 ], [ 126.292551176757385, 36.291134123045893 ] ] ], [ [ [ 126.292331800352017, 36.291278814091278 ], [ 126.292381747306493, 36.291270368613169 ], [ 126.29234661671596, 36.29125285840675 ], [ 126.292331800352017, 36.291278814091278 ] ] ], [ [ [ 126.292774621452793, 36.291217091692012 ], [ 126.292889498385719, 36.291353215482616 ], [ 126.292943157589832, 36.291377323996016 ], [ 126.292810796720417, 36.291217395665036 ], [ 126.292774621452793, 36.291217091692012 ] ] ], [ [ [ 126.292673291728605, 36.291319224171232 ], [ 126.29277616269836, 36.291243684983776 ], [ 126.292652510043297, 36.29124133111138 ], [ 126.292673291728605, 36.291319224171232 ] ] ], [ [ [ 126.292732646101939, 36.291390859147967 ], [ 126.292681759828682, 36.291367757560671 ], [ 126.292671608005094, 36.291382387193664 ], [ 126.292732646101939, 36.291390859147967 ] ] ], [ [ [ 126.292772232406236, 36.291407853506868 ], [ 126.292750186034368, 36.291433137648674 ], [ 126.292783904079144, 36.291422072468151 ], [ 126.292772232406236, 36.291407853506868 ] ] ], [ [ [ 126.292733925225008, 36.291631477938296 ], [ 126.292757756671961, 36.291580973712577 ], [ 126.292685826545338, 36.291546122361929 ], [ 126.292733925225008, 36.291631477938296 ] ] ], [ [ [ 126.292671712385513, 36.29164228420246 ], [ 126.292694393177399, 36.291608353982525 ], [ 126.292660325842121, 36.291608693287749 ], [ 126.292671712385513, 36.29164228420246 ] ] ], [ [ [ 126.293048357421725, 36.291635950771379 ], [ 126.292830975786032, 36.291744518516616 ], [ 126.292895645491214, 36.291856285521213 ], [ 126.293048357421725, 36.291635950771379 ] ] ], [ [ [ 126.292753914395277, 36.291698373815535 ], [ 126.292766047368687, 36.291661407230308 ], [ 126.292746189819979, 36.291666336192542 ], [ 126.292753914395277, 36.291698373815535 ] ] ], [ [ [ 126.293249142363535, 36.291701301842927 ], [ 126.293310781840205, 36.291717166383492 ], [ 126.293260183515486, 36.291686767680517 ], [ 126.293249142363535, 36.291701301842927 ] ] ], [ [ [ 126.293157669714262, 36.291747351558747 ], [ 126.293117899078709, 36.291688809397598 ], [ 126.293065997887012, 36.291864591658587 ], [ 126.293157669714262, 36.291747351558747 ] ] ], [ [ [ 126.293148958462098, 36.291812183523888 ], [ 126.293118748827709, 36.291841562832865 ], [ 126.293140222324311, 36.291842771238237 ], [ 126.293148958462098, 36.291812183523888 ] ] ], [ [ [ 126.292999170948619, 36.291856266969134 ], [ 126.292985021390635, 36.291882316007943 ], [ 126.29300258003353, 36.29187322776167 ], [ 126.292999170948619, 36.291856266969134 ] ] ], [ [ [ 126.293085703873203, 36.292000064568832 ], [ 126.293117563500132, 36.292022330255413 ], [ 126.293102605276786, 36.291989979837361 ], [ 126.293085703873203, 36.292000064568832 ] ] ], [ [ [ 126.293079397395715, 36.292032829562729 ], [ 126.293029971937031, 36.292267201178788 ], [ 126.293112180828572, 36.292261019300234 ], [ 126.293079397395715, 36.292032829562729 ] ] ], [ [ [ 126.293692521603916, 36.292590581518382 ], [ 126.293629837168893, 36.292579756772675 ], [ 126.293649251362808, 36.292624030118063 ], [ 126.293692521603916, 36.292590581518382 ] ] ], [ [ [ 126.293783536941348, 36.292929147462523 ], [ 126.293737707382107, 36.292999347450312 ], [ 126.293801748497586, 36.292995852140415 ], [ 126.293783536941348, 36.292929147462523 ] ] ], [ [ [ 126.293899587627479, 36.293046444591717 ], [ 126.293872067412536, 36.293086294073888 ], [ 126.293907904903293, 36.293099482013844 ], [ 126.293899587627479, 36.293046444591717 ] ] ], [ [ [ 126.295570835268663, 36.296216610561522 ], [ 126.296634653285295, 36.294071242773782 ], [ 126.29646004555903, 36.293878987670986 ], [ 126.295273293570659, 36.291757585942214 ], [ 126.294976697908766, 36.291527210405391 ], [ 126.295867891382841, 36.290538382121838 ], [ 126.294334093675673, 36.290275030958249 ], [ 126.293185499773571, 36.290920421601285 ], [ 126.294215387915287, 36.291540382513318 ], [ 126.293181591693056, 36.29219284974392 ], [ 126.293774643464403, 36.292520053562946 ], [ 126.294724653430777, 36.294027820814065 ], [ 126.294637537941838, 36.294702551409948 ], [ 126.294235895577387, 36.294874558582819 ], [ 126.29507235498113, 36.295618991526467 ], [ 126.294542187582522, 36.296473381241292 ], [ 126.295570835268663, 36.296216610561522 ] ] ], [ [ [ 126.296499448667646, 36.293904272670318 ], [ 126.29653027177504, 36.293856241450257 ], [ 126.296494340268367, 36.293853326725383 ], [ 126.296499448667646, 36.293904272670318 ] ] ], [ [ [ 126.294594697003859, 36.293995692257873 ], [ 126.294650267127665, 36.29399331728419 ], [ 126.294609942187918, 36.293983976952759 ], [ 126.294594697003859, 36.293995692257873 ] ] ], [ [ [ 126.294615252962046, 36.294346099448333 ], [ 126.294645073431781, 36.29432293432918 ], [ 126.294601899200316, 36.294333313301706 ], [ 126.294615252962046, 36.294346099448333 ] ] ], [ [ [ 126.294554274505501, 36.294380343426774 ], [ 126.294617426136355, 36.29438927747703 ], [ 126.294559986973852, 36.294364156179846 ], [ 126.294554274505501, 36.294380343426774 ] ] ], [ [ [ 126.296472926052971, 36.294639109434719 ], [ 126.296479881538389, 36.294608240321224 ], [ 126.296436180580102, 36.294627539404331 ], [ 126.296472926052971, 36.294639109434719 ] ] ], [ [ [ 126.294522408720027, 36.294667718144112 ], [ 126.294553131928126, 36.294618606461 ], [ 126.294496537888051, 36.294623228391032 ], [ 126.294522408720027, 36.294667718144112 ] ] ], [ [ [ 126.294318905356704, 36.294767447785254 ], [ 126.294185545821065, 36.294606164092514 ], [ 126.294222815147222, 36.294781930212615 ], [ 126.294318905356704, 36.294767447785254 ] ] ], [ [ [ 126.294684996379573, 36.295959962454937 ], [ 126.294752109797216, 36.2958873642025 ], [ 126.294683710560321, 36.295892546921174 ], [ 126.294684996379573, 36.295959962454937 ] ] ], [ [ [ 126.295611531256071, 36.296283896656121 ], [ 126.295621899549147, 36.296319373757363 ], [ 126.295638578537748, 36.296309019597878 ], [ 126.295611531256071, 36.296283896656121 ] ] ], [ [ [ 126.295830614271111, 36.296457761609773 ], [ 126.295804145535271, 36.296442375217168 ], [ 126.295809119565291, 36.296458717038732 ], [ 126.295830614271111, 36.296457761609773 ] ] ], [ [ [ 126.294687543326461, 36.29656745502556 ], [ 126.294680456026995, 36.296587869016832 ], [ 126.29472022699639, 36.296584950702666 ], [ 126.294687543326461, 36.29656745502556 ] ] ], [ [ [ 126.294777433082871, 36.296747227591496 ], [ 126.294734402071185, 36.296754002082587 ], [ 126.294771608576966, 36.296763594009917 ], [ 126.294777433082871, 36.296747227591496 ] ] ], [ [ [ 126.298514458244838, 36.445788585965069 ], [ 126.298490822406265, 36.445849453164101 ], [ 126.298499625161057, 36.445850225088513 ], [ 126.298514458244838, 36.445788585965069 ] ] ], [ [ [ 126.292750534015553, 36.464889659247206 ], [ 126.292623433984289, 36.464892511092714 ], [ 126.292677471800786, 36.464949603101196 ], [ 126.292750534015553, 36.464889659247206 ] ] ], [ [ [ 126.293304237429012, 36.464938268411153 ], [ 126.29353409685902, 36.464946657559395 ], [ 126.29349881354149, 36.464876249799218 ], [ 126.293304237429012, 36.464938268411153 ] ] ], [ [ [ 126.292919579463572, 36.46503439390311 ], [ 126.292880247046355, 36.464967478750687 ], [ 126.292812177185453, 36.465091973000554 ], [ 126.292919579463572, 36.46503439390311 ] ] ], [ [ [ 126.293257997066874, 36.46527583214931 ], [ 126.293080895799207, 36.465330023887468 ], [ 126.293115149318425, 36.465366632642755 ], [ 126.293257997066874, 36.46527583214931 ] ] ], [ [ [ 126.294639269763152, 36.471830085212318 ], [ 126.294707901908936, 36.471890056952738 ], [ 126.294719289866819, 36.471852368181615 ], [ 126.294639269763152, 36.471830085212318 ] ] ], [ [ [ 126.294505135436907, 36.472250939895879 ], [ 126.294283845459361, 36.472070120456188 ], [ 126.294201164468291, 36.472242650935961 ], [ 126.294505135436907, 36.472250939895879 ] ] ], [ [ [ 126.29509264952928, 36.472169612148505 ], [ 126.295064883575705, 36.47220468178687 ], [ 126.295132468304033, 36.472232566812785 ], [ 126.29509264952928, 36.472169612148505 ] ] ], [ [ [ 126.294700022339569, 36.47219333625177 ], [ 126.294407078969556, 36.472101038188946 ], [ 126.294720089662931, 36.472392064770688 ], [ 126.294700022339569, 36.47219333625177 ] ] ], [ [ [ 126.292784477461282, 36.578158093210561 ], [ 126.292862114783389, 36.580793447052507 ], [ 126.2937608610967, 36.581127505577498 ], [ 126.29374871498311, 36.578572560757685 ], [ 126.292784477461282, 36.578158093210561 ] ] ], [ [ [ 126.290496781045661, 36.580777948434978 ], [ 126.290136771482551, 36.580571339000571 ], [ 126.290093047615571, 36.580843849979175 ], [ 126.290496781045661, 36.580777948434978 ] ] ], [ [ [ 126.290672517440356, 36.580889742545367 ], [ 126.290720507188766, 36.580834610117662 ], [ 126.290659723932961, 36.580847042760404 ], [ 126.290672517440356, 36.580889742545367 ] ] ], [ [ [ 126.283514937073861, 36.592317079978649 ], [ 126.283682042222253, 36.592542466707314 ], [ 126.283671072821036, 36.592278278070374 ], [ 126.283514937073861, 36.592317079978649 ] ] ], [ [ [ 126.290244487119509, 36.92251202822046 ], [ 126.290275608380753, 36.922607792465413 ], [ 126.290316519772517, 36.922602357270691 ], [ 126.290244487119509, 36.92251202822046 ] ] ], [ [ [ 126.289851191099814, 36.923653356263188 ], [ 126.289615588659288, 36.923510353627279 ], [ 126.289852929406436, 36.923664414298734 ], [ 126.289851191099814, 36.923653356263188 ] ] ], [ [ [ 126.289836404865071, 36.92377511249061 ], [ 126.289767286638281, 36.923887180336514 ], [ 126.289826917831448, 36.923881948682663 ], [ 126.289836404865071, 36.92377511249061 ] ] ], [ [ [ 126.289672384807403, 36.923861706076231 ], [ 126.289714331127371, 36.923829483077128 ], [ 126.28964510625427, 36.92378011297329 ], [ 126.289672384807403, 36.923861706076231 ] ] ], [ [ [ 126.29000498754543, 36.924108905118445 ], [ 126.290037173110804, 36.923962726975113 ], [ 126.28996909224864, 36.923976205173886 ], [ 126.29000498754543, 36.924108905118445 ] ] ], [ [ [ 126.291160969126125, 36.926231323097504 ], [ 126.291047625751531, 36.926363286054794 ], [ 126.291177837972526, 36.926494358627728 ], [ 126.291160969126125, 36.926231323097504 ] ] ], [ [ [ 126.288192089038873, 36.931984227190725 ], [ 126.287940863064762, 36.931975150000099 ], [ 126.28798108446054, 36.932103524567339 ], [ 126.288192089038873, 36.931984227190725 ] ] ], [ [ [ 126.289276449486664, 36.936041349406871 ], [ 126.289186878217805, 36.93587050136599 ], [ 126.289188804615378, 36.936099340449445 ], [ 126.289276449486664, 36.936041349406871 ] ] ], [ [ [ 126.289058947863182, 36.936205450207282 ], [ 126.28895351873561, 36.936191463519386 ], [ 126.289003246709001, 36.936264855715315 ], [ 126.289058947863182, 36.936205450207282 ] ] ], [ [ [ 126.289144161006789, 36.936523855724658 ], [ 126.289148614119071, 36.936602789519931 ], [ 126.289230691970701, 36.936602732180852 ], [ 126.289144161006789, 36.936523855724658 ] ] ], [ [ [ 126.289067255984278, 36.93667899327194 ], [ 126.289136985912847, 36.936615957536532 ], [ 126.289069013168856, 36.936573055676213 ], [ 126.289067255984278, 36.93667899327194 ] ] ], [ [ [ 126.289502199745669, 36.937728551238827 ], [ 126.289530800456291, 36.937571233668699 ], [ 126.289463771895555, 36.937531896762707 ], [ 126.289502199745669, 36.937728551238827 ] ] ], [ [ [ 126.289290198877794, 36.938857696064076 ], [ 126.289314512421242, 36.938741874801003 ], [ 126.289220295812754, 36.938781949377862 ], [ 126.289290198877794, 36.938857696064076 ] ] ], [ [ [ 126.289561193202204, 36.939762912637292 ], [ 126.289575517321296, 36.939695057345382 ], [ 126.289521548221799, 36.939692394364009 ], [ 126.289561193202204, 36.939762912637292 ] ] ], [ [ [ 126.289902128561025, 36.940038913477544 ], [ 126.289924471192776, 36.940101510523384 ], [ 126.289951774121178, 36.940088896973165 ], [ 126.289902128561025, 36.940038913477544 ] ] ], [ [ [ 126.289768405420446, 36.940117039429936 ], [ 126.289664870476898, 36.940142687181755 ], [ 126.28976193503992, 36.940243269844409 ], [ 126.289768405420446, 36.940117039429936 ] ] ], [ [ [ 126.289282333511792, 36.941070547721473 ], [ 126.289383425777402, 36.941065088309841 ], [ 126.289300813800423, 36.941030326572445 ], [ 126.289282333511792, 36.941070547721473 ] ] ], [ [ [ 126.288982933569798, 36.941539413221996 ], [ 126.289065249167606, 36.941569937402932 ], [ 126.289072207671424, 36.941551877692746 ], [ 126.288982933569798, 36.941539413221996 ] ] ], [ [ [ 126.288986340695232, 36.941592055208346 ], [ 126.289018987140025, 36.941637638182343 ], [ 126.289038457651458, 36.941599720328 ], [ 126.288986340695232, 36.941592055208346 ] ] ], [ [ [ 126.288786821811854, 36.944571965468846 ], [ 126.288982613569715, 36.944620697903694 ], [ 126.288990276992791, 36.944555855786909 ], [ 126.288786821811854, 36.944571965468846 ] ] ], [ [ [ 126.288595353684016, 36.946183348674523 ], [ 126.288649480594572, 36.946070516208891 ], [ 126.288545312218773, 36.946151512884434 ], [ 126.288595353684016, 36.946183348674523 ] ] ], [ [ [ 126.289412889661449, 36.947766785032677 ], [ 126.289372266479049, 36.947826526339703 ], [ 126.289477668264382, 36.947782365316783 ], [ 126.289412889661449, 36.947766785032677 ] ] ], [ [ [ 126.289192610273503, 36.948914774309607 ], [ 126.289162935583391, 36.948839050242043 ], [ 126.289153917230593, 36.948852675699399 ], [ 126.289192610273503, 36.948914774309607 ] ] ], [ [ [ 126.289086812584756, 36.948924241759229 ], [ 126.288977461587265, 36.948839922451775 ], [ 126.288998535264497, 36.948961917558364 ], [ 126.289086812584756, 36.948924241759229 ] ] ], [ [ [ 126.285151546594832, 36.961805646539879 ], [ 126.285035299645443, 36.961760703430507 ], [ 126.285145234435774, 36.961832189244618 ], [ 126.285151546594832, 36.961805646539879 ] ] ], [ [ [ 126.281636858323097, 36.963138911737403 ], [ 126.283315184353327, 36.963206153853022 ], [ 126.283053739258534, 36.961853297482122 ], [ 126.281636858323097, 36.963138911737403 ] ] ], [ [ [ 126.283951267234912, 36.963644504068476 ], [ 126.283829725626106, 36.963683850572231 ], [ 126.283849585290639, 36.963717895857933 ], [ 126.283951267234912, 36.963644504068476 ] ] ], [ [ [ 126.284007824252981, 36.963862915480902 ], [ 126.283986161122868, 36.963734903294146 ], [ 126.283903363131273, 36.963816112513989 ], [ 126.284007824252981, 36.963862915480902 ] ] ], [ [ [ 126.284257439863069, 36.963972529224606 ], [ 126.284330127211859, 36.963888402085843 ], [ 126.284130285915069, 36.96390988557787 ], [ 126.284257439863069, 36.963972529224606 ] ] ], [ [ [ 126.285221587734839, 36.965291673372555 ], [ 126.284918658315618, 36.965720377804857 ], [ 126.285286929563071, 36.966013548957008 ], [ 126.285221587734839, 36.965291673372555 ] ] ], [ [ [ 126.286171350028752, 36.967290180165691 ], [ 126.286107372770942, 36.967335197726158 ], [ 126.286191970774482, 36.967351123145924 ], [ 126.286171350028752, 36.967290180165691 ] ] ], [ [ [ 126.285617004267166, 36.969480240603858 ], [ 126.285517073495839, 36.969419620175778 ], [ 126.28557305630801, 36.969504792025688 ], [ 126.285617004267166, 36.969480240603858 ] ] ], [ [ [ 126.32018427764352, 36.301157820904102 ], [ 126.319657265446551, 36.301474378783794 ], [ 126.321025359076899, 36.298258312556698 ], [ 126.31920386152342, 36.298111966464262 ], [ 126.318442025747615, 36.300968118584827 ], [ 126.32088430145879, 36.302265641344299 ], [ 126.32018427764352, 36.301157820904102 ] ] ], [ [ [ 126.318301725428682, 36.301149804819666 ], [ 126.318422865118308, 36.300994863956397 ], [ 126.318379392551876, 36.30097551196809 ], [ 126.318301725428682, 36.301149804819666 ] ] ], [ [ [ 126.319309470337444, 36.301832415165485 ], [ 126.319215478655522, 36.301822507955947 ], [ 126.31923339490362, 36.301861901587273 ], [ 126.319309470337444, 36.301832415165485 ] ] ], [ [ [ 126.3212945552186, 36.302857875936027 ], [ 126.321111105023462, 36.302841695380664 ], [ 126.321282283999352, 36.302899171246679 ], [ 126.3212945552186, 36.302857875936027 ] ] ], [ [ [ 126.321359919921235, 36.303370652128756 ], [ 126.32146485791823, 36.303273651377225 ], [ 126.321314754729912, 36.303314884102015 ], [ 126.321359919921235, 36.303370652128756 ] ] ], [ [ [ 126.32144145460164, 36.303417615953833 ], [ 126.321583986086068, 36.303479163159011 ], [ 126.321579408490209, 36.303326389211939 ], [ 126.32144145460164, 36.303417615953833 ] ] ], [ [ [ 126.324793527136478, 36.304567651213823 ], [ 126.322369882567344, 36.302529192307333 ], [ 126.321656085624369, 36.302687535258436 ], [ 126.321802662030166, 36.303593319873613 ], [ 126.323354421295136, 36.303700339621635 ], [ 126.323212652954396, 36.304645315115323 ], [ 126.324793527136478, 36.304567651213823 ] ] ], [ [ [ 126.325203697474976, 36.304476516076853 ], [ 126.325067687495888, 36.304523239653072 ], [ 126.325275749007346, 36.304539192661302 ], [ 126.325203697474976, 36.304476516076853 ] ] ], [ [ [ 126.325145049098694, 36.30505500539379 ], [ 126.324017217182941, 36.304795044526706 ], [ 126.324156635365725, 36.305437376165649 ], [ 126.325145049098694, 36.30505500539379 ] ] ], [ [ [ 126.324467880664884, 36.388620680234396 ], [ 126.324509965172041, 36.388458709222419 ], [ 126.32430444021729, 36.38844565210551 ], [ 126.324467880664884, 36.388620680234396 ] ] ], [ [ [ 126.32460255347074, 36.390072934285278 ], [ 126.324592658870898, 36.389889582477622 ], [ 126.324460436726099, 36.389906227748646 ], [ 126.32460255347074, 36.390072934285278 ] ] ], [ [ [ 126.32240449734023, 36.390366247292931 ], [ 126.322495327803438, 36.390226001956194 ], [ 126.322352324145513, 36.390316027120093 ], [ 126.32240449734023, 36.390366247292931 ] ] ], [ [ [ 126.317077593994185, 36.443426001719807 ], [ 126.317104897553648, 36.443441207866165 ], [ 126.317105508725462, 36.443422557091495 ], [ 126.317077593994185, 36.443426001719807 ] ] ], [ [ [ 126.317194991765248, 36.443507956695896 ], [ 126.317142412971052, 36.443385821894978 ], [ 126.317178847357823, 36.443530122529666 ], [ 126.317194991765248, 36.443507956695896 ] ] ], [ [ [ 126.317394680532601, 36.443605071098325 ], [ 126.317296675950587, 36.443613702519521 ], [ 126.317334331893548, 36.443669609810954 ], [ 126.317394680532601, 36.443605071098325 ] ] ], [ [ [ 126.308923735740819, 36.44644415114265 ], [ 126.308946299459848, 36.446427787468139 ], [ 126.308921450999947, 36.446437556632951 ], [ 126.308923735740819, 36.44644415114265 ] ] ], [ [ [ 126.299380090639957, 36.446460066731568 ], [ 126.299393206719202, 36.446427702537981 ], [ 126.29936833445548, 36.446427645262673 ], [ 126.299380090639957, 36.446460066731568 ] ] ], [ [ [ 126.308921589128005, 36.446698710020009 ], [ 126.308877410772496, 36.446687009804421 ], [ 126.308881272522626, 36.44671685992661 ], [ 126.308921589128005, 36.446698710020009 ] ] ], [ [ [ 126.299170238598165, 36.446713228005294 ], [ 126.299211283124876, 36.446738341166167 ], [ 126.299199246830327, 36.446700060926908 ], [ 126.299170238598165, 36.446713228005294 ] ] ], [ [ [ 126.299999506667319, 36.446790727042675 ], [ 126.299998191835684, 36.446813066630391 ], [ 126.300011767646822, 36.446791699494945 ], [ 126.299999506667319, 36.446790727042675 ] ] ], [ [ [ 126.309097438163818, 36.44690528209069 ], [ 126.309222033992256, 36.44699278136472 ], [ 126.309095638048234, 36.446882018846971 ], [ 126.309097438163818, 36.44690528209069 ] ] ], [ [ [ 126.309549904014631, 36.446923577414992 ], [ 126.309517145364836, 36.447007914862311 ], [ 126.309549069388737, 36.447005216955318 ], [ 126.309549904014631, 36.446923577414992 ] ] ], [ [ [ 126.29994646623949, 36.446909095629501 ], [ 126.299928186716429, 36.446882765655914 ], [ 126.299919223004437, 36.446887218930385 ], [ 126.29994646623949, 36.446909095629501 ] ] ], [ [ [ 126.301404416649618, 36.446907273745779 ], [ 126.301475816509637, 36.446918144866565 ], [ 126.301335208651551, 36.446888397920191 ], [ 126.301404416649618, 36.446907273745779 ] ] ], [ [ [ 126.299257966097883, 36.446930017616722 ], [ 126.299226718397946, 36.446931818103202 ], [ 126.299259758908065, 36.446953998479131 ], [ 126.299257966097883, 36.446930017616722 ] ] ], [ [ [ 126.300401422906901, 36.446985027452726 ], [ 126.300474343418173, 36.446975541272415 ], [ 126.300304732500123, 36.446933724852393 ], [ 126.300401422906901, 36.446985027452726 ] ] ], [ [ [ 126.309630478000159, 36.447057502771436 ], [ 126.309651882914494, 36.447058707859888 ], [ 126.309639857438313, 36.447031064273339 ], [ 126.309630478000159, 36.447057502771436 ] ] ], [ [ [ 126.29941878594569, 36.447006749299597 ], [ 126.299496932304649, 36.446999189533983 ], [ 126.299414998155996, 36.446969148823548 ], [ 126.29941878594569, 36.447006749299597 ] ] ], [ [ [ 126.309907460756321, 36.447129575198183 ], [ 126.309910376000062, 36.447115353840886 ], [ 126.309895471840377, 36.447123197659145 ], [ 126.309907460756321, 36.447129575198183 ] ] ], [ [ [ 126.310194305474113, 36.447133846634486 ], [ 126.310221847965593, 36.447109583194944 ], [ 126.310191492069791, 36.447111301691571 ], [ 126.310194305474113, 36.447133846634486 ] ] ], [ [ [ 126.300973267928839, 36.447061910068797 ], [ 126.300923127818194, 36.447031068351414 ], [ 126.300915872799052, 36.44703165534122 ], [ 126.300973267928839, 36.447061910068797 ] ] ], [ [ [ 126.299441223300846, 36.447042024070861 ], [ 126.299379863444074, 36.44704346942391 ], [ 126.299428836599645, 36.44706745429756 ], [ 126.299441223300846, 36.447042024070861 ] ] ], [ [ [ 126.309793020210876, 36.447180097273261 ], [ 126.30988225006783, 36.447180433519748 ], [ 126.309793682472787, 36.447155591127974 ], [ 126.309793020210876, 36.447180097273261 ] ] ], [ [ [ 126.300771950147407, 36.44712273067848 ], [ 126.30080890792091, 36.447093569900872 ], [ 126.300747826372486, 36.447113756673254 ], [ 126.300771950147407, 36.44712273067848 ] ] ], [ [ [ 126.300987916708294, 36.447144812015594 ], [ 126.300908594701013, 36.44707216452413 ], [ 126.300863086214463, 36.44708460553462 ], [ 126.300987916708294, 36.447144812015594 ] ] ], [ [ [ 126.29990227036987, 36.447420869095311 ], [ 126.299708780133827, 36.446809116285159 ], [ 126.299503725531594, 36.446913438089574 ], [ 126.29990227036987, 36.447420869095311 ] ] ], [ [ [ 126.309355051705992, 36.447262542414833 ], [ 126.309314330262197, 36.447250952566556 ], [ 126.309314078073683, 36.447329801552065 ], [ 126.309355051705992, 36.447262542414833 ] ] ], [ [ [ 126.309749663892603, 36.447201475069583 ], [ 126.309396331529101, 36.447273955722437 ], [ 126.309593184788042, 36.447451900389986 ], [ 126.309749663892603, 36.447201475069583 ] ] ], [ [ [ 126.313171432419125, 36.447322410432754 ], [ 126.313331904917959, 36.447414710037634 ], [ 126.313175924409705, 36.447293420570333 ], [ 126.313171432419125, 36.447322410432754 ] ] ], [ [ [ 126.313140482070395, 36.447391712342068 ], [ 126.313039489613658, 36.447346523431058 ], [ 126.313129531447998, 36.447444454801548 ], [ 126.313140482070395, 36.447391712342068 ] ] ], [ [ [ 126.313046705797944, 36.447426405888116 ], [ 126.313078031307128, 36.447491560098328 ], [ 126.313085140231479, 36.447494847234289 ], [ 126.313046705797944, 36.447426405888116 ] ] ], [ [ [ 126.300447889520967, 36.447511840121123 ], [ 126.30043487635804, 36.447408401080402 ], [ 126.300337156366879, 36.447484067164872 ], [ 126.300447889520967, 36.447511840121123 ] ] ], [ [ [ 126.313275085972379, 36.447698335163238 ], [ 126.31332713593244, 36.447677547339097 ], [ 126.313244617430044, 36.447636972091324 ], [ 126.313275085972379, 36.447698335163238 ] ] ], [ [ [ 126.300380194981031, 36.447858563956231 ], [ 126.302948884392322, 36.447969563972926 ], [ 126.301808016418974, 36.44702633357609 ], [ 126.301665583283494, 36.447424257734752 ], [ 126.300151466394979, 36.446972297766301 ], [ 126.30069080705222, 36.447315100022585 ], [ 126.300380194981031, 36.447858563956231 ] ] ], [ [ [ 126.313581334826452, 36.447778947540357 ], [ 126.313638682715663, 36.447777204400367 ], [ 126.313579289908304, 36.447770644512502 ], [ 126.313581334826452, 36.447778947540357 ] ] ], [ [ [ 126.313461160538367, 36.447796638718501 ], [ 126.313501325459342, 36.447833547507507 ], [ 126.31351130295856, 36.447827837622356 ], [ 126.313461160538367, 36.447796638718501 ] ] ], [ [ [ 126.310914402152221, 36.447903799063788 ], [ 126.310866825832804, 36.447935696833603 ], [ 126.310929101950691, 36.447982014540749 ], [ 126.310914402152221, 36.447903799063788 ] ] ], [ [ [ 126.311099026654219, 36.448014625860004 ], [ 126.311076201681928, 36.447921765331486 ], [ 126.310955184163518, 36.447845370060108 ], [ 126.311099026654219, 36.448014625860004 ] ] ], [ [ [ 126.311350893179295, 36.448152782093494 ], [ 126.3113176206042, 36.448143940863638 ], [ 126.311319646581225, 36.448154493806221 ], [ 126.311350893179295, 36.448152782093494 ] ] ], [ [ [ 126.300222177509113, 36.447904136862981 ], [ 126.30069180559245, 36.448297445335456 ], [ 126.300831492794643, 36.44825609042126 ], [ 126.300222177509113, 36.447904136862981 ] ] ], [ [ [ 126.311466989864641, 36.448230409855135 ], [ 126.311450886624357, 36.448209771726454 ], [ 126.311441965319801, 36.448222155615007 ], [ 126.311466989864641, 36.448230409855135 ] ] ], [ [ [ 126.311320656584556, 36.448216860289321 ], [ 126.311384855459352, 36.448234894384065 ], [ 126.311392452397584, 36.448220968419506 ], [ 126.311320656584556, 36.448216860289321 ] ] ], [ [ [ 126.311187274232537, 36.44828998418182 ], [ 126.31123137315646, 36.448260319748798 ], [ 126.311170760984552, 36.448278084379872 ], [ 126.311187274232537, 36.44828998418182 ] ] ], [ [ [ 126.301386918361317, 36.448174724693807 ], [ 126.301430246962582, 36.448218862984824 ], [ 126.301463178377148, 36.44822833817063 ], [ 126.301386918361317, 36.448174724693807 ] ] ], [ [ [ 126.301037451246415, 36.448262522616801 ], [ 126.300994078151035, 36.448210993502265 ], [ 126.300951282364181, 36.448219394365161 ], [ 126.301037451246415, 36.448262522616801 ] ] ], [ [ [ 126.301489486844602, 36.448329601042403 ], [ 126.301460649774455, 36.448311319969406 ], [ 126.301456343841764, 36.448331119847701 ], [ 126.301489486844602, 36.448329601042403 ] ] ], [ [ [ 126.301179878282525, 36.448288770670807 ], [ 126.301207985105748, 36.448363638647002 ], [ 126.301227535743138, 36.448360057857919 ], [ 126.301179878282525, 36.448288770670807 ] ] ], [ [ [ 126.300968166966769, 36.448363946728676 ], [ 126.300919500255532, 36.448255883824558 ], [ 126.300772473495286, 36.448332161893113 ], [ 126.300968166966769, 36.448363946728676 ] ] ], [ [ [ 126.301267300095716, 36.448353892741693 ], [ 126.301255508380024, 36.448400142228195 ], [ 126.301307469591578, 36.448364762217409 ], [ 126.301267300095716, 36.448353892741693 ] ] ], [ [ [ 126.301934447060489, 36.448489093772082 ], [ 126.30207413677519, 36.448372670364861 ], [ 126.301919261467944, 36.448304180022845 ], [ 126.301934447060489, 36.448489093772082 ] ] ], [ [ [ 126.301434031535791, 36.448418760089389 ], [ 126.301435620787387, 36.448390743994665 ], [ 126.301401746519588, 36.448399467186505 ], [ 126.301434031535791, 36.448418760089389 ] ] ], [ [ [ 126.30133771513988, 36.448412609401196 ], [ 126.301356872023717, 36.448440567007196 ], [ 126.301384387841551, 36.448419550657469 ], [ 126.30133771513988, 36.448412609401196 ] ] ], [ [ [ 126.308331428400479, 36.448495962754279 ], [ 126.308411506034375, 36.448572573962231 ], [ 126.308524028106959, 36.44855006617184 ], [ 126.308331428400479, 36.448495962754279 ] ] ], [ [ [ 126.308348018514252, 36.448549497148797 ], [ 126.308036348573935, 36.448551927243308 ], [ 126.308192548112473, 36.448660428295867 ], [ 126.308348018514252, 36.448549497148797 ] ] ], [ [ [ 126.302485326278031, 36.448666505062434 ], [ 126.302298367887943, 36.448493654859924 ], [ 126.302130470327398, 36.448446804571709 ], [ 126.302485326278031, 36.448666505062434 ] ] ], [ [ [ 126.30804484440246, 36.448650380360867 ], [ 126.308053015927342, 36.448596900297709 ], [ 126.308009567071707, 36.448578446025735 ], [ 126.30804484440246, 36.448650380360867 ] ] ], [ [ [ 126.301806695826158, 36.448629917003174 ], [ 126.301163068413601, 36.448583526143139 ], [ 126.301833595535768, 36.448652873390984 ], [ 126.301806695826158, 36.448629917003174 ] ] ], [ [ [ 126.308103957631587, 36.448701187905975 ], [ 126.308154425933552, 36.448657593827846 ], [ 126.308083834271514, 36.448681246587078 ], [ 126.308103957631587, 36.448701187905975 ] ] ], [ [ [ 126.307937123724102, 36.448822866129397 ], [ 126.308035784054312, 36.448816499081921 ], [ 126.308046579434077, 36.44879412426107 ], [ 126.307937123724102, 36.448822866129397 ] ] ], [ [ [ 126.308214538778785, 36.448909723698854 ], [ 126.308053855657676, 36.448879234275104 ], [ 126.308205886800579, 36.44892940831928 ], [ 126.308214538778785, 36.448909723698854 ] ] ], [ [ [ 126.301788157908561, 36.4491426500391 ], [ 126.301951263040209, 36.449102150932617 ], [ 126.301780811906241, 36.449078626145194 ], [ 126.301788157908561, 36.4491426500391 ] ] ], [ [ [ 126.303108763798022, 36.449212096140137 ], [ 126.302934987481834, 36.44912376014728 ], [ 126.30310804370454, 36.449230204824055 ], [ 126.303108763798022, 36.449212096140137 ] ] ], [ [ [ 126.30667398382154, 36.449265388079162 ], [ 126.30666424127196, 36.449319670859595 ], [ 126.306684568529548, 36.449304289506586 ], [ 126.30667398382154, 36.449265388079162 ] ] ], [ [ [ 126.306417858010533, 36.449368253761136 ], [ 126.306463312448059, 36.449374374942202 ], [ 126.306367982612585, 36.44934480359295 ], [ 126.306417858010533, 36.449368253761136 ] ] ], [ [ [ 126.306609541922512, 36.449399735068248 ], [ 126.30661094888076, 36.449341981229935 ], [ 126.306557283665612, 36.449368522947324 ], [ 126.306609541922512, 36.449399735068248 ] ] ], [ [ [ 126.306680401928276, 36.449521802853916 ], [ 126.306707181898304, 36.449395347564462 ], [ 126.306594809783519, 36.449438399590491 ], [ 126.306680401928276, 36.449521802853916 ] ] ], [ [ [ 126.30257408731002, 36.449778498356743 ], [ 126.302714859216621, 36.449815365317789 ], [ 126.302618558457496, 36.449720093066169 ], [ 126.30257408731002, 36.449778498356743 ] ] ], [ [ [ 126.302725364047802, 36.449850481912755 ], [ 126.302816236400147, 36.449904450252561 ], [ 126.302827899004257, 36.449897488907013 ], [ 126.302725364047802, 36.449850481912755 ] ] ], [ [ [ 126.302672636691469, 36.449859456252945 ], [ 126.302731576687535, 36.449916571361115 ], [ 126.302753798834729, 36.449901382777171 ], [ 126.302672636691469, 36.449859456252945 ] ] ], [ [ [ 126.303028807972794, 36.449970393594867 ], [ 126.302870076721959, 36.449933420789137 ], [ 126.303068776647976, 36.450016044517568 ], [ 126.303028807972794, 36.449970393594867 ] ] ], [ [ [ 126.302886890901192, 36.449973890467923 ], [ 126.302965419866851, 36.45007347538067 ], [ 126.30298368845358, 36.45002627203003 ], [ 126.302886890901192, 36.449973890467923 ] ] ], [ [ [ 126.303265548873327, 36.450102441966592 ], [ 126.303118837122852, 36.45006851617142 ], [ 126.303268063871997, 36.450120752562768 ], [ 126.303265548873327, 36.450102441966592 ] ] ], [ [ [ 126.303139993637728, 36.45017235929533 ], [ 126.303114459113402, 36.450096513334671 ], [ 126.30307219975154, 36.450144748990681 ], [ 126.303139993637728, 36.45017235929533 ] ] ], [ [ [ 126.303430542149243, 36.450162700650566 ], [ 126.303443316164831, 36.450218645816669 ], [ 126.303465273096108, 36.45018309027725 ], [ 126.303430542149243, 36.450162700650566 ] ] ], [ [ [ 126.303493661883195, 36.451561647337719 ], [ 126.303635896237409, 36.451535354824571 ], [ 126.303619507813252, 36.451422074352386 ], [ 126.303493661883195, 36.451561647337719 ] ] ], [ [ [ 126.304086768928869, 36.451647294182543 ], [ 126.304115805944335, 36.451606009430463 ], [ 126.304045262979344, 36.45162362040876 ], [ 126.304086768928869, 36.451647294182543 ] ] ], [ [ [ 126.304489540289111, 36.4558353707788 ], [ 126.305993703754254, 36.454684622888394 ], [ 126.309606357761282, 36.455531563182177 ], [ 126.310324768363984, 36.452933107665537 ], [ 126.309337305429864, 36.452485665346778 ], [ 126.309722577517789, 36.451278555763608 ], [ 126.310929245904873, 36.450664818225654 ], [ 126.312750417065033, 36.451224025861308 ], [ 126.310267985484757, 36.447655945778358 ], [ 126.309480477478516, 36.447646706946664 ], [ 126.309690001627274, 36.448345947723453 ], [ 126.307980781007089, 36.449822581968704 ], [ 126.305812074493872, 36.449980845821536 ], [ 126.305655345904654, 36.448918114025027 ], [ 126.304818726032011, 36.448586127478791 ], [ 126.305417498125166, 36.449560327825566 ], [ 126.303745539646016, 36.448528146427904 ], [ 126.304359615206025, 36.449073677780099 ], [ 126.303741822828158, 36.449605536864695 ], [ 126.301709493197535, 36.448797501277298 ], [ 126.303944154856396, 36.449968617059881 ], [ 126.303443657331883, 36.451278306862832 ], [ 126.304896215205716, 36.451977772531905 ], [ 126.304136831397429, 36.452261804527602 ], [ 126.304430741177171, 36.452588650978484 ], [ 126.304419184533415, 36.452796028766656 ], [ 126.302998367738866, 36.454270214006755 ], [ 126.303412683412816, 36.455253710263769 ], [ 126.304489540289111, 36.4558353707788 ] ] ], [ [ [ 126.304140624913927, 36.451649768362621 ], [ 126.304117424354828, 36.451674594905171 ], [ 126.304135367688218, 36.451676323415086 ], [ 126.304140624913927, 36.451649768362621 ] ] ], [ [ [ 126.303585456847912, 36.451687352345274 ], [ 126.303574438007175, 36.451634661069029 ], [ 126.303553480554058, 36.451645804068328 ], [ 126.303585456847912, 36.451687352345274 ] ] ], [ [ [ 126.303548600041651, 36.451754903072462 ], [ 126.303580127671481, 36.451809245893742 ], [ 126.303607491272103, 36.451755607004792 ], [ 126.303548600041651, 36.451754903072462 ] ] ], [ [ [ 126.303397337119151, 36.451830350344196 ], [ 126.303284957752638, 36.451773731030073 ], [ 126.303430456043046, 36.451893981656227 ], [ 126.303397337119151, 36.451830350344196 ] ] ], [ [ [ 126.303962679579271, 36.452377126762983 ], [ 126.304008597679427, 36.452418848894837 ], [ 126.304034796925279, 36.452383043702042 ], [ 126.303962679579271, 36.452377126762983 ] ] ], [ [ [ 126.304243579341943, 36.452611710573578 ], [ 126.304420923850174, 36.452626080741219 ], [ 126.304245714321354, 36.45254765202435 ], [ 126.304243579341943, 36.452611710573578 ] ] ], [ [ [ 126.30329267409482, 36.453418006221284 ], [ 126.303290917390228, 36.453477290752303 ], [ 126.303370410232773, 36.45353182428159 ], [ 126.30329267409482, 36.453418006221284 ] ] ], [ [ [ 126.302516564540198, 36.454147456231404 ], [ 126.302536148018959, 36.454215428648439 ], [ 126.302577922995667, 36.454196837639415 ], [ 126.302516564540198, 36.454147456231404 ] ] ], [ [ [ 126.301937407970598, 36.45417128589726 ], [ 126.30194956011006, 36.454234256386663 ], [ 126.301959210675662, 36.454165464927605 ], [ 126.301937407970598, 36.45417128589726 ] ] ], [ [ [ 126.301838947496876, 36.454390949636647 ], [ 126.301744171017745, 36.454411301592394 ], [ 126.301815194697539, 36.454427489238689 ], [ 126.301838947496876, 36.454390949636647 ] ] ], [ [ [ 126.303651172934707, 36.455466599191482 ], [ 126.303706891556473, 36.455448091675628 ], [ 126.303639192733868, 36.455434179524154 ], [ 126.303651172934707, 36.455466599191482 ] ] ], [ [ [ 126.303755000493865, 36.455594449342385 ], [ 126.303843422848317, 36.455548733336322 ], [ 126.303774189559704, 36.455531840053872 ], [ 126.303755000493865, 36.455594449342385 ] ] ], [ [ [ 126.303998029832655, 36.455724100123433 ], [ 126.304077365606872, 36.455771600166045 ], [ 126.304050814910369, 36.455721791266079 ], [ 126.303998029832655, 36.455724100123433 ] ] ], [ [ [ 126.307670950154943, 36.818641619702106 ], [ 126.307391870864009, 36.818164721467745 ], [ 126.306686383567779, 36.818614824454649 ], [ 126.306853598757058, 36.818743133360556 ], [ 126.307670950154943, 36.818641619702106 ] ] ], [ [ [ 126.308690332103609, 36.818505961866826 ], [ 126.308738158237404, 36.818449586998035 ], [ 126.308685662040233, 36.8184581761275 ], [ 126.308690332103609, 36.818505961866826 ] ] ], [ [ [ 126.312037897597889, 36.819678881081785 ], [ 126.310716851119906, 36.819156573153826 ], [ 126.311472478838638, 36.820147491915051 ], [ 126.312037897597889, 36.819678881081785 ] ] ], [ [ [ 126.300368085162333, 36.842571071117391 ], [ 126.300368033850958, 36.842514842390962 ], [ 126.300253053622967, 36.842497676496123 ], [ 126.300368085162333, 36.842571071117391 ] ] ], [ [ [ 126.316501425414359, 36.847358728666066 ], [ 126.316955519523177, 36.847452861159482 ], [ 126.318548109917828, 36.846356808066531 ], [ 126.316501425414359, 36.847358728666066 ] ] ], [ [ [ 126.299158331721529, 36.849257000640563 ], [ 126.297865587405639, 36.848980766542411 ], [ 126.296945041016471, 36.84973115716334 ], [ 126.298899405163695, 36.849827293428547 ], [ 126.299158331721529, 36.849257000640563 ] ] ], [ [ [ 126.300956943367609, 36.854584970911809 ], [ 126.300844966984357, 36.854648136917859 ], [ 126.30085157791703, 36.854659790330828 ], [ 126.300956943367609, 36.854584970911809 ] ] ], [ [ [ 126.301267983738015, 36.855051183919429 ], [ 126.300298555391578, 36.854894692802951 ], [ 126.300165565855508, 36.855340346470157 ], [ 126.300373643158238, 36.855050356056708 ], [ 126.301267983738015, 36.855051183919429 ] ] ], [ [ [ 126.313927611784109, 36.866508490628284 ], [ 126.313502211810345, 36.865995011421205 ], [ 126.314947640301611, 36.865743929076679 ], [ 126.315251173813778, 36.86442813819415 ], [ 126.314459304285762, 36.863400031989784 ], [ 126.311319170679354, 36.862969406584611 ], [ 126.310950442410899, 36.862218368849305 ], [ 126.312028213894806, 36.861380232355515 ], [ 126.308876626585999, 36.862057831576628 ], [ 126.307223793022018, 36.863957047107654 ], [ 126.307492762818342, 36.865158056960361 ], [ 126.309745343833669, 36.865812921026638 ], [ 126.311076001340368, 36.865327839382608 ], [ 126.313927611784109, 36.866508490628284 ] ] ], [ [ [ 126.316450713797849, 36.864448938613457 ], [ 126.316966934688708, 36.864814272607624 ], [ 126.316946146086707, 36.864502046470598 ], [ 126.316450713797849, 36.864448938613457 ] ] ], [ [ [ 126.316468125507697, 36.870335733132471 ], [ 126.316620650522154, 36.870310929161178 ], [ 126.316632551622092, 36.870271529930179 ], [ 126.316468125507697, 36.870335733132471 ] ] ], [ [ [ 126.316033264314669, 36.912242878505424 ], [ 126.315954299773139, 36.912256706756885 ], [ 126.31599866635041, 36.912290886671087 ], [ 126.316033264314669, 36.912242878505424 ] ] ], [ [ [ 126.313052075433276, 36.944335011578012 ], [ 126.312508825742881, 36.943070115510729 ], [ 126.314054353519907, 36.940828314859111 ], [ 126.313252306340075, 36.939168795324456 ], [ 126.311379970719429, 36.938481102641816 ], [ 126.310299918738167, 36.936581040184791 ], [ 126.30724521903916, 36.936725140464155 ], [ 126.309548082378626, 36.941783164514469 ], [ 126.313052075433276, 36.944335011578012 ] ] ], [ [ [ 126.31393353913856, 36.944196927295735 ], [ 126.313874939210351, 36.94421815940099 ], [ 126.313923238472341, 36.944243893578083 ], [ 126.31393353913856, 36.944196927295735 ] ] ], [ [ [ 126.313954470051399, 36.944228784414953 ], [ 126.313984673746276, 36.944193050019749 ], [ 126.313965311827801, 36.944192694386309 ], [ 126.313954470051399, 36.944228784414953 ] ] ], [ [ [ 126.312628149988541, 36.956787371864962 ], [ 126.312085224607472, 36.956610077535771 ], [ 126.312565118268992, 36.956902109302092 ], [ 126.312628149988541, 36.956787371864962 ] ] ], [ [ [ 126.309982006281757, 36.9612005056076 ], [ 126.308924191191537, 36.960350393591725 ], [ 126.307602569489092, 36.960277394243235 ], [ 126.309108385550061, 36.962329684286296 ], [ 126.309982006281757, 36.9612005056076 ] ] ], [ [ [ 126.296668760342428, 36.971213993244618 ], [ 126.296641444661546, 36.97130482904889 ], [ 126.29669449018084, 36.97131392995491 ], [ 126.296668760342428, 36.971213993244618 ] ] ], [ [ [ 126.297165816327563, 36.971580129870127 ], [ 126.297187549908131, 36.971622383778794 ], [ 126.297219264400283, 36.971593078156651 ], [ 126.297165816327563, 36.971580129870127 ] ] ], [ [ [ 126.297344802539556, 36.971629965793653 ], [ 126.297322914430268, 36.97168241057404 ], [ 126.297365426228779, 36.971685646375882 ], [ 126.297344802539556, 36.971629965793653 ] ] ], [ [ [ 126.297373045733394, 36.971766859645768 ], [ 126.297427943554908, 36.971777356317659 ], [ 126.29741449240278, 36.971732909438401 ], [ 126.297373045733394, 36.971766859645768 ] ] ], [ [ [ 126.298310961908214, 36.974048142202136 ], [ 126.298298373439451, 36.973760375305261 ], [ 126.298181081782431, 36.973684776249407 ], [ 126.298310961908214, 36.974048142202136 ] ] ], [ [ [ 126.298049488765201, 36.974182135240824 ], [ 126.298106311741321, 36.974033335553187 ], [ 126.298016816130968, 36.97404788108188 ], [ 126.298049488765201, 36.974182135240824 ] ] ], [ [ [ 126.304818975846061, 36.976979207045815 ], [ 126.304836058032365, 36.977051859940879 ], [ 126.304875018208747, 36.977040815327875 ], [ 126.304818975846061, 36.976979207045815 ] ] ], [ [ [ 126.304370286585765, 36.978629261487995 ], [ 126.304328569420036, 36.978632344108313 ], [ 126.304354551838628, 36.978659986479272 ], [ 126.304370286585765, 36.978629261487995 ] ] ], [ [ [ 126.304412845215637, 36.97863874731673 ], [ 126.30447807458782, 36.978653662482735 ], [ 126.30449956436567, 36.978632029179174 ], [ 126.304412845215637, 36.97863874731673 ] ] ], [ [ [ 126.304311500180773, 36.978697299513456 ], [ 126.304170057199897, 36.978671394741191 ], [ 126.304161722476707, 36.978728138100372 ], [ 126.304311500180773, 36.978697299513456 ] ] ], [ [ [ 126.304998563773566, 36.978671452463139 ], [ 126.304608999277363, 36.97885300045985 ], [ 126.305042112683182, 36.978849812918277 ], [ 126.304998563773566, 36.978671452463139 ] ] ], [ [ [ 126.304389941376428, 36.978795840089226 ], [ 126.304282807524103, 36.978752601113371 ], [ 126.304343883598264, 36.978816537253913 ], [ 126.304389941376428, 36.978795840089226 ] ] ], [ [ [ 126.3041611536147, 36.978799374742643 ], [ 126.304177696373827, 36.978885802747222 ], [ 126.30421707763746, 36.978887546136505 ], [ 126.3041611536147, 36.978799374742643 ] ] ], [ [ [ 126.304611194314234, 36.978938982858331 ], [ 126.304803445000829, 36.979245560148726 ], [ 126.304839748568156, 36.978949971814167 ], [ 126.304611194314234, 36.978938982858331 ] ] ], [ [ [ 126.305086403389339, 36.979228322175011 ], [ 126.305145974402976, 36.979206008438815 ], [ 126.30508693125401, 36.979209942708636 ], [ 126.305086403389339, 36.979228322175011 ] ] ], [ [ [ 126.304901088069656, 36.97930102512948 ], [ 126.304976571854766, 36.979326039693738 ], [ 126.304957735976785, 36.979292922241633 ], [ 126.304901088069656, 36.97930102512948 ] ] ], [ [ [ 126.333569410356304, 36.26912533935181 ], [ 126.333869808101497, 36.269707964183617 ], [ 126.33366554845729, 36.269096668253816 ], [ 126.333569410356304, 36.26912533935181 ] ] ], [ [ [ 126.334010146696144, 36.269548813807518 ], [ 126.333889858881548, 36.269353508896259 ], [ 126.333997524464621, 36.269596280775886 ], [ 126.334010146696144, 36.269548813807518 ] ] ], [ [ [ 126.333493868425677, 36.269523354552369 ], [ 126.333719757513506, 36.269835474480132 ], [ 126.33347039317303, 36.269323748637838 ], [ 126.333493868425677, 36.269523354552369 ] ] ], [ [ [ 126.340998798322389, 36.270572709483062 ], [ 126.341010170296613, 36.270486782554663 ], [ 126.340960238202968, 36.2705778583328 ], [ 126.340998798322389, 36.270572709483062 ] ] ], [ [ [ 126.341038166564161, 36.270553407725949 ], [ 126.341103513531095, 36.270622598121903 ], [ 126.341075648309513, 36.270513656127754 ], [ 126.341038166564161, 36.270553407725949 ] ] ], [ [ [ 126.34174329034775, 36.271014915195686 ], [ 126.340918864783504, 36.270922907647787 ], [ 126.341738839108828, 36.271283999809413 ], [ 126.34174329034775, 36.271014915195686 ] ] ], [ [ [ 126.341121970617621, 36.271154195470416 ], [ 126.341181666799585, 36.271203215041261 ], [ 126.341176594266287, 36.271136797626689 ], [ 126.341121970617621, 36.271154195470416 ] ] ], [ [ [ 126.341685354844515, 36.271339425104699 ], [ 126.341717596738619, 36.271308918800806 ], [ 126.341695781926987, 36.271309131206138 ], [ 126.341685354844515, 36.271339425104699 ] ] ], [ [ [ 126.32724385566874, 36.306275212637232 ], [ 126.329421618651878, 36.305927700336696 ], [ 126.329641280609081, 36.305850711024355 ], [ 126.329552494851555, 36.305687463264171 ], [ 126.330002562448826, 36.30543567607581 ], [ 126.328657992529116, 36.304610502571613 ], [ 126.3255785985438, 36.304718703819546 ], [ 126.324934868022353, 36.304496715814764 ], [ 126.32724385566874, 36.306275212637232 ] ] ], [ [ [ 126.329806018387572, 36.305669724871613 ], [ 126.329709400158919, 36.305738583312362 ], [ 126.329780285397987, 36.305761266441927 ], [ 126.329806018387572, 36.305669724871613 ] ] ], [ [ [ 126.340353011680264, 36.327649532952179 ], [ 126.34017380817744, 36.327465606555236 ], [ 126.339996678138618, 36.32773587939424 ], [ 126.340353011680264, 36.327649532952179 ] ] ], [ [ [ 126.340430390412905, 36.327995646145745 ], [ 126.340387670218647, 36.328043082694968 ], [ 126.340448526291624, 36.328037561068463 ], [ 126.340430390412905, 36.327995646145745 ] ] ], [ [ [ 126.340280474483592, 36.328023477254035 ], [ 126.340332084436952, 36.328057735231482 ], [ 126.340321153900703, 36.328006848271073 ], [ 126.340280474483592, 36.328023477254035 ] ] ], [ [ [ 126.340498043907132, 36.328029273617027 ], [ 126.340601614259597, 36.328095809486499 ], [ 126.340561402788552, 36.327990781703669 ], [ 126.340498043907132, 36.328029273617027 ] ] ], [ [ [ 126.340293993974143, 36.328256142212247 ], [ 126.340231814816107, 36.328299955199746 ], [ 126.340300615718263, 36.328289702205581 ], [ 126.340293993974143, 36.328256142212247 ] ] ], [ [ [ 126.340090821489895, 36.328550603607432 ], [ 126.340197144114825, 36.328541818260931 ], [ 126.340126238584361, 36.328497719811828 ], [ 126.340090821489895, 36.328550603607432 ] ] ], [ [ [ 126.339877253292073, 36.328611784514777 ], [ 126.339806623539403, 36.328600940886318 ], [ 126.339810919572031, 36.328646022796562 ], [ 126.339877253292073, 36.328611784514777 ] ] ], [ [ [ 126.339539534282054, 36.329012560344154 ], [ 126.339482887321367, 36.32896799957706 ], [ 126.339484092860459, 36.329009910696016 ], [ 126.339539534282054, 36.329012560344154 ] ] ], [ [ [ 126.340170818036952, 36.329405259752377 ], [ 126.340220256117234, 36.329314155450341 ], [ 126.340078953032943, 36.329416467957635 ], [ 126.340170818036952, 36.329405259752377 ] ] ], [ [ [ 126.34040670396935, 36.329484512520196 ], [ 126.340295419260258, 36.329381796982567 ], [ 126.340289664130893, 36.32953586512938 ], [ 126.34040670396935, 36.329484512520196 ] ] ], [ [ [ 126.340737767780624, 36.334090126083545 ], [ 126.340596005389074, 36.334127101927692 ], [ 126.34066290279668, 36.334171808487255 ], [ 126.340737767780624, 36.334090126083545 ] ] ], [ [ [ 126.339953554671254, 36.336901487856856 ], [ 126.340036290257714, 36.336930511171317 ], [ 126.340008684178599, 36.336875658098137 ], [ 126.339953554671254, 36.336901487856856 ] ] ], [ [ [ 126.340572392753771, 36.337747763455063 ], [ 126.34056549759417, 36.337693655956301 ], [ 126.3405365884215, 36.33771404297412 ], [ 126.340572392753771, 36.337747763455063 ] ] ], [ [ [ 126.328952300079763, 36.357965261964765 ], [ 126.329003789490514, 36.357856762814102 ], [ 126.32878050129662, 36.35785614985469 ], [ 126.328952300079763, 36.357965261964765 ] ] ], [ [ [ 126.330009216440345, 36.358678902568137 ], [ 126.32936173748152, 36.358234476672493 ], [ 126.328692743309745, 36.358051919370993 ], [ 126.330009216440345, 36.358678902568137 ] ] ], [ [ [ 126.329889823642844, 36.358772648720425 ], [ 126.329874332841655, 36.358727745536747 ], [ 126.329617393316852, 36.358690871379714 ], [ 126.329889823642844, 36.358772648720425 ] ] ], [ [ [ 126.330036506521424, 36.35877721881711 ], [ 126.32994895137945, 36.358772699539927 ], [ 126.330047458644756, 36.35880323471725 ], [ 126.330036506521424, 36.35877721881711 ] ] ], [ [ [ 126.330019181113329, 36.359212707463641 ], [ 126.329829525424117, 36.359197837982798 ], [ 126.33000052424164, 36.359310946957045 ], [ 126.330019181113329, 36.359212707463641 ] ] ], [ [ [ 126.330221322851102, 36.359901606736194 ], [ 126.331541090394992, 36.360651374952383 ], [ 126.330847019025256, 36.360150409213745 ], [ 126.330221322851102, 36.359901606736194 ] ] ], [ [ [ 126.333877223983635, 36.378917051453605 ], [ 126.333807317556136, 36.378659471996578 ], [ 126.333695983170173, 36.378842777548805 ], [ 126.333877223983635, 36.378917051453605 ] ] ], [ [ [ 126.334909413844798, 36.385040944938353 ], [ 126.334728297338685, 36.384911160586647 ], [ 126.334349468617205, 36.38510784509635 ], [ 126.334909413844798, 36.385040944938353 ] ] ], [ [ [ 126.324789069022472, 36.388740187842977 ], [ 126.32499461909876, 36.388660063894193 ], [ 126.32475708193337, 36.388688550079905 ], [ 126.324789069022472, 36.388740187842977 ] ] ], [ [ [ 126.326542054862458, 36.389231661883549 ], [ 126.326281512200964, 36.389407450306742 ], [ 126.326635485668007, 36.389357449125846 ], [ 126.326542054862458, 36.389231661883549 ] ] ], [ [ [ 126.32697388488964, 36.391437782786653 ], [ 126.327160910881844, 36.391515886521397 ], [ 126.327150178030564, 36.391403361291914 ], [ 126.32697388488964, 36.391437782786653 ] ] ], [ [ [ 126.326743115871167, 36.391817852965964 ], [ 126.326714405283667, 36.391592852072897 ], [ 126.326570580316982, 36.39158456074373 ], [ 126.326743115871167, 36.391817852965964 ] ] ], [ [ [ 126.333477950398176, 36.394635331433086 ], [ 126.333218555271216, 36.39455899874531 ], [ 126.333527130590099, 36.394697876836112 ], [ 126.333477950398176, 36.394635331433086 ] ] ], [ [ [ 126.333695158036832, 36.394770545447585 ], [ 126.334424928894748, 36.395135707021062 ], [ 126.334480272074302, 36.395116100900417 ], [ 126.333695158036832, 36.394770545447585 ] ] ], [ [ [ 126.328678443491043, 36.397608488883222 ], [ 126.328856570662339, 36.397673290674057 ], [ 126.328855653798385, 36.397598399496751 ], [ 126.328678443491043, 36.397608488883222 ] ] ], [ [ [ 126.332950490660579, 36.398784191972922 ], [ 126.332881825345368, 36.398901499187893 ], [ 126.332984475189548, 36.398903333531074 ], [ 126.332950490660579, 36.398784191972922 ] ] ], [ [ [ 126.333688404313079, 36.398617451798415 ], [ 126.333659951299339, 36.399208269720326 ], [ 126.333682591395089, 36.399337441914689 ], [ 126.33394927582647, 36.398849061390742 ], [ 126.333688404313079, 36.398617451798415 ] ] ], [ [ [ 126.333811520194516, 36.399512444773933 ], [ 126.333282418779518, 36.399818948338179 ], [ 126.333904915335722, 36.399658321725646 ], [ 126.333811520194516, 36.399512444773933 ] ] ], [ [ [ 126.335122975469133, 36.402628378057713 ], [ 126.335673861936669, 36.402488069954181 ], [ 126.335525076624847, 36.402352969627529 ], [ 126.335122975469133, 36.402628378057713 ] ] ], [ [ [ 126.334880522822232, 36.402496630784128 ], [ 126.334741123529739, 36.402746321406291 ], [ 126.334924301547687, 36.40250038978359 ], [ 126.334880522822232, 36.402496630784128 ] ] ], [ [ [ 126.335159080863406, 36.404200283954118 ], [ 126.333677077757102, 36.403795966947413 ], [ 126.333621431761188, 36.404124576384007 ], [ 126.335159080863406, 36.404200283954118 ] ] ], [ [ [ 126.337503577442575, 36.407616161708319 ], [ 126.337193112505304, 36.407364639290101 ], [ 126.337106258401704, 36.407483740465786 ], [ 126.337503577442575, 36.407616161708319 ] ] ], [ [ [ 126.332545654051643, 36.437301896785456 ], [ 126.331810417457589, 36.437748350130747 ], [ 126.332535015157561, 36.438528671813771 ], [ 126.334527769133857, 36.438913196310175 ], [ 126.332545654051643, 36.437301896785456 ] ] ], [ [ [ 126.331442394236547, 36.444179483124842 ], [ 126.331380712500732, 36.444192745678762 ], [ 126.331439923808006, 36.444207316216641 ], [ 126.331442394236547, 36.444179483124842 ] ] ], [ [ [ 126.331249343504879, 36.444281224369668 ], [ 126.331409251598487, 36.444311316199851 ], [ 126.331489693090887, 36.444282479560812 ], [ 126.331359153545591, 36.444248406012619 ], [ 126.331249343504879, 36.444281224369668 ] ] ], [ [ [ 126.331487708341626, 36.444331941909887 ], [ 126.331336061872705, 36.444469779682173 ], [ 126.331482646800183, 36.444427796321108 ], [ 126.331487708341626, 36.444331941909887 ] ] ], [ [ [ 126.331273398525568, 36.444467536270054 ], [ 126.331315717146467, 36.4444621848127 ], [ 126.331276855362717, 36.444454579911685 ], [ 126.331273398525568, 36.444467536270054 ] ] ], [ [ [ 126.331396485553554, 36.44452508699468 ], [ 126.331362308994045, 36.444556525653503 ], [ 126.331374111103656, 36.44455893635125 ], [ 126.331396485553554, 36.44452508699468 ] ] ], [ [ [ 126.331191811685045, 36.444564673259165 ], [ 126.331146045965028, 36.444607762575274 ], [ 126.331199871518308, 36.444613199068279 ], [ 126.331191811685045, 36.444564673259165 ] ] ], [ [ [ 126.331094489602023, 36.444831859332915 ], [ 126.331135230589339, 36.444828302646641 ], [ 126.331083718980096, 36.444800258242637 ], [ 126.331094489602023, 36.444831859332915 ] ] ], [ [ [ 126.331120191962967, 36.445034040656573 ], [ 126.33113586374823, 36.445027369987422 ], [ 126.331113266183124, 36.445022376303783 ], [ 126.331120191962967, 36.445034040656573 ] ] ], [ [ [ 126.331211420912197, 36.445112950963008 ], [ 126.331231013939515, 36.445104319214764 ], [ 126.331202354938725, 36.445090732865225 ], [ 126.331211420912197, 36.445112950963008 ] ] ], [ [ [ 126.326976002306694, 36.450809091944677 ], [ 126.326444106369294, 36.45005327379446 ], [ 126.326078336756339, 36.450106631679468 ], [ 126.326608855036199, 36.450905246902039 ], [ 126.326321466025902, 36.451400878272366 ], [ 126.326976002306694, 36.450809091944677 ] ] ], [ [ [ 126.326348242406652, 36.450768242805111 ], [ 126.326275883455764, 36.450815956423696 ], [ 126.326359367139318, 36.450810479705382 ], [ 126.326348242406652, 36.450768242805111 ] ] ], [ [ [ 126.326538832364747, 36.451534303902541 ], [ 126.326395104106965, 36.451463381937081 ], [ 126.326376242880357, 36.451477513619707 ], [ 126.326538832364747, 36.451534303902541 ] ] ], [ [ [ 126.326515434551183, 36.451621583165952 ], [ 126.326478184360084, 36.451543243352361 ], [ 126.326400526166282, 36.451584618078222 ], [ 126.326515434551183, 36.451621583165952 ] ] ], [ [ [ 126.324968589663598, 36.452809026174329 ], [ 126.325006795488861, 36.452789777314756 ], [ 126.324947940091945, 36.452784849185477 ], [ 126.324968589663598, 36.452809026174329 ] ] ], [ [ [ 126.325827724674213, 36.452848758840233 ], [ 126.325820497412693, 36.452872055640199 ], [ 126.325845500495078, 36.452869943374495 ], [ 126.325827724674213, 36.452848758840233 ] ] ], [ [ [ 126.32535130705169, 36.452899682562389 ], [ 126.324900797405206, 36.452895873413254 ], [ 126.325313516692916, 36.452999856960325 ], [ 126.32535130705169, 36.452899682562389 ] ] ], [ [ [ 126.325867989432112, 36.452978209384959 ], [ 126.326008101471984, 36.452951604252846 ], [ 126.325854299604586, 36.452884502135937 ], [ 126.325867989432112, 36.452978209384959 ] ] ], [ [ [ 126.326720243092197, 36.453311217072738 ], [ 126.326242238887929, 36.452784232450675 ], [ 126.325877629804879, 36.452818219400577 ], [ 126.326720243092197, 36.453311217072738 ] ] ], [ [ [ 126.326373229499751, 36.453244916883911 ], [ 126.326468854295314, 36.453241670743758 ], [ 126.326362047737149, 36.453222143975232 ], [ 126.326373229499751, 36.453244916883911 ] ] ], [ [ [ 126.328561329422101, 36.453702861979139 ], [ 126.328622128113224, 36.453715460885959 ], [ 126.328630691677247, 36.453705506164148 ], [ 126.328561329422101, 36.453702861979139 ] ] ], [ [ [ 126.329103237037984, 36.453858474563127 ], [ 126.329070787963943, 36.453818011947988 ], [ 126.329040468900345, 36.453815496869652 ], [ 126.329103237037984, 36.453858474563127 ] ] ], [ [ [ 126.329178118445697, 36.453893501096303 ], [ 126.329205266840845, 36.453888695749498 ], [ 126.329175798949663, 36.453877807186693 ], [ 126.329178118445697, 36.453893501096303 ] ] ], [ [ [ 126.3293092879032, 36.453933886360602 ], [ 126.329277426616216, 36.453916225941207 ], [ 126.329281406694918, 36.453933100837205 ], [ 126.3293092879032, 36.453933886360602 ] ] ], [ [ [ 126.329289743939185, 36.453988386840969 ], [ 126.328860467722549, 36.453823675726767 ], [ 126.32929482346205, 36.454020314449984 ], [ 126.329289743939185, 36.453988386840969 ] ] ], [ [ [ 126.329496125601139, 36.454090384112071 ], [ 126.329634187112731, 36.454042858545925 ], [ 126.329408841228215, 36.45397995436408 ], [ 126.329496125601139, 36.454090384112071 ] ] ], [ [ [ 126.329758133646365, 36.454118980683944 ], [ 126.329814260733784, 36.454091089627198 ], [ 126.32975757868455, 36.45409293537805 ], [ 126.329758133646365, 36.454118980683944 ] ] ], [ [ [ 126.327176470264533, 36.458077341082394 ], [ 126.327246224126768, 36.45802222199778 ], [ 126.327101508119128, 36.45805132538667 ], [ 126.327176470264533, 36.458077341082394 ] ] ], [ [ [ 126.327467507024579, 36.458143501990421 ], [ 126.327413330873867, 36.458100122873326 ], [ 126.327399881960488, 36.458107344919668 ], [ 126.327467507024579, 36.458143501990421 ] ] ], [ [ [ 126.327122603252874, 36.458127411173933 ], [ 126.32703451203453, 36.458135834145651 ], [ 126.327109007627328, 36.458151485614046 ], [ 126.327122603252874, 36.458127411173933 ] ] ], [ [ [ 126.327043210119285, 36.458175083062848 ], [ 126.32700430434673, 36.458146118692909 ], [ 126.327000686022416, 36.458151775006087 ], [ 126.327043210119285, 36.458175083062848 ] ] ], [ [ [ 126.326548924719631, 36.458392086392841 ], [ 126.326478561375481, 36.458388805502175 ], [ 126.326562073766553, 36.458419733927634 ], [ 126.326548924719631, 36.458392086392841 ] ] ], [ [ [ 126.326708638234109, 36.458886634078482 ], [ 126.326775757290903, 36.4588910674738 ], [ 126.326693934647622, 36.458871050963317 ], [ 126.326708638234109, 36.458886634078482 ] ] ], [ [ [ 126.326747083298059, 36.458943083412485 ], [ 126.326687613505186, 36.458944101565791 ], [ 126.326768332316902, 36.458962576534944 ], [ 126.326747083298059, 36.458943083412485 ] ] ], [ [ [ 126.326931834668258, 36.459083532873848 ], [ 126.326869161706597, 36.459106789523318 ], [ 126.326948217763615, 36.459111199533233 ], [ 126.326931834668258, 36.459083532873848 ] ] ], [ [ [ 126.326455947618342, 36.459236566243298 ], [ 126.326883873554635, 36.459456967356523 ], [ 126.326423434232055, 36.459177807891386 ], [ 126.326455947618342, 36.459236566243298 ] ] ], [ [ [ 126.326449976964682, 36.459359357923553 ], [ 126.326317657257377, 36.459309047425315 ], [ 126.326462112665865, 36.459400789779806 ], [ 126.326449976964682, 36.459359357923553 ] ] ], [ [ [ 126.326718208943461, 36.459495773274377 ], [ 126.326672683728248, 36.459496957355299 ], [ 126.326727684001881, 36.45950952368085 ], [ 126.326718208943461, 36.459495773274377 ] ] ], [ [ [ 126.326293404564467, 36.459520681159255 ], [ 126.326370082479116, 36.45951615624449 ], [ 126.326296470151462, 36.459501504611147 ], [ 126.326293404564467, 36.459520681159255 ] ] ], [ [ [ 126.326736442900895, 36.459528587515948 ], [ 126.326718155519458, 36.459540649678566 ], [ 126.32673786247733, 36.459545175880791 ], [ 126.326736442900895, 36.459528587515948 ] ] ], [ [ [ 126.326528412438222, 36.459629062628174 ], [ 126.326568119526996, 36.459604145215458 ], [ 126.326523030123255, 36.45960632333675 ], [ 126.326528412438222, 36.459629062628174 ] ] ], [ [ [ 126.327597766160508, 36.459892279637529 ], [ 126.326802491851112, 36.459514901670751 ], [ 126.327599055679102, 36.45994968883803 ], [ 126.327597766160508, 36.459892279637529 ] ] ], [ [ [ 126.325087264335892, 36.459865313178554 ], [ 126.325167315474104, 36.459883697921796 ], [ 126.325053762835395, 36.459856563634908 ], [ 126.325087264335892, 36.459865313178554 ] ] ], [ [ [ 126.325298992594952, 36.459892283392108 ], [ 126.325205527736713, 36.459876975922512 ], [ 126.325302742883764, 36.45991014775381 ], [ 126.325298992594952, 36.459892283392108 ] ] ], [ [ [ 126.327899662248171, 36.46007096480875 ], [ 126.328006099296516, 36.460160328845419 ], [ 126.328128798192182, 36.460226892056049 ], [ 126.327899662248171, 36.46007096480875 ] ] ], [ [ [ 126.327894092820216, 36.460212323553378 ], [ 126.327856193007818, 36.460221571793141 ], [ 126.327893354389886, 36.460220159081267 ], [ 126.327894092820216, 36.460212323553378 ] ] ], [ [ [ 126.328289129766077, 36.460185531155346 ], [ 126.328395840995171, 36.460255970295449 ], [ 126.328393687558943, 36.460143494496009 ], [ 126.328289129766077, 36.460185531155346 ] ] ], [ [ [ 126.327973589863205, 36.460256025046185 ], [ 126.328013093491975, 36.460267603832975 ], [ 126.328011916634992, 36.46026200857667 ], [ 126.327973589863205, 36.460256025046185 ] ] ], [ [ [ 126.328269908970242, 36.46034447696664 ], [ 126.328307977759195, 36.4603413548353 ], [ 126.328294950140204, 36.460325600865318 ], [ 126.328269908970242, 36.46034447696664 ] ] ], [ [ [ 126.328074190710893, 36.460517566371081 ], [ 126.328121426100083, 36.460447721040154 ], [ 126.328100450480633, 36.46043507659747 ], [ 126.328074190710893, 36.460517566371081 ] ] ], [ [ [ 126.328024058223335, 36.46049664497064 ], [ 126.3280493663069, 36.460563111808291 ], [ 126.32804701827834, 36.460486141161539 ], [ 126.328024058223335, 36.46049664497064 ] ] ], [ [ [ 126.327798337581839, 36.460707775138509 ], [ 126.327769744698344, 36.460737350937471 ], [ 126.327778082681291, 36.460753709760198 ], [ 126.327798337581839, 36.460707775138509 ] ] ], [ [ [ 126.328039082724814, 36.460824027549265 ], [ 126.328026097998418, 36.460906858613605 ], [ 126.3280418684258, 36.460902170793801 ], [ 126.328039082724814, 36.460824027549265 ] ] ], [ [ [ 126.327691407204924, 36.461166486536484 ], [ 126.327600352245526, 36.461143084171596 ], [ 126.32767076859048, 36.461192233478435 ], [ 126.327691407204924, 36.461166486536484 ] ] ], [ [ [ 126.325992158141872, 36.501075721997644 ], [ 126.326012714678711, 36.501060610254513 ], [ 126.325992655970452, 36.501056801585051 ], [ 126.325992158141872, 36.501075721997644 ] ] ], [ [ [ 126.326189168647772, 36.501074851785994 ], [ 126.326216773663091, 36.501083658467131 ], [ 126.326208095968738, 36.501067660456883 ], [ 126.326189168647772, 36.501074851785994 ] ] ], [ [ [ 126.32597028787923, 36.501113355576962 ], [ 126.325915840565926, 36.501059431464668 ], [ 126.325892596944669, 36.501101201847639 ], [ 126.32597028787923, 36.501113355576962 ] ] ], [ [ [ 126.326067341584519, 36.501106785312501 ], [ 126.326034135295913, 36.501100380861018 ], [ 126.326021054206876, 36.501115715819758 ], [ 126.326067341584519, 36.501106785312501 ] ] ], [ [ [ 126.331973465574421, 36.501328611407352 ], [ 126.331947587151603, 36.501183563155649 ], [ 126.33172293545924, 36.501179601756185 ], [ 126.331973465574421, 36.501328611407352 ] ] ], [ [ [ 126.329757313017325, 36.501326184417863 ], [ 126.329814874201801, 36.501342998861489 ], [ 126.329759069128229, 36.501303574918701 ], [ 126.329757313017325, 36.501326184417863 ] ] ], [ [ [ 126.329912644690921, 36.501356614457272 ], [ 126.329903842398338, 36.501380896470799 ], [ 126.329927541754643, 36.501376522455665 ], [ 126.329912644690921, 36.501356614457272 ] ] ], [ [ [ 126.330846400812391, 36.501750427828206 ], [ 126.330004899624086, 36.501310994814958 ], [ 126.330095889585209, 36.501839663273479 ], [ 126.330846400812391, 36.501750427828206 ] ] ], [ [ [ 126.325368736378877, 36.501761749628592 ], [ 126.325279147275552, 36.501692938592406 ], [ 126.325270714515355, 36.501764350558098 ], [ 126.325368736378877, 36.501761749628592 ] ] ], [ [ [ 126.327206599954849, 36.816588737730555 ], [ 126.327042819047648, 36.816444873110299 ], [ 126.327025016577181, 36.816494160049629 ], [ 126.327206599954849, 36.816588737730555 ] ] ], [ [ [ 126.328568436201849, 36.819597145973695 ], [ 126.32922166558987, 36.818703010473079 ], [ 126.327752226733651, 36.818059252831958 ], [ 126.327182897337579, 36.819597577866737 ], [ 126.328568436201849, 36.819597145973695 ] ] ], [ [ [ 126.318902549428472, 36.854668953490524 ], [ 126.319335968706625, 36.854186542897068 ], [ 126.318695653204742, 36.85407466316623 ], [ 126.318902549428472, 36.854668953490524 ] ] ], [ [ [ 126.324574938910018, 36.857061787529489 ], [ 126.324625503443258, 36.857508654595009 ], [ 126.324868895056724, 36.857514541698002 ], [ 126.324574938910018, 36.857061787529489 ] ] ], [ [ [ 126.331070898048779, 36.880899150829642 ], [ 126.331428049897937, 36.880936753228589 ], [ 126.331447988589247, 36.880888204765974 ], [ 126.331070898048779, 36.880899150829642 ] ] ], [ [ [ 126.331859641067595, 36.881352235559511 ], [ 126.331624180676457, 36.881341541047213 ], [ 126.331751253050058, 36.881652047364149 ], [ 126.331859641067595, 36.881352235559511 ] ] ], [ [ [ 126.332371031414297, 36.882909747997005 ], [ 126.332297701806311, 36.88275173710111 ], [ 126.33225023075957, 36.882883117716332 ], [ 126.332371031414297, 36.882909747997005 ] ] ], [ [ [ 126.320600616739085, 36.897655639362107 ], [ 126.320492853237525, 36.897814154202756 ], [ 126.320645239151133, 36.89765922823694 ], [ 126.320600616739085, 36.897655639362107 ] ] ], [ [ [ 126.32546262564793, 36.902482404126467 ], [ 126.32520140281683, 36.902506565837086 ], [ 126.32525773582843, 36.902638208744605 ], [ 126.32546262564793, 36.902482404126467 ] ] ], [ [ [ 126.325364404293026, 36.902755505008983 ], [ 126.32525603294475, 36.902868605298153 ], [ 126.32533923909601, 36.90288646821309 ], [ 126.325364404293026, 36.902755505008983 ] ] ], [ [ [ 126.325246609968801, 36.904996179496031 ], [ 126.325181895765752, 36.905107816614034 ], [ 126.325240537348336, 36.905112294205509 ], [ 126.325246609968801, 36.904996179496031 ] ] ], [ [ [ 126.324973922153717, 36.905076449626961 ], [ 126.324855663925263, 36.905063161373043 ], [ 126.324872745577792, 36.905136607284959 ], [ 126.324973922153717, 36.905076449626961 ] ] ], [ [ [ 126.32504855251409, 36.905660684640829 ], [ 126.324967378423011, 36.905577322157654 ], [ 126.324907234169373, 36.905641228098403 ], [ 126.32504855251409, 36.905660684640829 ] ] ], [ [ [ 126.324486629343383, 36.905623067992934 ], [ 126.324630565094864, 36.905905472428813 ], [ 126.32475894498026, 36.905292387099863 ], [ 126.324486629343383, 36.905623067992934 ] ] ], [ [ [ 126.31890004401545, 36.911646140069877 ], [ 126.318912374512024, 36.911475897587557 ], [ 126.318671040596954, 36.911575244495914 ], [ 126.31890004401545, 36.911646140069877 ] ] ], [ [ [ 126.318497695890059, 36.911689859079523 ], [ 126.318334656058852, 36.911835582357426 ], [ 126.318688259197486, 36.911743736429365 ], [ 126.318497695890059, 36.911689859079523 ] ] ], [ [ [ 126.317039750300253, 36.914435685627147 ], [ 126.316355074146912, 36.914823740304612 ], [ 126.316461450922361, 36.915148812774042 ], [ 126.317039750300253, 36.914435685627147 ] ] ], [ [ [ 126.326999934357147, 36.992082246406113 ], [ 126.327153093175482, 36.992039456538983 ], [ 126.327011911947892, 36.992010624825049 ], [ 126.326999934357147, 36.992082246406113 ] ] ], [ [ [ 126.327264436146152, 36.992082727419202 ], [ 126.327259837880732, 36.992150785725045 ], [ 126.327310953398751, 36.992110688481141 ], [ 126.327264436146152, 36.992082727419202 ] ] ], [ [ [ 126.326920642846474, 36.993745389877091 ], [ 126.326829803550353, 36.993746163205863 ], [ 126.326856604756259, 36.993775716120872 ], [ 126.326920642846474, 36.993745389877091 ] ] ], [ [ [ 126.326800212405431, 36.993891634698464 ], [ 126.32687694094956, 36.993968921223448 ], [ 126.326913499810459, 36.993913389093485 ], [ 126.326800212405431, 36.993891634698464 ] ] ], [ [ [ 126.327656816158338, 36.999882024553962 ], [ 126.327581824761225, 36.999837555513558 ], [ 126.32754730481706, 36.999866707996553 ], [ 126.327656816158338, 36.999882024553962 ] ] ], [ [ [ 126.328490976484147, 37.00011761735567 ], [ 126.328548510174144, 37.000167123548124 ], [ 126.32855703790338, 37.000126100707227 ], [ 126.328490976484147, 37.00011761735567 ] ] ], [ [ [ 126.328349041678663, 37.000223744914528 ], [ 126.328292802707793, 37.000086949936083 ], [ 126.328205567984625, 37.000227428500111 ], [ 126.328349041678663, 37.000223744914528 ] ] ], [ [ [ 126.327732356116016, 37.0001383185134 ], [ 126.32765268870655, 37.000497456776614 ], [ 126.32790012169005, 37.000156939642203 ], [ 126.327732356116016, 37.0001383185134 ] ] ], [ [ [ 126.386601107605969, 36.26148739793868 ], [ 126.387377048009625, 36.259681673693926 ], [ 126.386717496643897, 36.259159358604087 ], [ 126.385749576684219, 36.261229013727053 ], [ 126.386601107605969, 36.26148739793868 ] ] ], [ [ [ 126.344448934788517, 36.273414600994045 ], [ 126.344566598797371, 36.273360733978585 ], [ 126.3444460409887, 36.273377528687796 ], [ 126.344448934788517, 36.273414600994045 ] ] ], [ [ [ 126.344376809988404, 36.273508811879552 ], [ 126.344403644467334, 36.273560406084954 ], [ 126.344412248200783, 36.273495145072474 ], [ 126.344376809988404, 36.273508811879552 ] ] ], [ [ [ 126.350745244088586, 36.308947174146851 ], [ 126.350872625308213, 36.308986706813727 ], [ 126.350755785335124, 36.308897848428181 ], [ 126.350745244088586, 36.308947174146851 ] ] ], [ [ [ 126.345897960145763, 36.309782179090647 ], [ 126.34575759416802, 36.309857558820589 ], [ 126.345935624046902, 36.309805274764997 ], [ 126.345897960145763, 36.309782179090647 ] ] ], [ [ [ 126.348202696317585, 36.315317490981322 ], [ 126.351192217404133, 36.315150457315035 ], [ 126.351778820461774, 36.314531653533116 ], [ 126.353895164836075, 36.315313789272416 ], [ 126.353949629769588, 36.312666899704375 ], [ 126.356828245897461, 36.311618862705082 ], [ 126.35754663929194, 36.310141652804184 ], [ 126.353922912193752, 36.309116958388628 ], [ 126.353488673555717, 36.308226867786829 ], [ 126.352385235746013, 36.309160274409535 ], [ 126.349895306484328, 36.309128105734004 ], [ 126.348812925776272, 36.308607286676967 ], [ 126.346939606213169, 36.309018635502859 ], [ 126.345707420077943, 36.31019891846892 ], [ 126.34724227327429, 36.310256783592671 ], [ 126.347478855316524, 36.311475823802319 ], [ 126.346587822422222, 36.311867021220664 ], [ 126.346503926924385, 36.31135280635452 ], [ 126.346368734851424, 36.3122218762486 ], [ 126.345045760714711, 36.312441007545821 ], [ 126.344866331613261, 36.313391568364487 ], [ 126.343249392072494, 36.314232047355347 ], [ 126.345550737608121, 36.314091471067719 ], [ 126.34769704272432, 36.312083503083095 ], [ 126.348991499776233, 36.311891040365786 ], [ 126.35094254635257, 36.312802096486287 ], [ 126.347929314654849, 36.314583620079048 ], [ 126.348202696317585, 36.315317490981322 ] ] ], [ [ [ 126.347881327160579, 36.315652685796891 ], [ 126.346424897231913, 36.316005289502129 ], [ 126.34652474565425, 36.316663146646839 ], [ 126.347881327160579, 36.315652685796891 ] ] ], [ [ [ 126.344642065271614, 36.316146203927246 ], [ 126.344697807693819, 36.316204995306968 ], [ 126.34471322308984, 36.316172636523085 ], [ 126.344642065271614, 36.316146203927246 ] ] ], [ [ [ 126.346918560048564, 36.316561755031948 ], [ 126.346968824511038, 36.316596455144534 ], [ 126.347019266975877, 36.316543290363988 ], [ 126.346918560048564, 36.316561755031948 ] ] ], [ [ [ 126.3466371118013, 36.317809417305625 ], [ 126.346808245725384, 36.317891907104951 ], [ 126.347006974226517, 36.317723213445191 ], [ 126.3466371118013, 36.317809417305625 ] ] ], [ [ [ 126.347046562226041, 36.317943584489086 ], [ 126.347236209893552, 36.318022662527042 ], [ 126.34719833804337, 36.317890254000538 ], [ 126.347046562226041, 36.317943584489086 ] ] ], [ [ [ 126.343622868021711, 36.325825279621249 ], [ 126.343638721015481, 36.325873848430668 ], [ 126.343666370910228, 36.325843631170251 ], [ 126.343622868021711, 36.325825279621249 ] ] ], [ [ [ 126.343533980516256, 36.325920134336876 ], [ 126.343550445928116, 36.325855792054362 ], [ 126.343504740697966, 36.32588771147504 ], [ 126.343533980516256, 36.325920134336876 ] ] ], [ [ [ 126.343329521205249, 36.325958751616831 ], [ 126.343310561857038, 36.326028399337581 ], [ 126.343399003857286, 36.325959945122548 ], [ 126.343329521205249, 36.325958751616831 ] ] ], [ [ [ 126.34357330454354, 36.325998571258275 ], [ 126.343449509461863, 36.326006362994548 ], [ 126.343579029713638, 36.326033027512715 ], [ 126.34357330454354, 36.325998571258275 ] ] ], [ [ [ 126.342800545808913, 36.325969632379469 ], [ 126.342890327708105, 36.32608664782299 ], [ 126.342849401026186, 36.325960529789015 ], [ 126.342800545808913, 36.325969632379469 ] ] ], [ [ [ 126.342539839993435, 36.326287302556977 ], [ 126.342673679531046, 36.326197290392059 ], [ 126.342519856786893, 36.326173645708352 ], [ 126.342539839993435, 36.326287302556977 ] ] ], [ [ [ 126.342881193945914, 36.326325675973244 ], [ 126.343030275017981, 36.326357045134451 ], [ 126.34297896307676, 36.326287103017073 ], [ 126.342881193945914, 36.326325675973244 ] ] ], [ [ [ 126.342573044714499, 36.326656331660274 ], [ 126.342624641780617, 36.326639043148248 ], [ 126.342579813465591, 36.326619602005714 ], [ 126.342573044714499, 36.326656331660274 ] ] ], [ [ [ 126.342814571185798, 36.326792835615962 ], [ 126.34275362342278, 36.326796195797961 ], [ 126.342790026488288, 36.326824422349851 ], [ 126.342814571185798, 36.326792835615962 ] ] ], [ [ [ 126.342663503118203, 36.326785787163601 ], [ 126.342744670564983, 36.326788215661999 ], [ 126.342700094895406, 36.326751834411724 ], [ 126.342663503118203, 36.326785787163601 ] ] ], [ [ [ 126.342874920630678, 36.327125878544173 ], [ 126.343088497407805, 36.327102720737258 ], [ 126.342912093597818, 36.326982706858331 ], [ 126.342874920630678, 36.327125878544173 ] ] ], [ [ [ 126.342674701187775, 36.327123155536924 ], [ 126.34268190839812, 36.327007665164494 ], [ 126.342638653493921, 36.327012743573675 ], [ 126.342674701187775, 36.327123155536924 ] ] ], [ [ [ 126.342207110064095, 36.327104271255898 ], [ 126.342303307354456, 36.327094167109102 ], [ 126.342260034479736, 36.327008587797351 ], [ 126.342207110064095, 36.327104271255898 ] ] ], [ [ [ 126.342457392783942, 36.327166296742675 ], [ 126.342394013340169, 36.327101154226376 ], [ 126.342433163296178, 36.327186799932022 ], [ 126.342457392783942, 36.327166296742675 ] ] ], [ [ [ 126.342079480261248, 36.327104560071433 ], [ 126.342088830063844, 36.327158141449502 ], [ 126.342118052202224, 36.327139648343099 ], [ 126.342079480261248, 36.327104560071433 ] ] ], [ [ [ 126.342452446458054, 36.327277745078426 ], [ 126.342405034041519, 36.327168171341476 ], [ 126.342382401275714, 36.327171110937513 ], [ 126.342452446458054, 36.327277745078426 ] ] ], [ [ [ 126.342543385147451, 36.327230753135424 ], [ 126.342495830347076, 36.327283841050559 ], [ 126.342523433584489, 36.327285613880299 ], [ 126.342543385147451, 36.327230753135424 ] ] ], [ [ [ 126.342367018078775, 36.327252132061936 ], [ 126.342327149194702, 36.327291744967397 ], [ 126.342371659954978, 36.327296223809881 ], [ 126.342367018078775, 36.327252132061936 ] ] ], [ [ [ 126.341190647854262, 36.329961408393501 ], [ 126.341228991591919, 36.33007696886586 ], [ 126.341241686960473, 36.329931409509939 ], [ 126.341190647854262, 36.329961408393501 ] ] ], [ [ [ 126.341430559411307, 36.330145036545829 ], [ 126.341483547967727, 36.330095043399325 ], [ 126.341439899916281, 36.33008065439477 ], [ 126.341430559411307, 36.330145036545829 ] ] ], [ [ [ 126.341526476631472, 36.330208286322716 ], [ 126.34152655237159, 36.33013303975617 ], [ 126.341486095649287, 36.33018949908692 ], [ 126.341526476631472, 36.330208286322716 ] ] ], [ [ [ 126.341512488589743, 36.330414845960128 ], [ 126.341593018080474, 36.330374376232953 ], [ 126.341547516810195, 36.330355112079829 ], [ 126.341512488589743, 36.330414845960128 ] ] ], [ [ [ 126.341533202207358, 36.330865003401016 ], [ 126.34155989658683, 36.330802879121833 ], [ 126.341520002978683, 36.330805633195034 ], [ 126.341533202207358, 36.330865003401016 ] ] ], [ [ [ 126.341817214669078, 36.331128895948375 ], [ 126.341898365232097, 36.331093927521216 ], [ 126.341850017999178, 36.331068788844 ], [ 126.341817214669078, 36.331128895948375 ] ] ], [ [ [ 126.341690755839807, 36.331121441033496 ], [ 126.341758046419258, 36.331132085327908 ], [ 126.341744668057302, 36.331093983144143 ], [ 126.341690755839807, 36.331121441033496 ] ] ], [ [ [ 126.340930876650347, 36.334489595320015 ], [ 126.341006038035403, 36.334531552971292 ], [ 126.340992313437354, 36.334481462976356 ], [ 126.340930876650347, 36.334489595320015 ] ] ], [ [ [ 126.341371763672811, 36.335039484014416 ], [ 126.341321132674835, 36.335020640609009 ], [ 126.3413259527821, 36.33505689472608 ], [ 126.341371763672811, 36.335039484014416 ] ] ], [ [ [ 126.34143901909988, 36.336179557871596 ], [ 126.341465362941335, 36.336133112574274 ], [ 126.341415646288922, 36.336137796097169 ], [ 126.34143901909988, 36.336179557871596 ] ] ], [ [ [ 126.341620566437527, 36.336378723948457 ], [ 126.341668074104433, 36.336358439409111 ], [ 126.341625579299816, 36.336338921349991 ], [ 126.341620566437527, 36.336378723948457 ] ] ], [ [ [ 126.342324235860787, 36.336741533461961 ], [ 126.3422651933775, 36.336861964626387 ], [ 126.342356065440256, 36.336837412192558 ], [ 126.342324235860787, 36.336741533461961 ] ] ], [ [ [ 126.340705479603443, 36.337908363805425 ], [ 126.340877373195056, 36.337892010541914 ], [ 126.340727726596626, 36.337859192512802 ], [ 126.340705479603443, 36.337908363805425 ] ] ], [ [ [ 126.340830101304107, 36.338148490491065 ], [ 126.340710206120306, 36.338114215752469 ], [ 126.34071491445313, 36.338190029687311 ], [ 126.340830101304107, 36.338148490491065 ] ] ], [ [ [ 126.341163941186451, 36.338185746942237 ], [ 126.341073010628946, 36.338190652654838 ], [ 126.341082038059284, 36.338216385734981 ], [ 126.341163941186451, 36.338185746942237 ] ] ], [ [ [ 126.36492254706215, 36.338582191068959 ], [ 126.364962818738363, 36.338629625969695 ], [ 126.364969470568184, 36.338592172736753 ], [ 126.36492254706215, 36.338582191068959 ] ] ], [ [ [ 126.341653768077066, 36.338535035764323 ], [ 126.341777312589343, 36.338347461694667 ], [ 126.341687466395726, 36.338329394045829 ], [ 126.341653768077066, 36.338535035764323 ] ] ], [ [ [ 126.365113380741747, 36.338674673674049 ], [ 126.365013608545269, 36.338725779925269 ], [ 126.365034748894146, 36.338742474377987 ], [ 126.365113380741747, 36.338674673674049 ] ] ], [ [ [ 126.341558104699359, 36.338493234948317 ], [ 126.341490948230998, 36.338465739385818 ], [ 126.341497237787834, 36.338512634464422 ], [ 126.341558104699359, 36.338493234948317 ] ] ], [ [ [ 126.364856413048429, 36.338674840046615 ], [ 126.364886505199465, 36.338796116691185 ], [ 126.364886848776976, 36.338671396991657 ], [ 126.364856413048429, 36.338674840046615 ] ] ], [ [ [ 126.359401861209705, 36.354137375934343 ], [ 126.363084222498031, 36.354163911586831 ], [ 126.360441510043643, 36.353974610227525 ], [ 126.359443351927652, 36.353207058342072 ], [ 126.361598620640578, 36.351692111797895 ], [ 126.363799467662659, 36.351684655095532 ], [ 126.364837515426032, 36.35250951588251 ], [ 126.364163523547234, 36.351330092282538 ], [ 126.361000173936816, 36.349495298381775 ], [ 126.362104476267788, 36.34746258584142 ], [ 126.360970388704004, 36.344933443687346 ], [ 126.360946311338239, 36.341800145620084 ], [ 126.363075160440232, 36.33942423204612 ], [ 126.370582715707897, 36.33572975377654 ], [ 126.37071421378549, 36.334668962347742 ], [ 126.369916515917524, 36.333727726315033 ], [ 126.363889370392144, 36.332441194232125 ], [ 126.361325446981823, 36.331026025280813 ], [ 126.360712608976598, 36.329397044624002 ], [ 126.362858627287849, 36.327647802557898 ], [ 126.36194079632979, 36.327643952054601 ], [ 126.362280491739767, 36.326426882256001 ], [ 126.360957794002317, 36.325829440701291 ], [ 126.358017466950713, 36.326035352666743 ], [ 126.356142090275256, 36.328601020175391 ], [ 126.349066716989725, 36.331073617514051 ], [ 126.346464611404784, 36.330587655224001 ], [ 126.343679684995479, 36.326752531256048 ], [ 126.342327608697303, 36.328019078446125 ], [ 126.340883509380447, 36.328040951328745 ], [ 126.339569145525473, 36.329106444981804 ], [ 126.341333627018955, 36.329593980144487 ], [ 126.343116925981818, 36.33196836403058 ], [ 126.340471815667527, 36.333757481166352 ], [ 126.341537763132948, 36.334862509381921 ], [ 126.341926358377734, 36.336478997120849 ], [ 126.342787761531227, 36.336999203352846 ], [ 126.343473707003099, 36.337739250694646 ], [ 126.343030134294239, 36.33813958896036 ], [ 126.34033557968597, 36.337181245846566 ], [ 126.34150858381031, 36.338382209004195 ], [ 126.341666833097193, 36.338213571894173 ], [ 126.342910313758622, 36.33855809225534 ], [ 126.344000397166369, 36.338160261177471 ], [ 126.345314459374919, 36.341034970904708 ], [ 126.348842364758099, 36.341409754841543 ], [ 126.351472374441386, 36.348288046069179 ], [ 126.350473901345367, 36.348744560086999 ], [ 126.35195259547092, 36.350105504524969 ], [ 126.352679002750833, 36.351698553202382 ], [ 126.352222042798928, 36.354990459914731 ], [ 126.355625836516197, 36.356013571672904 ], [ 126.356214647598833, 36.355011227828811 ], [ 126.359401861209705, 36.354137375934343 ] ] ], [ [ [ 126.34920322709273, 36.343342286391625 ], [ 126.349314291171069, 36.34324763778384 ], [ 126.349212879734651, 36.343239876562947 ], [ 126.34920322709273, 36.343342286391625 ] ] ], [ [ [ 126.348962864752835, 36.343660800006063 ], [ 126.349042311027219, 36.343483973953269 ], [ 126.348941629285406, 36.343508837165281 ], [ 126.348962864752835, 36.343660800006063 ] ] ], [ [ [ 126.348611784057553, 36.343603825928142 ], [ 126.348781563096509, 36.343615293389746 ], [ 126.348756281367969, 36.343507648346538 ], [ 126.348611784057553, 36.343603825928142 ] ] ], [ [ [ 126.349319244762015, 36.343870819210728 ], [ 126.349111359780778, 36.343887349907547 ], [ 126.349334073485466, 36.343895862908226 ], [ 126.349319244762015, 36.343870819210728 ] ] ], [ [ [ 126.348731719608381, 36.346336718270372 ], [ 126.348774846636417, 36.346254588188387 ], [ 126.348703469092627, 36.34625113470215 ], [ 126.348731719608381, 36.346336718270372 ] ] ], [ [ [ 126.349366230074551, 36.346497968934266 ], [ 126.349285776054501, 36.346554395340092 ], [ 126.349402398071888, 36.346568997447811 ], [ 126.349366230074551, 36.346497968934266 ] ] ], [ [ [ 126.348535583092584, 36.346667098570627 ], [ 126.348438274489155, 36.346567348754469 ], [ 126.348472564808006, 36.346690003858107 ], [ 126.348535583092584, 36.346667098570627 ] ] ], [ [ [ 126.348079152331962, 36.346631626723926 ], [ 126.348158001828665, 36.346821120449945 ], [ 126.348340092847295, 36.346839686591473 ], [ 126.348079152331962, 36.346631626723926 ] ] ], [ [ [ 126.347681881999435, 36.346768687809714 ], [ 126.34771911146133, 36.346725995411241 ], [ 126.347665453621687, 36.34673498503075 ], [ 126.347681881999435, 36.346768687809714 ] ] ], [ [ [ 126.34834052448133, 36.346801300009275 ], [ 126.348446196310391, 36.346846662634782 ], [ 126.348358622671896, 36.346781571406382 ], [ 126.34834052448133, 36.346801300009275 ] ] ], [ [ [ 126.347584098914581, 36.346832767237444 ], [ 126.347649645296372, 36.34688061749987 ], [ 126.347644238524524, 36.346821020314692 ], [ 126.347584098914581, 36.346832767237444 ] ] ], [ [ [ 126.347444975505539, 36.346911309745373 ], [ 126.347399353187541, 36.346852035000978 ], [ 126.347372262510021, 36.346907849789787 ], [ 126.347444975505539, 36.346911309745373 ] ] ], [ [ [ 126.347870440298891, 36.346759893789581 ], [ 126.347843575944836, 36.347015768941915 ], [ 126.348100006080728, 36.346922905419568 ], [ 126.347870440298891, 36.346759893789581 ] ] ], [ [ [ 126.346971215838607, 36.346936569180606 ], [ 126.347279091431972, 36.346859669772364 ], [ 126.346973451734385, 36.346829072173911 ], [ 126.346971215838607, 36.346936569180606 ] ] ], [ [ [ 126.347623158346963, 36.347011321114138 ], [ 126.347466934678692, 36.346963066800271 ], [ 126.347583239435451, 36.347029306620925 ], [ 126.347623158346963, 36.347011321114138 ] ] ], [ [ [ 126.347347861279246, 36.347082091855 ], [ 126.347318575371133, 36.346960544875863 ], [ 126.347297855255306, 36.347067400207578 ], [ 126.347347861279246, 36.347082091855 ] ] ], [ [ [ 126.347621697489515, 36.347039519971624 ], [ 126.347697306934037, 36.347069670097767 ], [ 126.347679564186322, 36.347006582386754 ], [ 126.347621697489515, 36.347039519971624 ] ] ], [ [ [ 126.350195988258548, 36.347896405381448 ], [ 126.350304526425575, 36.347918892571982 ], [ 126.350225555535815, 36.34786394247066 ], [ 126.350195988258548, 36.347896405381448 ] ] ], [ [ [ 126.350520198822863, 36.34799873711016 ], [ 126.350559930454637, 36.34793632171715 ], [ 126.350500037741327, 36.347944736974171 ], [ 126.350520198822863, 36.34799873711016 ] ] ], [ [ [ 126.350174097784631, 36.347970181602996 ], [ 126.350248801951665, 36.348028983303969 ], [ 126.350275228200829, 36.347999297388903 ], [ 126.350174097784631, 36.347970181602996 ] ] ], [ [ [ 126.350037029318202, 36.348002688102028 ], [ 126.350119902403577, 36.347950059920542 ], [ 126.350019309036767, 36.347950054594875 ], [ 126.350037029318202, 36.348002688102028 ] ] ], [ [ [ 126.350516688833423, 36.348086041248294 ], [ 126.350529945488688, 36.348018885364837 ], [ 126.350501659102022, 36.348017740601229 ], [ 126.350516688833423, 36.348086041248294 ] ] ], [ [ [ 126.349811593911511, 36.348132490568581 ], [ 126.349847898742098, 36.348026711540086 ], [ 126.349804555342473, 36.348027648346985 ], [ 126.349811593911511, 36.348132490568581 ] ] ], [ [ [ 126.350384617872479, 36.348214460392612 ], [ 126.350420323227183, 36.34812697020314 ], [ 126.350336847603018, 36.348117956297834 ], [ 126.350384617872479, 36.348214460392612 ] ] ], [ [ [ 126.350088703534155, 36.348339734093948 ], [ 126.349956602918468, 36.348216727647753 ], [ 126.34992687669012, 36.348402115466371 ], [ 126.350088703534155, 36.348339734093948 ] ] ], [ [ [ 126.350092391236629, 36.348391931444674 ], [ 126.350280942582913, 36.348518309809343 ], [ 126.350348094173526, 36.348413689266806 ], [ 126.350092391236629, 36.348391931444674 ] ] ], [ [ [ 126.349325309048325, 36.348778501998567 ], [ 126.349238782728321, 36.348721257224774 ], [ 126.349244204872065, 36.34877914165299 ], [ 126.349325309048325, 36.348778501998567 ] ] ], [ [ [ 126.35039400213951, 36.348814685234913 ], [ 126.350498247160274, 36.349018915864825 ], [ 126.350555664108356, 36.348838903932901 ], [ 126.35039400213951, 36.348814685234913 ] ] ], [ [ [ 126.350008342904417, 36.34908436986813 ], [ 126.350229077504153, 36.349330335640033 ], [ 126.350104351898665, 36.349016863790361 ], [ 126.350008342904417, 36.34908436986813 ] ] ], [ [ [ 126.349162833052404, 36.34921332909294 ], [ 126.349262999105164, 36.349278218279025 ], [ 126.349215404624516, 36.349187843760895 ], [ 126.349162833052404, 36.34921332909294 ] ] ], [ [ [ 126.3489876630547, 36.3495804112898 ], [ 126.348952829771832, 36.349522816874284 ], [ 126.348919786309153, 36.349557872896185 ], [ 126.3489876630547, 36.3495804112898 ] ] ], [ [ [ 126.349409109788198, 36.3496587638082 ], [ 126.349278868623216, 36.349620296161568 ], [ 126.349387216541032, 36.349706137074151 ], [ 126.349409109788198, 36.3496587638082 ] ] ], [ [ [ 126.349537981487401, 36.349861957680424 ], [ 126.349548776290192, 36.34998385432521 ], [ 126.349633599820834, 36.349978187532614 ], [ 126.349537981487401, 36.349861957680424 ] ] ], [ [ [ 126.3570325781929, 36.360446938844682 ], [ 126.35693940952261, 36.360450132996348 ], [ 126.357003574147171, 36.360492112491713 ], [ 126.3570325781929, 36.360446938844682 ] ] ], [ [ [ 126.382473643449146, 36.370405256842361 ], [ 126.382636158927042, 36.370455480814478 ], [ 126.382493169896136, 36.370345789908257 ], [ 126.382473643449146, 36.370405256842361 ] ] ], [ [ [ 126.384295189546776, 36.370567026368356 ], [ 126.384222492490679, 36.370357681905219 ], [ 126.38411158476363, 36.370455292084273 ], [ 126.384295189546776, 36.370567026368356 ] ] ], [ [ [ 126.382405014755307, 36.370431937072048 ], [ 126.382436234260254, 36.370471928836515 ], [ 126.382479901684945, 36.370473507482735 ], [ 126.382405014755307, 36.370431937072048 ] ] ], [ [ [ 126.382271851475508, 36.370601477911244 ], [ 126.382353915421035, 36.370580994076256 ], [ 126.382248707350513, 36.370569096295249 ], [ 126.382271851475508, 36.370601477911244 ] ] ], [ [ [ 126.382578088504147, 36.370598465201539 ], [ 126.382476618756371, 36.370592983315703 ], [ 126.382604004199592, 36.370618515094144 ], [ 126.382578088504147, 36.370598465201539 ] ] ], [ [ [ 126.357877581876778, 36.385269895960782 ], [ 126.358027406862362, 36.38529278025181 ], [ 126.35797685825203, 36.38523258091422 ], [ 126.357877581876778, 36.385269895960782 ] ] ], [ [ [ 126.365734534771619, 36.392139773079791 ], [ 126.368969171016843, 36.39148968976501 ], [ 126.37013907845008, 36.39269007887566 ], [ 126.369391870764304, 36.391333903341533 ], [ 126.372017855153771, 36.390033895133733 ], [ 126.366802628828736, 36.386908807842751 ], [ 126.366295616210238, 36.385687121749271 ], [ 126.367481445686693, 36.384461792274067 ], [ 126.367464033008403, 36.382205377046915 ], [ 126.366257309439916, 36.380339103772052 ], [ 126.366937414327708, 36.379784956625336 ], [ 126.366182412954942, 36.378863481563172 ], [ 126.365024495751655, 36.379106494080169 ], [ 126.363503705316361, 36.378298684445888 ], [ 126.36194838201169, 36.380022798870698 ], [ 126.36220992692212, 36.385502576214556 ], [ 126.360972354396267, 36.386057346181133 ], [ 126.361657435484943, 36.388891634276774 ], [ 126.363106367878373, 36.389522621238541 ], [ 126.361697240689253, 36.391639841846199 ], [ 126.363274156409631, 36.393434623261868 ], [ 126.365187811480027, 36.394073007840241 ], [ 126.365734534771619, 36.392139773079791 ] ] ], [ [ [ 126.352555857193664, 36.393268504621481 ], [ 126.352431334102121, 36.393069213097732 ], [ 126.352313900470847, 36.393130396803663 ], [ 126.352555857193664, 36.393268504621481 ] ] ], [ [ [ 126.35177915947331, 36.392894996906534 ], [ 126.351497631718502, 36.393616557697456 ], [ 126.352178978548579, 36.39308298397593 ], [ 126.35177915947331, 36.392894996906534 ] ] ], [ [ [ 126.347025331825989, 36.393221094054134 ], [ 126.347445656875863, 36.393515006068803 ], [ 126.347110088764339, 36.393135856951538 ], [ 126.347025331825989, 36.393221094054134 ] ] ], [ [ [ 126.350690738952906, 36.405114171698699 ], [ 126.351089088386104, 36.403960265850074 ], [ 126.352973525146652, 36.404101736526002 ], [ 126.352448000814974, 36.403150855103803 ], [ 126.353642256544262, 36.403194330039483 ], [ 126.353554049499593, 36.401907334788959 ], [ 126.355165788143864, 36.401769936913901 ], [ 126.355689811644282, 36.399649871240015 ], [ 126.352591055107908, 36.398674463441232 ], [ 126.350015067972819, 36.39660629462449 ], [ 126.346450894900954, 36.39714816237332 ], [ 126.344915852661032, 36.396772356136402 ], [ 126.344534486978048, 36.395820443470058 ], [ 126.343257098370131, 36.396612662566767 ], [ 126.340119465156135, 36.395390162044961 ], [ 126.338546948346121, 36.393266359704938 ], [ 126.339351011592697, 36.391781738834652 ], [ 126.341077020550486, 36.391870304999387 ], [ 126.339326332339397, 36.391418435113614 ], [ 126.339637928664132, 36.389794602170547 ], [ 126.343349145502913, 36.390307864465335 ], [ 126.340691844444052, 36.389859950889047 ], [ 126.337026754945896, 36.384294391445792 ], [ 126.336625328527802, 36.38578781453905 ], [ 126.33266669871098, 36.387672971739001 ], [ 126.334256832046407, 36.388653113655046 ], [ 126.332451497465186, 36.393106735887798 ], [ 126.334231718189244, 36.393885719664283 ], [ 126.335080522703265, 36.395376904834855 ], [ 126.33554219607592, 36.398561365157484 ], [ 126.334642167768322, 36.398876714059419 ], [ 126.336383046330582, 36.398964710059253 ], [ 126.337969913236549, 36.400335975080289 ], [ 126.342001027019705, 36.399448354775629 ], [ 126.342604210877695, 36.399897299141941 ], [ 126.341599793712419, 36.401581161442202 ], [ 126.343447977558597, 36.400211756861758 ], [ 126.348112385786877, 36.403504177969943 ], [ 126.348688999164523, 36.405474997300573 ], [ 126.350690738952906, 36.405114171698699 ] ] ], [ [ [ 126.364646432327248, 36.405821754881842 ], [ 126.364808192492106, 36.405602642825372 ], [ 126.364578516608802, 36.405811120723847 ], [ 126.364646432327248, 36.405821754881842 ] ] ], [ [ [ 126.382373189259383, 36.410594835053288 ], [ 126.384151851761956, 36.409673837151608 ], [ 126.38000831741634, 36.411802040746736 ], [ 126.382373189259383, 36.410594835053288 ] ] ], [ [ [ 126.385500303403688, 36.41120172932478 ], [ 126.38541775399672, 36.411168150282371 ], [ 126.385398672840722, 36.411212694665714 ], [ 126.385500303403688, 36.41120172932478 ] ] ], [ [ [ 126.385287419757759, 36.413312419516494 ], [ 126.385291028235699, 36.413086284193994 ], [ 126.385077054451244, 36.413215004784107 ], [ 126.385287419757759, 36.413312419516494 ] ] ], [ [ [ 126.385340632848425, 36.413840446826249 ], [ 126.385628229268875, 36.414696774368423 ], [ 126.385779364147709, 36.413496885522235 ], [ 126.385340632848425, 36.413840446826249 ] ] ], [ [ [ 126.383786149427436, 36.418426409667369 ], [ 126.386600983352366, 36.417739489143045 ], [ 126.386346289823805, 36.417051714441044 ], [ 126.383774768306992, 36.417439584327745 ], [ 126.383786149427436, 36.418426409667369 ] ] ], [ [ [ 126.34728001388099, 36.422848396887048 ], [ 126.347226504773602, 36.422980033049861 ], [ 126.347351485441337, 36.422902137008521 ], [ 126.34728001388099, 36.422848396887048 ] ] ], [ [ [ 126.349143614622747, 36.423902916614125 ], [ 126.349245586231007, 36.424083432146773 ], [ 126.349383211969212, 36.424013531168846 ], [ 126.349143614622747, 36.423902916614125 ] ] ], [ [ [ 126.4111576150882, 36.458668203497105 ], [ 126.406485967226615, 36.454172654881681 ], [ 126.406947398312553, 36.452463815204034 ], [ 126.409076637553397, 36.451633772333949 ], [ 126.411974747338135, 36.452070736063398 ], [ 126.412798954316628, 36.45122078776275 ], [ 126.414726021949122, 36.451384141706853 ], [ 126.415310944894003, 36.450067920366443 ], [ 126.422231029193668, 36.446081638552663 ], [ 126.42154288453365, 36.445415083733138 ], [ 126.421289177306065, 36.440472829991265 ], [ 126.429915068528601, 36.437796769261539 ], [ 126.42998426968181, 36.43840899252271 ], [ 126.430215482357511, 36.438791509849374 ], [ 126.430015763073882, 36.437767187367832 ], [ 126.430608908994756, 36.438289217334663 ], [ 126.431909165112785, 36.437326201731082 ], [ 126.431659797793259, 36.435818897514693 ], [ 126.432373744296143, 36.435471195244219 ], [ 126.430926864221689, 36.435171432693373 ], [ 126.43140424575617, 36.43329043713161 ], [ 126.430194626553345, 36.433195193901362 ], [ 126.429724526500166, 36.434154644802319 ], [ 126.427844280400265, 36.431999375989939 ], [ 126.430751439234029, 36.427900235737667 ], [ 126.431997051773024, 36.427387463075746 ], [ 126.430308082071534, 36.427215314380781 ], [ 126.431841907409662, 36.426153610295259 ], [ 126.432160870729092, 36.424818270751075 ], [ 126.433072369953024, 36.424934670062378 ], [ 126.43196949010327, 36.424694470919164 ], [ 126.432186951397611, 36.423930207175999 ], [ 126.43349358690935, 36.422461759625783 ], [ 126.434873936566163, 36.422217995591758 ], [ 126.434162895878202, 36.418308921707961 ], [ 126.431678536019987, 36.417446493314756 ], [ 126.430455516695858, 36.417938790601397 ], [ 126.428226244893352, 36.416661911105997 ], [ 126.4257818465925, 36.413941489189291 ], [ 126.424373759032775, 36.413430198148269 ], [ 126.422225716846029, 36.410073355423265 ], [ 126.424237079038377, 36.406637671747831 ], [ 126.426710127161641, 36.406293024251546 ], [ 126.427975596203382, 36.405584437861165 ], [ 126.426576959751358, 36.405971861057637 ], [ 126.425505746133794, 36.404529426796742 ], [ 126.425849921579939, 36.402128816441227 ], [ 126.428286408564503, 36.400387514749134 ], [ 126.42697932393159, 36.398785296676259 ], [ 126.42453474933437, 36.399751545513666 ], [ 126.422824668721745, 36.399109687123769 ], [ 126.421119469062887, 36.399974414434887 ], [ 126.41929149546263, 36.399767816635595 ], [ 126.421322454706058, 36.401972097094337 ], [ 126.419890985826584, 36.404814536878924 ], [ 126.418505644597687, 36.40574658279867 ], [ 126.414555075605037, 36.406141290013224 ], [ 126.413153995402396, 36.404686431832552 ], [ 126.412224090257496, 36.404731655339404 ], [ 126.411127650145716, 36.407114426190816 ], [ 126.410167280076692, 36.406495841492863 ], [ 126.412852169309019, 36.409096208080307 ], [ 126.412681075704143, 36.411099821357965 ], [ 126.410931874598305, 36.413135139580476 ], [ 126.406928187577932, 36.414363361167048 ], [ 126.404294664818352, 36.412968194157166 ], [ 126.400418073388678, 36.412228306834521 ], [ 126.399131075056232, 36.413505733906725 ], [ 126.396755314750123, 36.414270014038792 ], [ 126.398336226355539, 36.41631114073386 ], [ 126.397211152683667, 36.419106755034868 ], [ 126.389992911458876, 36.42191804459425 ], [ 126.388831933793512, 36.42113176291744 ], [ 126.388757479850568, 36.421796389472348 ], [ 126.387074586636189, 36.42161383023511 ], [ 126.385618123318906, 36.420318432031529 ], [ 126.385357556473295, 36.421073646852228 ], [ 126.381864424254999, 36.421223221809356 ], [ 126.379705001660923, 36.420568650916692 ], [ 126.379160821431768, 36.418785888657354 ], [ 126.380788527737693, 36.417978750250683 ], [ 126.380590777033959, 36.415577291208891 ], [ 126.376696828063459, 36.412959142656597 ], [ 126.375964177221903, 36.411653722942496 ], [ 126.371733908992027, 36.4111186677275 ], [ 126.369629718084482, 36.412257541513142 ], [ 126.366601382749963, 36.415639141677353 ], [ 126.362195725276322, 36.415465198175681 ], [ 126.360816126379774, 36.420249616973379 ], [ 126.357360783709453, 36.424445582949808 ], [ 126.354439225716789, 36.42546191366646 ], [ 126.35312317835654, 36.423998438433088 ], [ 126.351016249765649, 36.425351528799617 ], [ 126.354205870972834, 36.427625397380773 ], [ 126.354774814193121, 36.43464484278536 ], [ 126.354050740138007, 36.436537397638041 ], [ 126.355626485312484, 36.433987095837587 ], [ 126.357409011643085, 36.439185801305214 ], [ 126.359169157142446, 36.439606819842844 ], [ 126.358661828860491, 36.438479549024599 ], [ 126.359688740521392, 36.440398204177811 ], [ 126.361978508332399, 36.43983462930116 ], [ 126.360585350117802, 36.439512942778329 ], [ 126.360269420726141, 36.43794613231006 ], [ 126.361578303779751, 36.438245743854225 ], [ 126.362738995386408, 36.437438204729204 ], [ 126.36311765079293, 36.438377060052396 ], [ 126.365045876363837, 36.43722484807892 ], [ 126.363776213288318, 36.441534421151971 ], [ 126.363272542601393, 36.440905166731795 ], [ 126.359986329034314, 36.44110152687383 ], [ 126.357973436921981, 36.440203895986777 ], [ 126.359016910505204, 36.441750557331858 ], [ 126.357279418127334, 36.441484298359995 ], [ 126.357060615398481, 36.440264765713337 ], [ 126.356811383018723, 36.441030570618793 ], [ 126.353887339585285, 36.441799504347479 ], [ 126.352360174852038, 36.441175923328835 ], [ 126.350778855870161, 36.441553387771975 ], [ 126.348578009421217, 36.441137502303334 ], [ 126.348314818908662, 36.440107133485974 ], [ 126.344464786017824, 36.438424424093299 ], [ 126.342584900790044, 36.439320191926051 ], [ 126.337605431633307, 36.439940682941504 ], [ 126.336720840828903, 36.439644969900264 ], [ 126.336263048038504, 36.438108308447212 ], [ 126.3349671827675, 36.441566287155517 ], [ 126.333668498595912, 36.442482470752175 ], [ 126.332160355571986, 36.44186747967909 ], [ 126.332084157122708, 36.440937175746647 ], [ 126.330308920232909, 36.441303693901865 ], [ 126.33118279454942, 36.443874253305978 ], [ 126.332930040813196, 36.445094091713763 ], [ 126.332961988886012, 36.446756169549168 ], [ 126.330959774004455, 36.451493293543678 ], [ 126.331045508629174, 36.454745832320441 ], [ 126.328950504784402, 36.455932687076711 ], [ 126.328582613087661, 36.458299642246779 ], [ 126.326502558951887, 36.458465090308444 ], [ 126.328029501398461, 36.460073138704459 ], [ 126.329407703689327, 36.459605985511537 ], [ 126.330758610494982, 36.460456771023168 ], [ 126.331098795969396, 36.463893485300218 ], [ 126.330219102876697, 36.466047695837901 ], [ 126.327141802924103, 36.467770676397258 ], [ 126.324229317009539, 36.467830187874696 ], [ 126.324249007252206, 36.46898070124589 ], [ 126.325691397857938, 36.46993452184968 ], [ 126.325096939191738, 36.472559977190279 ], [ 126.327003759770349, 36.472988606917824 ], [ 126.328852034339761, 36.474761743188729 ], [ 126.331839748358718, 36.484464087159651 ], [ 126.332555970532852, 36.495688119828372 ], [ 126.330212642797662, 36.499986854283655 ], [ 126.338733617986151, 36.505112422665043 ], [ 126.33772828849672, 36.506687822084722 ], [ 126.337265530008906, 36.505887193935692 ], [ 126.336080575591495, 36.506045848228311 ], [ 126.336840855842482, 36.504880577752537 ], [ 126.336018913991069, 36.503750571741811 ], [ 126.333343026665588, 36.503905242688674 ], [ 126.332103338895067, 36.505128725383265 ], [ 126.329095931695136, 36.503284789072779 ], [ 126.332309654726032, 36.505410945113695 ], [ 126.333161559850325, 36.507402993642025 ], [ 126.331245024718797, 36.511427564073095 ], [ 126.329855130588811, 36.511979641938538 ], [ 126.328203259771826, 36.511634945030565 ], [ 126.327114936219317, 36.516137114075327 ], [ 126.327874181914567, 36.518371710571806 ], [ 126.325867017370555, 36.521505441399214 ], [ 126.327875091967215, 36.521454504738848 ], [ 126.330551969596414, 36.525467452312903 ], [ 126.330790669421603, 36.530044580602734 ], [ 126.329732126837627, 36.535066700581339 ], [ 126.329058923878506, 36.536743170216475 ], [ 126.326619818143385, 36.538086802816011 ], [ 126.326883319034565, 36.539379884149142 ], [ 126.328791759805029, 36.540018100792764 ], [ 126.329280392132219, 36.54235100308032 ], [ 126.327740555573541, 36.554851947869643 ], [ 126.331383905815358, 36.55506202830253 ], [ 126.330842810818979, 36.555922098857067 ], [ 126.329354553996254, 36.555329171533145 ], [ 126.325523413608678, 36.556998174767919 ], [ 126.320257929635318, 36.564309602624789 ], [ 126.322139564280064, 36.56379612796691 ], [ 126.320562867372743, 36.564606190844117 ], [ 126.319926682326951, 36.564160649206379 ], [ 126.314503579491458, 36.570811104141868 ], [ 126.313003171930916, 36.571054965034847 ], [ 126.314998275256343, 36.57192314625442 ], [ 126.315362067099556, 36.574779379945063 ], [ 126.311653710845761, 36.583190593311741 ], [ 126.311622030688952, 36.585424215214509 ], [ 126.312233878210591, 36.585629958348441 ], [ 126.312568452651888, 36.583761690164479 ], [ 126.313014529153577, 36.585183718851745 ], [ 126.315178032766255, 36.586487435540924 ], [ 126.316116144296615, 36.58577246111291 ], [ 126.318188449111389, 36.58671897280837 ], [ 126.318968920583004, 36.586162051149458 ], [ 126.318975300023652, 36.584170273996399 ], [ 126.322604063041723, 36.582980825851145 ], [ 126.323451035303279, 36.58373402237207 ], [ 126.321794264928215, 36.58511964214 ], [ 126.324804489382117, 36.588353482445335 ], [ 126.323016646151686, 36.590084124143729 ], [ 126.323137652457405, 36.591526626151769 ], [ 126.324604096813047, 36.593204219374513 ], [ 126.322974286781488, 36.593739075102711 ], [ 126.322324092142253, 36.598268958191831 ], [ 126.32835206114764, 36.601858873087686 ], [ 126.328932264875306, 36.601298760551579 ], [ 126.329049231923364, 36.602517289181996 ], [ 126.33144594377967, 36.602316651250234 ], [ 126.333091826608154, 36.603686301667828 ], [ 126.332976194585768, 36.604537847685869 ], [ 126.340218753811001, 36.608267008451556 ], [ 126.341772818164017, 36.608202613094335 ], [ 126.342239037944154, 36.606502152364257 ], [ 126.343385249340201, 36.606434311262134 ], [ 126.342380812020622, 36.605179812906968 ], [ 126.34418385125997, 36.604268077865527 ], [ 126.347850432984615, 36.604602061325629 ], [ 126.347839670407453, 36.607579679941296 ], [ 126.349459000283829, 36.609337345325336 ], [ 126.348244567811278, 36.611185313114298 ], [ 126.350062835581483, 36.611424400723088 ], [ 126.352634179802038, 36.60969480782677 ], [ 126.354776933338286, 36.609743195263917 ], [ 126.356050377576267, 36.610737629536388 ], [ 126.355678406862168, 36.611877523232849 ], [ 126.358242168280754, 36.611968468013266 ], [ 126.359831232660824, 36.612871210477685 ], [ 126.35992796609996, 36.611673070716407 ], [ 126.361152351518996, 36.610889446332799 ], [ 126.365795482533059, 36.60977450275184 ], [ 126.367355628329094, 36.607201612342649 ], [ 126.36635308174408, 36.600392509405467 ], [ 126.368771789338865, 36.599982896315019 ], [ 126.372590046981031, 36.596357951902675 ], [ 126.375083278957419, 36.596656998748458 ], [ 126.376409597889477, 36.598750298397668 ], [ 126.377495825984496, 36.604063581459712 ], [ 126.380215880451161, 36.606419543953649 ], [ 126.382156783915462, 36.606723228741565 ], [ 126.380209266549173, 36.604674227896695 ], [ 126.381013985757207, 36.602491461909068 ], [ 126.382119673426686, 36.602318074621003 ], [ 126.382953946506376, 36.603375761209698 ], [ 126.384087762534932, 36.603155596000697 ], [ 126.385735210180925, 36.604281550580914 ], [ 126.384362302888846, 36.600036165798464 ], [ 126.386163601192237, 36.600557424396008 ], [ 126.383122902492701, 36.599167432233877 ], [ 126.382722883942179, 36.598152925462458 ], [ 126.384242209451187, 36.59792437337471 ], [ 126.383027187668006, 36.598091448511965 ], [ 126.382799279867569, 36.598094316999358 ], [ 126.382767252999386, 36.594844481482205 ], [ 126.380849695828502, 36.591550650307433 ], [ 126.379533205435578, 36.593066289200451 ], [ 126.379370103847634, 36.594679712882467 ], [ 126.378370961058735, 36.594896454028323 ], [ 126.378966410833939, 36.597261982115469 ], [ 126.37830804988171, 36.598057660831273 ], [ 126.376258827103257, 36.596612107440357 ], [ 126.373109675895464, 36.596263860027847 ], [ 126.372897694421553, 36.594631883144871 ], [ 126.371252138726291, 36.595375835535563 ], [ 126.370618313528496, 36.594270320637655 ], [ 126.372132728262045, 36.593048538893441 ], [ 126.37135486643929, 36.589517241477168 ], [ 126.375863671850297, 36.58864283565174 ], [ 126.373874589357598, 36.58290639178189 ], [ 126.374107961292253, 36.580912126567306 ], [ 126.37525560636584, 36.5807128793423 ], [ 126.375292786177255, 36.578815176668115 ], [ 126.373533079480211, 36.578418229437673 ], [ 126.373443687372799, 36.577312882673787 ], [ 126.36873856152512, 36.575851656900056 ], [ 126.365475422920028, 36.576695635355257 ], [ 126.36536057810487, 36.577377088250834 ], [ 126.363673074366119, 36.57734628649122 ], [ 126.363136588397538, 36.575132129010079 ], [ 126.361929996758889, 36.5754610838095 ], [ 126.358819917374902, 36.572150224358388 ], [ 126.360266072409999, 36.571547747688193 ], [ 126.359706519489976, 36.569958392217117 ], [ 126.362830049099571, 36.567423752714568 ], [ 126.366242874375573, 36.566523061040201 ], [ 126.367468277796732, 36.568340663099391 ], [ 126.368722045988719, 36.568354607133919 ], [ 126.369536651326328, 36.56942901295055 ], [ 126.369648044832346, 36.568602722793784 ], [ 126.368335698912276, 36.568057530193322 ], [ 126.369715826768996, 36.566475147423354 ], [ 126.370749597569315, 36.5658287304297 ], [ 126.371685284965707, 36.566311895909223 ], [ 126.375166346543438, 36.564520718103346 ], [ 126.37352015480991, 36.561912039034972 ], [ 126.375475070947815, 36.559293959035394 ], [ 126.37426287213782, 36.558021240627717 ], [ 126.37925865474628, 36.549203096984819 ], [ 126.377931456217127, 36.544192515567453 ], [ 126.37845346498581, 36.54335339550039 ], [ 126.374923485163876, 36.542803725697652 ], [ 126.376471236242963, 36.538462403617238 ], [ 126.378753283444837, 36.538911156737349 ], [ 126.376435486524642, 36.538261190356323 ], [ 126.377662456045584, 36.535031752869919 ], [ 126.376108872281193, 36.533309490743498 ], [ 126.380421234686906, 36.533206722472208 ], [ 126.380342929940895, 36.528671131411315 ], [ 126.383323673170466, 36.528752444174096 ], [ 126.384677683926753, 36.527986260585621 ], [ 126.386403950832289, 36.526614771560467 ], [ 126.386602490407839, 36.524287582386776 ], [ 126.385284593143453, 36.52322060792293 ], [ 126.386508485515421, 36.522506790460717 ], [ 126.385575598900871, 36.521954069791533 ], [ 126.38618154959795, 36.520790266314449 ], [ 126.38336744664052, 36.520000359001187 ], [ 126.382894868773718, 36.520993700676527 ], [ 126.381908865334054, 36.51999674556405 ], [ 126.378097087035371, 36.519202041369446 ], [ 126.381373416577787, 36.514399285793054 ], [ 126.384549311048758, 36.515666686250114 ], [ 126.387347643308985, 36.514646365258912 ], [ 126.389002185221557, 36.515217389177636 ], [ 126.38964194706891, 36.512877697341921 ], [ 126.39104568808358, 36.51468915458063 ], [ 126.394318454462024, 36.514714107807414 ], [ 126.394821162494821, 36.513401894356548 ], [ 126.391636131350268, 36.511243977662893 ], [ 126.390987666297164, 36.50941755007554 ], [ 126.392476191741082, 36.508522258969933 ], [ 126.394830456423634, 36.510539169787897 ], [ 126.397378883840645, 36.511227320515054 ], [ 126.398216850998239, 36.509747927961129 ], [ 126.397270373423837, 36.507741920873968 ], [ 126.398071029880853, 36.506629124367514 ], [ 126.399245934172029, 36.50634645746733 ], [ 126.399645849934274, 36.506926795190665 ], [ 126.399667634437407, 36.506265314381359 ], [ 126.400721683962587, 36.507456470818454 ], [ 126.401998161738263, 36.506375448779011 ], [ 126.402342459576559, 36.503299816529633 ], [ 126.401632953037677, 36.501747420386188 ], [ 126.402557288636316, 36.501245428806762 ], [ 126.403404984726293, 36.498703967626128 ], [ 126.401914381000253, 36.496888537889582 ], [ 126.399383925031714, 36.496567634771729 ], [ 126.39811481545901, 36.490824120434006 ], [ 126.39895313970689, 36.488240752189895 ], [ 126.400749918930217, 36.488405057225158 ], [ 126.403494289448687, 36.490357127594415 ], [ 126.406551113191796, 36.487491868679861 ], [ 126.408769214936299, 36.492733823880044 ], [ 126.409652028143682, 36.492944167726989 ], [ 126.410538382048898, 36.491660390979142 ], [ 126.409493798533802, 36.48694490076381 ], [ 126.407753006096939, 36.485209261184124 ], [ 126.409207738691421, 36.482203723953788 ], [ 126.408723646009705, 36.4745573435141 ], [ 126.411952057054933, 36.4721071074473 ], [ 126.414585437372281, 36.468205127834189 ], [ 126.416186030776103, 36.467427833412636 ], [ 126.415287891066754, 36.464813051053788 ], [ 126.417460314899046, 36.464628674034344 ], [ 126.416721214430339, 36.461759848946734 ], [ 126.412961064562822, 36.461506293091482 ], [ 126.411246495368047, 36.46042863390921 ], [ 126.4111576150882, 36.458668203497105 ] ] ], [ [ [ 126.383933703622361, 36.538239307468579 ], [ 126.383211224873762, 36.538856449232028 ], [ 126.383368936726512, 36.539140877302053 ], [ 126.383933703622361, 36.538239307468579 ] ] ], [ [ [ 126.383238755638956, 36.539706469024118 ], [ 126.382895698562933, 36.539689221679843 ], [ 126.382981295178837, 36.53985233908832 ], [ 126.383238755638956, 36.539706469024118 ] ] ], [ [ [ 126.382597522217935, 36.54062159963626 ], [ 126.38299189754629, 36.540130133933907 ], [ 126.382599826045137, 36.540198211539852 ], [ 126.382597522217935, 36.54062159963626 ] ] ], [ [ [ 126.379510679370242, 36.560013136258064 ], [ 126.378620196459238, 36.56034660406474 ], [ 126.378204185477244, 36.560405984395139 ], [ 126.379328357347262, 36.560658571984227 ], [ 126.379510679370242, 36.560013136258064 ] ] ], [ [ [ 126.380037497362409, 36.561379564887993 ], [ 126.379668176201704, 36.562137209241406 ], [ 126.380014510528554, 36.562117472641269 ], [ 126.380037497362409, 36.561379564887993 ] ] ], [ [ [ 126.382543969987424, 36.60764947642086 ], [ 126.382518131568531, 36.606984465059327 ], [ 126.382094276392408, 36.60698297736382 ], [ 126.382543969987424, 36.60764947642086 ] ] ], [ [ [ 126.375975162488047, 36.617620327168375 ], [ 126.375032272996989, 36.616848968680813 ], [ 126.374063536459673, 36.618249855936263 ], [ 126.374608575652132, 36.618587476506278 ], [ 126.375975162488047, 36.617620327168375 ] ] ], [ [ [ 126.375443831541389, 36.618785084136675 ], [ 126.375565505445522, 36.619097780956928 ], [ 126.375532934981067, 36.618742026288295 ], [ 126.375443831541389, 36.618785084136675 ] ] ], [ [ [ 126.351265180691172, 36.857831845558188 ], [ 126.348408130028957, 36.856628711067081 ], [ 126.347578851348842, 36.856606591261624 ], [ 126.346900132290699, 36.856870621574259 ], [ 126.349519519100781, 36.858041945309459 ], [ 126.351265180691172, 36.857831845558188 ] ] ], [ [ [ 126.36218182461694, 36.872768125646601 ], [ 126.363917855173469, 36.870972166112637 ], [ 126.362243399783011, 36.869663591289246 ], [ 126.361472626460085, 36.870263126797248 ], [ 126.36218182461694, 36.872768125646601 ] ] ], [ [ [ 126.332945330611963, 36.88765663216563 ], [ 126.332764630696104, 36.887564157519869 ], [ 126.332790132845091, 36.887817595329949 ], [ 126.332945330611963, 36.88765663216563 ] ] ], [ [ [ 126.366573904182061, 36.888759669713721 ], [ 126.366928846099341, 36.888772555975528 ], [ 126.366882820473151, 36.888654088200767 ], [ 126.366573904182061, 36.888759669713721 ] ] ], [ [ [ 126.326521667094539, 36.915056113186921 ], [ 126.331992630986591, 36.914143491711812 ], [ 126.335366861048698, 36.914933652058167 ], [ 126.339265950698788, 36.913063885767656 ], [ 126.338170169231205, 36.911856169654406 ], [ 126.33990038559736, 36.912207576656826 ], [ 126.338557156545804, 36.911756593634578 ], [ 126.337270027551824, 36.911709501401951 ], [ 126.337374992854365, 36.910238263316955 ], [ 126.338356063666865, 36.909067554921279 ], [ 126.34342728378013, 36.906667728480187 ], [ 126.343009025162758, 36.904922098535408 ], [ 126.346030628988032, 36.904711191759404 ], [ 126.344895897445355, 36.90307728309164 ], [ 126.344965839928733, 36.901141479219291 ], [ 126.343090753859883, 36.90068927345142 ], [ 126.341108100686597, 36.902296543733804 ], [ 126.336223682097994, 36.902509043680773 ], [ 126.333479983121251, 36.904014976999349 ], [ 126.331679994793518, 36.911004901041593 ], [ 126.32997976841979, 36.911786559551132 ], [ 126.329835329402741, 36.913148534690322 ], [ 126.328825777900207, 36.912579482626192 ], [ 126.327044531416007, 36.912983449980828 ], [ 126.325657622424501, 36.914377932728335 ], [ 126.326521667094539, 36.915056113186921 ] ] ], [ [ [ 126.378043275251486, 36.911987090317261 ], [ 126.378424690672006, 36.912551207354518 ], [ 126.379113502692633, 36.912322151348356 ], [ 126.378749694089265, 36.911982847921855 ], [ 126.378043275251486, 36.911987090317261 ] ] ], [ [ [ 126.351137707977401, 36.918949991875628 ], [ 126.355552735879314, 36.91870622602044 ], [ 126.355177119362182, 36.917920518660118 ], [ 126.356908032786706, 36.916370674692885 ], [ 126.361142376201855, 36.914143887042933 ], [ 126.361825719605889, 36.913571679888989 ], [ 126.356969623731985, 36.916185476946197 ], [ 126.355039136868641, 36.91804772360959 ], [ 126.351458124572034, 36.918033632792799 ], [ 126.350052144090554, 36.916665093982672 ], [ 126.351290161022462, 36.91797675966717 ], [ 126.351137707977401, 36.918949991875628 ] ] ], [ [ [ 126.366094908367899, 36.928795287505302 ], [ 126.37205436159752, 36.927315798852611 ], [ 126.372628870656328, 36.928173993458081 ], [ 126.377561286976615, 36.929040019203867 ], [ 126.382613815662921, 36.925208284551054 ], [ 126.384161229203585, 36.926012303671058 ], [ 126.386114643278887, 36.92446569333616 ], [ 126.388504739072815, 36.923959628986275 ], [ 126.390087074352294, 36.925540842314454 ], [ 126.390814227463252, 36.923015631503219 ], [ 126.38784772361879, 36.922894323833802 ], [ 126.386494070334862, 36.91951045241094 ], [ 126.379579442816706, 36.917683013000577 ], [ 126.376690969830449, 36.918522746439628 ], [ 126.374651088234515, 36.918055177224517 ], [ 126.372068624640846, 36.915326808928882 ], [ 126.373456031175905, 36.917136087581085 ], [ 126.371344065629799, 36.91868856355071 ], [ 126.372987489082959, 36.919613773581894 ], [ 126.373191830943014, 36.920552586949711 ], [ 126.372916381332502, 36.921291379962739 ], [ 126.369419862444389, 36.922724967300177 ], [ 126.371220937834195, 36.927370878358012 ], [ 126.366258776652316, 36.928696323672497 ], [ 126.363013254981823, 36.928797247348427 ], [ 126.357773009628687, 36.932529556747653 ], [ 126.363347630730416, 36.928975848524331 ], [ 126.366094908367899, 36.928795287505302 ] ] ], [ [ [ 126.338187084006194, 36.93425343752687 ], [ 126.339967570691996, 36.932627074049826 ], [ 126.340687409412013, 36.930298600248925 ], [ 126.341990589288983, 36.930460369749412 ], [ 126.340719683372811, 36.930034826184055 ], [ 126.343605888197843, 36.924888767398755 ], [ 126.342603198107327, 36.925584945047071 ], [ 126.343047021311818, 36.924005163714277 ], [ 126.342053013072359, 36.926819798622013 ], [ 126.339042322611931, 36.928599802720342 ], [ 126.337279107689341, 36.932838281163541 ], [ 126.338187084006194, 36.93425343752687 ] ] ], [ [ [ 126.357136993138397, 36.932705645814487 ], [ 126.356796231707492, 36.930819612898048 ], [ 126.355033437472883, 36.929326187385875 ], [ 126.352577736636377, 36.929948898386222 ], [ 126.352308299041468, 36.93098292804472 ], [ 126.353791842669722, 36.932241605570084 ], [ 126.357136993138397, 36.932705645814487 ] ] ], [ [ [ 126.356697281789451, 36.936578028836387 ], [ 126.357858940110958, 36.935875943071913 ], [ 126.356901925461599, 36.935771150612283 ], [ 126.356697281789451, 36.936578028836387 ] ] ], [ [ [ 126.336140606568932, 36.940021628605905 ], [ 126.337516086516814, 36.937110205042892 ], [ 126.338720266360284, 36.935471624354811 ], [ 126.336424949892617, 36.937529350133772 ], [ 126.336140606568932, 36.940021628605905 ] ] ], [ [ [ 126.348394047743426, 36.952532667882991 ], [ 126.346867500117881, 36.950701500750682 ], [ 126.346017438084132, 36.950813961493182 ], [ 126.346224412260909, 36.951555783592923 ], [ 126.345424052917053, 36.951342865347719 ], [ 126.346082338118535, 36.952809204606702 ], [ 126.348394047743426, 36.952532667882991 ] ] ], [ [ [ 126.369962231537485, 36.965491174617732 ], [ 126.370012897121114, 36.965543227702788 ], [ 126.370069254015675, 36.965495842090533 ], [ 126.369962231537485, 36.965491174617732 ] ] ], [ [ [ 126.334472429454934, 36.973215093398061 ], [ 126.334500914274244, 36.97318230988833 ], [ 126.334462763830089, 36.973176022182379 ], [ 126.334472429454934, 36.973215093398061 ] ] ], [ [ [ 126.334212255940244, 36.973208812383447 ], [ 126.334151822281171, 36.973258114718725 ], [ 126.33423653242626, 36.97324909254548 ], [ 126.334212255940244, 36.973208812383447 ] ] ], [ [ [ 126.334077949329767, 36.97345002452338 ], [ 126.334140755080256, 36.973657055362416 ], [ 126.334282748080724, 36.97361620318015 ], [ 126.334077949329767, 36.97345002452338 ] ] ], [ [ [ 126.335366795484177, 36.973594263074403 ], [ 126.3353140443391, 36.973630740605167 ], [ 126.335329071398448, 36.973635762776844 ], [ 126.335366795484177, 36.973594263074403 ] ] ], [ [ [ 126.334727455472034, 36.973731536301514 ], [ 126.334716849015763, 36.973693443802112 ], [ 126.334696459435705, 36.973714747335528 ], [ 126.334727455472034, 36.973731536301514 ] ] ], [ [ [ 126.334499403887321, 36.974586113028913 ], [ 126.334430953821311, 36.974580953835144 ], [ 126.334488567375431, 36.974619679140744 ], [ 126.334499403887321, 36.974586113028913 ] ] ], [ [ [ 126.334334281951328, 36.97470472341395 ], [ 126.334372176792698, 36.974627056353448 ], [ 126.334325010083532, 36.974608897036838 ], [ 126.334334281951328, 36.97470472341395 ] ] ], [ [ [ 126.39631653629506, 36.339749627239428 ], [ 126.397439883694886, 36.33787316314254 ], [ 126.397325275128935, 36.337572901838108 ], [ 126.396178986923047, 36.337799732704951 ], [ 126.395532702939619, 36.33943674479773 ], [ 126.39631653629506, 36.339749627239428 ] ] ], [ [ [ 126.388319988195533, 36.366293065860937 ], [ 126.388347522693309, 36.366255746249102 ], [ 126.388319004717374, 36.366257833758183 ], [ 126.388319988195533, 36.366293065860937 ] ] ], [ [ [ 126.423251359188114, 36.385425548534634 ], [ 126.43518486378116, 36.384463041905192 ], [ 126.433319371371297, 36.384309416896976 ], [ 126.433850107996378, 36.383152154967654 ], [ 126.434620295486141, 36.383604069373554 ], [ 126.435152040503766, 36.38356776272817 ], [ 126.43388192869925, 36.382744531023441 ], [ 126.434657063130615, 36.379836390083824 ], [ 126.433008797589082, 36.379667523002595 ], [ 126.431255043254197, 36.37741752381789 ], [ 126.435178227217065, 36.375066040240966 ], [ 126.437634057360185, 36.37676780686138 ], [ 126.437100223815278, 36.376005167026165 ], [ 126.438084570178248, 36.376128263397142 ], [ 126.438837500583034, 36.375254145103092 ], [ 126.438740939015318, 36.37214667646888 ], [ 126.431578225584531, 36.369660759864161 ], [ 126.430882687492826, 36.369014090363102 ], [ 126.431578617351263, 36.367992632113435 ], [ 126.434220318831109, 36.367350024758849 ], [ 126.435656944979172, 36.365106755869768 ], [ 126.438489850069047, 36.363733595840849 ], [ 126.439407854780455, 36.36352843056811 ], [ 126.440054525090986, 36.364697364649622 ], [ 126.443094264620441, 36.363228324799366 ], [ 126.445232427707296, 36.3641709785106 ], [ 126.448441130784929, 36.361929665095893 ], [ 126.450971508276467, 36.362284635733282 ], [ 126.452488622316608, 36.360611310361762 ], [ 126.454512240015646, 36.361139420994789 ], [ 126.455969989595786, 36.363932836873808 ], [ 126.455520955937459, 36.361729428765308 ], [ 126.458979362415661, 36.362180718717426 ], [ 126.458013577006341, 36.362395974629408 ], [ 126.458145030937501, 36.362736454613959 ], [ 126.459715978628594, 36.362103478120027 ], [ 126.46078196382642, 36.360412324066168 ], [ 126.458242532346958, 36.358399713213579 ], [ 126.459069494392011, 36.357848934824354 ], [ 126.459047874576484, 36.356489263608587 ], [ 126.458546159802665, 36.356628798935169 ], [ 126.4581769480167, 36.356264494852184 ], [ 126.459054919601385, 36.355290814797648 ], [ 126.458758732239403, 36.354300386999682 ], [ 126.458147264551698, 36.354987189342822 ], [ 126.457856172728, 36.354523055806311 ], [ 126.457017277805889, 36.35531503277177 ], [ 126.455911134779953, 36.355175889775438 ], [ 126.454833229322446, 36.356453419092418 ], [ 126.452514038954689, 36.356732567423215 ], [ 126.450085990509606, 36.355704088631491 ], [ 126.447326435558239, 36.356288669688169 ], [ 126.444904957190019, 36.355354119438751 ], [ 126.442321604442725, 36.356770916514861 ], [ 126.442375935345737, 36.358822452200172 ], [ 126.439398535700221, 36.360038522186535 ], [ 126.43535686407354, 36.360938740887413 ], [ 126.433640095026689, 36.360337459304084 ], [ 126.432460301537219, 36.361258280789357 ], [ 126.425648867377888, 36.363074525873827 ], [ 126.420685571449425, 36.362713111003032 ], [ 126.41918656080837, 36.364180428313162 ], [ 126.415406744725601, 36.364222993913401 ], [ 126.412902629317315, 36.365168229165015 ], [ 126.409861397417188, 36.365298251652263 ], [ 126.408549395326958, 36.364154072391685 ], [ 126.405469179522314, 36.365777722462184 ], [ 126.404967392983963, 36.36700258302055 ], [ 126.398379558266427, 36.368314838515637 ], [ 126.396061358563159, 36.368503173378976 ], [ 126.395381676044224, 36.367003262462198 ], [ 126.395276486936382, 36.367773729774768 ], [ 126.394199983824095, 36.367836080097504 ], [ 126.393445060723664, 36.36664648086338 ], [ 126.391232421954655, 36.366750179468553 ], [ 126.390670657845504, 36.365431140242656 ], [ 126.388772023299907, 36.366495915345176 ], [ 126.386935423779164, 36.366285547318022 ], [ 126.38390226807833, 36.367834426239327 ], [ 126.385562770510376, 36.368959400225776 ], [ 126.38470306266619, 36.369669750677872 ], [ 126.384998506226111, 36.370455598346645 ], [ 126.384141923975093, 36.370632608662177 ], [ 126.384758972581906, 36.373266306968937 ], [ 126.383997204745086, 36.374901369683073 ], [ 126.384022161444065, 36.376323602313889 ], [ 126.385418963039697, 36.377437135414276 ], [ 126.385386268455662, 36.380255637053622 ], [ 126.386361614888969, 36.379519238054499 ], [ 126.387509562276776, 36.380411799772901 ], [ 126.389135783146955, 36.379784528700412 ], [ 126.39089241115505, 36.380776540582374 ], [ 126.392258604699748, 36.380386690469855 ], [ 126.391691454748653, 36.381293210787703 ], [ 126.392436649050282, 36.380547226747716 ], [ 126.393965997159285, 36.380512191255271 ], [ 126.398548836022286, 36.381731555272516 ], [ 126.396981786496113, 36.380679677656765 ], [ 126.396526781210625, 36.379288573246974 ], [ 126.397855151424523, 36.37713227178628 ], [ 126.401049812557858, 36.376115581398757 ], [ 126.407233504439105, 36.377178751362841 ], [ 126.406927202121494, 36.376521004826465 ], [ 126.409373517327211, 36.372337472290205 ], [ 126.410156306908348, 36.371839932142883 ], [ 126.411339336935981, 36.372409624986538 ], [ 126.414504872819009, 36.370962682480133 ], [ 126.417761486628123, 36.372455787184585 ], [ 126.417179886750006, 36.374457876702714 ], [ 126.415829203764957, 36.374496779496027 ], [ 126.412599690816933, 36.379237209612853 ], [ 126.413658496785601, 36.382205792338432 ], [ 126.414304892674267, 36.381448085502122 ], [ 126.416221359911916, 36.382180749039222 ], [ 126.416370969772714, 36.383175326741963 ], [ 126.417930810119188, 36.383152361041425 ], [ 126.420681152056048, 36.3798588701789 ], [ 126.422564666427633, 36.381420980563114 ], [ 126.420401728237408, 36.384811582160168 ], [ 126.423251359188114, 36.385425548534634 ] ] ], [ [ [ 126.438890904178393, 36.375734085857047 ], [ 126.438972447373672, 36.375755384026775 ], [ 126.439023828615035, 36.375701511123992 ], [ 126.438890904178393, 36.375734085857047 ] ] ], [ [ [ 126.438183093724859, 36.37634699271063 ], [ 126.438693199651581, 36.3760815203444 ], [ 126.438776531745532, 36.375878770661267 ], [ 126.438183093724859, 36.37634699271063 ] ] ], [ [ [ 126.411421556506454, 36.378539658708419 ], [ 126.411543914842142, 36.378783079460774 ], [ 126.411739916421183, 36.37874944045528 ], [ 126.411421556506454, 36.378539658708419 ] ] ], [ [ [ 126.41089327242247, 36.378538351651457 ], [ 126.408902919894061, 36.377504240479922 ], [ 126.408354379835743, 36.379857262405132 ], [ 126.409369102008966, 36.378139289226617 ], [ 126.41089327242247, 36.378538351651457 ] ] ], [ [ [ 126.456775567180273, 36.379979978204773 ], [ 126.456023865153767, 36.379940581892093 ], [ 126.45634551055592, 36.380207493851522 ], [ 126.456775567180273, 36.379979978204773 ] ] ], [ [ [ 126.434615920764443, 36.381105524406969 ], [ 126.434499975578916, 36.381000674562806 ], [ 126.43447084218603, 36.381091517481494 ], [ 126.434615920764443, 36.381105524406969 ] ] ], [ [ [ 126.406782511047993, 36.381715026034378 ], [ 126.408114532433558, 36.379912686047646 ], [ 126.404833884184413, 36.38124785751144 ], [ 126.406782511047993, 36.381715026034378 ] ] ], [ [ [ 126.403710992961123, 36.381983661875239 ], [ 126.404158239553453, 36.381737217410809 ], [ 126.403398446663971, 36.382137309046939 ], [ 126.403710992961123, 36.381983661875239 ] ] ], [ [ [ 126.44512650107356, 36.390104208173028 ], [ 126.447692114887715, 36.388563602740639 ], [ 126.44695770794732, 36.385432340260564 ], [ 126.448485422714228, 36.382865023680864 ], [ 126.454892007570336, 36.380269601797394 ], [ 126.455279909796786, 36.379171084920245 ], [ 126.454372163274058, 36.378327554270413 ], [ 126.448863598995999, 36.378087807254239 ], [ 126.445918022327533, 36.379114096544043 ], [ 126.440156397085659, 36.378849461824494 ], [ 126.439091398117242, 36.380535192587949 ], [ 126.439886047000513, 36.381031596984378 ], [ 126.439161234557346, 36.383547047272785 ], [ 126.439950786026387, 36.383496410457077 ], [ 126.440098326570862, 36.383914294886715 ], [ 126.438335974831318, 36.384900698058978 ], [ 126.439096628645473, 36.385006941674384 ], [ 126.439137592245814, 36.387168104799407 ], [ 126.441993338271601, 36.38927062721217 ], [ 126.44512650107356, 36.390104208173028 ] ] ], [ [ [ 126.389057615281516, 36.383461793903123 ], [ 126.388573192096558, 36.383640717930298 ], [ 126.388280993814604, 36.383623542361953 ], [ 126.388508352839168, 36.383780066626798 ], [ 126.389057615281516, 36.383461793903123 ] ] ], [ [ [ 126.459324735487513, 36.38654501375499 ], [ 126.459889010517571, 36.386116026600476 ], [ 126.459208756615539, 36.385997762333268 ], [ 126.459324735487513, 36.38654501375499 ] ] ], [ [ [ 126.411023117659553, 36.388832779262401 ], [ 126.413352821424979, 36.388812641624213 ], [ 126.411735432897018, 36.387844307657453 ], [ 126.411023117659553, 36.388832779262401 ] ] ], [ [ [ 126.394190472805974, 36.388900576240871 ], [ 126.392767480014726, 36.388758918329188 ], [ 126.392109012762006, 36.388942897489308 ], [ 126.392738828575247, 36.389792200256849 ], [ 126.394190472805974, 36.388900576240871 ] ] ], [ [ [ 126.429391736924956, 36.390320141280526 ], [ 126.429948642510865, 36.389288690688744 ], [ 126.428557721136286, 36.389349901337127 ], [ 126.429391736924956, 36.390320141280526 ] ] ], [ [ [ 126.429303859750505, 36.390328238580018 ], [ 126.428981984915893, 36.39020184326926 ], [ 126.42889518213434, 36.390393817484494 ], [ 126.429303859750505, 36.390328238580018 ] ] ], [ [ [ 126.429356501959134, 36.390521850792418 ], [ 126.429259431745251, 36.390466912906163 ], [ 126.429198987482948, 36.390517151838957 ], [ 126.429356501959134, 36.390521850792418 ] ] ], [ [ [ 126.391509324985705, 36.390164521364618 ], [ 126.39097264838874, 36.390664902575431 ], [ 126.391604015670453, 36.39075300258046 ], [ 126.391509324985705, 36.390164521364618 ] ] ], [ [ [ 126.428566293258669, 36.392700604708786 ], [ 126.429003913164706, 36.392165795177533 ], [ 126.428178790675787, 36.392210185326199 ], [ 126.428566293258669, 36.392700604708786 ] ] ], [ [ [ 126.429963502501693, 36.392827018019496 ], [ 126.430029063713675, 36.392854727572541 ], [ 126.430007273755436, 36.392816323680222 ], [ 126.429963502501693, 36.392827018019496 ] ] ], [ [ [ 126.406420077530612, 36.395377849921061 ], [ 126.406766111209919, 36.394793094259541 ], [ 126.405520976428193, 36.395342711363035 ], [ 126.406420077530612, 36.395377849921061 ] ] ], [ [ [ 126.421002556828654, 36.395859847632849 ], [ 126.420849954128485, 36.396296169517178 ], [ 126.421483567773876, 36.396006274096649 ], [ 126.421002556828654, 36.395859847632849 ] ] ], [ [ [ 126.40265113335883, 36.396514102183751 ], [ 126.405216381456356, 36.395925019699632 ], [ 126.403572565498024, 36.396115528499244 ], [ 126.40265113335883, 36.396514102183751 ] ] ], [ [ [ 126.41186172901466, 36.399009407312391 ], [ 126.414425232860339, 36.398192469952747 ], [ 126.413074501030934, 36.396749696915336 ], [ 126.413900023057209, 36.398032784992594 ], [ 126.410437118902436, 36.398399697783759 ], [ 126.412468003235347, 36.398382635092283 ], [ 126.41186172901466, 36.399009407312391 ] ] ], [ [ [ 126.401207498029606, 36.398026588085507 ], [ 126.402020944740968, 36.397234668928398 ], [ 126.401737852406697, 36.397360404853842 ], [ 126.400919303399007, 36.398148510474854 ], [ 126.400313440076189, 36.398470157519739 ], [ 126.400320506732299, 36.398565987311166 ], [ 126.401207498029606, 36.398026588085507 ] ] ], [ [ [ 126.463106814512074, 36.400061444365555 ], [ 126.464974027211468, 36.399226354094559 ], [ 126.465079248555739, 36.39821602823244 ], [ 126.462596435797707, 36.399244994742297 ], [ 126.463228485867248, 36.399510741964789 ], [ 126.463106814512074, 36.400061444365555 ] ] ], [ [ [ 126.419690424003562, 36.398633475414783 ], [ 126.419300763514045, 36.398943394857369 ], [ 126.419497913637784, 36.399037083520263 ], [ 126.419690424003562, 36.398633475414783 ] ] ], [ [ [ 126.43703162629815, 36.400119312595812 ], [ 126.437914570331998, 36.400010341038424 ], [ 126.437603527235339, 36.398913227568769 ], [ 126.43573806026923, 36.399028436705507 ], [ 126.430864699383221, 36.396815078880969 ], [ 126.429537638870329, 36.397080744751449 ], [ 126.43041685786082, 36.399036709706927 ], [ 126.435176042941279, 36.400010604460434 ], [ 126.435095955744913, 36.40117878783763 ], [ 126.435555792038429, 36.400182989989958 ], [ 126.436882608270096, 36.40129677850355 ], [ 126.43703162629815, 36.400119312595812 ] ] ], [ [ [ 126.463150006903092, 36.399712043066927 ], [ 126.462986701251083, 36.399825034994819 ], [ 126.463009345777834, 36.399874681960881 ], [ 126.463150006903092, 36.399712043066927 ] ] ], [ [ [ 126.464101480669171, 36.400893115268453 ], [ 126.464199257428589, 36.400717512950727 ], [ 126.463866393849756, 36.400840945753387 ], [ 126.464101480669171, 36.400893115268453 ] ] ], [ [ [ 126.460834293700444, 36.400991911904434 ], [ 126.460913608812689, 36.400993530593091 ], [ 126.460916364674134, 36.400972149601969 ], [ 126.460834293700444, 36.400991911904434 ] ] ], [ [ [ 126.460593431505984, 36.401198360932739 ], [ 126.460649945187441, 36.401242430809262 ], [ 126.460658631329906, 36.401214534988398 ], [ 126.460593431505984, 36.401198360932739 ] ] ], [ [ [ 126.404901628784785, 36.401114454635042 ], [ 126.405211233369329, 36.400788974431165 ], [ 126.404838440998361, 36.400801833438557 ], [ 126.404901628784785, 36.401114454635042 ] ] ], [ [ [ 126.463918910839197, 36.40166681813308 ], [ 126.463990662974183, 36.401763076078403 ], [ 126.464033883971965, 36.401749852957522 ], [ 126.463918910839197, 36.40166681813308 ] ] ], [ [ [ 126.465909562371891, 36.40206861554956 ], [ 126.465497956822475, 36.401419172742074 ], [ 126.46428664509358, 36.401975582416448 ], [ 126.465259199488486, 36.401830862843127 ], [ 126.465909562371891, 36.40206861554956 ] ] ], [ [ [ 126.464131290477837, 36.401771277131054 ], [ 126.464226855402742, 36.401797695732981 ], [ 126.464248568302352, 36.401780175190176 ], [ 126.464131290477837, 36.401771277131054 ] ] ], [ [ [ 126.4670739275562, 36.402189047510021 ], [ 126.467182456078007, 36.402148953970617 ], [ 126.467175148455254, 36.402123751818706 ], [ 126.4670739275562, 36.402189047510021 ] ] ], [ [ [ 126.467039677232904, 36.40223546826725 ], [ 126.466763832251814, 36.402228215675464 ], [ 126.466755486968438, 36.4023090215425 ], [ 126.467039677232904, 36.40223546826725 ] ] ], [ [ [ 126.466977763480344, 36.402347963318661 ], [ 126.466959037474595, 36.402520658420066 ], [ 126.467076791046424, 36.402300281885154 ], [ 126.466977763480344, 36.402347963318661 ] ] ], [ [ [ 126.46723306772266, 36.403099075275847 ], [ 126.467572635306624, 36.402508535424133 ], [ 126.467359983509553, 36.402266545239748 ], [ 126.46723306772266, 36.403099075275847 ] ] ], [ [ [ 126.45588197942179, 36.403101725479225 ], [ 126.455977316280027, 36.402664970870184 ], [ 126.4554987963337, 36.402957982059988 ], [ 126.45588197942179, 36.403101725479225 ] ] ], [ [ [ 126.4677980322016, 36.403688592363338 ], [ 126.467659935116515, 36.403457801776142 ], [ 126.467719831033193, 36.403779747553763 ], [ 126.4677980322016, 36.403688592363338 ] ] ], [ [ [ 126.455223744583307, 36.40647310159342 ], [ 126.456949437024619, 36.405022668276025 ], [ 126.458340599607098, 36.405077909894814 ], [ 126.460336178794321, 36.401561069787547 ], [ 126.457418503523471, 36.40245074181427 ], [ 126.455960274910538, 36.404378810010975 ], [ 126.454154011704858, 36.404837847239783 ], [ 126.454124199849971, 36.406124161546245 ], [ 126.455223744583307, 36.40647310159342 ] ] ], [ [ [ 126.460800927331462, 36.406418381210258 ], [ 126.461353937842503, 36.405568874888822 ], [ 126.460620182899277, 36.405458316299104 ], [ 126.460800927331462, 36.406418381210258 ] ] ], [ [ [ 126.436813541983256, 36.408005127477821 ], [ 126.440339134805484, 36.405925551197136 ], [ 126.440583631806263, 36.404843314357613 ], [ 126.43967290749751, 36.403941696783484 ], [ 126.438731950860216, 36.404880323356657 ], [ 126.436050979838797, 36.404927053232733 ], [ 126.436813541983256, 36.408005127477821 ] ] ], [ [ [ 126.46071357544335, 36.406465946205145 ], [ 126.460497083363236, 36.406805183370338 ], [ 126.460542166194799, 36.406850525845677 ], [ 126.46071357544335, 36.406465946205145 ] ] ], [ [ [ 126.391562814489973, 36.410443035888981 ], [ 126.38967773413232, 36.40778421164103 ], [ 126.388515264620679, 36.406808466369142 ], [ 126.388600017940789, 36.407825153718235 ], [ 126.389952291122043, 36.408303969948406 ], [ 126.390066268247509, 36.410068853312708 ], [ 126.391562814489973, 36.410443035888981 ] ] ], [ [ [ 126.469924466815883, 36.410289725724169 ], [ 126.468741096141784, 36.409411999652043 ], [ 126.469879594340711, 36.40881407507139 ], [ 126.468262568294278, 36.409561463481957 ], [ 126.466782766283401, 36.408893837589339 ], [ 126.466674711893731, 36.408014740473888 ], [ 126.466888492196674, 36.409842987082683 ], [ 126.46829862600022, 36.410769782807733 ], [ 126.469924466815883, 36.410289725724169 ] ] ], [ [ [ 126.465905397409557, 36.409755939729102 ], [ 126.465713928965613, 36.409982338262282 ], [ 126.466100723975487, 36.409728462543775 ], [ 126.465905397409557, 36.409755939729102 ] ] ], [ [ [ 126.456157186661429, 36.411946983210591 ], [ 126.457786948120855, 36.411088261836078 ], [ 126.458611032571355, 36.40874275885399 ], [ 126.454890433861848, 36.409924708839704 ], [ 126.456157186661429, 36.411946983210591 ] ] ], [ [ [ 126.462964105773551, 36.410552116753991 ], [ 126.462894093538011, 36.41091595159719 ], [ 126.463199534859001, 36.410842339979048 ], [ 126.462964105773551, 36.410552116753991 ] ] ], [ [ [ 126.388903647861824, 36.410778546456221 ], [ 126.389045693161961, 36.411242809714309 ], [ 126.389714571301496, 36.411589479353424 ], [ 126.388903647861824, 36.410778546456221 ] ] ], [ [ [ 126.465808876235883, 36.411745179622372 ], [ 126.465413112670845, 36.41231217703023 ], [ 126.465764429601634, 36.412535740766764 ], [ 126.465808876235883, 36.411745179622372 ] ] ], [ [ [ 126.39348904107257, 36.412310046848631 ], [ 126.391875315091909, 36.411022311624599 ], [ 126.393212880634778, 36.413148213065917 ], [ 126.39348904107257, 36.412310046848631 ] ] ], [ [ [ 126.461826243240893, 36.413490091720568 ], [ 126.461595044596152, 36.412788533899402 ], [ 126.461320056656191, 36.41347859123848 ], [ 126.461826243240893, 36.413490091720568 ] ] ], [ [ [ 126.46543695996877, 36.413897108048758 ], [ 126.466241872468757, 36.413356803935315 ], [ 126.465975019235316, 36.412909906344503 ], [ 126.46543695996877, 36.413897108048758 ] ] ], [ [ [ 126.39590676248099, 36.412873004698085 ], [ 126.395956441630361, 36.412891874128036 ], [ 126.39592110081432, 36.412858677505646 ], [ 126.39590676248099, 36.412873004698085 ] ] ], [ [ [ 126.395740383283226, 36.412829934830775 ], [ 126.395880630646232, 36.413029648907582 ], [ 126.395973628985686, 36.412965930247317 ], [ 126.395740383283226, 36.412829934830775 ] ] ], [ [ [ 126.396502425903151, 36.413534763165941 ], [ 126.396585487114024, 36.413584088209554 ], [ 126.396564908725566, 36.413488409443183 ], [ 126.396502425903151, 36.413534763165941 ] ] ], [ [ [ 126.395590237300638, 36.414784251950095 ], [ 126.394213920075757, 36.41331079928537 ], [ 126.393643709833711, 36.413388990842051 ], [ 126.395590237300638, 36.414784251950095 ] ] ], [ [ [ 126.446671204862668, 36.415761255649443 ], [ 126.446793172172221, 36.415292246111569 ], [ 126.445778098854532, 36.415474015576663 ], [ 126.446671204862668, 36.415761255649443 ] ] ], [ [ [ 126.394492916878519, 36.416640517564865 ], [ 126.39350721249042, 36.416175033532454 ], [ 126.392988104514842, 36.414961883084551 ], [ 126.393453151328771, 36.416221925211076 ], [ 126.394492916878519, 36.416640517564865 ] ] ], [ [ [ 126.391756558012389, 36.417731616788672 ], [ 126.391323342400284, 36.416868418459742 ], [ 126.390823641602296, 36.416453457439374 ], [ 126.390949809131413, 36.417680158787626 ], [ 126.391756558012389, 36.417731616788672 ] ] ], [ [ [ 126.462293656562366, 36.420849332711846 ], [ 126.463512391759323, 36.420108042749391 ], [ 126.464845661372834, 36.417088149025069 ], [ 126.462863507663968, 36.419315810010275 ], [ 126.462408944073388, 36.418871916852659 ], [ 126.462293656562366, 36.420849332711846 ] ] ], [ [ [ 126.43348675540264, 36.432156237901808 ], [ 126.432882682445737, 36.431785977216627 ], [ 126.433013516130828, 36.432302942588592 ], [ 126.43348675540264, 36.432156237901808 ] ] ], [ [ [ 126.430667448456845, 36.438632889797773 ], [ 126.43098034262411, 36.438518313990997 ], [ 126.430677501584398, 36.438462890118586 ], [ 126.430667448456845, 36.438632889797773 ] ] ], [ [ [ 126.423341850048018, 36.445969236189164 ], [ 126.423834737247219, 36.446766703834847 ], [ 126.424009237308937, 36.446548957797098 ], [ 126.423341850048018, 36.445969236189164 ] ] ], [ [ [ 126.430029970158785, 36.44740029889811 ], [ 126.429418486805588, 36.446480778045498 ], [ 126.429027257391468, 36.447007885032775 ], [ 126.430029970158785, 36.44740029889811 ] ] ], [ [ [ 126.427143914960624, 36.452733066768943 ], [ 126.429150096278974, 36.4506234293858 ], [ 126.428318242946887, 36.44969646838765 ], [ 126.426438336383441, 36.450193565513516 ], [ 126.427143914960624, 36.452733066768943 ] ] ], [ [ [ 126.428036211921167, 36.453560142936425 ], [ 126.427788938294754, 36.452933196746066 ], [ 126.427497726377297, 36.45324285987396 ], [ 126.428036211921167, 36.453560142936425 ] ] ], [ [ [ 126.435958027971722, 36.464485850240628 ], [ 126.435300980562403, 36.462337102232866 ], [ 126.43356389382204, 36.461900282756481 ], [ 126.43452877229879, 36.460781483050333 ], [ 126.432711275823181, 36.45996362487378 ], [ 126.432031354480486, 36.460555871757315 ], [ 126.432097169023621, 36.462514837580819 ], [ 126.432981643111717, 36.463035131033834 ], [ 126.432255591627424, 36.464442252103595 ], [ 126.435958027971722, 36.464485850240628 ] ] ], [ [ [ 126.421007311248687, 36.465116577179963 ], [ 126.420598109142844, 36.464524039223612 ], [ 126.420013986022667, 36.464935759602227 ], [ 126.420364786865065, 36.465193092524018 ], [ 126.421007311248687, 36.465116577179963 ] ] ], [ [ [ 126.422400620137552, 36.465373937474958 ], [ 126.422506316420112, 36.465347189464651 ], [ 126.422387347392998, 36.465338647403343 ], [ 126.422400620137552, 36.465373937474958 ] ] ], [ [ [ 126.419682204728574, 36.469238750623241 ], [ 126.42033496523743, 36.467196770955837 ], [ 126.418390740810395, 36.467343561870344 ], [ 126.418409698121408, 36.469352126925372 ], [ 126.419682204728574, 36.469238750623241 ] ] ], [ [ [ 126.418002951048507, 36.47402528236762 ], [ 126.418764690759247, 36.474515107354989 ], [ 126.418953954872521, 36.474161314567596 ], [ 126.418002951048507, 36.47402528236762 ] ] ], [ [ [ 126.418829641934607, 36.474867590334689 ], [ 126.418615447436736, 36.474975766386756 ], [ 126.418761341480547, 36.475138331720274 ], [ 126.418829641934607, 36.474867590334689 ] ] ], [ [ [ 126.401712214774761, 36.490420071472563 ], [ 126.401616080410861, 36.490639287902468 ], [ 126.401822320456148, 36.490700409543102 ], [ 126.401712214774761, 36.490420071472563 ] ] ], [ [ [ 126.402298583827204, 36.490574537091661 ], [ 126.402065716664893, 36.490727934178928 ], [ 126.402308475370702, 36.490749697460203 ], [ 126.402298583827204, 36.490574537091661 ] ] ], [ [ [ 126.403891925307676, 36.49141787858823 ], [ 126.403097099549328, 36.491652483306488 ], [ 126.403527070651649, 36.491839874384674 ], [ 126.403891925307676, 36.49141787858823 ] ] ], [ [ [ 126.401212572743532, 36.495881105626253 ], [ 126.400881104396234, 36.495453172892745 ], [ 126.399890790079368, 36.495736743317977 ], [ 126.401212572743532, 36.495881105626253 ] ] ], [ [ [ 126.400592200468765, 36.496170142131128 ], [ 126.40061709106665, 36.496223758396205 ], [ 126.400776147798126, 36.496136840295613 ], [ 126.400592200468765, 36.496170142131128 ] ] ], [ [ [ 126.43712751044103, 36.517710019367584 ], [ 126.436663609935465, 36.518026674555152 ], [ 126.437489449415978, 36.517987163218855 ], [ 126.43712751044103, 36.517710019367584 ] ] ], [ [ [ 126.439470116029213, 36.520550714301002 ], [ 126.441475243579887, 36.519926734046138 ], [ 126.44147331631298, 36.520911158794732 ], [ 126.443052771800268, 36.520219168790504 ], [ 126.441526654558587, 36.518275638286497 ], [ 126.442413647947433, 36.51844349787018 ], [ 126.441714477748221, 36.517914114985139 ], [ 126.444456663142816, 36.516216188027833 ], [ 126.441003706249035, 36.515980221523726 ], [ 126.440755500924439, 36.515253638584781 ], [ 126.439066013369953, 36.516024788444042 ], [ 126.439896977186038, 36.517518724076872 ], [ 126.44121775819238, 36.517776110428208 ], [ 126.441171346709282, 36.518726609485526 ], [ 126.440183596970783, 36.519530186016652 ], [ 126.438027357058132, 36.519003646259037 ], [ 126.436769456251071, 36.520896618425311 ], [ 126.438127875828755, 36.520499368325225 ], [ 126.438940120765253, 36.521476957715869 ], [ 126.440900382111863, 36.521583907889998 ], [ 126.439470116029213, 36.520550714301002 ] ] ], [ [ [ 126.435690137311056, 36.519037062504623 ], [ 126.435827897314681, 36.518823121601407 ], [ 126.435380047224626, 36.519017181493872 ], [ 126.435690137311056, 36.519037062504623 ] ] ], [ [ [ 126.436600979759703, 36.520227165839181 ], [ 126.436457213774077, 36.520236389667438 ], [ 126.436569307627209, 36.52030519054874 ], [ 126.436600979759703, 36.520227165839181 ] ] ], [ [ [ 126.394109128785146, 36.521369365406073 ], [ 126.393933810926242, 36.520942388210372 ], [ 126.394105331680024, 36.521559947030831 ], [ 126.394109128785146, 36.521369365406073 ] ] ], [ [ [ 126.432597275389483, 36.521284782475981 ], [ 126.432012987953939, 36.521871981406214 ], [ 126.432950433450017, 36.521528095014908 ], [ 126.432597275389483, 36.521284782475981 ] ] ], [ [ [ 126.427058036655481, 36.524303880665904 ], [ 126.426800719695549, 36.524516102377873 ], [ 126.427131421514645, 36.524562625920041 ], [ 126.427058036655481, 36.524303880665904 ] ] ], [ [ [ 126.427402245990393, 36.524750841976299 ], [ 126.42829219634217, 36.52573629595048 ], [ 126.42830123850743, 36.524499982251179 ], [ 126.427402245990393, 36.524750841976299 ] ] ], [ [ [ 126.43190583188975, 36.528303555749972 ], [ 126.433058281027272, 36.525829216290752 ], [ 126.431603566269871, 36.525968204279067 ], [ 126.430600969491977, 36.525045177634489 ], [ 126.429887117989452, 36.525962778236568 ], [ 126.43190583188975, 36.528303555749972 ] ] ], [ [ [ 126.427728858464278, 36.52829704929114 ], [ 126.425900400887798, 36.527270208228586 ], [ 126.426867190640891, 36.529036983583438 ], [ 126.427728858464278, 36.52829704929114 ] ] ], [ [ [ 126.386899995766925, 36.548168736090524 ], [ 126.388533839464358, 36.54787870490302 ], [ 126.388520409355223, 36.547517650596319 ], [ 126.386899995766925, 36.548168736090524 ] ] ], [ [ [ 126.387786199874782, 36.549169865084117 ], [ 126.387641352268446, 36.549035285011882 ], [ 126.387597820418094, 36.549153830340643 ], [ 126.387786199874782, 36.549169865084117 ] ] ], [ [ [ 126.462408275932887, 36.550353827988864 ], [ 126.463475049167712, 36.552957851856142 ], [ 126.462463536761973, 36.550325217603302 ], [ 126.462408275932887, 36.550353827988864 ] ] ], [ [ [ 126.39734919228647, 36.581901034859122 ], [ 126.397090689203338, 36.581719195352726 ], [ 126.397179235991658, 36.581982484890979 ], [ 126.39734919228647, 36.581901034859122 ] ] ], [ [ [ 126.396813265481072, 36.582654129411935 ], [ 126.39701422981004, 36.58280949220881 ], [ 126.397138786498203, 36.582485843332989 ], [ 126.396813265481072, 36.582654129411935 ] ] ], [ [ [ 126.385370619209297, 36.589077091820521 ], [ 126.385807942506759, 36.588357921527496 ], [ 126.385420798503674, 36.588329520606059 ], [ 126.385370619209297, 36.589077091820521 ] ] ], [ [ [ 126.387239527110651, 36.591925833027297 ], [ 126.387604600442842, 36.591756095015725 ], [ 126.387565463242723, 36.591714037395064 ], [ 126.387239527110651, 36.591925833027297 ] ] ], [ [ [ 126.387305224812991, 36.595834528073297 ], [ 126.386972836280222, 36.594801620221894 ], [ 126.386790891208605, 36.594808740640048 ], [ 126.387305224812991, 36.595834528073297 ] ] ], [ [ [ 126.39300288850292, 36.893889264128696 ], [ 126.392752304565462, 36.893076558130112 ], [ 126.391565676685588, 36.893222230997353 ], [ 126.39300288850292, 36.893889264128696 ] ] ], [ [ [ 126.393625309705627, 36.893604726113068 ], [ 126.393356257754121, 36.893764196848672 ], [ 126.393524816524334, 36.893814165350634 ], [ 126.393625309705627, 36.893604726113068 ] ] ], [ [ [ 126.387107021942398, 36.894054263362804 ], [ 126.387255696807003, 36.893980871233886 ], [ 126.387148582341013, 36.893935534771664 ], [ 126.387107021942398, 36.894054263362804 ] ] ], [ [ [ 126.402938520085925, 36.897045824228783 ], [ 126.402604535245388, 36.896886095954137 ], [ 126.40264166829823, 36.897174088540694 ], [ 126.402938520085925, 36.897045824228783 ] ] ], [ [ [ 126.40128874302701, 36.898705257631086 ], [ 126.401144353491674, 36.898800829383468 ], [ 126.401171946056394, 36.898825990596293 ], [ 126.40128874302701, 36.898705257631086 ] ] ], [ [ [ 126.403043148313131, 36.89916912325085 ], [ 126.402826747229597, 36.89835110387321 ], [ 126.401270756122528, 36.898945117384088 ], [ 126.402222781111647, 36.899326833949509 ], [ 126.403043148313131, 36.89916912325085 ] ] ], [ [ [ 126.4148628686427, 36.905242927124497 ], [ 126.414036122368458, 36.905085128716564 ], [ 126.414801046543502, 36.905448160138754 ], [ 126.4148628686427, 36.905242927124497 ] ] ], [ [ [ 126.395813891277584, 36.929168597006267 ], [ 126.395147832811318, 36.929755054245788 ], [ 126.396213658808918, 36.930040261291218 ], [ 126.395813891277584, 36.929168597006267 ] ] ], [ [ [ 126.454430811867809, 37.017005486552023 ], [ 126.452630092513644, 37.014384819420442 ], [ 126.451086035800358, 37.014936985080304 ], [ 126.450736479759783, 37.017835518218682 ], [ 126.451492770353013, 37.017454575666235 ], [ 126.452027023130029, 37.018849508163662 ], [ 126.454430811867809, 37.017005486552023 ] ] ], [ [ [ 126.424399048074434, 37.026391260189641 ], [ 126.432335457245827, 37.022486321529627 ], [ 126.433640513378023, 37.019861912296172 ], [ 126.432252837960533, 37.020527426361966 ], [ 126.428596853363047, 37.02040446448494 ], [ 126.425405085776561, 37.023546306114866 ], [ 126.421982573164598, 37.024713098385845 ], [ 126.419785945856646, 37.024437696578673 ], [ 126.421992440960096, 37.024901353326193 ], [ 126.421969026491809, 37.025810324397504 ], [ 126.423752307444019, 37.025910358822578 ], [ 126.424399048074434, 37.026391260189641 ] ] ], [ [ [ 126.450700073253515, 37.024819364999267 ], [ 126.449801606794153, 37.022583917459272 ], [ 126.45100984608375, 37.021069262351894 ], [ 126.447443402776557, 37.024445014699367 ], [ 126.447604251204069, 37.025665589821628 ], [ 126.450700073253515, 37.024819364999267 ] ] ], [ [ [ 126.387436677574954, 37.026645284896716 ], [ 126.388843967109466, 37.025767705808946 ], [ 126.388460362189448, 37.023662482817635 ], [ 126.385442703382864, 37.021706541490595 ], [ 126.38424054727804, 37.022022710365299 ], [ 126.384316605960464, 37.021454172901478 ], [ 126.382974889859995, 37.022575246957196 ], [ 126.384521671847793, 37.024019755522993 ], [ 126.385468370488411, 37.023988790248453 ], [ 126.38613867721952, 37.026097362986746 ], [ 126.387436677574954, 37.026645284896716 ] ] ], [ [ [ 126.447125464712244, 37.026378525178878 ], [ 126.447522122442706, 37.026003554021258 ], [ 126.447118887113064, 37.025916527109167 ], [ 126.447125464712244, 37.026378525178878 ] ] ], [ [ [ 126.423393548078252, 37.026086652128988 ], [ 126.42345472093146, 37.025943565382391 ], [ 126.423346156679699, 37.026075473884006 ], [ 126.423393548078252, 37.026086652128988 ] ] ], [ [ [ 126.444486967799733, 37.03312562396961 ], [ 126.44833552378347, 37.031615331222298 ], [ 126.447479767839695, 37.029976866833323 ], [ 126.445621771354766, 37.030376536014401 ], [ 126.443607459358418, 37.032289639244453 ], [ 126.444486967799733, 37.03312562396961 ] ] ], [ [ [ 126.439696077755244, 37.031617540443143 ], [ 126.439632731123737, 37.031658187927206 ], [ 126.439711196273578, 37.031655473760821 ], [ 126.439696077755244, 37.031617540443143 ] ] ], [ [ [ 126.440307704119533, 37.033573407705049 ], [ 126.441652693475532, 37.031925480713483 ], [ 126.440452091261008, 37.032483488892048 ], [ 126.438730668413967, 37.031792400755442 ], [ 126.437107591917041, 37.033183133115593 ], [ 126.438946823021325, 37.033904259305395 ], [ 126.440307704119533, 37.033573407705049 ] ] ], [ [ [ 126.453145040286444, 37.041814840863125 ], [ 126.456269923684275, 37.040980678625189 ], [ 126.454423040646475, 37.039616857223784 ], [ 126.454364498104198, 37.038691635751498 ], [ 126.455815323957651, 37.038103128693237 ], [ 126.45722310110645, 37.038482389344765 ], [ 126.453451122967039, 37.032299842388262 ], [ 126.450154527632691, 37.034323700184373 ], [ 126.450282528221635, 37.034716411689196 ], [ 126.449553461382749, 37.034847343428538 ], [ 126.44951577649654, 37.03530332329084 ], [ 126.449315125869163, 37.035557493318734 ], [ 126.449033310841344, 37.035689635141942 ], [ 126.449421563824203, 37.034469904164773 ], [ 126.446631826663037, 37.034120341089043 ], [ 126.440468454925508, 37.036377582168384 ], [ 126.440800621096287, 37.0385907171501 ], [ 126.443487973274529, 37.038854261456471 ], [ 126.445146128811302, 37.040224743317893 ], [ 126.448977174160433, 37.040502200415062 ], [ 126.453145040286444, 37.041814840863125 ] ] ], [ [ [ 126.451193466741884, 37.047444602792147 ], [ 126.451415061878961, 37.047618451218341 ], [ 126.451181509632988, 37.047392613744087 ], [ 126.451193466741884, 37.047444602792147 ] ] ], [ [ [ 126.454273046178244, 37.048051648003295 ], [ 126.453758808591701, 37.048115334067369 ], [ 126.454181054368874, 37.04829546369362 ], [ 126.454273046178244, 37.048051648003295 ] ] ], [ [ [ 126.452612102122188, 37.04826248418361 ], [ 126.451990879673318, 37.04779706689169 ], [ 126.452380469324041, 37.048345604356413 ], [ 126.452612102122188, 37.04826248418361 ] ] ], [ [ [ 126.453425484851778, 37.049455655645318 ], [ 126.453099037872434, 37.048941745255888 ], [ 126.452883273153816, 37.048627565634568 ], [ 126.453425484851778, 37.049455655645318 ] ] ], [ [ [ 126.41807854061436, 37.051538597467896 ], [ 126.417963935445982, 37.051570543951719 ], [ 126.418077559149353, 37.051576757003225 ], [ 126.41807854061436, 37.051538597467896 ] ] ], [ [ [ 126.417379790492632, 37.051464591996101 ], [ 126.417571285804271, 37.051615781963676 ], [ 126.417530037732604, 37.051472546877896 ], [ 126.417379790492632, 37.051464591996101 ] ] ], [ [ [ 126.41788682249333, 37.05156009650738 ], [ 126.417693528674477, 37.0515796176309 ], [ 126.417711684272575, 37.051639007346473 ], [ 126.41788682249333, 37.05156009650738 ] ] ], [ [ [ 126.411427250418853, 37.052130108884604 ], [ 126.411717319055512, 37.052487853171556 ], [ 126.411498944629486, 37.05201316421909 ], [ 126.411427250418853, 37.052130108884604 ] ] ], [ [ [ 126.450295178706511, 37.053140339322916 ], [ 126.449941366670856, 37.052204142561514 ], [ 126.450110647378565, 37.053161073422984 ], [ 126.450295178706511, 37.053140339322916 ] ] ], [ [ [ 126.426736989205367, 37.064770966452436 ], [ 126.429110191889748, 37.062777160154539 ], [ 126.427399882857955, 37.061578201190557 ], [ 126.427854868061019, 37.060003227012615 ], [ 126.431903441856036, 37.05780849305485 ], [ 126.4364776265476, 37.057278239106822 ], [ 126.438967090452337, 37.057699856917665 ], [ 126.439822496691349, 37.061668407836088 ], [ 126.44091976669911, 37.06257010237082 ], [ 126.444915823932121, 37.060665690494005 ], [ 126.446286879771691, 37.05748789385818 ], [ 126.447978625363504, 37.057297376262468 ], [ 126.449225487192237, 37.055267706054757 ], [ 126.450805739959961, 37.054622622384777 ], [ 126.451517878191567, 37.053798517924101 ], [ 126.450068502429659, 37.05446425971418 ], [ 126.449664568086362, 37.0534857985391 ], [ 126.450890225837654, 37.053307608094826 ], [ 126.449251993524129, 37.053432243618857 ], [ 126.445548142204998, 37.050701739635713 ], [ 126.445762989299936, 37.049471168937359 ], [ 126.449586134072348, 37.04928077333858 ], [ 126.450665966607971, 37.045498762462593 ], [ 126.449694779819808, 37.043791312160728 ], [ 126.447239272959706, 37.044782860467301 ], [ 126.443775617343434, 37.044932236556157 ], [ 126.441502962763352, 37.043181833038766 ], [ 126.438434562658387, 37.04222900041627 ], [ 126.435828912628196, 37.043633564330499 ], [ 126.433528672245345, 37.043458921691894 ], [ 126.427859046565587, 37.040280084598841 ], [ 126.424834880649954, 37.041454437118148 ], [ 126.421945507836554, 37.040964412191556 ], [ 126.420753944920477, 37.041792931651287 ], [ 126.421325586557657, 37.042705517127239 ], [ 126.420555399803106, 37.042825754127293 ], [ 126.422723114501935, 37.043114318168577 ], [ 126.422549868272498, 37.049078321949025 ], [ 126.420620899189132, 37.049734143436126 ], [ 126.422294044234121, 37.054918798083648 ], [ 126.417236668721173, 37.059138111873729 ], [ 126.41836092285331, 37.06015141190472 ], [ 126.418255444355339, 37.06309255194752 ], [ 126.419903313696807, 37.064227316137327 ], [ 126.425541584263755, 37.063602826233009 ], [ 126.42710689685768, 37.06433591686681 ], [ 126.426736989205367, 37.064770966452436 ] ] ], [ [ [ 126.410987949373165, 37.052160115939536 ], [ 126.410300259985988, 37.052862148931382 ], [ 126.411113026050216, 37.053123571803525 ], [ 126.411457502184348, 37.054285749430676 ], [ 126.412310202002601, 37.053190413368554 ], [ 126.410987949373165, 37.052160115939536 ] ] ], [ [ [ 126.411104196945786, 37.053981104570106 ], [ 126.411127060410521, 37.053780199966283 ], [ 126.411090422286193, 37.053786245485909 ], [ 126.411104196945786, 37.053981104570106 ] ] ], [ [ [ 126.411636105183092, 37.05433009611275 ], [ 126.411213237078144, 37.054852594611901 ], [ 126.41170723227556, 37.055469125411229 ], [ 126.411791078607848, 37.055285743448692 ], [ 126.411636105183092, 37.05433009611275 ] ] ], [ [ [ 126.420929602014738, 37.064590567037897 ], [ 126.421093968495441, 37.064870717666658 ], [ 126.421209281274059, 37.064619545269942 ], [ 126.420929602014738, 37.064590567037897 ] ] ], [ [ [ 126.604240939824422, 36.000456851743373 ], [ 126.60704848870769, 36.000127813919434 ], [ 126.609931581722449, 35.994452648502474 ], [ 126.60392236534355, 35.991692758226357 ], [ 126.603547286141008, 35.990926762628263 ], [ 126.601368102567491, 35.991121354997404 ], [ 126.599923728195108, 35.989987343627519 ], [ 126.600666607445945, 35.991024212744605 ], [ 126.525399284912297, 35.988077209732289 ], [ 126.526918219258221, 35.986623132680833 ], [ 126.52112507607356, 35.9887826654845 ], [ 126.566331989971772, 35.989966546433998 ], [ 126.576440937040758, 35.991152897770704 ], [ 126.57545402638128, 35.990395651008143 ], [ 126.600542913998467, 35.99109475392185 ], [ 126.601191182251213, 35.992790580632573 ], [ 126.600325536236127, 35.994838434578519 ], [ 126.604240939824422, 36.000456851743373 ] ] ], [ [ [ 126.635126684900698, 36.002390744190848 ], [ 126.634306465986597, 36.002035866843769 ], [ 126.634477406705983, 36.002487001525431 ], [ 126.635126684900698, 36.002390744190848 ] ] ], [ [ [ 126.62538357782455, 36.006892029181436 ], [ 126.627021406885831, 36.00540896405127 ], [ 126.628918775647506, 36.006390461816366 ], [ 126.630461963799931, 36.005515556361836 ], [ 126.632893939730124, 36.00217034119693 ], [ 126.633725472595287, 36.002235969802307 ], [ 126.632387885898908, 36.000322176139221 ], [ 126.626790029501819, 36.000615814933887 ], [ 126.626645570537207, 36.004674492248235 ], [ 126.627310640122715, 36.005235322124726 ], [ 126.62294323649428, 36.006725666321955 ], [ 126.62538357782455, 36.006892029181436 ] ] ], [ [ [ 126.61328192031597, 36.009793872718319 ], [ 126.612716998103778, 36.008792526889124 ], [ 126.611849265614254, 36.008801338949311 ], [ 126.612218883948614, 36.009497262760412 ], [ 126.61328192031597, 36.009793872718319 ] ] ], [ [ [ 126.615916416275596, 36.011597326874472 ], [ 126.615524668062662, 36.012011979411206 ], [ 126.615862749012322, 36.012002499473695 ], [ 126.615916416275596, 36.011597326874472 ] ] ], [ [ [ 126.607995488578055, 36.012481570224296 ], [ 126.608808466428783, 36.012600671259243 ], [ 126.609153621029378, 36.011783186795519 ], [ 126.607995488578055, 36.012481570224296 ] ] ], [ [ [ 126.576928913581995, 36.032797492248854 ], [ 126.577249453548163, 36.031756577482348 ], [ 126.57630430614249, 36.032524425050291 ], [ 126.576928913581995, 36.032797492248854 ] ] ], [ [ [ 126.631072403978635, 36.03673563763779 ], [ 126.631466295865081, 36.035622522910877 ], [ 126.629742743582597, 36.036302340077022 ], [ 126.63063488170512, 36.03629012271854 ], [ 126.631072403978635, 36.03673563763779 ] ] ], [ [ [ 126.621608669199375, 36.038744070173472 ], [ 126.623051092649348, 36.038503589798083 ], [ 126.623978011389838, 36.038119965033651 ], [ 126.621823822608761, 36.038185542104536 ], [ 126.621608669199375, 36.038744070173472 ] ] ], [ [ [ 126.597652164573347, 36.043349585232285 ], [ 126.597090500730587, 36.043321835098382 ], [ 126.596916071244408, 36.043763054079356 ], [ 126.597652164573347, 36.043349585232285 ] ] ], [ [ [ 126.618912826670979, 36.050374719473616 ], [ 126.618526946324792, 36.05021712207089 ], [ 126.618785209546687, 36.050830710535116 ], [ 126.618912826670979, 36.050374719473616 ] ] ], [ [ [ 126.618400849183587, 36.051332771760052 ], [ 126.618756257881898, 36.051122785021157 ], [ 126.618496754185131, 36.050772818827689 ], [ 126.618253950942218, 36.051106414782737 ], [ 126.618400849183587, 36.051332771760052 ] ] ], [ [ [ 126.618923423624977, 36.052576234388361 ], [ 126.618263598514403, 36.052615501479345 ], [ 126.618298181615572, 36.052824396928017 ], [ 126.618923423624977, 36.052576234388361 ] ] ], [ [ [ 126.620246132126795, 36.052620373507644 ], [ 126.619327180280962, 36.052478681587637 ], [ 126.620428996238076, 36.05290508984703 ], [ 126.620246132126795, 36.052620373507644 ] ] ], [ [ [ 126.614099363219793, 36.067577292378751 ], [ 126.616557027462164, 36.067407009831221 ], [ 126.616325461979187, 36.066172871570267 ], [ 126.617359638515978, 36.066544260292048 ], [ 126.617589609175425, 36.066501663939782 ], [ 126.613817362347021, 36.064305839077186 ], [ 126.613001673468304, 36.066172136281345 ], [ 126.614099363219793, 36.067577292378751 ] ] ], [ [ [ 126.593592670338026, 36.071657557120943 ], [ 126.594065016040048, 36.071549208302663 ], [ 126.594091511311831, 36.071361844951937 ], [ 126.593592670338026, 36.071657557120943 ] ] ], [ [ [ 126.592821157150055, 36.072088422904081 ], [ 126.593383707070316, 36.072140800645144 ], [ 126.593475109756852, 36.072068113171966 ], [ 126.592821157150055, 36.072088422904081 ] ] ], [ [ [ 126.594096871255857, 36.072046788438143 ], [ 126.593725722831778, 36.072552014219461 ], [ 126.594542914259506, 36.07295401923659 ], [ 126.595139828765255, 36.072367544136306 ], [ 126.594096871255857, 36.072046788438143 ] ] ], [ [ [ 126.575921262418248, 36.088238066821759 ], [ 126.574480302824043, 36.08802892364902 ], [ 126.575815047790201, 36.088829337278064 ], [ 126.575921262418248, 36.088238066821759 ] ] ], [ [ [ 126.576882444094949, 36.100833062178381 ], [ 126.577538986625825, 36.100554282311961 ], [ 126.577141607480229, 36.100005195332471 ], [ 126.576882444094949, 36.100833062178381 ] ] ], [ [ [ 126.578997434329651, 36.104322096812879 ], [ 126.579354951697866, 36.103974223768354 ], [ 126.578919364433943, 36.103886680748737 ], [ 126.578997434329651, 36.104322096812879 ] ] ], [ [ [ 126.578957510917448, 36.105054305989832 ], [ 126.578962104020476, 36.104682555910273 ], [ 126.578641110436649, 36.104362389580828 ], [ 126.578957510917448, 36.105054305989832 ] ] ], [ [ [ 126.579786847646147, 36.105831302996968 ], [ 126.57948860677989, 36.105265937227088 ], [ 126.579155286037945, 36.105635849932078 ], [ 126.579786847646147, 36.105831302996968 ] ] ], [ [ [ 126.602760168170192, 36.109220711541703 ], [ 126.6028363972938, 36.107114556086835 ], [ 126.601552688272179, 36.107486386735424 ], [ 126.602760168170192, 36.109220711541703 ] ] ], [ [ [ 126.59972240560198, 36.112113461654403 ], [ 126.599557515753986, 36.11125126751466 ], [ 126.599325330865412, 36.111945848934134 ], [ 126.59972240560198, 36.112113461654403 ] ] ], [ [ [ 126.592887519283948, 36.120321693426035 ], [ 126.59285886472253, 36.119551236290171 ], [ 126.591778505463637, 36.119677707938685 ], [ 126.592102008814066, 36.120239199814534 ], [ 126.592887519283948, 36.120321693426035 ] ] ], [ [ [ 126.550206358981086, 36.12388698008845 ], [ 126.549905761323444, 36.123744657713331 ], [ 126.549850883506778, 36.123945557406117 ], [ 126.550206358981086, 36.12388698008845 ] ] ], [ [ [ 126.57603806870685, 36.124631322892498 ], [ 126.575156907846051, 36.124474982513505 ], [ 126.574685385217578, 36.125483169286959 ], [ 126.575680887818407, 36.125733658025275 ], [ 126.57603806870685, 36.124631322892498 ] ] ], [ [ [ 126.578528905440535, 36.126196082979838 ], [ 126.577344419848146, 36.126374944865127 ], [ 126.576274752792401, 36.126294656736938 ], [ 126.577914504674752, 36.126676184704756 ], [ 126.578528905440535, 36.126196082979838 ] ] ], [ [ [ 126.552902963054336, 36.129103226942746 ], [ 126.55237638463862, 36.127237043354498 ], [ 126.553231605173139, 36.1257091497272 ], [ 126.550490409094408, 36.1249722960331 ], [ 126.549678424878664, 36.128361332378262 ], [ 126.552020098379458, 36.129553098340914 ], [ 126.552902963054336, 36.129103226942746 ] ] ], [ [ [ 126.552549557457013, 36.129986979995351 ], [ 126.552650598073427, 36.129630182773248 ], [ 126.552287011751716, 36.129950951023432 ], [ 126.552549557457013, 36.129986979995351 ] ] ], [ [ [ 126.509556069028747, 36.130708186312461 ], [ 126.509913679489969, 36.129837086525725 ], [ 126.509478349913493, 36.130682879453033 ], [ 126.509556069028747, 36.130708186312461 ] ] ], [ [ [ 126.549336630454349, 36.131566770751924 ], [ 126.549631052175585, 36.131426208342695 ], [ 126.549171793561342, 36.131464944585197 ], [ 126.549336630454349, 36.131566770751924 ] ] ], [ [ [ 126.548636310299486, 36.131622983376865 ], [ 126.549468460513481, 36.131767604729291 ], [ 126.548578671673198, 36.131561304003093 ], [ 126.548636310299486, 36.131622983376865 ] ] ], [ [ [ 126.507894653911094, 36.13027483357282 ], [ 126.505350886166397, 36.132718153597928 ], [ 126.505406919570916, 36.132924128697539 ], [ 126.507012709529221, 36.131658790654676 ], [ 126.507894653911094, 36.13027483357282 ] ] ], [ [ [ 126.554602387521342, 36.132501126972741 ], [ 126.554074324659311, 36.132481031084325 ], [ 126.554195979490402, 36.133036004121522 ], [ 126.554602387521342, 36.132501126972741 ] ] ], [ [ [ 126.553982114907086, 36.133137007318865 ], [ 126.553952622085347, 36.132624030826499 ], [ 126.553661806013409, 36.132758336014383 ], [ 126.553982114907086, 36.133137007318865 ] ] ], [ [ [ 126.50459324656147, 36.136277251947739 ], [ 126.503819672099127, 36.135657861185528 ], [ 126.503373904818005, 36.136520925120898 ], [ 126.50459324656147, 36.136277251947739 ] ] ], [ [ [ 126.48517632613283, 36.136161842806736 ], [ 126.484907896229373, 36.136293125200567 ], [ 126.484934030579268, 36.13666381258026 ], [ 126.48517632613283, 36.136161842806736 ] ] ], [ [ [ 126.484471962824017, 36.139201008622159 ], [ 126.486333224240752, 36.136870983478182 ], [ 126.485789675721804, 36.135700857890413 ], [ 126.484216810769212, 36.137924881889333 ], [ 126.484471962824017, 36.139201008622159 ] ] ], [ [ [ 126.503122843621824, 36.138848321541154 ], [ 126.502737957235894, 36.138260807535588 ], [ 126.502656090284873, 36.138733689524251 ], [ 126.503122843621824, 36.138848321541154 ] ] ], [ [ [ 126.505884868158859, 36.143669636324354 ], [ 126.505488678414281, 36.143450747467064 ], [ 126.50573182084932, 36.143744642492614 ], [ 126.505884868158859, 36.143669636324354 ] ] ], [ [ [ 126.503957818547718, 36.143901344869711 ], [ 126.504064890435174, 36.144276238162426 ], [ 126.504027202732303, 36.143824201861008 ], [ 126.503957818547718, 36.143901344869711 ] ] ], [ [ [ 126.506411306521983, 36.144471272441322 ], [ 126.50667049219247, 36.144074413953163 ], [ 126.506281091417918, 36.144016285536466 ], [ 126.506411306521983, 36.144471272441322 ] ] ], [ [ [ 126.504594659049673, 36.144640019133945 ], [ 126.504212323732332, 36.144458107536252 ], [ 126.50426660231723, 36.14477760791592 ], [ 126.504594659049673, 36.144640019133945 ] ] ], [ [ [ 126.490087729778224, 36.163556034305422 ], [ 126.490744374758108, 36.163831279288424 ], [ 126.490738643664542, 36.163567889564938 ], [ 126.490087729778224, 36.163556034305422 ] ] ], [ [ [ 126.491752098294484, 36.165501453110906 ], [ 126.491393940110541, 36.165452591998118 ], [ 126.491636345071129, 36.16560145466606 ], [ 126.491752098294484, 36.165501453110906 ] ] ], [ [ [ 126.504550466785787, 36.211405107126865 ], [ 126.504632901925731, 36.211325755795961 ], [ 126.504600833673877, 36.211276076682474 ], [ 126.504550466785787, 36.211405107126865 ] ] ], [ [ [ 126.50395976144425, 36.211916519981408 ], [ 126.503754272847544, 36.211580397433003 ], [ 126.503879525930657, 36.212007946082409 ], [ 126.50395976144425, 36.211916519981408 ] ] ], [ [ [ 126.50490575828546, 36.213339696963828 ], [ 126.506876706095639, 36.213061453548939 ], [ 126.505919444871751, 36.212400428954005 ], [ 126.505509393439652, 36.210454187918771 ], [ 126.504525113910006, 36.212549588068974 ], [ 126.50490575828546, 36.213339696963828 ] ] ], [ [ [ 126.51813610762369, 36.216544419718872 ], [ 126.519794746027486, 36.215402319600301 ], [ 126.518064157693757, 36.214675770242842 ], [ 126.516764128274545, 36.216215313792567 ], [ 126.51813610762369, 36.216544419718872 ] ] ], [ [ [ 126.525572201655351, 36.233577540246841 ], [ 126.525526576339246, 36.233626607960822 ], [ 126.525619915235396, 36.233613605589554 ], [ 126.525572201655351, 36.233577540246841 ] ] ], [ [ [ 126.525878449502756, 36.233704577306916 ], [ 126.525924732762533, 36.233566933304658 ], [ 126.525846229659024, 36.233526825591262 ], [ 126.525878449502756, 36.233704577306916 ] ] ], [ [ [ 126.52583287186782, 36.23372361951575 ], [ 126.52572841238748, 36.233603294115028 ], [ 126.52569876294622, 36.233675801682999 ], [ 126.52583287186782, 36.23372361951575 ] ] ], [ [ [ 126.52609955058054, 36.233650003540561 ], [ 126.526099287218301, 36.233726864955784 ], [ 126.526158238467062, 36.233709236906144 ], [ 126.52609955058054, 36.233650003540561 ] ] ], [ [ [ 126.526086298196631, 36.233450039583985 ], [ 126.527548976806244, 36.234172756977479 ], [ 126.529343778990139, 36.234182372087965 ], [ 126.526086298196631, 36.233450039583985 ] ] ], [ [ [ 126.524012696181842, 36.235497763096902 ], [ 126.523940192455186, 36.235418800726968 ], [ 126.523920752796045, 36.235456313003759 ], [ 126.524012696181842, 36.235497763096902 ] ] ], [ [ [ 126.524700866767844, 36.235915802206648 ], [ 126.524085070908953, 36.235174551261856 ], [ 126.523959645250727, 36.235288918900608 ], [ 126.524700866767844, 36.235915802206648 ] ] ], [ [ [ 126.524037776556213, 36.23563617779547 ], [ 126.524060669323902, 36.235513337837979 ], [ 126.523989413207275, 36.235521822213727 ], [ 126.524037776556213, 36.23563617779547 ] ] ], [ [ [ 126.524213642385675, 36.235749200581047 ], [ 126.52417401725404, 36.235773032681223 ], [ 126.524220515818911, 36.235793198487848 ], [ 126.524213642385675, 36.235749200581047 ] ] ], [ [ [ 126.527854204144873, 36.240682716677213 ], [ 126.52801877236169, 36.240689917380777 ], [ 126.527983363813576, 36.240556626823263 ], [ 126.527854204144873, 36.240682716677213 ] ] ], [ [ [ 126.528922242823114, 36.241242815920657 ], [ 126.52889459676571, 36.240590551842935 ], [ 126.528275227452781, 36.240085148845928 ], [ 126.527927381708508, 36.241160211088683 ], [ 126.528922242823114, 36.241242815920657 ] ] ], [ [ [ 126.522757842133402, 36.245902206529962 ], [ 126.523507763684805, 36.245229693382981 ], [ 126.522226670507834, 36.24378863207383 ], [ 126.519779079336303, 36.243814275694412 ], [ 126.518767715035182, 36.241345697340115 ], [ 126.517691061540603, 36.241348193450875 ], [ 126.516963064510165, 36.242377179054778 ], [ 126.518582011611457, 36.24510206521434 ], [ 126.522757842133402, 36.245902206529962 ] ] ], [ [ [ 126.479826383746968, 36.282065557795576 ], [ 126.479775457388769, 36.281240955020671 ], [ 126.479451817241042, 36.280783234230505 ], [ 126.478715366059106, 36.282138861043215 ], [ 126.479826383746968, 36.282065557795576 ] ] ], [ [ [ 126.501228909724887, 36.323325418638071 ], [ 126.500775506209862, 36.323254901383031 ], [ 126.500716180853331, 36.32339816468739 ], [ 126.501228909724887, 36.323325418638071 ] ] ], [ [ [ 126.500381352396218, 36.32346094743707 ], [ 126.500370175638054, 36.323587814612189 ], [ 126.500487649867026, 36.323497673014245 ], [ 126.500381352396218, 36.32346094743707 ] ] ], [ [ [ 126.500292042351916, 36.323692132263773 ], [ 126.500277630573109, 36.323769256208998 ], [ 126.500322092968446, 36.323708875732201 ], [ 126.500292042351916, 36.323692132263773 ] ] ], [ [ [ 126.51554404772321, 36.333710177323056 ], [ 126.505167193540132, 36.332304748653996 ], [ 126.50485595871244, 36.332442249256665 ], [ 126.51554404772321, 36.333710177323056 ] ] ], [ [ [ 126.509447829513746, 36.371514699556293 ], [ 126.508468248165698, 36.369499816533128 ], [ 126.507273017025895, 36.370490664761526 ], [ 126.509447829513746, 36.371514699556293 ] ] ], [ [ [ 126.505293798400658, 36.370745951979401 ], [ 126.505960089833081, 36.370958310733791 ], [ 126.505238538759372, 36.370540229805691 ], [ 126.505293798400658, 36.370745951979401 ] ] ], [ [ [ 126.479616864532758, 36.381692739938124 ], [ 126.479042860411127, 36.38121705501085 ], [ 126.479339806500931, 36.381883040099929 ], [ 126.479616864532758, 36.381692739938124 ] ] ], [ [ [ 126.483195883537363, 36.381808442906284 ], [ 126.483134945078277, 36.381762633063957 ], [ 126.483015230817728, 36.38178748313095 ], [ 126.483195883537363, 36.381808442906284 ] ] ], [ [ [ 126.483083229570113, 36.381982204276689 ], [ 126.482413250598896, 36.381694282030566 ], [ 126.482311666052297, 36.381842363247223 ], [ 126.483083229570113, 36.381982204276689 ] ] ], [ [ [ 126.479568265099587, 36.382148680859551 ], [ 126.479714061620683, 36.382309434869427 ], [ 126.479684121460494, 36.382131152089073 ], [ 126.479568265099587, 36.382148680859551 ] ] ], [ [ [ 126.482100789234238, 36.395429850319807 ], [ 126.482131472670758, 36.395376418956403 ], [ 126.482066892565769, 36.395411077212444 ], [ 126.482100789234238, 36.395429850319807 ] ] ], [ [ [ 126.482511818461575, 36.395430532999491 ], [ 126.482549016957236, 36.395526045694197 ], [ 126.482603209432682, 36.395425639397459 ], [ 126.482511818461575, 36.395430532999491 ] ] ], [ [ [ 126.482066024208649, 36.395466549446375 ], [ 126.482030125751407, 36.395581436139452 ], [ 126.482212355924744, 36.395508807288948 ], [ 126.482066024208649, 36.395466549446375 ] ] ], [ [ [ 126.481447748710067, 36.395993443258739 ], [ 126.481891050191507, 36.395330975395368 ], [ 126.4808315783675, 36.395872525136667 ], [ 126.481447748710067, 36.395993443258739 ] ] ], [ [ [ 126.481893175393424, 36.39573126326566 ], [ 126.481974630992468, 36.395738709814765 ], [ 126.481984566833546, 36.395692847255617 ], [ 126.481893175393424, 36.39573126326566 ] ] ], [ [ [ 126.481687537723786, 36.395874405079887 ], [ 126.481819892614766, 36.39596682585448 ], [ 126.481801024397598, 36.39585901781421 ], [ 126.481687537723786, 36.395874405079887 ] ] ], [ [ [ 126.469742990627495, 36.405095160993795 ], [ 126.468367875862782, 36.403898551403515 ], [ 126.467495696774236, 36.403811929435797 ], [ 126.467988983881895, 36.40456664225492 ], [ 126.469742990627495, 36.405095160993795 ] ] ], [ [ [ 126.470914794220022, 36.409337753155135 ], [ 126.471041578529395, 36.409506903158643 ], [ 126.471037898715068, 36.4093066128206 ], [ 126.470914794220022, 36.409337753155135 ] ] ], [ [ [ 126.468934682154355, 36.417212922716942 ], [ 126.469769985131776, 36.417015711548395 ], [ 126.470320555761035, 36.416770157233984 ], [ 126.468962966023071, 36.416655032302735 ], [ 126.468934682154355, 36.417212922716942 ] ] ], [ [ [ 126.490509805397537, 36.444793863410432 ], [ 126.490502661374279, 36.445013013660521 ], [ 126.490587395683875, 36.445016617706948 ], [ 126.490509805397537, 36.444793863410432 ] ] ], [ [ [ 126.484651615521059, 36.445384297208378 ], [ 126.484757457996849, 36.445294600936009 ], [ 126.484643385175616, 36.44531667440959 ], [ 126.484651615521059, 36.445384297208378 ] ] ], [ [ [ 126.488112204061579, 36.445528429399886 ], [ 126.488116170509841, 36.445670207178054 ], [ 126.48819276266012, 36.445547907362183 ], [ 126.488112204061579, 36.445528429399886 ] ] ], [ [ [ 126.489671974660595, 36.446311543813401 ], [ 126.489086503574441, 36.445237953303476 ], [ 126.487986569623118, 36.447713996941978 ], [ 126.489030382583422, 36.447285265107318 ], [ 126.489671974660595, 36.446311543813401 ] ] ], [ [ [ 126.487156709482022, 36.448584933146094 ], [ 126.486655147120047, 36.448488263925647 ], [ 126.486546418351722, 36.448800604960951 ], [ 126.487156709482022, 36.448584933146094 ] ] ], [ [ [ 126.55728708310113, 36.470217604653243 ], [ 126.558846922421139, 36.471225467097369 ], [ 126.56007247920229, 36.47025416303002 ], [ 126.557248678995677, 36.46837754306231 ], [ 126.555623085313584, 36.470840843696699 ], [ 126.55728708310113, 36.470217604653243 ] ] ], [ [ [ 126.809246949956389, 36.94019591951556 ], [ 126.805599775286439, 36.941517337766925 ], [ 126.806058237515799, 36.943957619860036 ], [ 126.804507357048948, 36.946419652247243 ], [ 126.805733035290672, 36.949223553162319 ], [ 126.807242808039874, 36.949612397741213 ], [ 126.810191195048986, 36.947899109782895 ], [ 126.812227099126773, 36.943869910316607 ], [ 126.811001645889831, 36.940604759546069 ], [ 126.809246949956389, 36.94019591951556 ] ] ], [ [ [ 126.810653028957432, 36.951957181413476 ], [ 126.810616046837737, 36.951848460451195 ], [ 126.810526398989381, 36.952025153404207 ], [ 126.810653028957432, 36.951957181413476 ] ] ], [ [ [ 126.810796429022091, 36.951976807723412 ], [ 126.810805259973193, 36.951887737095468 ], [ 126.810760545347833, 36.951993211045163 ], [ 126.810796429022091, 36.951976807723412 ] ] ], [ [ [ 126.809045094484645, 36.954678681501363 ], [ 126.810329405986863, 36.953354696032306 ], [ 126.810350737663455, 36.95228088373127 ], [ 126.809045094484645, 36.954678681501363 ] ] ], [ [ [ 126.832097063595413, 36.950623497027244 ], [ 126.833333562417963, 36.949532969652061 ], [ 126.841112213871327, 36.952958335329967 ], [ 126.829136687915394, 36.947538445064374 ], [ 126.820899252593136, 36.958305124682006 ], [ 126.821899147698474, 36.963612513174432 ], [ 126.824247717589259, 36.964691430842976 ], [ 126.821711906743161, 36.968497126628641 ], [ 126.833751042624286, 36.951365170220782 ], [ 126.832097063595413, 36.950623497027244 ] ] ], [ [ [ 126.795561029792239, 36.965611778986663 ], [ 126.79590546757413, 36.965852366310848 ], [ 126.795719751295479, 36.96537816418104 ], [ 126.795561029792239, 36.965611778986663 ] ] ], [ [ [ 126.816590898707659, 36.966430872390141 ], [ 126.817372111633418, 36.9656443090187 ], [ 126.816548844689919, 36.965191859631489 ], [ 126.815644989321299, 36.966233289694827 ], [ 126.816590898707659, 36.966430872390141 ] ] ], [ [ [ 126.700924482348142, 36.997882205792678 ], [ 126.700885029175254, 36.997849430505987 ], [ 126.70086921860478, 36.997909826393602 ], [ 126.700924482348142, 36.997882205792678 ] ] ], [ [ [ 126.49627991335889, 37.06120177811659 ], [ 126.496216209178513, 37.061075730537411 ], [ 126.496162833994376, 37.061191148715857 ], [ 126.49627991335889, 37.06120177811659 ] ] ], [ [ [ 126.496143279735136, 37.061488909735417 ], [ 126.496281233459584, 37.061373397850943 ], [ 126.496138956199275, 37.061317766663485 ], [ 126.496143279735136, 37.061488909735417 ] ] ], [ [ [ 126.495584790731073, 37.061616293054264 ], [ 126.495747953545632, 37.062136610562909 ], [ 126.495744734366326, 37.061592515523358 ], [ 126.495584790731073, 37.061616293054264 ] ] ], [ [ [ 126.49609031580998, 37.0624574172788 ], [ 126.495729542159339, 37.062534978640862 ], [ 126.495736582644767, 37.062620855580448 ], [ 126.49609031580998, 37.0624574172788 ] ] ], [ [ [ 126.494187878438609, 37.062437762445519 ], [ 126.494456033341834, 37.062618360815179 ], [ 126.494411470630496, 37.062276359686685 ], [ 126.494187878438609, 37.062437762445519 ] ] ], [ [ [ 126.49503397766091, 37.0629452516662 ], [ 126.495371744284157, 37.062745052966633 ], [ 126.495457437248703, 37.062293937269757 ], [ 126.49503397766091, 37.0629452516662 ] ] ], [ [ [ 126.494155827926335, 37.063127357137894 ], [ 126.494162710819225, 37.062940516657413 ], [ 126.494116237071353, 37.063146756541386 ], [ 126.494155827926335, 37.063127357137894 ] ] ], [ [ [ 126.491814244738535, 37.066685784752778 ], [ 126.492531129828848, 37.0657854555757 ], [ 126.490632146154965, 37.065977326153124 ], [ 126.490300809425094, 37.066901049132241 ], [ 126.491814244738535, 37.066685784752778 ] ] ], [ [ [ 126.490807115474112, 37.0687930224192 ], [ 126.490899785346798, 37.068779761762016 ], [ 126.490877590464535, 37.068746157352805 ], [ 126.490807115474112, 37.0687930224192 ] ] ], [ [ [ 126.491041994341074, 37.06888612820039 ], [ 126.490978027329177, 37.06876678301645 ], [ 126.490910700528417, 37.068858841071645 ], [ 126.491041994341074, 37.06888612820039 ] ] ], [ [ [ 126.490602444330491, 37.068981946284445 ], [ 126.49068579630395, 37.06895559667862 ], [ 126.490674135125673, 37.06893698461657 ], [ 126.490602444330491, 37.068981946284445 ] ] ], [ [ [ 126.49071248606154, 37.069016368623188 ], [ 126.490794801460495, 37.069092269648898 ], [ 126.490841610089731, 37.068976173587131 ], [ 126.49071248606154, 37.069016368623188 ] ] ], [ [ [ 126.489637567139681, 37.070117761645278 ], [ 126.490339398170349, 37.069944708865563 ], [ 126.490514026728732, 37.069409479331895 ], [ 126.489637567139681, 37.070117761645278 ] ] ], [ [ [ 126.490575596160099, 37.070103328377741 ], [ 126.490536556744161, 37.070280554443933 ], [ 126.490648676357182, 37.070097902876505 ], [ 126.490575596160099, 37.070103328377741 ] ] ], [ [ [ 126.485137936999422, 37.076072453785876 ], [ 126.486158915427879, 37.074407263061786 ], [ 126.486711137111357, 37.073719706405932 ], [ 126.484375347532534, 37.075746557006283 ], [ 126.485137936999422, 37.076072453785876 ] ] ], [ [ [ 126.486497524982042, 37.075676332597389 ], [ 126.486304327837189, 37.075602658373974 ], [ 126.486277420978382, 37.075815760962215 ], [ 126.486497524982042, 37.075676332597389 ] ] ], [ [ [ 126.486178923932272, 37.075643019853743 ], [ 126.48610581127781, 37.075795773086206 ], [ 126.486268745747296, 37.075656190809582 ], [ 126.486178923932272, 37.075643019853743 ] ] ], [ [ [ 126.485987411583295, 37.075829839420983 ], [ 126.486070453004061, 37.075862977891205 ], [ 126.486068358717432, 37.075802459423059 ], [ 126.485987411583295, 37.075829839420983 ] ] ], [ [ [ 126.48446313634075, 37.080012389601976 ], [ 126.486968500121066, 37.078412349708486 ], [ 126.485858162085009, 37.077679017843465 ], [ 126.48446313634075, 37.080012389601976 ] ] ] ] } }
]
}
