{
"type": "FeatureCollection",
"name": "chungnam_sgg",
"crs": { "type": "name", "properties": { "name": "urn:ogc:def:crs:OGC:1.3:CRS84" } },
"features": [
{ "type": "Feature", "properties": { "sgg_cd": "34011", "sgg_nm": "천안시 동남구", "sigungu_nm": "천안시" }, "geometry": { "type": "Polygon", "coordinates": [ [ [ 127.127733907932736, 36.70851979102958 ], [ 127.132030717113906, 36.706159571767934 ], [ 127.134378529217514, 36.706791983391533 ], [ 127.136143554393243, 36.705039576879827 ], [ 127.136030433992005, 36.702940940804147 ], [ 127.138289099070931, 36.701662715362637 ], [ 127.138829645539232, 36.698253887783331 ], [ 127.140903326630465, 36.696885147713374 ], [ 127.140481472811558, 36.694581876378528 ], [ 127.142388007454031, 36.69318289245161 ], [ 127.142906446719735, 36.691780757491479 ], [ 127.141554162643402, 36.690750283439037 ], [ 127.141748933095883, 36.689983825822594 ], [ 127.143827768715681, 36.688997722838373 ], [ 127.149025973832224, 36.690944298500462 ], [ 127.14958789134559, 36.689852400623359 ], [ 127.150888205498063, 36.689454283978058 ], [ 127.15334318393991, 36.69098167451498 ], [ 127.156223453635135, 36.690764233873381 ], [ 127.157113942955959, 36.695657282574807 ], [ 127.160349681733592, 36.692726619266203 ], [ 127.161444901331578, 36.690218628541459 ], [ 127.159871408965259, 36.688161385682825 ], [ 127.160856175283783, 36.688092821244012 ], [ 127.161965817859752, 36.685972518157214 ], [ 127.164123637583884, 36.678497590149611 ], [ 127.16344711131687, 36.676230213121649 ], [ 127.158556537006902, 36.673027358567708 ], [ 127.158723324059451, 36.671327392861514 ], [ 127.1561168543424, 36.669037716874541 ], [ 127.155271974533463, 36.665268736780362 ], [ 127.154360934400927, 36.66441721629915 ], [ 127.159042257318433, 36.661350945470495 ], [ 127.160568727811992, 36.65611900292199 ], [ 127.154289398844426, 36.652449776820774 ], [ 127.154145403446833, 36.646690626844048 ], [ 127.153144437771061, 36.645213495848886 ], [ 127.153821447881256, 36.643053016881602 ], [ 127.156343014269567, 36.641371692193523 ], [ 127.156357240010124, 36.639920571305417 ], [ 127.157498081042775, 36.639543990937021 ], [ 127.156426996702294, 36.637850703553219 ], [ 127.158082081402611, 36.635363394490284 ], [ 127.156927583870058, 36.633085320773326 ], [ 127.157535989724721, 36.632266756600657 ], [ 127.15628907881181, 36.631699822197184 ], [ 127.156489914046062, 36.628616845019486 ], [ 127.157642691042852, 36.626788585089798 ], [ 127.160367461558153, 36.62628062885566 ], [ 127.160497345130068, 36.624450880631358 ], [ 127.157413341159042, 36.623416403039009 ], [ 127.154989315593554, 36.624208596194379 ], [ 127.150429765425443, 36.619749552405764 ], [ 127.148943136153463, 36.621765431805024 ], [ 127.149499544503229, 36.623540260788474 ], [ 127.147806740130704, 36.627059018223243 ], [ 127.148875459766288, 36.628790406137618 ], [ 127.146512772409636, 36.629641215108634 ], [ 127.144546885845429, 36.633584634461428 ], [ 127.144916527749032, 36.635073586842822 ], [ 127.14059030704901, 36.636741861085248 ], [ 127.141303900949708, 36.641132907343312 ], [ 127.140496646369172, 36.642857262520423 ], [ 127.137209551001462, 36.644438594649259 ], [ 127.135900395137284, 36.643675526400877 ], [ 127.135589391876522, 36.644387489564323 ], [ 127.130047896932666, 36.646471258150626 ], [ 127.128354510758015, 36.648568765428145 ], [ 127.128520553097957, 36.651357859933903 ], [ 127.127202836768674, 36.653625314745405 ], [ 127.123959732058182, 36.652992830986761 ], [ 127.121055379140984, 36.654306363895202 ], [ 127.120168280343975, 36.655969263182286 ], [ 127.116957199419772, 36.656092666550315 ], [ 127.114419425983272, 36.657528739000149 ], [ 127.112392461859898, 36.657310705011994 ], [ 127.111414555739444, 36.658807771166515 ], [ 127.108663538829745, 36.658844350795789 ], [ 127.107904711644906, 36.657938549935658 ], [ 127.104213909287964, 36.657208498305444 ], [ 127.100528353182369, 36.654249161531297 ], [ 127.098165311277867, 36.654602542589529 ], [ 127.097636664401975, 36.655420186218166 ], [ 127.095901727646904, 36.653992437684309 ], [ 127.093938722407358, 36.654092543311805 ], [ 127.092650152297054, 36.651748061747654 ], [ 127.0931496398196, 36.648713975775614 ], [ 127.08998169167694, 36.645533132607035 ], [ 127.088608615695534, 36.642228972838232 ], [ 127.086809256331165, 36.641534432133575 ], [ 127.08289014120929, 36.64190297762395 ], [ 127.080704115529599, 36.641312237573331 ], [ 127.077788755534897, 36.642220624329717 ], [ 127.074247909334687, 36.64117893341102 ], [ 127.073011291212993, 36.641417635797623 ], [ 127.072760185100805, 36.642519984503075 ], [ 127.069748144800997, 36.645109395594417 ], [ 127.067159076699809, 36.645179561938043 ], [ 127.064557668918809, 36.646196145530268 ], [ 127.061754101694518, 36.64485716669202 ], [ 127.058663395884651, 36.645405566593205 ], [ 127.054078607387012, 36.651220241345008 ], [ 127.051571601835633, 36.65188392939362 ], [ 127.044771331135735, 36.651302277443975 ], [ 127.042797362465635, 36.651811267756948 ], [ 127.039919890698656, 36.654703157623317 ], [ 127.034909929552938, 36.655405863968106 ], [ 127.031973375023711, 36.654908499873905 ], [ 127.025285324996574, 36.656092186263734 ], [ 127.020408641017767, 36.650142232088875 ], [ 127.016296281052206, 36.651086477039435 ], [ 127.015275591635998, 36.65294545708781 ], [ 127.012849978680933, 36.654414552396084 ], [ 127.011191200383536, 36.653945833483547 ], [ 127.009177359994453, 36.657144983426583 ], [ 127.008363878269421, 36.657273722228105 ], [ 127.008456389912737, 36.658236247661179 ], [ 127.011622651512752, 36.660818036488045 ], [ 127.011166676426541, 36.662068950510424 ], [ 127.011915910557974, 36.663441978954445 ], [ 127.015423570134942, 36.666457583772008 ], [ 127.015653973192386, 36.672433678813064 ], [ 127.018305192322259, 36.674824415616932 ], [ 127.019950127078644, 36.675279241022025 ], [ 127.019535262402158, 36.677174200764377 ], [ 127.021905789219446, 36.678682920021011 ], [ 127.022170285447956, 36.680717726358012 ], [ 127.029472278046285, 36.689498245575912 ], [ 127.03890992289486, 36.693135063989494 ], [ 127.045356162605728, 36.698045670366227 ], [ 127.048529339760179, 36.701533767689206 ], [ 127.049114849559857, 36.703373509630538 ], [ 127.051830156693327, 36.704824604072861 ], [ 127.055974110795177, 36.705621112903813 ], [ 127.058489468751816, 36.708352302323576 ], [ 127.062885885054797, 36.708515981243544 ], [ 127.064570678186996, 36.709252604719197 ], [ 127.072288940987477, 36.708138202813821 ], [ 127.074645203364696, 36.70985003126971 ], [ 127.076588422507641, 36.709492879711689 ], [ 127.079277210974823, 36.710107015475373 ], [ 127.079959375805998, 36.718345046685599 ], [ 127.081763874809468, 36.720962153160713 ], [ 127.084685720212974, 36.722364218648828 ], [ 127.082792135888567, 36.727292938547293 ], [ 127.083388134032816, 36.728180122040364 ], [ 127.080594807176581, 36.729293483126995 ], [ 127.080452128008517, 36.730365340470499 ], [ 127.083164243617745, 36.736279056973039 ], [ 127.087398653616859, 36.740143832783481 ], [ 127.085687271931931, 36.741179922640796 ], [ 127.085446787614416, 36.742532901168779 ], [ 127.086264846604621, 36.744602351142781 ], [ 127.088301476034488, 36.745054252728806 ], [ 127.088534031932682, 36.746019959823187 ], [ 127.086531029005215, 36.749263451633922 ], [ 127.088899871087747, 36.750651702493329 ], [ 127.091266740570816, 36.749062297184338 ], [ 127.093830551310802, 36.74999213215731 ], [ 127.096112838624791, 36.751443950684525 ], [ 127.098385890294182, 36.755631458565226 ], [ 127.096319523286468, 36.756312049017808 ], [ 127.095733855461788, 36.759173543959065 ], [ 127.092131687277401, 36.759268426764685 ], [ 127.092075145320678, 36.761032965295264 ], [ 127.105424725742481, 36.758453317766438 ], [ 127.10599714496793, 36.759897694794276 ], [ 127.10933494950001, 36.759205086215168 ], [ 127.110144916752418, 36.760537987790165 ], [ 127.114308377923734, 36.76298880169508 ], [ 127.117994657234817, 36.763561114821741 ], [ 127.119344128434065, 36.766696208701333 ], [ 127.118364650295419, 36.767971678210458 ], [ 127.119400039722692, 36.768811799397056 ], [ 127.119713974439094, 36.771863709779417 ], [ 127.118658366911831, 36.773187411013915 ], [ 127.11907781815998, 36.776355243839099 ], [ 127.117312109908411, 36.77806964153158 ], [ 127.117585790195534, 36.780464079844691 ], [ 127.114386287854373, 36.781159597479054 ], [ 127.112716177506584, 36.782552545255513 ], [ 127.112825816447653, 36.784781904804127 ], [ 127.117289991879105, 36.786380417515204 ], [ 127.120023286358233, 36.790733422724301 ], [ 127.124814839287453, 36.789028958241907 ], [ 127.127559975791556, 36.793847389716852 ], [ 127.129416922260674, 36.795406998395535 ], [ 127.132330076803299, 36.794445646691216 ], [ 127.133740787092975, 36.796178347408535 ], [ 127.135445978275584, 36.795787594253625 ], [ 127.134631805898664, 36.800327165601715 ], [ 127.131392251342888, 36.799910026083538 ], [ 127.133235484631825, 36.809786356898883 ], [ 127.130948807836546, 36.810195807178857 ], [ 127.128867544478268, 36.811948942947815 ], [ 127.126039242870121, 36.812305396420136 ], [ 127.125675125212609, 36.815078319047856 ], [ 127.124240985647162, 36.817256537724184 ], [ 127.127857848980938, 36.818561494439329 ], [ 127.128377750929545, 36.820093067916829 ], [ 127.130829568995026, 36.819255167765718 ], [ 127.130787240898684, 36.817478068897188 ], [ 127.13319880478214, 36.817092904093386 ], [ 127.132971228609435, 36.815952449174347 ], [ 127.134890854258742, 36.815616003410916 ], [ 127.134312946341765, 36.813391825600391 ], [ 127.135884524077568, 36.813312310360871 ], [ 127.142117560165687, 36.80743204549421 ], [ 127.14319190242972, 36.80294029732736 ], [ 127.145863186467906, 36.803588350732063 ], [ 127.148319852724768, 36.815807706824479 ], [ 127.150613737752238, 36.817840614484709 ], [ 127.150649945924954, 36.818738995519809 ], [ 127.149050683877817, 36.818741854178526 ], [ 127.150083483657539, 36.824533942228577 ], [ 127.152666957363479, 36.824462833306413 ], [ 127.15305794091006, 36.826646621181219 ], [ 127.155855368509137, 36.828059004497838 ], [ 127.156830582132415, 36.829390499645385 ], [ 127.157894511519117, 36.833162190232272 ], [ 127.163575367153612, 36.835976250726766 ], [ 127.163491028591324, 36.83688979128398 ], [ 127.167199829926119, 36.840170719485194 ], [ 127.171131305439729, 36.845948353210218 ], [ 127.174454316849506, 36.844047439389229 ], [ 127.174562550958555, 36.843085817386815 ], [ 127.177007029640251, 36.841272314818845 ], [ 127.179061325890601, 36.842709410469332 ], [ 127.180830941840938, 36.842208248248518 ], [ 127.183669977031087, 36.844622668252029 ], [ 127.184035385503407, 36.846000698061246 ], [ 127.186980576671857, 36.846258286454884 ], [ 127.187823388852578, 36.847406733817536 ], [ 127.19373132623214, 36.850054069257503 ], [ 127.196184001641214, 36.853086321050853 ], [ 127.198325251469228, 36.853273972442238 ], [ 127.202314885035634, 36.852406094837512 ], [ 127.206063229100906, 36.852604460809211 ], [ 127.209422054589822, 36.85056584044208 ], [ 127.210322740919551, 36.848454433378734 ], [ 127.212385244907637, 36.84721946105487 ], [ 127.216466455031465, 36.848886651507094 ], [ 127.21851519401531, 36.848615050612686 ], [ 127.220921722356664, 36.849392722953205 ], [ 127.222914332148775, 36.848822860173541 ], [ 127.224281133557071, 36.850120542467025 ], [ 127.226771939387064, 36.850936398447082 ], [ 127.228761067932709, 36.853660879053393 ], [ 127.228295212698399, 36.854972367662846 ], [ 127.230598195316404, 36.857422688057973 ], [ 127.229995583517237, 36.859155437399771 ], [ 127.233348197349457, 36.866892518489557 ], [ 127.237031463707766, 36.86587855676008 ], [ 127.240682354248165, 36.868379019307142 ], [ 127.246832424745151, 36.870444016640107 ], [ 127.247131662065925, 36.871141403038123 ], [ 127.249915301527949, 36.871506283186712 ], [ 127.249244781100174, 36.872388753742591 ], [ 127.249542499223551, 36.87538533513797 ], [ 127.252371037920767, 36.878940495972799 ], [ 127.254475612901729, 36.879594426919056 ], [ 127.259519266356492, 36.877996446702802 ], [ 127.261455521550104, 36.879383106286788 ], [ 127.262470493014391, 36.881528263313456 ], [ 127.26619451976984, 36.883106875660658 ], [ 127.271399015016556, 36.882472588034027 ], [ 127.272701727525316, 36.887345213593896 ], [ 127.277893356994525, 36.890246611202421 ], [ 127.281394471283562, 36.887848781760276 ], [ 127.283321335498414, 36.888940755741075 ], [ 127.28450456162183, 36.888454672259172 ], [ 127.287382149754961, 36.889496741792556 ], [ 127.290241419115915, 36.892020997048661 ], [ 127.29150542797548, 36.89218489535245 ], [ 127.295985577077346, 36.889751921238414 ], [ 127.29927011415144, 36.889797787609893 ], [ 127.304017032062561, 36.885420591372764 ], [ 127.307884116882988, 36.885386755099155 ], [ 127.308350462928018, 36.882174006064659 ], [ 127.311212434330017, 36.880343561369429 ], [ 127.309509605562639, 36.878210717704675 ], [ 127.310680302292241, 36.87481535026577 ], [ 127.309857403216611, 36.873435998799884 ], [ 127.311293211761679, 36.87048823784356 ], [ 127.310612592927271, 36.867883880519216 ], [ 127.308577769305387, 36.866962157471498 ], [ 127.305779028213024, 36.863353719729311 ], [ 127.307296771246541, 36.859702939864299 ], [ 127.308754037080533, 36.859780265399962 ], [ 127.31272969666442, 36.857466585485987 ], [ 127.315356410324839, 36.8589844236338 ], [ 127.319299932609056, 36.859064903368896 ], [ 127.324514737727554, 36.856899814755515 ], [ 127.328130795278668, 36.858162674858207 ], [ 127.334796102624438, 36.856180921023807 ], [ 127.336924368745542, 36.85369946106777 ], [ 127.336027820182778, 36.847296613413256 ], [ 127.336800515584827, 36.845640928611601 ], [ 127.334619200759732, 36.842141800438689 ], [ 127.334090037107103, 36.839318914353953 ], [ 127.334180017839884, 36.838092045804572 ], [ 127.335606826957289, 36.837427144785565 ], [ 127.33355447846931, 36.8319666185076 ], [ 127.334538409184646, 36.830666567450002 ], [ 127.336600544749231, 36.829727948840926 ], [ 127.339288333303102, 36.831250407707472 ], [ 127.343915102039702, 36.830488110805504 ], [ 127.346368820927253, 36.829305992533513 ], [ 127.351025310983616, 36.83081045154794 ], [ 127.354445060796536, 36.829474894738276 ], [ 127.357627836181436, 36.826682141185415 ], [ 127.35808305362265, 36.825442616089191 ], [ 127.357150492324948, 36.823559862527269 ], [ 127.360752049252554, 36.820552888304455 ], [ 127.363972057363512, 36.819742784837494 ], [ 127.366613722118714, 36.81696949073342 ], [ 127.369518615201429, 36.816255728375822 ], [ 127.370954470071652, 36.816705438576584 ], [ 127.375336650700945, 36.815028138106221 ], [ 127.377789730957517, 36.814982655827571 ], [ 127.378851735483607, 36.813865606092349 ], [ 127.382156988030374, 36.813752556465346 ], [ 127.38626864304841, 36.809636505967312 ], [ 127.39160838701153, 36.806587485879554 ], [ 127.397487974210975, 36.799672671687219 ], [ 127.400807480779719, 36.799090216740652 ], [ 127.401717508530751, 36.795148502470425 ], [ 127.396738527829967, 36.790278936579128 ], [ 127.39600320069988, 36.787835732418706 ], [ 127.396746291570068, 36.785927148635338 ], [ 127.394982768616572, 36.784094754577659 ], [ 127.395497176833587, 36.782477536849925 ], [ 127.399818023347919, 36.780856374707312 ], [ 127.401556403611934, 36.778789547774267 ], [ 127.401897111647457, 36.775711979416599 ], [ 127.403317597117919, 36.774474975624933 ], [ 127.40864966478523, 36.773884881644513 ], [ 127.410845324546642, 36.772832912572348 ], [ 127.412950168850813, 36.773216509212531 ], [ 127.415041290506778, 36.767840364544639 ], [ 127.41685649162342, 36.766324970358014 ], [ 127.417176389025542, 36.763533817743827 ], [ 127.420417062686454, 36.760837709330978 ], [ 127.419697936405313, 36.757661592154875 ], [ 127.415150261892435, 36.756607982525033 ], [ 127.412557322723174, 36.75741220296289 ], [ 127.411302792534457, 36.755849444666666 ], [ 127.410795905745445, 36.756118430606165 ], [ 127.411370925724313, 36.753559272968701 ], [ 127.405597719287186, 36.750262095722206 ], [ 127.404197528810542, 36.744850348160767 ], [ 127.400950068600196, 36.747285273060001 ], [ 127.399068298019728, 36.746930284298685 ], [ 127.39602076327985, 36.74793304975362 ], [ 127.393460192781873, 36.752675146876975 ], [ 127.38865502075501, 36.753489195947829 ], [ 127.386371191653495, 36.759285379346089 ], [ 127.385016993111563, 36.759642588517771 ], [ 127.381880447555105, 36.758174841625575 ], [ 127.379392173948361, 36.758458173887107 ], [ 127.379235828864495, 36.759084651449037 ], [ 127.372301867128343, 36.757926578317566 ], [ 127.369869518320016, 36.760105513111483 ], [ 127.369585706534806, 36.761575203982012 ], [ 127.366441372748554, 36.760928208176622 ], [ 127.364192468230954, 36.761500528226037 ], [ 127.360076931605491, 36.759716700592961 ], [ 127.357814382861307, 36.760973487716136 ], [ 127.356132198408687, 36.756676298517768 ], [ 127.352252616180124, 36.754081902809325 ], [ 127.347841387187401, 36.752926201995635 ], [ 127.343920223430601, 36.753706023574367 ], [ 127.338895155287247, 36.752588638620054 ], [ 127.335507950833602, 36.752641845267178 ], [ 127.334286807901336, 36.748870185913333 ], [ 127.332395186838781, 36.747505775191762 ], [ 127.332675484343298, 36.7468147973442 ], [ 127.334309942147499, 36.746814464575174 ], [ 127.337112339444673, 36.744345155644439 ], [ 127.337404982217123, 36.740115305182101 ], [ 127.339891278591367, 36.739799072024695 ], [ 127.341512911307916, 36.738470096787196 ], [ 127.343166204482074, 36.735695291579134 ], [ 127.342468294767428, 36.732823307080672 ], [ 127.339995246426014, 36.731520653326065 ], [ 127.339202839844035, 36.729725185494019 ], [ 127.33689575524437, 36.729345077653427 ], [ 127.334928045498714, 36.731315312528736 ], [ 127.333345472320445, 36.731102909278157 ], [ 127.330642093164613, 36.732711296644943 ], [ 127.329651196784241, 36.7343706726232 ], [ 127.3283030975537, 36.734555163773877 ], [ 127.325463928972937, 36.733670545564394 ], [ 127.325202989967721, 36.732058827767304 ], [ 127.322435460004257, 36.730702822754381 ], [ 127.31801274319038, 36.724908118258526 ], [ 127.312418821067055, 36.723780133208578 ], [ 127.309435301503839, 36.724577488955134 ], [ 127.309248545192006, 36.724104329292231 ], [ 127.311087179924371, 36.723848654833112 ], [ 127.308734731121461, 36.72078335643485 ], [ 127.307897040027896, 36.715651413009006 ], [ 127.308896726881912, 36.714077805267472 ], [ 127.307701938310387, 36.713377724334912 ], [ 127.306100667280106, 36.708269693901158 ], [ 127.307107687252454, 36.707901594397221 ], [ 127.30839798744195, 36.704805479260358 ], [ 127.301320887794006, 36.699977185474978 ], [ 127.297479488940596, 36.699139745885844 ], [ 127.29654710235468, 36.697651836471259 ], [ 127.292011471455695, 36.697299442142139 ], [ 127.285665820498224, 36.691993089692012 ], [ 127.28526314954189, 36.690606043193995 ], [ 127.28135671300582, 36.690408311696729 ], [ 127.279970759485877, 36.692134677398933 ], [ 127.277708741585329, 36.691349214033835 ], [ 127.273476892567103, 36.695265866257429 ], [ 127.265229643749592, 36.692204285357604 ], [ 127.261463806875184, 36.692752670382447 ], [ 127.25791565820505, 36.692219979975647 ], [ 127.257097864412643, 36.693723502574151 ], [ 127.251217499627515, 36.697012957424477 ], [ 127.248049141181554, 36.695048087401481 ], [ 127.247128279749418, 36.696211307688465 ], [ 127.245710860332366, 36.695891504673668 ], [ 127.243871840923859, 36.697946724615008 ], [ 127.243643781198358, 36.699491192667658 ], [ 127.244758458433992, 36.700767671207309 ], [ 127.24169130006868, 36.701259373172924 ], [ 127.239666087235776, 36.702323380221372 ], [ 127.239558385191998, 36.703346930150872 ], [ 127.237047313932223, 36.704408770827555 ], [ 127.236404505754479, 36.707451876668202 ], [ 127.235303684254689, 36.707387018979567 ], [ 127.234255934725354, 36.708799321393165 ], [ 127.232240753344243, 36.709050771624106 ], [ 127.229747288584775, 36.707826963178483 ], [ 127.225116582737186, 36.71037268168898 ], [ 127.223637163886963, 36.711659823464714 ], [ 127.22343039823825, 36.713828802363949 ], [ 127.224209982278012, 36.714720578875898 ], [ 127.22362996957871, 36.715719932392517 ], [ 127.21813967262716, 36.715588121034564 ], [ 127.215282746870614, 36.716612680815906 ], [ 127.21458319951131, 36.71883293317034 ], [ 127.213483758144292, 36.719006103524706 ], [ 127.212305131309151, 36.718107649612612 ], [ 127.207839445630938, 36.719039955120827 ], [ 127.206289349492337, 36.720691964845962 ], [ 127.204807918887283, 36.720876127612797 ], [ 127.203668596527862, 36.723738548202455 ], [ 127.204220951043482, 36.725072109647591 ], [ 127.203122372418079, 36.726149122867966 ], [ 127.201361460859204, 36.726123647424579 ], [ 127.195409838298715, 36.728598328678494 ], [ 127.193847693913654, 36.727706507515578 ], [ 127.192585203507349, 36.728640908644827 ], [ 127.190400068554681, 36.728614833465862 ], [ 127.189149015804631, 36.727733992250208 ], [ 127.187299711061982, 36.72798695351532 ], [ 127.18321899808241, 36.730318979891564 ], [ 127.176995472274925, 36.728555094549947 ], [ 127.17444513087203, 36.729313791113725 ], [ 127.174128799102192, 36.728573930013567 ], [ 127.17121920698095, 36.73222565824031 ], [ 127.168343014565679, 36.733164921070433 ], [ 127.166965666867085, 36.732368788294615 ], [ 127.167122285088254, 36.733289961254158 ], [ 127.166548873252935, 36.732801057030706 ], [ 127.166611198155948, 36.73348103255708 ], [ 127.164694534022274, 36.73382187293366 ], [ 127.159643892374376, 36.732843944845619 ], [ 127.159453970083703, 36.731504355309539 ], [ 127.157646178838903, 36.729715482224563 ], [ 127.157525636422235, 36.727456094248247 ], [ 127.155843932954099, 36.727331850642891 ], [ 127.151933726870624, 36.728952109411182 ], [ 127.152051284081523, 36.726807583539539 ], [ 127.149288424870207, 36.725932178233727 ], [ 127.149293410812007, 36.724433218462551 ], [ 127.147621283586105, 36.722303012582529 ], [ 127.148819894056459, 36.7210180112681 ], [ 127.148245810007197, 36.71988668256521 ], [ 127.145919295473533, 36.719028411108653 ], [ 127.145113707033374, 36.717520287583362 ], [ 127.140934137477828, 36.71684660566649 ], [ 127.136228387287517, 36.713265572262699 ], [ 127.134438310834227, 36.713276596542414 ], [ 127.13164525454259, 36.710270792588936 ], [ 127.129558557305458, 36.71022461269127 ], [ 127.127733907932736, 36.70851979102958 ] ] ] } },
{ "type": "Feature", "properties": { "sgg_cd": "34012", "sgg_nm": "천안시 서북구", "sigungu_nm": "천안시" }, "geometry": { "type": "Polygon", "coordinates": [ [ [ 127.129416922260674, 36.795406998395535 ], [ 127.124814839287453, 36.789028958241907 ], [ 127.120023286358233, 36.790733422724301 ], [ 127.117567510496386, 36.7866127642138 ], [ 127.113329050759376, 36.784926936678097 ], [ 127.113678916736205, 36.787126166577742 ], [ 127.110866278647521, 36.791122945280918 ], [ 127.111226182798916, 36.792711093800825 ], [ 127.110309626382929, 36.793007337857482 ], [ 127.111042081544696, 36.797278546935168 ], [ 127.109340283862053, 36.797908270799041 ], [ 127.106719550398509, 36.796977072806399 ], [ 127.10542177896663, 36.799762540763929 ], [ 127.103752815056581, 36.799525887489473 ], [ 127.101198441310984, 36.797145559401677 ], [ 127.100490378887812, 36.794504107409914 ], [ 127.098933100849479, 36.794245512588859 ], [ 127.099733946779708, 36.792726490665714 ], [ 127.097999535392901, 36.792439376178095 ], [ 127.097712449244099, 36.794468630593919 ], [ 127.095811560321835, 36.794587386563762 ], [ 127.094383396357273, 36.795837083854806 ], [ 127.094173126261936, 36.797263969239125 ], [ 127.096099542367398, 36.799259934235288 ], [ 127.09673301776705, 36.801305499396413 ], [ 127.096186047066453, 36.804994837080237 ], [ 127.097816028536414, 36.806016280339847 ], [ 127.098530503586659, 36.810539794302244 ], [ 127.096590400778581, 36.814964663651359 ], [ 127.100311275611332, 36.819496430093814 ], [ 127.102035275233945, 36.824382609727778 ], [ 127.100603420659937, 36.827273824435665 ], [ 127.101729242488105, 36.828618622464084 ], [ 127.100871090010557, 36.831648168631595 ], [ 127.102504486552618, 36.832394695835191 ], [ 127.105617084332977, 36.836486104436503 ], [ 127.104853742018506, 36.83831853736018 ], [ 127.102754088018173, 36.837449666516214 ], [ 127.098250632573411, 36.837902281518687 ], [ 127.098160654824852, 36.840173963369701 ], [ 127.101947574899981, 36.842505229740617 ], [ 127.101892478467136, 36.844303815273378 ], [ 127.103766172596167, 36.84454298269862 ], [ 127.105318272511923, 36.846085607229249 ], [ 127.110494113328656, 36.854976783888198 ], [ 127.109850542920611, 36.857181679216595 ], [ 127.107182512537918, 36.860162036527477 ], [ 127.105607432399992, 36.859922760772754 ], [ 127.104570267283648, 36.861070031606729 ], [ 127.103377788320913, 36.860882765039641 ], [ 127.102752297653254, 36.861523673586809 ], [ 127.099431594159881, 36.861031258759077 ], [ 127.09920296628313, 36.862055747560611 ], [ 127.096637847902798, 36.862145768242286 ], [ 127.090967539670174, 36.860883797908414 ], [ 127.087420303001196, 36.861862391305657 ], [ 127.088705642027435, 36.867523419995869 ], [ 127.087603546959215, 36.874649324668525 ], [ 127.086313909705538, 36.875838127862515 ], [ 127.08877377423201, 36.880658559313694 ], [ 127.091037950155808, 36.882255640577441 ], [ 127.090386015518064, 36.88545209889417 ], [ 127.087536982424098, 36.889769906032008 ], [ 127.090451826712226, 36.89104014558783 ], [ 127.092951753079419, 36.893611199393987 ], [ 127.091737652060459, 36.894308553563526 ], [ 127.089424228697524, 36.899838263973535 ], [ 127.08653194009365, 36.902135257618689 ], [ 127.084743290980384, 36.901900501789946 ], [ 127.084635215886777, 36.903398351996209 ], [ 127.087490484023917, 36.907348604228481 ], [ 127.090948566716776, 36.908754462812865 ], [ 127.092848979529435, 36.908719181546921 ], [ 127.092742821562723, 36.908245013509742 ], [ 127.094079239011663, 36.911106613229556 ], [ 127.093926088529557, 36.913085163790583 ], [ 127.092029344439126, 36.914778840828724 ], [ 127.091049494673555, 36.917334419544659 ], [ 127.088976290043618, 36.918478358881572 ], [ 127.08964041109347, 36.919882762888101 ], [ 127.087652216289712, 36.922702344343477 ], [ 127.087496805749495, 36.924265699957218 ], [ 127.084634751508389, 36.925457342033624 ], [ 127.082363449865809, 36.92782800934927 ], [ 127.080365677283169, 36.930252084403989 ], [ 127.079402527065, 36.933744664039359 ], [ 127.074729160024404, 36.93593087935443 ], [ 127.074082492267465, 36.938625041777911 ], [ 127.078321791668216, 36.942505150849584 ], [ 127.086212073469028, 36.947737886788019 ], [ 127.089832064816065, 36.945701347459398 ], [ 127.092892560140015, 36.942820357797977 ], [ 127.095763943937044, 36.94237432102998 ], [ 127.097002644589978, 36.947994127810951 ], [ 127.098636549366333, 36.948592317675207 ], [ 127.09846046224591, 36.949230815964277 ], [ 127.102999424745121, 36.953160237755029 ], [ 127.096414827684072, 36.955691543709563 ], [ 127.09643191825046, 36.959419754433689 ], [ 127.098301238665925, 36.9607873219909 ], [ 127.100781305455939, 36.96067939079618 ], [ 127.101862528180234, 36.964117223449314 ], [ 127.104546975954946, 36.965763341373723 ], [ 127.10664905379933, 36.965989590492889 ], [ 127.107900147731598, 36.96880970181487 ], [ 127.110853221919996, 36.969224343018986 ], [ 127.111543673808271, 36.971280733609781 ], [ 127.1124160671027, 36.971289141123535 ], [ 127.111911857783284, 36.972130257194443 ], [ 127.113098050988413, 36.973074036236554 ], [ 127.115044734147773, 36.971028464813138 ], [ 127.120213998828476, 36.970347046440168 ], [ 127.121356237198285, 36.968273396884783 ], [ 127.124321022570555, 36.968360493616188 ], [ 127.129505914402458, 36.966426716197802 ], [ 127.132931772237527, 36.966936588120866 ], [ 127.136107310483055, 36.965563385003207 ], [ 127.137151968100142, 36.965904599670367 ], [ 127.135728316073198, 36.967158721736432 ], [ 127.135898052513113, 36.967888403230802 ], [ 127.143753496923793, 36.971069064743972 ], [ 127.146762785865036, 36.971011350819758 ], [ 127.150196381247071, 36.969412202994874 ], [ 127.152363450816964, 36.969364437807862 ], [ 127.154847427652072, 36.970469552879365 ], [ 127.15887788469081, 36.969923617812739 ], [ 127.157718294090131, 36.966653298644175 ], [ 127.156545890021945, 36.966295353801428 ], [ 127.155390543333638, 36.966864543703515 ], [ 127.155545300612133, 36.965710984548792 ], [ 127.154423657720912, 36.966225891402743 ], [ 127.155402479325403, 36.964427217151552 ], [ 127.158438677114944, 36.963814914701764 ], [ 127.160865372428518, 36.964316276373268 ], [ 127.165530740761326, 36.961660792664155 ], [ 127.171912368142287, 36.963255669349209 ], [ 127.175289776508663, 36.962286653295976 ], [ 127.177772235762333, 36.962697471277899 ], [ 127.179069184002685, 36.960343716162107 ], [ 127.179074532669603, 36.957811670976803 ], [ 127.180498092403084, 36.956674205731083 ], [ 127.185120173534827, 36.954991146606432 ], [ 127.187984061823187, 36.955238951234222 ], [ 127.190750516054223, 36.952486276496181 ], [ 127.202144014403956, 36.951710660282941 ], [ 127.206866955108609, 36.946133901412736 ], [ 127.205733322732158, 36.942017909883432 ], [ 127.211559314035227, 36.937808997640737 ], [ 127.211396311064306, 36.935610354209132 ], [ 127.209727177471677, 36.932729821889424 ], [ 127.21045076177468, 36.930538965568218 ], [ 127.214804422935984, 36.930116690654245 ], [ 127.21673657106912, 36.930689815617555 ], [ 127.217698214590527, 36.929408623338929 ], [ 127.220327816052702, 36.930449047509832 ], [ 127.221994888061502, 36.928598739951148 ], [ 127.225638437427179, 36.927159205394524 ], [ 127.22838032636146, 36.924513863132049 ], [ 127.231433555685868, 36.924724173805039 ], [ 127.233742393052708, 36.923611376499387 ], [ 127.236346506457593, 36.923723397587757 ], [ 127.237661079860658, 36.920557983114193 ], [ 127.243142694885833, 36.918564570705946 ], [ 127.244048608477186, 36.917598612583696 ], [ 127.246644625521739, 36.918764592600361 ], [ 127.248147501898572, 36.918527259037496 ], [ 127.248934714243887, 36.919039230645076 ], [ 127.248908200495606, 36.921210902160546 ], [ 127.253131962438118, 36.922436371452548 ], [ 127.258609088685844, 36.915873898650439 ], [ 127.261881818476013, 36.914668327827158 ], [ 127.265732523557148, 36.915056307023278 ], [ 127.266883782590867, 36.913729148937229 ], [ 127.270832128880201, 36.913287744550978 ], [ 127.273045394720228, 36.914012494965405 ], [ 127.274288801322101, 36.913442042027832 ], [ 127.273285832671874, 36.912245896467439 ], [ 127.27409483023844, 36.909387599953597 ], [ 127.27884119921039, 36.906249843380451 ], [ 127.279754737759703, 36.904445534678459 ], [ 127.279156659039543, 36.900410063022434 ], [ 127.283532400620899, 36.897372101145457 ], [ 127.282668898119113, 36.89740118702187 ], [ 127.285855585284111, 36.894483088082083 ], [ 127.288152677471189, 36.89365053879559 ], [ 127.28987640200576, 36.894022070167203 ], [ 127.290588043242806, 36.892196981606638 ], [ 127.287382149754961, 36.889496741792556 ], [ 127.28450456162183, 36.888454672259172 ], [ 127.283321335498414, 36.888940755741075 ], [ 127.281394471283562, 36.887848781760276 ], [ 127.277893356994525, 36.890246611202421 ], [ 127.275179630230284, 36.88906268774825 ], [ 127.274704562577227, 36.888091361286932 ], [ 127.272701727525316, 36.887345213593896 ], [ 127.271399015016556, 36.882472588034027 ], [ 127.26619451976984, 36.883106875660658 ], [ 127.262470493014391, 36.881528263313456 ], [ 127.261455521550104, 36.879383106286788 ], [ 127.259519266356492, 36.877996446702802 ], [ 127.254475612901729, 36.879594426919056 ], [ 127.252371037920767, 36.878940495972799 ], [ 127.249542499223551, 36.87538533513797 ], [ 127.249244781100174, 36.872388753742591 ], [ 127.249915301527949, 36.871506283186712 ], [ 127.247131662065925, 36.871141403038123 ], [ 127.246832424745151, 36.870444016640107 ], [ 127.240682354248165, 36.868379019307142 ], [ 127.237031463707766, 36.86587855676008 ], [ 127.233348197349457, 36.866892518489557 ], [ 127.229995583517237, 36.859155437399771 ], [ 127.230598195316404, 36.857422688057973 ], [ 127.228295212698399, 36.854972367662846 ], [ 127.228761067932709, 36.853660879053393 ], [ 127.226771939387064, 36.850936398447082 ], [ 127.224281133557071, 36.850120542467025 ], [ 127.222914332148775, 36.848822860173541 ], [ 127.220921722356664, 36.849392722953205 ], [ 127.21851519401531, 36.848615050612686 ], [ 127.216466455031465, 36.848886651507094 ], [ 127.212385244907637, 36.84721946105487 ], [ 127.210322740919551, 36.848454433378734 ], [ 127.209422054589822, 36.85056584044208 ], [ 127.206063229100906, 36.852604460809211 ], [ 127.202314885035634, 36.852406094837512 ], [ 127.198325251469228, 36.853273972442238 ], [ 127.196184001641214, 36.853086321050853 ], [ 127.19373132623214, 36.850054069257503 ], [ 127.187823388852578, 36.847406733817536 ], [ 127.186980576671857, 36.846258286454884 ], [ 127.184035385503407, 36.846000698061246 ], [ 127.183669977031087, 36.844622668252029 ], [ 127.180830941840938, 36.842208248248518 ], [ 127.179061325890601, 36.842709410469332 ], [ 127.177007029640251, 36.841272314818845 ], [ 127.174562550958555, 36.843085817386815 ], [ 127.174454316849506, 36.844047439389229 ], [ 127.171131305439729, 36.845948353210218 ], [ 127.167199829926119, 36.840170719485194 ], [ 127.163491028591324, 36.83688979128398 ], [ 127.163575367153612, 36.835976250726766 ], [ 127.157894511519117, 36.833162190232272 ], [ 127.156830582132415, 36.829390499645385 ], [ 127.155855368509137, 36.828059004497838 ], [ 127.15305794091006, 36.826646621181219 ], [ 127.152666957363479, 36.824462833306413 ], [ 127.150083483657539, 36.824533942228577 ], [ 127.149050683877817, 36.818741854178526 ], [ 127.150649945924954, 36.818738995519809 ], [ 127.150613737752238, 36.817840614484709 ], [ 127.148319852724768, 36.815807706824479 ], [ 127.145863186467906, 36.803588350732063 ], [ 127.14319190242972, 36.80294029732736 ], [ 127.142117560165687, 36.80743204549421 ], [ 127.135884524077568, 36.813312310360871 ], [ 127.134312946341765, 36.813391825600391 ], [ 127.134890854258742, 36.815616003410916 ], [ 127.132971228609435, 36.815952449174347 ], [ 127.13319880478214, 36.817092904093386 ], [ 127.130787240898684, 36.817478068897188 ], [ 127.130829568995026, 36.819255167765718 ], [ 127.128377750929545, 36.820093067916829 ], [ 127.127857848980938, 36.818561494439329 ], [ 127.124240985647162, 36.817256537724184 ], [ 127.125675125212609, 36.815078319047856 ], [ 127.126039242870121, 36.812305396420136 ], [ 127.128867544478268, 36.811948942947815 ], [ 127.130948807836546, 36.810195807178857 ], [ 127.133235484631825, 36.809786356898883 ], [ 127.131392251342888, 36.799910026083538 ], [ 127.133942525717899, 36.800680927711745 ], [ 127.135248231614213, 36.798734040290462 ], [ 127.134511273733125, 36.7985977187776 ], [ 127.135445978275584, 36.795787594253625 ], [ 127.133740787092975, 36.796178347408535 ], [ 127.132330076803299, 36.794445646691216 ], [ 127.129416922260674, 36.795406998395535 ] ] ] } },
{ "type": "Feature", "properties": { "sgg_cd": "34020", "sgg_nm": "공주시", "sigungu_nm": "공주시" }, "geometry": { "type": "Polygon", "coordinates": [ [ [ 127.090628423118119, 36.321361384737934 ], [ 127.087953013831239, 36.317166957745044 ], [ 127.084250268590864, 36.316528895202147 ], [ 127.084818136057464, 36.315188552974888 ], [ 127.083189873277874, 36.314112210913095 ], [ 127.083841836202112, 36.311667032818399 ], [ 127.080821031538633, 36.305871384974594 ], [ 127.080266394279406, 36.301869377920603 ], [ 127.077829660959338, 36.296331973733515 ], [ 127.072060185964091, 36.294932860114663 ], [ 127.070214902835119, 36.295628693434168 ], [ 127.068707192850354, 36.297323494166612 ], [ 127.067277018289545, 36.295918725256406 ], [ 127.066803539347333, 36.294464978024706 ], [ 127.068199401238616, 36.290534492725008 ], [ 127.066893973306506, 36.2875644053182 ], [ 127.065110482023229, 36.286255551998018 ], [ 127.066824150914698, 36.282683963386837 ], [ 127.065908768394053, 36.277148931886963 ], [ 127.053265339199484, 36.278684000667546 ], [ 127.039210659273564, 36.283557057531809 ], [ 127.035556417402944, 36.282798368989361 ], [ 127.035471998423048, 36.281359007320845 ], [ 127.034120142010735, 36.28090231335225 ], [ 127.032353490849999, 36.281698366162317 ], [ 127.030938841436452, 36.281170403237205 ], [ 127.029259638919953, 36.281988352312524 ], [ 127.027724086910226, 36.28184084032867 ], [ 127.027318118128534, 36.283250446082647 ], [ 127.025338876632645, 36.284302430430074 ], [ 127.023140330430607, 36.287371374176836 ], [ 127.020026020477928, 36.289751590343485 ], [ 127.01932222067218, 36.289479656767092 ], [ 127.018281236801542, 36.291114330260498 ], [ 127.016395778672432, 36.291179347589186 ], [ 127.015609551394959, 36.292884086974659 ], [ 127.016348189768792, 36.29428562404042 ], [ 127.014551440856522, 36.296843220543927 ], [ 127.013729020678028, 36.296989460258516 ], [ 127.012000632560557, 36.295446061028876 ], [ 127.009748068439038, 36.29568816122044 ], [ 127.007860534529996, 36.29751879408871 ], [ 127.003685937378137, 36.298358460091322 ], [ 127.000404524242597, 36.296574414067962 ], [ 126.995666783612904, 36.297631201205725 ], [ 126.997399204582422, 36.300061645162927 ], [ 126.994939267163943, 36.298359427925412 ], [ 126.993073550329299, 36.299021959572343 ], [ 126.991301009846353, 36.301272534157256 ], [ 126.992049460975807, 36.303603267725173 ], [ 126.989223444104809, 36.304515456981015 ], [ 126.986147863618328, 36.3073949447312 ], [ 126.987773146000393, 36.309185112856298 ], [ 126.986503338247715, 36.311677003080646 ], [ 126.987670615820491, 36.313444024551423 ], [ 126.988559467570994, 36.317943263983089 ], [ 126.990461571828007, 36.319286490942133 ], [ 126.991215868329633, 36.317889730816468 ], [ 126.992862952154368, 36.319123350421712 ], [ 126.99415770919569, 36.326193462495468 ], [ 126.997760211432123, 36.328409121670653 ], [ 126.990459417950049, 36.329615403018252 ], [ 126.988906641534356, 36.332733890935678 ], [ 126.990206541932466, 36.335800553682603 ], [ 126.985870295826928, 36.337457384189449 ], [ 126.977297237481849, 36.335148664413211 ], [ 126.984284379288766, 36.338573778554775 ], [ 126.984095099510625, 36.340584779383704 ], [ 126.985282236268432, 36.342403068341852 ], [ 126.987506647751388, 36.342153560512827 ], [ 126.989524455027038, 36.345220866955152 ], [ 126.989686609773827, 36.345678518816712 ], [ 126.987492054390358, 36.345837394348095 ], [ 126.987484611240035, 36.359234473668316 ], [ 126.988282985858248, 36.366443945712604 ], [ 126.992015406836288, 36.375201152430805 ], [ 127.002191910879546, 36.380392265643763 ], [ 127.006371386526112, 36.384223265806234 ], [ 127.025775136248143, 36.397098312747779 ], [ 127.023680697538467, 36.398884716334798 ], [ 127.028231070481638, 36.403542256113802 ], [ 127.027348287498086, 36.40612569820636 ], [ 127.026202779554623, 36.406624961265912 ], [ 127.025936439923512, 36.40827781625066 ], [ 127.022227030855618, 36.411980893380772 ], [ 127.019333546510765, 36.412312251712116 ], [ 127.020729152369384, 36.413875564189837 ], [ 127.020556800014859, 36.415072456538411 ], [ 127.018075709338007, 36.415238686102583 ], [ 127.015334667222547, 36.418325235984675 ], [ 127.015504196344267, 36.419329743007317 ], [ 127.019206461914294, 36.420332075659331 ], [ 127.020462026442303, 36.422211097375765 ], [ 127.023875738621712, 36.424239241919317 ], [ 127.023711571474024, 36.426529353642216 ], [ 127.021006513773443, 36.428595462432753 ], [ 127.020758437584661, 36.432260420690696 ], [ 127.017849465836107, 36.434611194371527 ], [ 127.020223604351983, 36.438536528651206 ], [ 127.017799201234297, 36.439237537974918 ], [ 127.013690810491454, 36.43764494631472 ], [ 127.006977731480987, 36.438368627318617 ], [ 127.006339042526747, 36.44096314980748 ], [ 127.008366456677692, 36.444419569235222 ], [ 127.010442278129659, 36.445920978827147 ], [ 127.006368884244864, 36.447167069003605 ], [ 127.00747631840251, 36.449773622836283 ], [ 127.006641435408966, 36.451996992790811 ], [ 127.003380707786789, 36.450972588369829 ], [ 127.002047727569121, 36.451595240450445 ], [ 127.004098258716866, 36.455902752767592 ], [ 127.001189662146629, 36.455672147242701 ], [ 126.99831089447251, 36.459442604990834 ], [ 126.994846470367818, 36.461355728216951 ], [ 126.990351094573668, 36.461007331996022 ], [ 126.984433854478723, 36.46311534177751 ], [ 126.981937263728454, 36.463083698867159 ], [ 126.974587504678652, 36.466891063027987 ], [ 126.968887901213591, 36.466783478111907 ], [ 126.966802820632125, 36.467429470394443 ], [ 126.964668099559276, 36.464607083626923 ], [ 126.96039754164633, 36.464266628624387 ], [ 126.958236464793373, 36.464893297084394 ], [ 126.956299641432395, 36.468663351516305 ], [ 126.955731501182044, 36.467161583948972 ], [ 126.952615763269208, 36.465443085570421 ], [ 126.949365902837087, 36.465592934121112 ], [ 126.947774337436101, 36.46454773489895 ], [ 126.945922922996715, 36.464450571523237 ], [ 126.943734936758617, 36.462420803482082 ], [ 126.942222998341336, 36.462519189809363 ], [ 126.942287757559811, 36.461716622099942 ], [ 126.940586342774807, 36.462041600547884 ], [ 126.938648759974726, 36.460813893478743 ], [ 126.939179809417126, 36.460276577157806 ], [ 126.937971419256584, 36.460126402322594 ], [ 126.936989283866325, 36.458081662240524 ], [ 126.933758512350479, 36.457844716838338 ], [ 126.932764446422226, 36.455863575221429 ], [ 126.931072144012902, 36.455460166191564 ], [ 126.930579724610297, 36.454514506033384 ], [ 126.923605016154056, 36.45529444723217 ], [ 126.921676301068359, 36.454164473331481 ], [ 126.919619201405666, 36.454183075626283 ], [ 126.918004031940896, 36.455591702751342 ], [ 126.91545548269616, 36.45565382192045 ], [ 126.914379221387648, 36.457939162502853 ], [ 126.913572003774931, 36.465187820479983 ], [ 126.907622818838746, 36.467969837831774 ], [ 126.904983880088153, 36.468181190323143 ], [ 126.903237034456325, 36.470841556107921 ], [ 126.901059310428224, 36.471311165055695 ], [ 126.899363341981228, 36.47677241228012 ], [ 126.895123612915739, 36.477453594249191 ], [ 126.893498375781533, 36.479159256389863 ], [ 126.893781465442487, 36.480592057237097 ], [ 126.894626164472399, 36.480900057827427 ], [ 126.894303609614539, 36.483674482818792 ], [ 126.891435721870778, 36.48670706615227 ], [ 126.893197212785381, 36.489599685466175 ], [ 126.891831577072935, 36.494108716062627 ], [ 126.891824587465294, 36.498076868824562 ], [ 126.894018419155842, 36.501936639155858 ], [ 126.893951036953936, 36.503613565952918 ], [ 126.889966518041234, 36.50722999113497 ], [ 126.885646552998566, 36.509314290414409 ], [ 126.883572743544988, 36.512598363366756 ], [ 126.884424811043459, 36.514349395610182 ], [ 126.88802486212802, 36.517280769499195 ], [ 126.887882666400117, 36.518617146199816 ], [ 126.889999505853012, 36.520951152852035 ], [ 126.889482596708405, 36.521812670419891 ], [ 126.89067991435796, 36.525441744181443 ], [ 126.893876977995276, 36.526625743618425 ], [ 126.891816652919402, 36.529545556708541 ], [ 126.891590863590594, 36.531535187868265 ], [ 126.888396745474324, 36.533841677858902 ], [ 126.89049076711882, 36.538526503465221 ], [ 126.889719718354769, 36.541425496721899 ], [ 126.892899709614866, 36.54242870593324 ], [ 126.892735198357727, 36.54501794065505 ], [ 126.894694201830887, 36.547154575831861 ], [ 126.897868262744723, 36.548382371334981 ], [ 126.897681041226662, 36.549142548794798 ], [ 126.899858435329918, 36.549655214091437 ], [ 126.899203008010801, 36.560097815972945 ], [ 126.900515043148857, 36.561147638589937 ], [ 126.902937155026933, 36.560703319567686 ], [ 126.904098624725151, 36.561469956297856 ], [ 126.903798402872056, 36.563148655751448 ], [ 126.905594268315824, 36.565425775022554 ], [ 126.906580848237041, 36.565398124158826 ], [ 126.906650174921552, 36.56637733204672 ], [ 126.910349325322272, 36.566913287290078 ], [ 126.911350652443403, 36.568487108605595 ], [ 126.911430872970229, 36.572158469768368 ], [ 126.91556060608039, 36.573834547008765 ], [ 126.917386904038253, 36.576918874182894 ], [ 126.920458306619622, 36.577486746281664 ], [ 126.922012878679482, 36.580243585071493 ], [ 126.922499890394093, 36.583917176847606 ], [ 126.924539657002398, 36.585471846993265 ], [ 126.924818596052575, 36.587660388142076 ], [ 126.93098049725026, 36.591743814141175 ], [ 126.930385516474459, 36.593549952585974 ], [ 126.9273978351941, 36.59562384761324 ], [ 126.928148487687011, 36.600093391906022 ], [ 126.927031161742178, 36.601423000313929 ], [ 126.928645397147847, 36.603141787812085 ], [ 126.930777716382849, 36.602522136544984 ], [ 126.931971722347271, 36.603258669981379 ], [ 126.932070297038166, 36.604334737551028 ], [ 126.930068250355049, 36.606820409204197 ], [ 126.930248892470729, 36.608647001233869 ], [ 126.931902350282584, 36.610700033664266 ], [ 126.932211633968649, 36.613063158394198 ], [ 126.937503896718127, 36.615824147444449 ], [ 126.935847137100623, 36.623126373703577 ], [ 126.936706242830027, 36.623917587440779 ], [ 126.938769825383545, 36.623821540377477 ], [ 126.941911108154244, 36.625195964928835 ], [ 126.944070838541336, 36.627862123727326 ], [ 126.945396554612415, 36.628113945704875 ], [ 126.944688108891938, 36.631789390291992 ], [ 126.943525664411553, 36.632949594768178 ], [ 126.944738143766031, 36.633115202625412 ], [ 126.946897597548329, 36.636131901732831 ], [ 126.948377363891751, 36.640996422248925 ], [ 126.955153297148428, 36.645434214620707 ], [ 126.954986834255308, 36.64855628476235 ], [ 126.954025699195668, 36.649246674534673 ], [ 126.95436524506286, 36.652350071549492 ], [ 126.960085707961923, 36.655616813524034 ], [ 126.958675029615492, 36.658581591900926 ], [ 126.959769604940533, 36.662368120336872 ], [ 126.957794966724521, 36.66257073335295 ], [ 126.958101460168777, 36.663905071060228 ], [ 126.956889638238067, 36.665653377565981 ], [ 126.957383761572132, 36.672030144169078 ], [ 126.963552115981003, 36.676247850874411 ], [ 126.965248535496997, 36.678848680809871 ], [ 126.967665915287881, 36.679247022223343 ], [ 126.968758490950918, 36.677090818714561 ], [ 126.968814184802525, 36.673957739771232 ], [ 126.970475147155071, 36.670727081520624 ], [ 126.978612296754449, 36.660909752093922 ], [ 126.977353993920957, 36.655876707626021 ], [ 126.978098244848482, 36.653628260816163 ], [ 126.982505158927779, 36.651725131025252 ], [ 126.984733133159821, 36.651774180885397 ], [ 126.985240414223171, 36.650960982448474 ], [ 126.987279155441925, 36.650825506146987 ], [ 126.989451871917041, 36.648724141074609 ], [ 126.993226887804553, 36.648674062243785 ], [ 126.995529232375617, 36.650848732068653 ], [ 126.999168545912624, 36.651998644554432 ], [ 127.002715838346063, 36.651251571536449 ], [ 127.003718023399244, 36.652619019008903 ], [ 127.006208867376785, 36.652872668438107 ], [ 127.007508287832337, 36.655178372388981 ], [ 127.009389249506697, 36.656276507883938 ], [ 127.011191200383536, 36.653945833483547 ], [ 127.012849978680933, 36.654414552396084 ], [ 127.015275591635998, 36.65294545708781 ], [ 127.016296281052206, 36.651086477039435 ], [ 127.020408641017767, 36.650142232088875 ], [ 127.025285324996574, 36.656092186263734 ], [ 127.031973375023711, 36.654908499873905 ], [ 127.036968110371333, 36.655308397908847 ], [ 127.039919890698656, 36.654703157623317 ], [ 127.043150060696476, 36.651604444071666 ], [ 127.049859373760384, 36.652036134828734 ], [ 127.054078607387012, 36.651220241345008 ], [ 127.058663395884651, 36.645405566593205 ], [ 127.061754101694518, 36.64485716669202 ], [ 127.064557668918809, 36.646196145530268 ], [ 127.067159076699809, 36.645179561938043 ], [ 127.069748144800997, 36.645109395594417 ], [ 127.073511699246808, 36.641246966041862 ], [ 127.077788755534897, 36.642220624329717 ], [ 127.080704115529599, 36.641312237573331 ], [ 127.08289014120929, 36.64190297762395 ], [ 127.086809256331165, 36.641534432133575 ], [ 127.089581433305952, 36.643267935440207 ], [ 127.08998169167694, 36.645533132607035 ], [ 127.0931496398196, 36.648713975775614 ], [ 127.092650152297054, 36.651748061747654 ], [ 127.093938722407358, 36.654092543311805 ], [ 127.095901727646904, 36.653992437684309 ], [ 127.097636664401975, 36.655420186218166 ], [ 127.098165311277867, 36.654602542589529 ], [ 127.100528353182369, 36.654249161531297 ], [ 127.104213909287964, 36.657208498305444 ], [ 127.107904711644906, 36.657938549935658 ], [ 127.108663538829745, 36.658844350795789 ], [ 127.111414555739444, 36.658807771166515 ], [ 127.112392461859898, 36.657310705011994 ], [ 127.114419425983272, 36.657528739000149 ], [ 127.116957199419772, 36.656092666550315 ], [ 127.120168280343975, 36.655969263182286 ], [ 127.121055379140984, 36.654306363895202 ], [ 127.123959732058182, 36.652992830986761 ], [ 127.127202836768674, 36.653625314745405 ], [ 127.128520553097957, 36.651357859933903 ], [ 127.128354510758015, 36.648568765428145 ], [ 127.130047896932666, 36.646471258150626 ], [ 127.135589391876522, 36.644387489564323 ], [ 127.135900395137284, 36.643675526400877 ], [ 127.137209551001462, 36.644438594649259 ], [ 127.140496646369172, 36.642857262520423 ], [ 127.141303900949708, 36.641132907343312 ], [ 127.14059030704901, 36.636741861085248 ], [ 127.144916527749032, 36.635073586842822 ], [ 127.144546885845429, 36.633584634461428 ], [ 127.146512772409636, 36.629641215108634 ], [ 127.148875459766288, 36.628790406137618 ], [ 127.147806740130704, 36.627059018223243 ], [ 127.149499544503229, 36.623540260788474 ], [ 127.148943136153463, 36.621765431805024 ], [ 127.149896192966949, 36.621323261314707 ], [ 127.150053323948839, 36.619008005580433 ], [ 127.154952294468799, 36.616544517182874 ], [ 127.155985088167952, 36.615146425230733 ], [ 127.154984840715827, 36.61208077241794 ], [ 127.155883767165122, 36.606011045841605 ], [ 127.157896586208778, 36.606329436264815 ], [ 127.158598597989069, 36.605356413311561 ], [ 127.162717502018026, 36.604375436763895 ], [ 127.165654781567383, 36.602426657901347 ], [ 127.167153300892977, 36.602915707412535 ], [ 127.168626161665657, 36.60016997987892 ], [ 127.170731571512619, 36.599171253634346 ], [ 127.171007345079076, 36.597676945649916 ], [ 127.172535809470986, 36.596885984318959 ], [ 127.172723672040092, 36.595451223026259 ], [ 127.178076687995201, 36.596893114451284 ], [ 127.178308194528782, 36.595958400684154 ], [ 127.178655074836158, 36.596683589943396 ], [ 127.181683736596099, 36.595510105519836 ], [ 127.181934614750176, 36.593016678426835 ], [ 127.184321982682278, 36.591202877799709 ], [ 127.187336125367082, 36.59232435849259 ], [ 127.187051669800439, 36.593488393490489 ], [ 127.187969972883849, 36.594076351081839 ], [ 127.190011668948301, 36.594622553850257 ], [ 127.191350853221977, 36.593937539638596 ], [ 127.189255410886886, 36.586839054502256 ], [ 127.192955969635278, 36.580817227130652 ], [ 127.197013112568939, 36.581093942914457 ], [ 127.200399289525848, 36.582567613243498 ], [ 127.205665000180716, 36.580769391972126 ], [ 127.207751314932807, 36.577959504883829 ], [ 127.206861950871897, 36.575289740728735 ], [ 127.203731592680427, 36.572654954175263 ], [ 127.203100015602274, 36.567443715051198 ], [ 127.199200726839351, 36.564944553158405 ], [ 127.193787717070578, 36.56481251947784 ], [ 127.19267678394398, 36.56348156962359 ], [ 127.193186887612441, 36.562199546008614 ], [ 127.191760012934111, 36.561546635521431 ], [ 127.190571185341199, 36.558149041775216 ], [ 127.189335401227623, 36.557161562875507 ], [ 127.188792815214057, 36.553800594372703 ], [ 127.186114333221809, 36.552320873752009 ], [ 127.18926525112056, 36.548480293112249 ], [ 127.191458465755019, 36.547266001016581 ], [ 127.191826854959473, 36.54602537696443 ], [ 127.187007959752506, 36.545797695739253 ], [ 127.185035259229196, 36.543662712193182 ], [ 127.182792956197346, 36.544106099415551 ], [ 127.181174484659863, 36.545599391853862 ], [ 127.178955893517724, 36.545564163115031 ], [ 127.174240557234555, 36.542189508648548 ], [ 127.173796581281181, 36.54075206966732 ], [ 127.174895261375383, 36.538480972867994 ], [ 127.172668445048828, 36.536143616535398 ], [ 127.173018362366477, 36.533456890489852 ], [ 127.174922141885361, 36.532980150466109 ], [ 127.175733466098151, 36.528881969943086 ], [ 127.17753163855501, 36.527892099671952 ], [ 127.179576548343888, 36.523988276800573 ], [ 127.182348728666227, 36.521438080530118 ], [ 127.176746372300784, 36.516629223360113 ], [ 127.173990362085448, 36.515505876293361 ], [ 127.173186402194276, 36.513616626169458 ], [ 127.170263274281538, 36.511747696813536 ], [ 127.171167850726363, 36.511069370378081 ], [ 127.16998970228002, 36.509037913833488 ], [ 127.173592444511399, 36.50736249080142 ], [ 127.175163754816595, 36.505085340651732 ], [ 127.176260806904935, 36.505336295821813 ], [ 127.176193317579319, 36.503134371136461 ], [ 127.178564769934127, 36.502581471992272 ], [ 127.177193469802958, 36.499933036078978 ], [ 127.175695435955674, 36.500556286988598 ], [ 127.173465873178685, 36.499206681123241 ], [ 127.173240090373469, 36.497441075435184 ], [ 127.17462785166741, 36.496673162198071 ], [ 127.174876228250895, 36.494786293515119 ], [ 127.176231701740619, 36.494128031765932 ], [ 127.17683455069114, 36.492480793949575 ], [ 127.180203965801226, 36.491811230107444 ], [ 127.181576194790736, 36.493106193648238 ], [ 127.185446343650753, 36.493208942287012 ], [ 127.18831461114101, 36.49262206211241 ], [ 127.190102946365769, 36.490956937339845 ], [ 127.194675500497368, 36.489593598291115 ], [ 127.193981191089392, 36.488588655954075 ], [ 127.195074986066615, 36.488949338506416 ], [ 127.194821690318051, 36.484386034271033 ], [ 127.193775175285367, 36.483706446085677 ], [ 127.193450024335647, 36.48153683095574 ], [ 127.190481965716955, 36.479470995702073 ], [ 127.192017399611998, 36.474666515589995 ], [ 127.194747626384711, 36.468759559547827 ], [ 127.196370397299219, 36.468122042276697 ], [ 127.197907865418543, 36.465967480952429 ], [ 127.198641624365578, 36.46561625188675 ], [ 127.201085912893333, 36.466802947720282 ], [ 127.203276712917514, 36.464977718562686 ], [ 127.204733515003696, 36.459290238935807 ], [ 127.20325276840876, 36.457488968665608 ], [ 127.203077860819846, 36.45426539424642 ], [ 127.201202446266961, 36.454154655699703 ], [ 127.198399464627542, 36.452206679286924 ], [ 127.201342462849979, 36.449115969950867 ], [ 127.20100796219549, 36.447347980542581 ], [ 127.20181691639992, 36.446316871766733 ], [ 127.200918097847037, 36.44489666473347 ], [ 127.20110991558461, 36.441249570543185 ], [ 127.198933626706875, 36.439884385349352 ], [ 127.207121186358279, 36.43614573487789 ], [ 127.21267823764299, 36.435609948560455 ], [ 127.213449163671825, 36.434606356291113 ], [ 127.217707342125692, 36.433737500451727 ], [ 127.219602149121457, 36.430757115046234 ], [ 127.221203017632817, 36.430239357160715 ], [ 127.223208970767971, 36.427479519375787 ], [ 127.225114641896567, 36.426650162828665 ], [ 127.22564316279643, 36.422294762390784 ], [ 127.22693294104451, 36.421221303886199 ], [ 127.228779840315198, 36.422796265655215 ], [ 127.231708565716772, 36.421945120905207 ], [ 127.231925343712348, 36.419909480807192 ], [ 127.235625909599435, 36.418808005038692 ], [ 127.24452170845862, 36.418343481683998 ], [ 127.243044498980069, 36.417400634346372 ], [ 127.243284221546119, 36.415048542711098 ], [ 127.245579348556603, 36.413431463854764 ], [ 127.247274225352612, 36.410693515811452 ], [ 127.249380017511641, 36.409522820221284 ], [ 127.250795709770685, 36.406758399550128 ], [ 127.255236627137592, 36.408123963439451 ], [ 127.257323660028675, 36.40802944287384 ], [ 127.259116300448113, 36.409107989364735 ], [ 127.259563488945574, 36.410354351802084 ], [ 127.258645507271567, 36.414243071698749 ], [ 127.262612764108354, 36.416681497777951 ], [ 127.266851801774436, 36.417063226011408 ], [ 127.276322387034583, 36.413875721977895 ], [ 127.277755901653023, 36.41435300347068 ], [ 127.27789194356366, 36.415723770208238 ], [ 127.278282191727925, 36.414578639415538 ], [ 127.279861662648926, 36.415396200102336 ], [ 127.282100442686072, 36.414999377934564 ], [ 127.281794126191429, 36.409005757282905 ], [ 127.280623269327734, 36.406807934653642 ], [ 127.281039354952611, 36.404817983950061 ], [ 127.278482451434058, 36.396759680456888 ], [ 127.278786425971006, 36.388558895898285 ], [ 127.277401848259075, 36.387023045413507 ], [ 127.278827958959951, 36.384962877067778 ], [ 127.278854349797811, 36.379910263067067 ], [ 127.280304767853607, 36.378696268881789 ], [ 127.28103693044595, 36.374863605885487 ], [ 127.279351877408175, 36.369395300853164 ], [ 127.277050252674826, 36.368376726138443 ], [ 127.277675430404017, 36.365290308053929 ], [ 127.27234979311082, 36.362621395172852 ], [ 127.270569159273236, 36.360857709922342 ], [ 127.272412784590855, 36.354123063458559 ], [ 127.277418421940766, 36.349908636755458 ], [ 127.27747628735122, 36.347124606664316 ], [ 127.279118076048206, 36.34482237279947 ], [ 127.275699106408197, 36.343876790630695 ], [ 127.273125879257563, 36.34427460263845 ], [ 127.27127913752453, 36.341946153780988 ], [ 127.268646036817628, 36.341002177686761 ], [ 127.265730614861681, 36.338041914288212 ], [ 127.265594252581366, 36.335817488614005 ], [ 127.268120190649697, 36.331411163593181 ], [ 127.26617992098501, 36.32961767431506 ], [ 127.266112036451361, 36.32853331402724 ], [ 127.260880065700377, 36.327137825256607 ], [ 127.255936688055868, 36.32903021799082 ], [ 127.253826944937259, 36.33326203956711 ], [ 127.253794802618231, 36.336837235751887 ], [ 127.244002171523945, 36.337546906758405 ], [ 127.242092920310782, 36.338665688824314 ], [ 127.240384582305765, 36.343128230978834 ], [ 127.241176613136844, 36.34446461728443 ], [ 127.240458446308565, 36.346795858045525 ], [ 127.237202216435506, 36.348379657040532 ], [ 127.2314658959898, 36.348299878555871 ], [ 127.228786160223933, 36.349240530795107 ], [ 127.217498211726351, 36.350248819032927 ], [ 127.207926620238538, 36.348343706962879 ], [ 127.203994495771113, 36.346044838095459 ], [ 127.205851270831971, 36.343216776996741 ], [ 127.199817037491371, 36.338739093445803 ], [ 127.196374784083986, 36.334664685921432 ], [ 127.194335600900914, 36.335071837213015 ], [ 127.187016917002452, 36.331673589845046 ], [ 127.185446790799332, 36.329946892863788 ], [ 127.184330311588681, 36.330339770728337 ], [ 127.183973141997612, 36.331723623497574 ], [ 127.182418506691008, 36.330647108880505 ], [ 127.179290248730013, 36.330644194884464 ], [ 127.177826769566607, 36.329281649457002 ], [ 127.177494459532312, 36.327609889378543 ], [ 127.17450324720123, 36.327519073736589 ], [ 127.172536292798924, 36.326300241801277 ], [ 127.170780264718928, 36.326601824648115 ], [ 127.169397664964379, 36.324710735690672 ], [ 127.165014697832817, 36.322470627560996 ], [ 127.158618684933884, 36.322858548977429 ], [ 127.158490639226798, 36.31636375325543 ], [ 127.156179790670052, 36.315540781228833 ], [ 127.154542139586553, 36.31586844032654 ], [ 127.151703547225551, 36.312185372171982 ], [ 127.149253472105229, 36.312436250004097 ], [ 127.147477976810862, 36.311507114452219 ], [ 127.147778647607169, 36.309007947696813 ], [ 127.14696259946443, 36.309232553590789 ], [ 127.144610241558055, 36.307887560202801 ], [ 127.141744967503016, 36.30501055943607 ], [ 127.13774041872685, 36.311708984043491 ], [ 127.130491520156525, 36.318294799666162 ], [ 127.129834464489718, 36.321234474539501 ], [ 127.125311432869694, 36.320573499303535 ], [ 127.120846003933977, 36.318390137995259 ], [ 127.11998311033966, 36.318822161261913 ], [ 127.117205606282496, 36.323070559102099 ], [ 127.11734257650437, 36.325442497155755 ], [ 127.11572234872223, 36.32675386364027 ], [ 127.115187021374197, 36.330067605999119 ], [ 127.106767278063302, 36.34028508101904 ], [ 127.103951706286523, 36.33440764197362 ], [ 127.101960348331573, 36.333665294429252 ], [ 127.100964399762731, 36.330815317595977 ], [ 127.097801846421518, 36.328265313644799 ], [ 127.092524440974842, 36.321735070734867 ], [ 127.090628423118119, 36.321361384737934 ] ] ] } },
{ "type": "Feature", "properties": { "sgg_cd": "34030", "sgg_nm": "보령시", "sigungu_nm": "보령시" }, "geometry": { "type": "MultiPolygon", "coordinates": [ [ [ [ 126.053463621309902, 36.199248264346174 ], [ 126.053465738256691, 36.199284814165495 ], [ 126.053496631036865, 36.199244713086188 ], [ 126.053463621309902, 36.199248264346174 ] ] ], [ [ [ 126.053393179679006, 36.20168399931363 ], [ 126.053440773527655, 36.201714952603425 ], [ 126.053442018032385, 36.201681656293104 ], [ 126.053393179679006, 36.20168399931363 ] ] ], [ [ [ 126.053497010313862, 36.201861080199393 ], [ 126.053450853255441, 36.201917533415489 ], [ 126.053499097503959, 36.201964649000637 ], [ 126.053497010313862, 36.201861080199393 ] ] ], [ [ [ 126.056112313762071, 36.203095775719831 ], [ 126.05610871813299, 36.203151521107543 ], [ 126.056156844394579, 36.203112420608086 ], [ 126.056112313762071, 36.203095775719831 ] ] ], [ [ [ 126.051626387106268, 36.203378441558968 ], [ 126.051661255232361, 36.203418162528394 ], [ 126.051669559413696, 36.203393544568051 ], [ 126.051626387106268, 36.203378441558968 ] ] ], [ [ [ 126.05794774692454, 36.209940009882175 ], [ 126.058502946361855, 36.209491831233926 ], [ 126.059148439766091, 36.209640273883899 ], [ 126.060007212176657, 36.20878323860245 ], [ 126.058264317856853, 36.20890567429138 ], [ 126.057214897405714, 36.208739175800154 ], [ 126.056278009634681, 36.208125758124474 ], [ 126.056514341362316, 36.207761324644785 ], [ 126.0552110168952, 36.206401844312857 ], [ 126.056807987891219, 36.205683226849921 ], [ 126.055844310853416, 36.203576163912345 ], [ 126.056228262431191, 36.202885448539234 ], [ 126.05664990538051, 36.202617971744594 ], [ 126.058753542154903, 36.202914077883449 ], [ 126.058583813419645, 36.200907215514846 ], [ 126.060576229367115, 36.201058702984149 ], [ 126.061270360181538, 36.2015357663279 ], [ 126.061510801765834, 36.201516538231729 ], [ 126.061069906962004, 36.200475593238139 ], [ 126.059968161308319, 36.200372935431645 ], [ 126.059200697439096, 36.19818248652841 ], [ 126.057679280303887, 36.199502865801158 ], [ 126.053430959102286, 36.198747317357373 ], [ 126.054316451505244, 36.200531660821099 ], [ 126.053482591032378, 36.201228229942238 ], [ 126.05370875217416, 36.202418512624746 ], [ 126.053021577142133, 36.203040739220036 ], [ 126.05145878407987, 36.203499545410104 ], [ 126.051408626150504, 36.204243223697532 ], [ 126.048823502725625, 36.20484377770584 ], [ 126.050693338761064, 36.205625184151792 ], [ 126.051270447931287, 36.205090782431562 ], [ 126.053415500516479, 36.204989345635859 ], [ 126.054816377698558, 36.20723373120483 ], [ 126.05625470631702, 36.208018066115955 ], [ 126.056138357624008, 36.20821449470246 ], [ 126.056810108427456, 36.209141736080824 ], [ 126.056615273516201, 36.209488410322287 ], [ 126.056900459910707, 36.209309290490765 ], [ 126.05794774692454, 36.209940009882175 ] ] ], [ [ [ 126.049633146520137, 36.204521528098233 ], [ 126.049648092166194, 36.204549943459099 ], [ 126.04971033358683, 36.204515284271231 ], [ 126.049633146520137, 36.204521528098233 ] ] ], [ [ [ 126.048919675291884, 36.204626776126375 ], [ 126.049005526809069, 36.204683708650272 ], [ 126.048985902009122, 36.20462751069536 ], [ 126.048919675291884, 36.204626776126375 ] ] ], [ [ [ 126.052850689049578, 36.205077416470921 ], [ 126.053013240351447, 36.205119130081101 ], [ 126.052923833863829, 36.205023709468207 ], [ 126.052850689049578, 36.205077416470921 ] ] ], [ [ [ 126.051534148321636, 36.205290254833905 ], [ 126.051536518960077, 36.205172121710767 ], [ 126.051383631348628, 36.205211443146801 ], [ 126.051534148321636, 36.205290254833905 ] ] ], [ [ [ 126.048953563300103, 36.205185750211712 ], [ 126.048936903473162, 36.205234766937494 ], [ 126.04896329253927, 36.205235346565274 ], [ 126.048953563300103, 36.205185750211712 ] ] ], [ [ [ 126.052808642808174, 36.205258560748689 ], [ 126.052857928515024, 36.20527118970292 ], [ 126.052822086491105, 36.205238373422794 ], [ 126.052808642808174, 36.205258560748689 ] ] ], [ [ [ 126.051667805145485, 36.205278155788051 ], [ 126.051645520120928, 36.205321659909941 ], [ 126.051672611770428, 36.205326731384069 ], [ 126.051667805145485, 36.205278155788051 ] ] ], [ [ [ 126.051454427506187, 36.205352586015017 ], [ 126.051488930623862, 36.205382941689521 ], [ 126.051478780269491, 36.205347778461096 ], [ 126.051454427506187, 36.205352586015017 ] ] ], [ [ [ 126.049202231486419, 36.205342510196211 ], [ 126.049220263194911, 36.205396930921204 ], [ 126.04924484606056, 36.20538147297821 ], [ 126.049202231486419, 36.205342510196211 ] ] ], [ [ [ 126.051473005953028, 36.205434641459185 ], [ 126.051529585887337, 36.205388256714663 ], [ 126.051449961662229, 36.205420355371743 ], [ 126.051473005953028, 36.205434641459185 ] ] ], [ [ [ 126.049386164930397, 36.20555970050907 ], [ 126.049499190255304, 36.205462425792021 ], [ 126.049314137114862, 36.205476681276188 ], [ 126.049386164930397, 36.20555970050907 ] ] ], [ [ [ 126.047515159971482, 36.206437833743699 ], [ 126.049225984188936, 36.206739666500816 ], [ 126.049102265151319, 36.205524715908382 ], [ 126.047515159971482, 36.206437833743699 ] ] ], [ [ [ 126.053842698249483, 36.207923663533656 ], [ 126.053875754107992, 36.207894348598977 ], [ 126.053838276152121, 36.207891953874451 ], [ 126.053842698249483, 36.207923663533656 ] ] ], [ [ [ 126.056078596656008, 36.207988938304702 ], [ 126.056053297134966, 36.207960243734512 ], [ 126.056046352780697, 36.207966353073246 ], [ 126.056078596656008, 36.207988938304702 ] ] ], [ [ [ 126.044263937662052, 36.208720046709217 ], [ 126.044143906149159, 36.208647175163804 ], [ 126.044107896509288, 36.208698579010168 ], [ 126.044263937662052, 36.208720046709217 ] ] ], [ [ [ 126.045597691007274, 36.208741414921903 ], [ 126.045153275594032, 36.20883395207786 ], [ 126.045544655371245, 36.208984478461595 ], [ 126.045597691007274, 36.208741414921903 ] ] ], [ [ [ 126.045576830754712, 36.209174583034851 ], [ 126.045663867938813, 36.209178998036819 ], [ 126.04559573743245, 36.209155187748813 ], [ 126.045576830754712, 36.209174583034851 ] ] ], [ [ [ 126.042342882218009, 36.209217551247463 ], [ 126.042456170397514, 36.209232208191928 ], [ 126.042397193068922, 36.209179992163499 ], [ 126.042342882218009, 36.209217551247463 ] ] ], [ [ [ 126.042116362692838, 36.20918901840669 ], [ 126.042215951925826, 36.209311310526708 ], [ 126.042246783377848, 36.209302509143654 ], [ 126.042116362692838, 36.20918901840669 ] ] ], [ [ [ 126.042188123086291, 36.211931355477923 ], [ 126.043138790365106, 36.211339183220495 ], [ 126.042086935965827, 36.209393599141826 ], [ 126.039268270289043, 36.210928799565494 ], [ 126.042188123086291, 36.211931355477923 ] ] ], [ [ [ 126.014480776900456, 36.214293945369377 ], [ 126.01456728344327, 36.213657357469359 ], [ 126.013266462321013, 36.21414956657452 ], [ 126.014480776900456, 36.214293945369377 ] ] ], [ [ [ 126.014766674514476, 36.214346431855688 ], [ 126.016137708347458, 36.214067014578163 ], [ 126.016385789129387, 36.213913118003433 ], [ 126.01520970103833, 36.213866982947216 ], [ 126.014766674514476, 36.214346431855688 ] ] ], [ [ [ 126.025742063191117, 36.226424994887438 ], [ 126.026356967746707, 36.225048160533241 ], [ 126.027574720821477, 36.224601455859258 ], [ 126.026484799015606, 36.222270111943267 ], [ 126.027755486977142, 36.220779795151181 ], [ 126.030930680404694, 36.221960318633016 ], [ 126.030506820176797, 36.219651570284441 ], [ 126.034063343818218, 36.218999659180973 ], [ 126.03572186332633, 36.219562312357155 ], [ 126.035051001681026, 36.218579711794945 ], [ 126.031556488639239, 36.217776759312287 ], [ 126.031328394180164, 36.216057426218718 ], [ 126.034279430224572, 36.214430349442722 ], [ 126.037772752261887, 36.21457076519885 ], [ 126.036341598383459, 36.212780884806001 ], [ 126.038115913808554, 36.212287617222067 ], [ 126.038552622190593, 36.21109043378803 ], [ 126.03514196294644, 36.210198551729867 ], [ 126.034577093403882, 36.211017164131754 ], [ 126.033187014032663, 36.210910849510881 ], [ 126.033074890710836, 36.212523061970757 ], [ 126.029580087792226, 36.213933675990987 ], [ 126.030183685317454, 36.214661220433022 ], [ 126.028760141854875, 36.21529523047937 ], [ 126.029296191689298, 36.215922274762377 ], [ 126.028339363742305, 36.217398054147687 ], [ 126.02689827288016, 36.217779837083604 ], [ 126.026674124200426, 36.218782754222751 ], [ 126.024567897642896, 36.218581693517045 ], [ 126.025420932730228, 36.221726424100801 ], [ 126.024430356076635, 36.222516528108365 ], [ 126.02286247346953, 36.222399586966397 ], [ 126.02235886297197, 36.223684203815218 ], [ 126.022793645693255, 36.224711049743661 ], [ 126.024277926059682, 36.224448381663414 ], [ 126.025742063191117, 36.226424994887438 ] ] ], [ [ [ 126.023819008445699, 36.218651347149979 ], [ 126.02372918699993, 36.218237540335927 ], [ 126.023390161482993, 36.218421513323243 ], [ 126.023819008445699, 36.218651347149979 ] ] ], [ [ [ 126.054603850988101, 36.222739902763337 ], [ 126.054229103806975, 36.223132120386381 ], [ 126.054771482959964, 36.223280268016943 ], [ 126.054603850988101, 36.222739902763337 ] ] ], [ [ [ 126.000705214945356, 36.223327105018541 ], [ 126.00083574337944, 36.222589757872441 ], [ 125.999698669400814, 36.221991376731943 ], [ 125.998733335375832, 36.222726565005424 ], [ 125.998705064231672, 36.223252338603146 ], [ 126.000705214945356, 36.223327105018541 ] ] ], [ [ [ 126.025515928570243, 36.22664520806476 ], [ 126.025629385525704, 36.226710818053178 ], [ 126.025631990986852, 36.226601193618265 ], [ 126.025515928570243, 36.22664520806476 ] ] ], [ [ [ 126.028375277706374, 36.229360380300307 ], [ 126.028549406181597, 36.229111947987889 ], [ 126.028235047871433, 36.229153992767216 ], [ 126.028375277706374, 36.229360380300307 ] ] ], [ [ [ 125.963884752415822, 36.228473162989765 ], [ 125.963951890149247, 36.228504947004879 ], [ 125.963966307898488, 36.228380137292156 ], [ 125.963884752415822, 36.228473162989765 ] ] ], [ [ [ 125.961758205262925, 36.229388652168012 ], [ 125.961612731563648, 36.229046389788024 ], [ 125.961464640257503, 36.229370464372955 ], [ 125.961758205262925, 36.229388652168012 ] ] ], [ [ [ 125.961258473127543, 36.229342544689018 ], [ 125.961300009831987, 36.22939379335574 ], [ 125.961312890194918, 36.229331087536117 ], [ 125.961258473127543, 36.229342544689018 ] ] ], [ [ [ 125.957395875916546, 36.22928268006217 ], [ 125.957310588221503, 36.22937403761911 ], [ 125.957376514970989, 36.22939520850975 ], [ 125.957395875916546, 36.22928268006217 ] ] ], [ [ [ 125.961953020012217, 36.229403126681589 ], [ 125.961988924352212, 36.22942679912137 ], [ 125.962007150878463, 36.229409233205281 ], [ 125.961953020012217, 36.229403126681589 ] ] ], [ [ [ 125.958604914595909, 36.229739737056775 ], [ 125.959669822912048, 36.2295948544417 ], [ 125.959654857542205, 36.22928312772833 ], [ 125.958604914595909, 36.229739737056775 ] ] ], [ [ [ 125.960131022598389, 36.229552547690531 ], [ 125.960077993630961, 36.229597374415938 ], [ 125.960108625995474, 36.229606509300723 ], [ 125.960131022598389, 36.229552547690531 ] ] ], [ [ [ 125.95797555649105, 36.229842175722872 ], [ 125.957896410791008, 36.229435862444362 ], [ 125.9576284198547, 36.229602902482135 ], [ 125.95797555649105, 36.229842175722872 ] ] ], [ [ [ 125.958549353663301, 36.231864587249859 ], [ 125.958504580467633, 36.231760473980493 ], [ 125.958503963873568, 36.23190602482277 ], [ 125.958549353663301, 36.231864587249859 ] ] ], [ [ [ 125.958464148151165, 36.232729347186975 ], [ 125.958523420979475, 36.232703523341819 ], [ 125.958463966933891, 36.232670683235064 ], [ 125.958464148151165, 36.232729347186975 ] ] ], [ [ [ 125.966380207991421, 36.239424308764455 ], [ 125.968246066663298, 36.23799188795941 ], [ 125.968073144054799, 36.23854215519566 ], [ 125.968535306409947, 36.237970577791273 ], [ 125.969317201477963, 36.238165383696767 ], [ 125.969523660637947, 36.237708453589619 ], [ 125.969887506030403, 36.238358141520195 ], [ 125.970589122475033, 36.236646719474123 ], [ 125.967264703765636, 36.233360974349033 ], [ 125.967653548304156, 36.231332275476547 ], [ 125.966418961005829, 36.230663807170494 ], [ 125.96710122715406, 36.229757386228655 ], [ 125.965833091346056, 36.229310578833314 ], [ 125.967090973591937, 36.227965592345654 ], [ 125.966036555098782, 36.227051214981259 ], [ 125.963919576455737, 36.228607244597306 ], [ 125.963865311180342, 36.228494955881175 ], [ 125.963999293279954, 36.228043603540911 ], [ 125.962919801926574, 36.228257517654484 ], [ 125.962853347765247, 36.229373797813857 ], [ 125.957719535217905, 36.229879100189081 ], [ 125.957477472727248, 36.230552672966482 ], [ 125.95839057848498, 36.230908303977678 ], [ 125.958740608886359, 36.232048090061134 ], [ 125.95851942329621, 36.233047582590096 ], [ 125.957777418302086, 36.233413051144908 ], [ 125.957862577521126, 36.234156989859152 ], [ 125.958776107473923, 36.23361542760928 ], [ 125.958337862734965, 36.235057723238654 ], [ 125.961878449226063, 36.232873707815955 ], [ 125.963536035543243, 36.234227879032169 ], [ 125.963435051236488, 36.23605699188122 ], [ 125.964876787482453, 36.237510972517711 ], [ 125.966045687503268, 36.237100487909629 ], [ 125.966380207991421, 36.239424308764455 ] ] ], [ [ [ 125.968098541168416, 36.23340255048511 ], [ 125.968132747042873, 36.233359368621876 ], [ 125.968116258396151, 36.233347308660349 ], [ 125.968098541168416, 36.23340255048511 ] ] ], [ [ [ 125.957817716985488, 36.234143298874088 ], [ 125.957821483592696, 36.234223337572054 ], [ 125.957880274012382, 36.234265535612913 ], [ 125.957817716985488, 36.234143298874088 ] ] ], [ [ [ 125.969687810865025, 36.235161762810478 ], [ 125.969619907520951, 36.235142587213737 ], [ 125.969617156337208, 36.235175493211379 ], [ 125.969687810865025, 36.235161762810478 ] ] ], [ [ [ 125.969734723722439, 36.235175684762289 ], [ 125.969714380279498, 36.235207336237501 ], [ 125.96973685058633, 36.235210200074533 ], [ 125.969734723722439, 36.235175684762289 ] ] ], [ [ [ 125.970156813770544, 36.235270696209966 ], [ 125.970117394940729, 36.23528984031303 ], [ 125.970146073341681, 36.23529732323167 ], [ 125.970156813770544, 36.235270696209966 ] ] ], [ [ [ 125.970064547661309, 36.235369165482979 ], [ 125.970110964298769, 36.235369961075051 ], [ 125.970074961688482, 36.235353122858456 ], [ 125.970064547661309, 36.235369165482979 ] ] ], [ [ [ 125.95827263545344, 36.235466217404621 ], [ 125.958331843879236, 36.235484128079364 ], [ 125.958335796671321, 36.235465297048457 ], [ 125.95827263545344, 36.235466217404621 ] ] ], [ [ [ 125.97031865827924, 36.235843728099596 ], [ 125.970243563469353, 36.23588989074257 ], [ 125.97032219494335, 36.235902301596845 ], [ 125.97031865827924, 36.235843728099596 ] ] ], [ [ [ 125.957837039808865, 36.236429451438674 ], [ 125.956884021210854, 36.236665862651357 ], [ 125.956849200353346, 36.237812985535669 ], [ 125.957465196856688, 36.237489613964584 ], [ 125.957837039808865, 36.236429451438674 ] ] ], [ [ [ 125.968435785416673, 36.238164915110467 ], [ 125.968493342040659, 36.238228134098932 ], [ 125.968470788649199, 36.238158306656999 ], [ 125.968435785416673, 36.238164915110467 ] ] ], [ [ [ 125.9698380642416, 36.238354775821207 ], [ 125.969742362311379, 36.238470818950269 ], [ 125.969802208856095, 36.238495979897657 ], [ 125.9698380642416, 36.238354775821207 ] ] ], [ [ [ 125.968131383781696, 36.238559761987844 ], [ 125.968097431162462, 36.238614592101214 ], [ 125.968126223179766, 36.238617558846805 ], [ 125.968131383781696, 36.238559761987844 ] ] ], [ [ [ 125.957666611184735, 36.238111026952055 ], [ 125.957127356045859, 36.238381536206248 ], [ 125.957143752589218, 36.238994527159065 ], [ 125.95772165064561, 36.238705515207201 ], [ 125.957666611184735, 36.238111026952055 ] ] ], [ [ [ 125.968275554751258, 36.23865742450154 ], [ 125.968312486679011, 36.238694442639698 ], [ 125.968303611174079, 36.238654863043394 ], [ 125.968275554751258, 36.23865742450154 ] ] ], [ [ [ 126.056745428908187, 36.242411328208647 ], [ 126.061158665676729, 36.24020995980716 ], [ 126.06023582187315, 36.239711184493004 ], [ 126.06138070083864, 36.238119754976744 ], [ 126.060819412238928, 36.237430900683684 ], [ 126.050641788429132, 36.238701696505949 ], [ 126.050060603035035, 36.240150257684633 ], [ 126.048128474781393, 36.241112117549768 ], [ 126.050677807552248, 36.241773288122104 ], [ 126.057861092719747, 36.240244448374604 ], [ 126.056745428908187, 36.242411328208647 ] ] ], [ [ [ 125.966031271484368, 36.239590181490662 ], [ 125.966111051355952, 36.239575524597775 ], [ 125.966057816474063, 36.239530823615539 ], [ 125.966031271484368, 36.239590181490662 ] ] ], [ [ [ 125.957711748162779, 36.239689335569324 ], [ 125.957719775920964, 36.239742682856736 ], [ 125.95774634789538, 36.239704134725571 ], [ 125.957711748162779, 36.239689335569324 ] ] ], [ [ [ 125.965683033547577, 36.239944202260688 ], [ 125.966069522912832, 36.239806782679288 ], [ 125.965954891566525, 36.239751096962259 ], [ 125.965683033547577, 36.239944202260688 ] ] ], [ [ [ 125.957014357391373, 36.240286860949496 ], [ 125.956955885664613, 36.239684254818485 ], [ 125.956568055199895, 36.24046987913313 ], [ 125.957014357391373, 36.240286860949496 ] ] ], [ [ [ 125.956403288759432, 36.240172813631432 ], [ 125.95626545547988, 36.240263895880602 ], [ 125.956530871649704, 36.240377086334554 ], [ 125.956403288759432, 36.240172813631432 ] ] ], [ [ [ 125.95618110394102, 36.240329929812312 ], [ 125.956294352825935, 36.240379543775951 ], [ 125.956310552271432, 36.240363284995681 ], [ 125.95618110394102, 36.240329929812312 ] ] ], [ [ [ 125.957075916760729, 36.24045911252513 ], [ 125.957582186858531, 36.24046284573879 ], [ 125.957539269942373, 36.240290609453155 ], [ 125.957075916760729, 36.24045911252513 ] ] ], [ [ [ 125.959195780194719, 36.240641929710407 ], [ 125.958914636866155, 36.240784277421511 ], [ 125.959065326512686, 36.240909899015008 ], [ 125.959195780194719, 36.240641929710407 ] ] ], [ [ [ 125.959444996692625, 36.240972187362864 ], [ 125.95934652073862, 36.241016576079588 ], [ 125.959445684541194, 36.241060288607578 ], [ 125.959444996692625, 36.240972187362864 ] ] ], [ [ [ 125.959495915214262, 36.241130681443806 ], [ 125.959441719459662, 36.241176354482185 ], [ 125.959505226297594, 36.241191624610856 ], [ 125.959495915214262, 36.241130681443806 ] ] ], [ [ [ 125.955977814496919, 36.242870940613273 ], [ 125.956532592893865, 36.242445629848618 ], [ 125.956490023874281, 36.241814391265329 ], [ 125.955404668133525, 36.242167803952036 ], [ 125.955977814496919, 36.242870940613273 ] ] ], [ [ [ 125.956858680885887, 36.242561919283702 ], [ 125.956776512890073, 36.24257633720206 ], [ 125.956826465641086, 36.242618679561104 ], [ 125.956858680885887, 36.242561919283702 ] ] ], [ [ [ 125.956723729920483, 36.242980037831551 ], [ 125.956658519670739, 36.242578687430132 ], [ 125.95625345412023, 36.243431917117285 ], [ 125.956723729920483, 36.242980037831551 ] ] ], [ [ [ 125.956760020790696, 36.243510619528763 ], [ 125.956971053667957, 36.243257526324101 ], [ 125.957007183622991, 36.243064597125283 ], [ 125.956760020790696, 36.243510619528763 ] ] ], [ [ [ 125.996833877832586, 36.258114575474217 ], [ 125.996598143233285, 36.257947176639455 ], [ 125.996576413362874, 36.25807939485501 ], [ 125.996833877832586, 36.258114575474217 ] ] ], [ [ [ 125.992251898031668, 36.259234807021357 ], [ 125.995872967588454, 36.258874456358171 ], [ 125.996611072001627, 36.25815813690653 ], [ 125.995380768300492, 36.25762471518027 ], [ 125.992251898031668, 36.259234807021357 ] ] ], [ [ [ 126.06106250784191, 36.197999561715847 ], [ 126.061093247447317, 36.198021188175339 ], [ 126.061138140953318, 36.197963703439875 ], [ 126.06106250784191, 36.197999561715847 ] ] ], [ [ [ 126.060701373300503, 36.197948388877471 ], [ 126.060678405981022, 36.198100631861706 ], [ 126.060938707664803, 36.197974241596299 ], [ 126.060701373300503, 36.197948388877471 ] ] ], [ [ [ 126.06118066053574, 36.198035076231058 ], [ 126.061147772366311, 36.198103982814764 ], [ 126.06120121775183, 36.198044491420937 ], [ 126.06118066053574, 36.198035076231058 ] ] ], [ [ [ 126.06178970844779, 36.201760498515867 ], [ 126.061749817481981, 36.201322344597465 ], [ 126.061596222351966, 36.201623239810374 ], [ 126.06178970844779, 36.201760498515867 ] ] ], [ [ [ 126.061837556071069, 36.20170894834073 ], [ 126.061851706897443, 36.201718647022226 ], [ 126.061874646301618, 36.201692386818181 ], [ 126.061837556071069, 36.20170894834073 ] ] ], [ [ [ 126.057302285668044, 36.202834328651271 ], [ 126.057293120511375, 36.202867897321951 ], [ 126.057345674831069, 36.202843358085573 ], [ 126.057302285668044, 36.202834328651271 ] ] ], [ [ [ 126.057111785065828, 36.202856474424159 ], [ 126.057157347577629, 36.202867809065395 ], [ 126.057165760793822, 36.202839335500101 ], [ 126.057111785065828, 36.202856474424159 ] ] ], [ [ [ 126.058413999231405, 36.203105455129382 ], [ 126.058363063729729, 36.203015297815206 ], [ 126.058321387553875, 36.203079510933634 ], [ 126.058413999231405, 36.203105455129382 ] ] ], [ [ [ 126.056370778026192, 36.204673052208655 ], [ 126.056411534025216, 36.204693109532869 ], [ 126.056448785804278, 36.204648389557008 ], [ 126.056370778026192, 36.204673052208655 ] ] ], [ [ [ 126.056713947248213, 36.205860348712392 ], [ 126.05673930527, 36.205894315685853 ], [ 126.056750830045374, 36.205867848521656 ], [ 126.056713947248213, 36.205860348712392 ] ] ], [ [ [ 126.056642781212418, 36.205931053103569 ], [ 126.056670205719527, 36.205894527947216 ], [ 126.056621104039905, 36.205922094187088 ], [ 126.056642781212418, 36.205931053103569 ] ] ], [ [ [ 126.056498826262469, 36.208007076317109 ], [ 126.056523091151959, 36.208056984463447 ], [ 126.056541111480485, 36.208011194127849 ], [ 126.056498826262469, 36.208007076317109 ] ] ], [ [ [ 126.060147453220964, 36.208711958948541 ], [ 126.060185418986677, 36.208722854885778 ], [ 126.060231637200644, 36.208688044300942 ], [ 126.060147453220964, 36.208711958948541 ] ] ], [ [ [ 126.059345696063858, 36.208737397623274 ], [ 126.059411427044793, 36.208784550110977 ], [ 126.059398904995064, 36.208722478764138 ], [ 126.059345696063858, 36.208737397623274 ] ] ], [ [ [ 126.060075788927008, 36.208829790337013 ], [ 126.060099684407561, 36.20888749110096 ], [ 126.060144968477843, 36.208834217896872 ], [ 126.060075788927008, 36.208829790337013 ] ] ], [ [ [ 126.056991242102484, 36.209454742236559 ], [ 126.056918038512848, 36.209542946834773 ], [ 126.057011259229284, 36.20954737587779 ], [ 126.056991242102484, 36.209454742236559 ] ] ], [ [ [ 126.058712672272279, 36.209549208828037 ], [ 126.058700273065043, 36.209589149910592 ], [ 126.058736768881644, 36.209571395925543 ], [ 126.058712672272279, 36.209549208828037 ] ] ], [ [ [ 126.076195926551875, 36.211175140531189 ], [ 126.075883416655358, 36.209871732068009 ], [ 126.07338191784639, 36.210286967876797 ], [ 126.076195926551875, 36.211175140531189 ] ] ], [ [ [ 126.067451622590113, 36.21094439696536 ], [ 126.067154804966236, 36.210410089530093 ], [ 126.067011554018535, 36.211118496090513 ], [ 126.067451622590113, 36.21094439696536 ] ] ], [ [ [ 126.076494476603898, 36.211182257147513 ], [ 126.076600432414565, 36.21122370011053 ], [ 126.076669451532837, 36.211157690983534 ], [ 126.076494476603898, 36.211182257147513 ] ] ], [ [ [ 126.076720790691084, 36.21131028361637 ], [ 126.076788997388732, 36.211439605980722 ], [ 126.076877179337757, 36.211323206686458 ], [ 126.076720790691084, 36.21131028361637 ] ] ], [ [ [ 126.11254703305903, 36.214829450722306 ], [ 126.112626700217376, 36.214784388130823 ], [ 126.112586063578718, 36.214695843992388 ], [ 126.11254703305903, 36.214829450722306 ] ] ], [ [ [ 126.111920102852622, 36.21551399411986 ], [ 126.112529902149291, 36.214840857746083 ], [ 126.112235796254794, 36.214858961684527 ], [ 126.111920102852622, 36.21551399411986 ] ] ], [ [ [ 126.111917178574771, 36.215607478064484 ], [ 126.111847177227318, 36.215605210951004 ], [ 126.111816931006317, 36.215651188963157 ], [ 126.111917178574771, 36.215607478064484 ] ] ], [ [ [ 126.10755508134298, 36.219141856613682 ], [ 126.109885452275151, 36.217508842379118 ], [ 126.111371861890674, 36.217685650650857 ], [ 126.111660022187536, 36.215853200518396 ], [ 126.109776666874865, 36.217273999321613 ], [ 126.107556077233738, 36.217655099825123 ], [ 126.106681780189504, 36.219000650644482 ], [ 126.10755508134298, 36.219141856613682 ] ] ], [ [ [ 126.068475315829659, 36.220251724674924 ], [ 126.067979117530854, 36.217673658370323 ], [ 126.064829209532888, 36.218835256908818 ], [ 126.067713096668086, 36.219637394865011 ], [ 126.068475315829659, 36.220251724674924 ] ] ], [ [ [ 126.104708278343523, 36.219795474668665 ], [ 126.105382416216372, 36.219229176571496 ], [ 126.104968077116411, 36.2189772829596 ], [ 126.104708278343523, 36.219795474668665 ] ] ], [ [ [ 126.105428623341595, 36.219681673978279 ], [ 126.105439050474487, 36.219634143284274 ], [ 126.105391104141802, 36.219657745882941 ], [ 126.105428623341595, 36.219681673978279 ] ] ], [ [ [ 126.10482329034997, 36.220134831176473 ], [ 126.104856727115063, 36.220080551737581 ], [ 126.104786792330657, 36.220113038687536 ], [ 126.10482329034997, 36.220134831176473 ] ] ], [ [ [ 126.067688902263811, 36.219805634268468 ], [ 126.067790174172146, 36.219802908966003 ], [ 126.067729345382261, 36.219767775070281 ], [ 126.067688902263811, 36.219805634268468 ] ] ], [ [ [ 126.104845556272693, 36.222355193714222 ], [ 126.105354857039515, 36.221338819498662 ], [ 126.104369827780999, 36.220642489826396 ], [ 126.103376765881691, 36.222432969960174 ], [ 126.104845556272693, 36.222355193714222 ] ] ], [ [ [ 126.104891149174804, 36.223233288604902 ], [ 126.104833527111083, 36.222832244401857 ], [ 126.104619543038154, 36.222965646884717 ], [ 126.104891149174804, 36.223233288604902 ] ] ], [ [ [ 126.092793409290948, 36.232770801141811 ], [ 126.094892459160391, 36.230175042956468 ], [ 126.096536594456168, 36.226009621747579 ], [ 126.09383729916091, 36.225233825801062 ], [ 126.088689634241589, 36.226032236044404 ], [ 126.086064961596179, 36.22455927811594 ], [ 126.082576285246375, 36.224698239188591 ], [ 126.080671932164293, 36.223782819664628 ], [ 126.082204691131082, 36.225169700271358 ], [ 126.080857935221189, 36.226252421007231 ], [ 126.078024418067628, 36.226058678690144 ], [ 126.077833392865656, 36.22358787101895 ], [ 126.080798611437814, 36.222991199775244 ], [ 126.077436863770728, 36.222817798023947 ], [ 126.076995576926791, 36.221509029815195 ], [ 126.077749769104003, 36.219557650368678 ], [ 126.0752613408456, 36.221405829463343 ], [ 126.069428993086007, 36.221242551555726 ], [ 126.067459512124415, 36.223009036016677 ], [ 126.067697869376602, 36.2239832850425 ], [ 126.070854751598773, 36.225709095096441 ], [ 126.069737487509286, 36.22667813981159 ], [ 126.070194056339247, 36.228147231757951 ], [ 126.07467167792494, 36.228455953812158 ], [ 126.074323586354666, 36.230534579116608 ], [ 126.075656093566266, 36.232391688912699 ], [ 126.074466365101998, 36.233563726134797 ], [ 126.075343356980625, 36.233688289624403 ], [ 126.075492869366997, 36.234729179841679 ], [ 126.07668261588276, 36.234687199724405 ], [ 126.077025440947708, 36.237364613007365 ], [ 126.07799091610444, 36.234620573502085 ], [ 126.080370012136626, 36.233491108156514 ], [ 126.080557919467523, 36.231681295223481 ], [ 126.082242321782928, 36.231498143787199 ], [ 126.083019063496721, 36.230578541868873 ], [ 126.085330518584385, 36.230974984176839 ], [ 126.086672892082177, 36.232228593807058 ], [ 126.088022424066068, 36.233935798393446 ], [ 126.088292914684132, 36.236568040297769 ], [ 126.089759738839533, 36.237819128612706 ], [ 126.092129186974773, 36.237199952801724 ], [ 126.092793409290948, 36.232770801141811 ] ] ], [ [ [ 126.06558206366384, 36.233438073439189 ], [ 126.065188038479903, 36.23301779228003 ], [ 126.064824161189406, 36.233135623805715 ], [ 126.06558206366384, 36.233438073439189 ] ] ], [ [ [ 126.065645631099628, 36.233667339312852 ], [ 126.065614968364358, 36.233623879420932 ], [ 126.065579685196255, 36.233632335856484 ], [ 126.065645631099628, 36.233667339312852 ] ] ], [ [ [ 126.074876378241783, 36.233818257645794 ], [ 126.074868718637433, 36.233779123538696 ], [ 126.074836408317807, 36.233803341648382 ], [ 126.074876378241783, 36.233818257645794 ] ] ], [ [ [ 126.06561591822431, 36.233806868253517 ], [ 126.065432224999583, 36.233720877157978 ], [ 126.06528686248069, 36.233826744505826 ], [ 126.06561591822431, 36.233806868253517 ] ] ], [ [ [ 126.074744288869709, 36.23409653404169 ], [ 126.074722953079302, 36.234053274101193 ], [ 126.074660639906639, 36.234114459326747 ], [ 126.074744288869709, 36.23409653404169 ] ] ], [ [ [ 126.074908998607143, 36.234470924243709 ], [ 126.074972585136649, 36.234428115290754 ], [ 126.074886396670252, 36.23446050438136 ], [ 126.074908998607143, 36.234470924243709 ] ] ], [ [ [ 126.072088099043313, 36.235040241491525 ], [ 126.072453496201035, 36.234676067431884 ], [ 126.07205754420869, 36.234846236563925 ], [ 126.072088099043313, 36.235040241491525 ] ] ], [ [ [ 126.068807179453856, 36.236598380568068 ], [ 126.068978981022454, 36.236591453672894 ], [ 126.069012136976909, 36.236552383811926 ], [ 126.068807179453856, 36.236598380568068 ] ] ], [ [ [ 126.068860018913, 36.236695998653218 ], [ 126.068959523674252, 36.236638432861902 ], [ 126.06883497416483, 36.236683224428248 ], [ 126.068860018913, 36.236695998653218 ] ] ], [ [ [ 126.064170679757893, 36.239611505732363 ], [ 126.068250236075414, 36.237939459520554 ], [ 126.068548880083654, 36.237348029006192 ], [ 126.062864193519758, 36.238033609734011 ], [ 126.064170679757893, 36.239611505732363 ] ] ], [ [ [ 126.103248313763714, 36.252836844355521 ], [ 126.104353359416606, 36.254336385005594 ], [ 126.105025124570105, 36.253919840223531 ], [ 126.10458552847075, 36.253138657427606 ], [ 126.103248313763714, 36.252836844355521 ] ] ], [ [ [ 126.10593338101711, 36.253910754841527 ], [ 126.105583626910459, 36.254114514440779 ], [ 126.106085712453265, 36.254228903053956 ], [ 126.10593338101711, 36.253910754841527 ] ] ], [ [ [ 126.10641252652394, 36.254178159724447 ], [ 126.106275405733356, 36.254336360986535 ], [ 126.106413920867837, 36.254383138975335 ], [ 126.10641252652394, 36.254178159724447 ] ] ], [ [ [ 126.212665064207329, 36.280334999747154 ], [ 126.212785943202562, 36.280245858914363 ], [ 126.212630904514313, 36.280267637328286 ], [ 126.212665064207329, 36.280334999747154 ] ] ], [ [ [ 126.222286540477143, 36.282330240844367 ], [ 126.2250345035294, 36.281984371459615 ], [ 126.225476214218006, 36.280333953261874 ], [ 126.222535299202747, 36.281635258350683 ], [ 126.222286540477143, 36.282330240844367 ] ] ], [ [ [ 126.215092666484182, 36.281668372901379 ], [ 126.215041496349627, 36.281710030449354 ], [ 126.215119076392369, 36.281687560814994 ], [ 126.215092666484182, 36.281668372901379 ] ] ], [ [ [ 126.214937337494149, 36.282030161827088 ], [ 126.215388979044619, 36.281777286391794 ], [ 126.214860327012005, 36.281917912583729 ], [ 126.214937337494149, 36.282030161827088 ] ] ], [ [ [ 126.20842366013386, 36.282841075595847 ], [ 126.208467095649851, 36.282915527655874 ], [ 126.208572324771239, 36.282855936819843 ], [ 126.20842366013386, 36.282841075595847 ] ] ], [ [ [ 126.209790819734707, 36.284331543294932 ], [ 126.214362931823572, 36.282926294046959 ], [ 126.214812237688093, 36.281885064896969 ], [ 126.20905853908377, 36.282973782622761 ], [ 126.209790819734707, 36.284331543294932 ] ] ], [ [ [ 126.201187887863696, 36.282890462546924 ], [ 126.201152435122893, 36.282983496169898 ], [ 126.201252913277074, 36.282942713810371 ], [ 126.201187887863696, 36.282890462546924 ] ] ], [ [ [ 126.200252836138077, 36.282899263347709 ], [ 126.200281467576701, 36.282962085124062 ], [ 126.200355170263251, 36.282905714316755 ], [ 126.200252836138077, 36.282899263347709 ] ] ], [ [ [ 126.208503153519715, 36.283004172280151 ], [ 126.208506562236195, 36.283074485067488 ], [ 126.208594622694903, 36.282995404418614 ], [ 126.208503153519715, 36.283004172280151 ] ] ], [ [ [ 126.214264955965959, 36.283273229206884 ], [ 126.214516565385452, 36.282978668758645 ], [ 126.214104133250842, 36.283027596244899 ], [ 126.214264955965959, 36.283273229206884 ] ] ], [ [ [ 126.208351543843634, 36.283060571991754 ], [ 126.208361863072213, 36.28315192791645 ], [ 126.208424600179697, 36.28305645892906 ], [ 126.208351543843634, 36.283060571991754 ] ] ], [ [ [ 126.208238442509042, 36.283194186644572 ], [ 126.20823648499902, 36.283134606354935 ], [ 126.208193961471437, 36.283190197499145 ], [ 126.208238442509042, 36.283194186644572 ] ] ], [ [ [ 126.196958347114531, 36.286850956124802 ], [ 126.20022989543186, 36.286860176969022 ], [ 126.202950998629206, 36.285338346921108 ], [ 126.203650874116292, 36.285615431695938 ], [ 126.203213544974091, 36.286293887698662 ], [ 126.203667741339373, 36.285828668929248 ], [ 126.204350368897593, 36.286511609765434 ], [ 126.207155973110488, 36.286720940964983 ], [ 126.207780532343008, 36.284075107199484 ], [ 126.206265789949512, 36.283071888461706 ], [ 126.206589213204936, 36.285175099882963 ], [ 126.205533908780424, 36.285470613770215 ], [ 126.200826180806061, 36.283028898427489 ], [ 126.193241668324262, 36.282350820971025 ], [ 126.194404378860341, 36.285909091910234 ], [ 126.196958347114531, 36.286850956124802 ] ] ], [ [ [ 126.249057996141701, 36.29430169002417 ], [ 126.24908496757125, 36.294391255327 ], [ 126.249140068050906, 36.2943684419199 ], [ 126.249057996141701, 36.29430169002417 ] ] ], [ [ [ 126.249145040681825, 36.29441884730138 ], [ 126.249168157312141, 36.294538938006653 ], [ 126.24921263535991, 36.294462888909209 ], [ 126.249145040681825, 36.29441884730138 ] ] ], [ [ [ 126.24925780407473, 36.294477500364167 ], [ 126.249368464637669, 36.294511628957842 ], [ 126.249285266925028, 36.294457756676948 ], [ 126.24925780407473, 36.294477500364167 ] ] ], [ [ [ 126.247040031087693, 36.295255409063181 ], [ 126.246790617338348, 36.295063962581018 ], [ 126.246843559749877, 36.295381506636858 ], [ 126.247040031087693, 36.295255409063181 ] ] ], [ [ [ 126.245523689732337, 36.295175739836971 ], [ 126.245694743985354, 36.295238639069858 ], [ 126.245771991406627, 36.295193435934898 ], [ 126.245523689732337, 36.295175739836971 ] ] ], [ [ [ 126.245969313519993, 36.295245237225252 ], [ 126.245959544330702, 36.295196151678802 ], [ 126.24584399401607, 36.295230568017594 ], [ 126.245969313519993, 36.295245237225252 ] ] ], [ [ [ 126.244113847918825, 36.29575790965518 ], [ 126.244247471494162, 36.295835083082338 ], [ 126.244255047821795, 36.295742039323819 ], [ 126.244113847918825, 36.29575790965518 ] ] ], [ [ [ 126.246653268751842, 36.296994925346901 ], [ 126.24821136777399, 36.296775656375026 ], [ 126.248319598275828, 36.296169852383031 ], [ 126.246269873571578, 36.295246501885202 ], [ 126.243993459882688, 36.295993524343437 ], [ 126.243767506915049, 36.295759144211154 ], [ 126.243602101979505, 36.295849114015169 ], [ 126.244608660736475, 36.296787643720741 ], [ 126.24608667322812, 36.296318544368852 ], [ 126.246653268751842, 36.296994925346901 ] ] ], [ [ [ 126.245938281833148, 36.296688437314245 ], [ 126.246049581440843, 36.296899111586434 ], [ 126.246026695597251, 36.296686112185704 ], [ 126.245938281833148, 36.296688437314245 ] ] ], [ [ [ 126.247631883160196, 36.29686756234593 ], [ 126.247546580906331, 36.296976031404597 ], [ 126.247661031988969, 36.297011048698089 ], [ 126.247631883160196, 36.29686756234593 ] ] ], [ [ [ 126.247053583255848, 36.297101577113104 ], [ 126.247076690639616, 36.296951372341915 ], [ 126.247014166800199, 36.296984185559239 ], [ 126.247053583255848, 36.297101577113104 ] ] ], [ [ [ 126.246939662698097, 36.29699747863279 ], [ 126.246975752738095, 36.297122588111492 ], [ 126.246988526356645, 36.296979717703323 ], [ 126.246939662698097, 36.29699747863279 ] ] ], [ [ [ 126.247278734960346, 36.297115881321361 ], [ 126.247358001369591, 36.297158564235829 ], [ 126.24729807787304, 36.297107180949524 ], [ 126.247278734960346, 36.297115881321361 ] ] ], [ [ [ 126.247184445284873, 36.297114296455987 ], [ 126.24708844255845, 36.297222741383322 ], [ 126.247206785027714, 36.29721666515681 ], [ 126.247184445284873, 36.297114296455987 ] ] ], [ [ [ 126.248662975278663, 36.309523577424208 ], [ 126.248494494961079, 36.30969950663485 ], [ 126.248583183899825, 36.309728271170286 ], [ 126.248662975278663, 36.309523577424208 ] ] ], [ [ [ 126.245442929766483, 36.311187480025751 ], [ 126.248209800305062, 36.310150822364669 ], [ 126.246347316157767, 36.310119360115493 ], [ 126.245442929766483, 36.311187480025751 ] ] ], [ [ [ 126.245056714703594, 36.311310123695073 ], [ 126.245103894111338, 36.311359535254923 ], [ 126.245145769347829, 36.311312488400624 ], [ 126.245056714703594, 36.311310123695073 ] ] ], [ [ [ 126.282302539861647, 36.244291405259794 ], [ 126.282392922933568, 36.2443044828903 ], [ 126.282280700461541, 36.244235582282514 ], [ 126.282302539861647, 36.244291405259794 ] ] ], [ [ [ 126.282357687140333, 36.24435607020191 ], [ 126.282471644345421, 36.244420197846885 ], [ 126.28240617418777, 36.244333687408449 ], [ 126.282357687140333, 36.24435607020191 ] ] ], [ [ [ 126.282530598659079, 36.244484389410317 ], [ 126.282570818545054, 36.244462183840817 ], [ 126.282557976800291, 36.244452922791744 ], [ 126.282530598659079, 36.244484389410317 ] ] ], [ [ [ 126.282705343867846, 36.244529100680225 ], [ 126.282595215040246, 36.244498818310007 ], [ 126.282685419482732, 36.244568064300729 ], [ 126.282705343867846, 36.244529100680225 ] ] ], [ [ [ 126.282552507024207, 36.244523010702181 ], [ 126.282545646707476, 36.244601812740292 ], [ 126.282603141958347, 36.244593191834504 ], [ 126.282552507024207, 36.244523010702181 ] ] ], [ [ [ 126.282181527334274, 36.245083965486401 ], [ 126.282205163671748, 36.245134302237787 ], [ 126.282213458738255, 36.24509345698408 ], [ 126.282181527334274, 36.245083965486401 ] ] ], [ [ [ 126.281171618324194, 36.24581743290576 ], [ 126.281224234046377, 36.245843739172791 ], [ 126.28123340337639, 36.245803250882076 ], [ 126.281171618324194, 36.24581743290576 ] ] ], [ [ [ 126.281200287180113, 36.246011798955116 ], [ 126.281177906646633, 36.246063798143702 ], [ 126.281219434303495, 36.246049476425199 ], [ 126.281200287180113, 36.246011798955116 ] ] ], [ [ [ 126.281189817495957, 36.246247673112357 ], [ 126.281216768726964, 36.24628949584524 ], [ 126.281246837786213, 36.246243780884058 ], [ 126.281189817495957, 36.246247673112357 ] ] ], [ [ [ 126.281260268096489, 36.246362500422869 ], [ 126.281115450303687, 36.246392784485685 ], [ 126.28123977108892, 36.246435967187502 ], [ 126.281260268096489, 36.246362500422869 ] ] ], [ [ [ 126.280975703071149, 36.246483963768263 ], [ 126.280886227950958, 36.246496547254615 ], [ 126.280982380409938, 36.246499458206131 ], [ 126.280975703071149, 36.246483963768263 ] ] ], [ [ [ 126.280955597748559, 36.246518150913289 ], [ 126.280962940100437, 36.246554601077044 ], [ 126.280968361096612, 36.246522723558265 ], [ 126.280955597748559, 36.246518150913289 ] ] ], [ [ [ 126.280724097232024, 36.246540423823035 ], [ 126.280786900478603, 36.246529373392924 ], [ 126.280727376973374, 36.246528465564637 ], [ 126.280724097232024, 36.246540423823035 ] ] ], [ [ [ 126.280992299159365, 36.246691900520119 ], [ 126.281200720945478, 36.246502727092675 ], [ 126.280998515118327, 36.246572155145351 ], [ 126.280992299159365, 36.246691900520119 ] ] ], [ [ [ 126.281087596558194, 36.246751744722431 ], [ 126.281104909180812, 36.246768672728102 ], [ 126.281104211074705, 36.246757584434405 ], [ 126.281087596558194, 36.246751744722431 ] ] ], [ [ [ 126.28103656120058, 36.24677398559534 ], [ 126.281047495961218, 36.246810593162721 ], [ 126.281053908975991, 36.246801548004619 ], [ 126.28103656120058, 36.24677398559534 ] ] ], [ [ [ 126.28063681008922, 36.247206570176296 ], [ 126.2806896563892, 36.247184701325459 ], [ 126.280633775922439, 36.247183093159329 ], [ 126.28063681008922, 36.247206570176296 ] ] ], [ [ [ 126.280728472922277, 36.247179879150522 ], [ 126.280796942472264, 36.247211038591061 ], [ 126.280812621346101, 36.247202174435586 ], [ 126.280728472922277, 36.247179879150522 ] ] ], [ [ [ 126.28056149000372, 36.247597388368284 ], [ 126.280563226498259, 36.247631320316884 ], [ 126.280595853615509, 36.247629325280386 ], [ 126.28056149000372, 36.247597388368284 ] ] ], [ [ [ 126.280559655724119, 36.247644526876201 ], [ 126.280501067571777, 36.247666596755359 ], [ 126.280560906011104, 36.247663622470675 ], [ 126.280559655724119, 36.247644526876201 ] ] ], [ [ [ 126.278066969531992, 36.251608600120981 ], [ 126.286218531929649, 36.249758283974685 ], [ 126.285282227143838, 36.246710858117794 ], [ 126.283483709031657, 36.245788524314214 ], [ 126.28315988993981, 36.243899757604225 ], [ 126.27973381404108, 36.249326304807518 ], [ 126.276727250698258, 36.250753764880052 ], [ 126.278066969531992, 36.251608600120981 ] ] ], [ [ [ 126.280182091069776, 36.247982657391063 ], [ 126.28014893517603, 36.2480361312995 ], [ 126.28019753125858, 36.248037568050293 ], [ 126.280182091069776, 36.247982657391063 ] ] ], [ [ [ 126.280127332766426, 36.248154551333656 ], [ 126.280069371878881, 36.248029272630276 ], [ 126.280002198142242, 36.248139388448784 ], [ 126.280127332766426, 36.248154551333656 ] ] ], [ [ [ 126.27996121191326, 36.248054366899979 ], [ 126.279969171906544, 36.248121796976704 ], [ 126.279977529090104, 36.248056006375613 ], [ 126.27996121191326, 36.248054366899979 ] ] ], [ [ [ 126.275213952409246, 36.24871125777463 ], [ 126.275247995017139, 36.248831970279866 ], [ 126.275321697915331, 36.24882526957397 ], [ 126.275213952409246, 36.24871125777463 ] ] ], [ [ [ 126.275612433015127, 36.248862996808121 ], [ 126.275610991782216, 36.24882026384099 ], [ 126.275529898554169, 36.248853800481299 ], [ 126.275612433015127, 36.248862996808121 ] ] ], [ [ [ 126.274878796845115, 36.24881429550193 ], [ 126.274870372905937, 36.248880660169689 ], [ 126.274963099703285, 36.248822421383679 ], [ 126.274878796845115, 36.24881429550193 ] ] ], [ [ [ 126.27468374794519, 36.248765342318976 ], [ 126.274491763100599, 36.248901201302914 ], [ 126.274715201918355, 36.248910801513084 ], [ 126.27468374794519, 36.248765342318976 ] ] ], [ [ [ 126.274011547099136, 36.2488261925904 ], [ 126.274010311417555, 36.248875652126152 ], [ 126.274052649867116, 36.248871446989106 ], [ 126.274011547099136, 36.2488261925904 ] ] ], [ [ [ 126.275407795761666, 36.248863298060137 ], [ 126.275475271274573, 36.248881369673555 ], [ 126.275488546567175, 36.248858272265515 ], [ 126.275407795761666, 36.248863298060137 ] ] ], [ [ [ 126.275144008760989, 36.248916933278686 ], [ 126.27501951829116, 36.248817427963573 ], [ 126.274925734653138, 36.248920269121029 ], [ 126.275144008760989, 36.248916933278686 ] ] ], [ [ [ 126.274884751602201, 36.248935466847904 ], [ 126.274923593939661, 36.248961863779584 ], [ 126.274935237845341, 36.248951453583992 ], [ 126.274884751602201, 36.248935466847904 ] ] ], [ [ [ 126.274622742491673, 36.249059240951702 ], [ 126.274717825450765, 36.249019346666238 ], [ 126.274575183620328, 36.249003466875791 ], [ 126.274622742491673, 36.249059240951702 ] ] ], [ [ [ 126.275106105117786, 36.249219001883169 ], [ 126.275635636570485, 36.249151593533483 ], [ 126.274928908466492, 36.249182512065687 ], [ 126.275106105117786, 36.249219001883169 ] ] ], [ [ [ 126.274296123011766, 36.249261492773719 ], [ 126.274667445661748, 36.249133967617546 ], [ 126.274463835969968, 36.249081825232473 ], [ 126.274296123011766, 36.249261492773719 ] ] ], [ [ [ 126.277239405410612, 36.251270529405026 ], [ 126.277178336249179, 36.251365865529735 ], [ 126.277254804993646, 36.251446802744447 ], [ 126.277239405410612, 36.251270529405026 ] ] ], [ [ [ 126.281429411649171, 36.261848606131018 ], [ 126.281361875703567, 36.261799085896911 ], [ 126.281343457189081, 36.261805553037973 ], [ 126.281429411649171, 36.261848606131018 ] ] ], [ [ [ 126.281634500578988, 36.262224454689665 ], [ 126.281485715182399, 36.262262042009361 ], [ 126.281642947422213, 36.262261994173542 ], [ 126.281634500578988, 36.262224454689665 ] ] ], [ [ [ 126.282160717525301, 36.262334854544896 ], [ 126.28218989197525, 36.262320610543767 ], [ 126.282158149842786, 36.262323574157605 ], [ 126.282160717525301, 36.262334854544896 ] ] ], [ [ [ 126.282149185334788, 36.262500601026417 ], [ 126.2820842303761, 36.262521658329419 ], [ 126.282238703977001, 36.2625071757613 ], [ 126.282149185334788, 36.262500601026417 ] ] ], [ [ [ 126.28225423731061, 36.26279194972193 ], [ 126.282280791272257, 36.262832931528756 ], [ 126.282294357687462, 36.262821658564107 ], [ 126.28225423731061, 36.26279194972193 ] ] ], [ [ [ 126.282106745431776, 36.262991935114044 ], [ 126.28221004858645, 36.263024276091564 ], [ 126.282230641987454, 36.263011242855015 ], [ 126.282106745431776, 36.262991935114044 ] ] ], [ [ [ 126.28193863970202, 36.263121776139393 ], [ 126.281953402165257, 36.263101588813029 ], [ 126.28190850830083, 36.263094830127628 ], [ 126.28193863970202, 36.263121776139393 ] ] ], [ [ [ 126.271512490735518, 36.267686784607946 ], [ 126.273541842719268, 36.267785281556044 ], [ 126.274910074663808, 36.266461831328556 ], [ 126.275110122530165, 36.266550187518185 ], [ 126.275546849950118, 36.266363498574975 ], [ 126.274626699566014, 36.266034130676289 ], [ 126.274389181360149, 36.266916918321328 ], [ 126.271512490735518, 36.267686784607946 ] ] ], [ [ [ 126.25088313239921, 36.268769531916583 ], [ 126.250746616188025, 36.268649812479346 ], [ 126.250755152668148, 36.268746380810981 ], [ 126.25088313239921, 36.268769531916583 ] ] ], [ [ [ 126.251304607375928, 36.268719092487899 ], [ 126.251305399196383, 36.268776051424773 ], [ 126.251328636953673, 36.268766554381862 ], [ 126.251304607375928, 36.268719092487899 ] ] ], [ [ [ 126.251645969702679, 36.268807019631076 ], [ 126.25166704319345, 36.268744519416138 ], [ 126.251605730658923, 36.268778741750594 ], [ 126.251645969702679, 36.268807019631076 ] ] ], [ [ [ 126.251456612628488, 36.268789973476601 ], [ 126.251443058271036, 36.268741135323666 ], [ 126.251333953241641, 36.268827415328531 ], [ 126.251456612628488, 36.268789973476601 ] ] ], [ [ [ 126.251186669757914, 36.26884451653595 ], [ 126.251218402502772, 36.268854538921396 ], [ 126.251227471665629, 36.268837022137767 ], [ 126.251186669757914, 36.26884451653595 ] ] ], [ [ [ 126.25150589293257, 36.269048467103332 ], [ 126.251792530530693, 36.268865521808266 ], [ 126.251345066183262, 36.268945538082377 ], [ 126.25150589293257, 36.269048467103332 ] ] ], [ [ [ 126.252167619743531, 36.269571411458351 ], [ 126.25205723344294, 36.269500338257799 ], [ 126.252045754030263, 36.269560464971576 ], [ 126.252167619743531, 36.269571411458351 ] ] ], [ [ [ 126.25441577257547, 36.273487062204126 ], [ 126.25660000968837, 36.273414506849136 ], [ 126.257438064889072, 36.272483487906435 ], [ 126.25556162722107, 36.270522052149076 ], [ 126.255453908036472, 36.271681547893898 ], [ 126.253501534344622, 36.272665889312243 ], [ 126.25441577257547, 36.273487062204126 ] ] ], [ [ [ 126.272089860099257, 36.280343725241458 ], [ 126.272437368741251, 36.279021842222903 ], [ 126.271217796250966, 36.278632950790808 ], [ 126.270345612190752, 36.27479847097387 ], [ 126.26792838944516, 36.271272919324815 ], [ 126.268425548520582, 36.269854787158977 ], [ 126.267313402687677, 36.270053680172069 ], [ 126.266352458340734, 36.269140013919724 ], [ 126.266425959889901, 36.267885132717353 ], [ 126.26948487231634, 36.26958913653629 ], [ 126.267380914146514, 36.268275697177423 ], [ 126.266303080429381, 36.265210784107701 ], [ 126.263844269748816, 36.264981196864561 ], [ 126.262987035310459, 36.266217461032653 ], [ 126.260726125231699, 36.266949226020273 ], [ 126.260205480413148, 36.268064991141415 ], [ 126.261208437940709, 36.27096448901414 ], [ 126.258895288183481, 36.272296975069366 ], [ 126.26073312107151, 36.273821414615263 ], [ 126.260133658573949, 36.275158556331924 ], [ 126.261723080474525, 36.277247919080729 ], [ 126.263548564668568, 36.277036495137438 ], [ 126.2651301441974, 36.278503957003004 ], [ 126.267457512080853, 36.278185885399438 ], [ 126.271043417561216, 36.279659401284192 ], [ 126.271299544523714, 36.280519056087812 ], [ 126.272089860099257, 36.280343725241458 ] ] ], [ [ [ 126.275197543684442, 36.2809550304124 ], [ 126.275756841074298, 36.280641928321472 ], [ 126.275168807829189, 36.28064440361522 ], [ 126.275197543684442, 36.2809550304124 ] ] ], [ [ [ 126.26218859417871, 36.282124852930494 ], [ 126.262180101731317, 36.282222938884495 ], [ 126.26225547422456, 36.282209165526254 ], [ 126.26218859417871, 36.282124852930494 ] ] ], [ [ [ 126.249621153824364, 36.284433664010301 ], [ 126.249505545310925, 36.28441797887286 ], [ 126.249573111539021, 36.284487432880773 ], [ 126.249621153824364, 36.284433664010301 ] ] ], [ [ [ 126.25002596141087, 36.28521508273559 ], [ 126.249878014929692, 36.284542334111165 ], [ 126.249138020578371, 36.284765234614582 ], [ 126.24912044856255, 36.285321325624132 ], [ 126.25002596141087, 36.28521508273559 ] ] ], [ [ [ 126.249842206334463, 36.285853038430488 ], [ 126.251162684148909, 36.285490756013878 ], [ 126.249676778140469, 36.285657708963036 ], [ 126.249842206334463, 36.285853038430488 ] ] ], [ [ [ 126.268498945357635, 36.285636995995951 ], [ 126.267418196642907, 36.285665616846948 ], [ 126.267734543684639, 36.286308465545332 ], [ 126.268498945357635, 36.285636995995951 ] ] ], [ [ [ 126.250815077566074, 36.285734056346413 ], [ 126.251058089152139, 36.285778113937702 ], [ 126.251073160744525, 36.285738465332464 ], [ 126.250815077566074, 36.285734056346413 ] ] ], [ [ [ 126.251904278305432, 36.285776741733791 ], [ 126.251728893363733, 36.285749149907296 ], [ 126.251790012763124, 36.285888131938897 ], [ 126.251904278305432, 36.285776741733791 ] ] ], [ [ [ 126.251690375429519, 36.285831365405613 ], [ 126.251485626717567, 36.285848288555783 ], [ 126.251461735616758, 36.285902387897792 ], [ 126.251690375429519, 36.285831365405613 ] ] ], [ [ [ 126.250308607205838, 36.285886422864507 ], [ 126.250517087846944, 36.285782112770683 ], [ 126.250301037449361, 36.285863395503966 ], [ 126.250308607205838, 36.285886422864507 ] ] ], [ [ [ 126.251281932742373, 36.285789787775926 ], [ 126.250988826704813, 36.28593259033142 ], [ 126.251323432659078, 36.285803474851782 ], [ 126.251281932742373, 36.285789787775926 ] ] ], [ [ [ 126.263031675644854, 36.286960133678114 ], [ 126.264375145199381, 36.286740772749297 ], [ 126.264999027277867, 36.286517153585784 ], [ 126.263031675644854, 36.286960133678114 ] ] ], [ [ [ 126.249514021126359, 36.294575083572042 ], [ 126.249507647719213, 36.294822142826128 ], [ 126.249944833390401, 36.294947806043119 ], [ 126.249514021126359, 36.294575083572042 ] ] ], [ [ [ 126.266194883105712, 36.304668195116662 ], [ 126.264691339525768, 36.303762073426185 ], [ 126.264940975902292, 36.302032369101816 ], [ 126.266063734819369, 36.302356568319851 ], [ 126.265351015132978, 36.302865610946263 ], [ 126.265813543986894, 36.303665686746427 ], [ 126.267438626267506, 36.304301154218194 ], [ 126.26820980201353, 36.303485213846216 ], [ 126.270131802231191, 36.302833578466768 ], [ 126.269566824417993, 36.300447182893912 ], [ 126.267790839916074, 36.299927431095746 ], [ 126.265994735523321, 36.297505976437627 ], [ 126.268143089564802, 36.292752875379072 ], [ 126.262346435448364, 36.291040811068513 ], [ 126.261638526830765, 36.289639632103999 ], [ 126.258694429638908, 36.288325356993248 ], [ 126.259001873960756, 36.286394979429211 ], [ 126.25686187476316, 36.286295095793847 ], [ 126.25399969199745, 36.287623078202692 ], [ 126.253522210470706, 36.289873466868436 ], [ 126.250528843988661, 36.294888205542144 ], [ 126.251816710069349, 36.294809128326499 ], [ 126.252646830851077, 36.295568776594514 ], [ 126.255167088869314, 36.29446732864448 ], [ 126.257061365943997, 36.294910772274648 ], [ 126.256352966304632, 36.295890171416673 ], [ 126.256815235696038, 36.296999497617733 ], [ 126.259056491770636, 36.298147615847448 ], [ 126.256733156054565, 36.299948143556506 ], [ 126.25543159456717, 36.300106778399837 ], [ 126.255448636105001, 36.301037318873185 ], [ 126.258750156129281, 36.304026362973275 ], [ 126.260607664828612, 36.304546663470461 ], [ 126.261166282393674, 36.303727443795808 ], [ 126.263637520294765, 36.30341502749944 ], [ 126.266194883105712, 36.304668195116662 ] ] ], [ [ [ 126.270068020250974, 36.302995885681405 ], [ 126.269874767411764, 36.3029755735813 ], [ 126.269818255675077, 36.303118568109063 ], [ 126.270068020250974, 36.302995885681405 ] ] ], [ [ [ 126.269842317140302, 36.303425436342607 ], [ 126.27013082508094, 36.303104463168211 ], [ 126.270002959406625, 36.303056641720865 ], [ 126.269842317140302, 36.303425436342607 ] ] ], [ [ [ 126.25379164704168, 36.304922003720066 ], [ 126.254513820898083, 36.304309121709814 ], [ 126.253239917200872, 36.303211392552242 ], [ 126.251772861353487, 36.304715095886245 ], [ 126.25379164704168, 36.304922003720066 ] ] ], [ [ [ 126.25000829675632, 36.304202990193083 ], [ 126.250033345860473, 36.304272718662517 ], [ 126.250073872431429, 36.304249451431076 ], [ 126.25000829675632, 36.304202990193083 ] ] ], [ [ [ 126.252976069829074, 36.311380510530107 ], [ 126.254442928456086, 36.309275627798257 ], [ 126.256671604736397, 36.30818197665473 ], [ 126.256722258242135, 36.30726778934627 ], [ 126.255300650986129, 36.306672374247242 ], [ 126.255629417618124, 36.30481162347899 ], [ 126.254722239418243, 36.304894286521638 ], [ 126.254999952695741, 36.306552177857057 ], [ 126.252338600900785, 36.307370221278788 ], [ 126.252795494507922, 36.308518548232797 ], [ 126.249156780974161, 36.309848936393102 ], [ 126.251277147200952, 36.311707187327016 ], [ 126.252976069829074, 36.311380510530107 ] ] ], [ [ [ 126.271196565314284, 36.347335060146968 ], [ 126.274042002200261, 36.347072812157769 ], [ 126.274127692072028, 36.346334300931467 ], [ 126.272115138967521, 36.345764475938665 ], [ 126.270395649777598, 36.346497095071051 ], [ 126.271196565314284, 36.347335060146968 ] ] ], [ [ [ 126.273628479301379, 36.347191038191077 ], [ 126.273660231129085, 36.347255329500925 ], [ 126.273723277196126, 36.347188702717602 ], [ 126.273628479301379, 36.347191038191077 ] ] ], [ [ [ 126.273378397142309, 36.347290094951354 ], [ 126.273417240815178, 36.347254068513685 ], [ 126.273389114134488, 36.34723972209207 ], [ 126.273378397142309, 36.347290094951354 ] ] ], [ [ [ 126.272436318121109, 36.347508382476725 ], [ 126.272498064778958, 36.347568334215396 ], [ 126.272512409927202, 36.347498139114329 ], [ 126.272436318121109, 36.347508382476725 ] ] ], [ [ [ 126.283334095742447, 36.244036213110085 ], [ 126.283324415164955, 36.244177972234219 ], [ 126.283371516786801, 36.244186644107302 ], [ 126.283334095742447, 36.244036213110085 ] ] ], [ [ [ 126.283348076300015, 36.244224299169645 ], [ 126.283396982175944, 36.244259738569603 ], [ 126.28334843270315, 36.244197573442285 ], [ 126.283348076300015, 36.244224299169645 ] ] ], [ [ [ 126.284772395040662, 36.246354162943177 ], [ 126.284840735151377, 36.246386122898961 ], [ 126.284852269754509, 36.246347297266155 ], [ 126.284772395040662, 36.246354162943177 ] ] ], [ [ [ 126.289735979750859, 36.25606618433698 ], [ 126.289767814855949, 36.256003472154134 ], [ 126.289638721749739, 36.256042807007141 ], [ 126.289735979750859, 36.25606618433698 ] ] ], [ [ [ 126.288969055287538, 36.257547124290575 ], [ 126.28893417964953, 36.257515555998545 ], [ 126.288920191078503, 36.257536559805658 ], [ 126.288969055287538, 36.257547124290575 ] ] ], [ [ [ 126.291607625960864, 36.257469597793467 ], [ 126.291487982210072, 36.25762073791465 ], [ 126.291481837274773, 36.25772208316333 ], [ 126.291607625960864, 36.257469597793467 ] ] ], [ [ [ 126.291658763326907, 36.257610394252012 ], [ 126.291614269289809, 36.257719894620564 ], [ 126.291707624649476, 36.257695033417079 ], [ 126.291658763326907, 36.257610394252012 ] ] ], [ [ [ 126.288954052323177, 36.257729162609436 ], [ 126.288918744764445, 36.257683892632443 ], [ 126.28890927830497, 36.257746378520743 ], [ 126.288954052323177, 36.257729162609436 ] ] ], [ [ [ 126.288881156760141, 36.257878052710559 ], [ 126.288848089056273, 36.257843432211864 ], [ 126.288824126567619, 36.257860141250582 ], [ 126.288881156760141, 36.257878052710559 ] ] ], [ [ [ 126.288923094248389, 36.25792849770064 ], [ 126.289044951172073, 36.257914261924675 ], [ 126.288906534190914, 36.257889378239049 ], [ 126.288923094248389, 36.25792849770064 ] ] ], [ [ [ 126.288770404786931, 36.257968232692782 ], [ 126.288888606388696, 36.257927751811813 ], [ 126.288785109694956, 36.257917133458015 ], [ 126.288770404786931, 36.257968232692782 ] ] ], [ [ [ 126.291617546683526, 36.258355061404473 ], [ 126.291699649348558, 36.258258219367789 ], [ 126.291606471658824, 36.258336971900128 ], [ 126.291617546683526, 36.258355061404473 ] ] ], [ [ [ 126.29168836483592, 36.261603039176073 ], [ 126.292340229833442, 36.260676616448109 ], [ 126.291767485134713, 36.259643005386827 ], [ 126.291516941658855, 36.258960593901215 ], [ 126.291433206028131, 36.257205332742402 ], [ 126.290184518273136, 36.255732169492227 ], [ 126.287973607285267, 36.260296631575763 ], [ 126.288402686056585, 36.26055349489652 ], [ 126.288284636713101, 36.260919931766054 ], [ 126.288935986729655, 36.261281571888624 ], [ 126.29168836483592, 36.261603039176073 ] ] ], [ [ [ 126.288100354703602, 36.259425139908714 ], [ 126.288162576051164, 36.25938621823358 ], [ 126.288157892292801, 36.259375105835552 ], [ 126.288100354703602, 36.259425139908714 ] ] ], [ [ [ 126.291829984213422, 36.259609940703868 ], [ 126.291862325748156, 36.259565073689053 ], [ 126.291813793683829, 36.259566948946265 ], [ 126.291829984213422, 36.259609940703868 ] ] ], [ [ [ 126.288268553696668, 36.260570901464853 ], [ 126.288227169791966, 36.260631123860961 ], [ 126.288295211217459, 36.260637476435086 ], [ 126.288268553696668, 36.260570901464853 ] ] ], [ [ [ 126.286241005456162, 36.261515323828505 ], [ 126.286211976114018, 36.26146486649597 ], [ 126.286073819812017, 36.261520905622056 ], [ 126.286241005456162, 36.261515323828505 ] ] ], [ [ [ 126.291255896280035, 36.261842892793517 ], [ 126.291482243063911, 36.26174303196062 ], [ 126.291219751707402, 36.261791492090296 ], [ 126.291255896280035, 36.261842892793517 ] ] ], [ [ [ 126.285817565533435, 36.261800542104311 ], [ 126.285904984363214, 36.261732032612471 ], [ 126.285794529126235, 36.261776433069876 ], [ 126.285817565533435, 36.261800542104311 ] ] ], [ [ [ 126.285970385748101, 36.261784151983242 ], [ 126.285966753551804, 36.261852978404463 ], [ 126.285997620321723, 36.261787017532988 ], [ 126.285970385748101, 36.261784151983242 ] ] ], [ [ [ 126.284907490274122, 36.262368880573959 ], [ 126.287132921964627, 36.261840921171945 ], [ 126.287677125040645, 36.261429532331739 ], [ 126.286439059779795, 36.261113231929066 ], [ 126.286221266156346, 36.261752484967879 ], [ 126.284907490274122, 36.262368880573959 ] ] ], [ [ [ 126.284577428036982, 36.261992378689371 ], [ 126.284337393284474, 36.262091243427385 ], [ 126.284676778448002, 36.26203109239372 ], [ 126.284577428036982, 36.261992378689371 ] ] ], [ [ [ 126.284099489283307, 36.262115233271857 ], [ 126.28427944352363, 36.262015468009686 ], [ 126.284043527308825, 36.262089756039167 ], [ 126.284099489283307, 36.262115233271857 ] ] ], [ [ [ 126.283965379720328, 36.262117583874542 ], [ 126.283916400342903, 36.262095212008099 ], [ 126.283792925430689, 36.262115110844434 ], [ 126.283965379720328, 36.262117583874542 ] ] ], [ [ [ 126.282971710426608, 36.262114605131643 ], [ 126.283056728166756, 36.262089972432591 ], [ 126.282968231412113, 36.262105662974825 ], [ 126.282971710426608, 36.262114605131643 ] ] ], [ [ [ 126.283148150227021, 36.262192533415039 ], [ 126.283054819250907, 36.262164939216859 ], [ 126.283026232338386, 36.262188106981142 ], [ 126.283148150227021, 36.262192533415039 ] ] ], [ [ [ 126.282899591431459, 36.262213302302371 ], [ 126.282968596701636, 36.262187581776828 ], [ 126.282874778750468, 36.262200987803844 ], [ 126.282899591431459, 36.262213302302371 ] ] ], [ [ [ 126.28321113360775, 36.262253469718836 ], [ 126.283214434623119, 36.262196534339722 ], [ 126.283173140686912, 36.262209894422249 ], [ 126.28321113360775, 36.262253469718836 ] ] ], [ [ [ 126.284144085834882, 36.262398378756281 ], [ 126.284611000418352, 36.262105767150913 ], [ 126.284055299283281, 36.262202111650247 ], [ 126.284144085834882, 36.262398378756281 ] ] ], [ [ [ 126.283980956761553, 36.262190853370718 ], [ 126.283841885289178, 36.262310327679323 ], [ 126.284016504220801, 36.262234232266444 ], [ 126.283980956761553, 36.262190853370718 ] ] ], [ [ [ 126.283531018764108, 36.262305941830874 ], [ 126.283420018672643, 36.262360788244976 ], [ 126.283540162683067, 36.262315819647242 ], [ 126.283531018764108, 36.262305941830874 ] ] ], [ [ [ 126.282938959212743, 36.26236196070991 ], [ 126.282876688366699, 36.26233302010133 ], [ 126.282855529168089, 36.262346952793976 ], [ 126.282938959212743, 36.26236196070991 ] ] ], [ [ [ 126.282593511058408, 36.262367189205079 ], [ 126.282563341267959, 36.262344297881164 ], [ 126.282519048606787, 36.262356920438819 ], [ 126.282593511058408, 36.262367189205079 ] ] ], [ [ [ 126.283578499372823, 36.262394810783803 ], [ 126.283584004620792, 36.262364836235243 ], [ 126.283530066644659, 36.262361447904759 ], [ 126.283578499372823, 36.262394810783803 ] ] ], [ [ [ 126.283468447086989, 36.262431460324038 ], [ 126.283511649538752, 36.262404144605185 ], [ 126.283445561775693, 36.262415013270669 ], [ 126.283468447086989, 36.262431460324038 ] ] ], [ [ [ 126.283713224377024, 36.262446985585953 ], [ 126.283848916523141, 36.262417698518284 ], [ 126.283683116729776, 36.262417335777243 ], [ 126.283713224377024, 36.262446985585953 ] ] ], [ [ [ 126.282837052930063, 36.262444798532762 ], [ 126.282785081446406, 36.262408801235715 ], [ 126.282766400870727, 36.262431579348487 ], [ 126.282837052930063, 36.262444798532762 ] ] ], [ [ [ 126.282505845890569, 36.262437855509489 ], [ 126.282568461112348, 36.262453641621818 ], [ 126.282584741564392, 36.262425713218292 ], [ 126.282505845890569, 36.262437855509489 ] ] ], [ [ [ 126.283555460694032, 36.262444237909868 ], [ 126.283601814532261, 36.262461637627425 ], [ 126.283594158494694, 36.262434917025296 ], [ 126.283555460694032, 36.262444237909868 ] ] ], [ [ [ 126.284897190275856, 36.262668729816696 ], [ 126.284330497808213, 36.262517907835758 ], [ 126.284565353075195, 36.262767314895221 ], [ 126.284897190275856, 36.262668729816696 ] ] ], [ [ [ 126.28345448129609, 36.262522756720053 ], [ 126.283370427242588, 36.262478635400434 ], [ 126.283398746849286, 36.262533416955563 ], [ 126.28345448129609, 36.262522756720053 ] ] ], [ [ [ 126.283780616337467, 36.262500467807676 ], [ 126.283729759304606, 36.262537292256049 ], [ 126.283790081362994, 36.26252395601 ], [ 126.283780616337467, 36.262500467807676 ] ] ], [ [ [ 126.282425382644448, 36.262548397794447 ], [ 126.282483926216884, 36.262559292465156 ], [ 126.282491846516209, 36.262545012311385 ], [ 126.282425382644448, 36.262548397794447 ] ] ], [ [ [ 126.283263789934068, 36.262518728937778 ], [ 126.283062275240212, 36.262603313874912 ], [ 126.283311804927038, 36.262525055498237 ], [ 126.283263789934068, 36.262518728937778 ] ] ], [ [ [ 126.283859255649119, 36.262552667051224 ], [ 126.283841209240194, 36.262640242103366 ], [ 126.283996047280397, 36.262573670885274 ], [ 126.283859255649119, 36.262552667051224 ] ] ], [ [ [ 126.283150024488251, 36.262876354911803 ], [ 126.283201859172536, 36.262695889529262 ], [ 126.282788824814276, 36.262656645382584 ], [ 126.283150024488251, 36.262876354911803 ] ] ], [ [ [ 126.283252757587917, 36.262934554832661 ], [ 126.283653493669362, 36.262651464210009 ], [ 126.283356702060772, 36.262616703698953 ], [ 126.283252757587917, 36.262934554832661 ] ] ], [ [ [ 126.28243856119532, 36.262701225064625 ], [ 126.282436089093338, 36.262825483340819 ], [ 126.282528088208281, 36.262706990129203 ], [ 126.28243856119532, 36.262701225064625 ] ] ], [ [ [ 126.284177556175109, 36.262949915462499 ], [ 126.284068985612222, 36.262641065291916 ], [ 126.283889058196834, 36.262786518162649 ], [ 126.284177556175109, 36.262949915462499 ] ] ], [ [ [ 126.282678169763997, 36.262856312265122 ], [ 126.282890906885228, 36.262749447307364 ], [ 126.282656296901422, 36.262765884418926 ], [ 126.282678169763997, 36.262856312265122 ] ] ], [ [ [ 126.283841955606462, 36.262863196183545 ], [ 126.28374092115709, 36.26313060093036 ], [ 126.284022486287739, 36.26298070969213 ], [ 126.283841955606462, 36.262863196183545 ] ] ], [ [ [ 126.282884387463369, 36.263048777642588 ], [ 126.282953848076772, 36.263119305173454 ], [ 126.282958624145508, 36.263047241540995 ], [ 126.282884387463369, 36.263048777642588 ] ] ], [ [ [ 126.282614702924221, 36.263103935621537 ], [ 126.282560702294006, 36.263095231009132 ], [ 126.282527938092343, 36.263149104247319 ], [ 126.282614702924221, 36.263103935621537 ] ] ], [ [ [ 126.28359015528028, 36.263141232297642 ], [ 126.283649052410283, 36.263125635114051 ], [ 126.283587065304815, 36.26310174251303 ], [ 126.28359015528028, 36.263141232297642 ] ] ], [ [ [ 126.283715064992009, 36.263354387868098 ], [ 126.283962276989769, 36.263225557864288 ], [ 126.28364572515153, 36.263258356958609 ], [ 126.283715064992009, 36.263354387868098 ] ] ], [ [ [ 126.283455680617308, 36.263341838574313 ], [ 126.283436604258426, 36.263273866661898 ], [ 126.283340017441844, 36.263322311153523 ], [ 126.283455680617308, 36.263341838574313 ] ] ], [ [ [ 126.283025667431957, 36.263540313900528 ], [ 126.282826972619532, 36.263596077517491 ], [ 126.282944223583442, 36.263648596406483 ], [ 126.283025667431957, 36.263540313900528 ] ] ], [ [ [ 126.283053495359454, 36.263685479626439 ], [ 126.283069730183811, 36.263662507107469 ], [ 126.283036051321858, 36.263658250115498 ], [ 126.283053495359454, 36.263685479626439 ] ] ], [ [ [ 126.282865917293535, 36.263705893493373 ], [ 126.282847894740073, 36.263668747053707 ], [ 126.282832792186127, 36.263701818772468 ], [ 126.282865917293535, 36.263705893493373 ] ] ], [ [ [ 126.28545313973143, 36.265648174203449 ], [ 126.285775174028927, 36.265344240744483 ], [ 126.285649338740456, 36.265268240089554 ], [ 126.28545313973143, 36.265648174203449 ] ] ], [ [ [ 126.28530972591993, 36.265718420562997 ], [ 126.285325103122375, 36.265642993777099 ], [ 126.285311336404533, 36.265639307474252 ], [ 126.28530972591993, 36.265718420562997 ] ] ], [ [ [ 126.285909657986124, 36.266389232105411 ], [ 126.286428207076739, 36.266196231846052 ], [ 126.285956112600459, 36.265943518786649 ], [ 126.285909657986124, 36.266389232105411 ] ] ], [ [ [ 126.292615143843761, 36.28849957251807 ], [ 126.292593601223317, 36.288530806164317 ], [ 126.292630338613378, 36.288530392862739 ], [ 126.292615143843761, 36.28849957251807 ] ] ], [ [ [ 126.292466696201316, 36.288741378361998 ], [ 126.292511214395219, 36.288680452711773 ], [ 126.292448045902546, 36.288711080218164 ], [ 126.292466696201316, 36.288741378361998 ] ] ], [ [ [ 126.292205357043414, 36.29090759595146 ], [ 126.292190751577962, 36.290885340261575 ], [ 126.292185927726933, 36.290901803220422 ], [ 126.292205357043414, 36.29090759595146 ] ] ], [ [ [ 126.292347226732502, 36.290889600154436 ], [ 126.292392042077438, 36.290931589882646 ], [ 126.29239975146892, 36.290916044930107 ], [ 126.292347226732502, 36.290889600154436 ] ] ], [ [ [ 126.292257741187328, 36.290900246113893 ], [ 126.292317973162184, 36.290997838649346 ], [ 126.292305273516973, 36.290887910683871 ], [ 126.292257741187328, 36.290900246113893 ] ] ], [ [ [ 126.292135579659302, 36.290967200705339 ], [ 126.292188162464669, 36.290937863761428 ], [ 126.292131187470247, 36.290935723178265 ], [ 126.292135579659302, 36.290967200705339 ] ] ], [ [ [ 126.292404289362054, 36.290955994320399 ], [ 126.292437559383387, 36.290969798623109 ], [ 126.292417983446157, 36.290943459490784 ], [ 126.292404289362054, 36.290955994320399 ] ] ], [ [ [ 126.292427506325822, 36.291022818285228 ], [ 126.292357902090487, 36.290940130126707 ], [ 126.292338928681659, 36.290933078136476 ], [ 126.292427506325822, 36.291022818285228 ] ] ], [ [ [ 126.292324047258248, 36.291077267186097 ], [ 126.292363690848632, 36.291100210288754 ], [ 126.29234380139097, 36.291071525906858 ], [ 126.292324047258248, 36.291077267186097 ] ] ], [ [ [ 126.292604826603025, 36.291122545231175 ], [ 126.292616153952835, 36.291100713751248 ], [ 126.292596731938218, 36.291106727073668 ], [ 126.292604826603025, 36.291122545231175 ] ] ], [ [ [ 126.29273259127595, 36.29118728411882 ], [ 126.292671206632633, 36.291093920758641 ], [ 126.292643720567838, 36.291068253626023 ], [ 126.29273259127595, 36.29118728411882 ] ] ], [ [ [ 126.292708649839099, 36.291175698008843 ], [ 126.292658410262703, 36.291179725171389 ], [ 126.292714179120651, 36.291192222263518 ], [ 126.292708649839099, 36.291175698008843 ] ] ], [ [ [ 126.292584630823342, 36.291177036476661 ], [ 126.292533502049665, 36.29115609775701 ], [ 126.292577111318877, 36.291208442370575 ], [ 126.292584630823342, 36.291177036476661 ] ] ], [ [ [ 126.29234661671596, 36.29125285840675 ], [ 126.29234638804293, 36.291290525757219 ], [ 126.292383709256484, 36.291287141720247 ], [ 126.29234661671596, 36.29125285840675 ] ] ], [ [ [ 126.333687124688922, 36.269099581374554 ], [ 126.333609992187974, 36.269293364979447 ], [ 126.333869808101497, 36.269707964183617 ], [ 126.333687124688922, 36.269099581374554 ] ] ], [ [ [ 126.333889858881548, 36.269353508896259 ], [ 126.334010146696144, 36.269548813807518 ], [ 126.333899468635167, 36.269338233877377 ], [ 126.333889858881548, 36.269353508896259 ] ] ], [ [ [ 126.333709025508242, 36.269461219634657 ], [ 126.333599686609148, 36.269749400406432 ], [ 126.333719757513506, 36.269835474480132 ], [ 126.333709025508242, 36.269461219634657 ] ] ], [ [ [ 126.29913371181037, 36.288533001707108 ], [ 126.299088491420036, 36.288535892036499 ], [ 126.299122122081414, 36.288546811533031 ], [ 126.29913371181037, 36.288533001707108 ] ] ], [ [ [ 126.299159634325619, 36.288559197967807 ], [ 126.299132687361791, 36.288585173325473 ], [ 126.299172608981934, 36.288589733772042 ], [ 126.299159634325619, 36.288559197967807 ] ] ], [ [ [ 126.299399672350305, 36.288691183535569 ], [ 126.29936294334469, 36.288690609164739 ], [ 126.299391344164349, 36.288713934673758 ], [ 126.299399672350305, 36.288691183535569 ] ] ], [ [ [ 126.299315194431401, 36.288690057536364 ], [ 126.299291300401762, 36.288710825925421 ], [ 126.299296044631873, 36.288727794557097 ], [ 126.299315194431401, 36.288690057536364 ] ] ], [ [ [ 126.299388347464742, 36.288800069095522 ], [ 126.299323373455408, 36.288746518923986 ], [ 126.299361541165979, 36.288822531904216 ], [ 126.299388347464742, 36.288800069095522 ] ] ], [ [ [ 126.299319767505494, 36.288888252993949 ], [ 126.299029754224478, 36.288668738942938 ], [ 126.299194451120513, 36.288947895566373 ], [ 126.299319767505494, 36.288888252993949 ] ] ], [ [ [ 126.297649849495826, 36.289817654295817 ], [ 126.29755315633841, 36.289862865225132 ], [ 126.297582146466979, 36.289882320675602 ], [ 126.297649849495826, 36.289817654295817 ] ] ], [ [ [ 126.29762375355665, 36.289947179474893 ], [ 126.297715031946666, 36.289922482450834 ], [ 126.297660029409414, 36.289874126884854 ], [ 126.29762375355665, 36.289947179474893 ] ] ], [ [ [ 126.296020172683555, 36.290402030963797 ], [ 126.295972080697652, 36.290377505707539 ], [ 126.295997271087202, 36.290423344155862 ], [ 126.296020172683555, 36.290402030963797 ] ] ], [ [ [ 126.296064927250129, 36.290438521431689 ], [ 126.296013888973135, 36.290444709151203 ], [ 126.296062632537726, 36.290471040327155 ], [ 126.296064927250129, 36.290438521431689 ] ] ], [ [ [ 126.296135952555048, 36.290512295218491 ], [ 126.296199847297316, 36.290450490528329 ], [ 126.296103033119564, 36.290471728415618 ], [ 126.296135952555048, 36.290512295218491 ] ] ], [ [ [ 126.296059758235302, 36.290592591795324 ], [ 126.295896914001716, 36.290492233239227 ], [ 126.295977080328953, 36.290676093634765 ], [ 126.296059758235302, 36.290592591795324 ] ] ], [ [ [ 126.292774621452793, 36.291217091692012 ], [ 126.292943157589832, 36.291377323996016 ], [ 126.292810796720417, 36.291217395665036 ], [ 126.292774621452793, 36.291217091692012 ] ] ], [ [ [ 126.292727700426923, 36.291211136838285 ], [ 126.292768499849274, 36.291352770837328 ], [ 126.292920127737389, 36.291462258849691 ], [ 126.292727700426923, 36.291211136838285 ] ] ], [ [ [ 126.292723418891072, 36.291364849937828 ], [ 126.292689894063926, 36.29139141727174 ], [ 126.292749983369859, 36.291381678552952 ], [ 126.292723418891072, 36.291364849937828 ] ] ], [ [ [ 126.292746996428235, 36.29141653605469 ], [ 126.292783904079144, 36.291422072468151 ], [ 126.292772232406236, 36.291407853506868 ], [ 126.292746996428235, 36.29141653605469 ] ] ], [ [ [ 126.292733925225008, 36.291631477938296 ], [ 126.292757756671961, 36.291580973712577 ], [ 126.292685826545338, 36.291546122361929 ], [ 126.292733925225008, 36.291631477938296 ] ] ], [ [ [ 126.292694393177399, 36.291608353982525 ], [ 126.292671712385513, 36.29164228420246 ], [ 126.292690225615601, 36.291650595382734 ], [ 126.292694393177399, 36.291608353982525 ] ] ], [ [ [ 126.292981049810578, 36.291779560145137 ], [ 126.292903416618046, 36.291500910090491 ], [ 126.292895645491214, 36.291856285521213 ], [ 126.292981049810578, 36.291779560145137 ] ] ], [ [ [ 126.292780295906397, 36.291673746462088 ], [ 126.292753914395277, 36.291698373815535 ], [ 126.292774412901494, 36.291696510981176 ], [ 126.292780295906397, 36.291673746462088 ] ] ], [ [ [ 126.293300225426748, 36.291702684676636 ], [ 126.293259687428701, 36.29171695357369 ], [ 126.293297305752205, 36.291730152456189 ], [ 126.293300225426748, 36.291702684676636 ] ] ], [ [ [ 126.293104645906197, 36.291702069948663 ], [ 126.293234731160865, 36.29173176557299 ], [ 126.293196277518689, 36.291663049893607 ], [ 126.293104645906197, 36.291702069948663 ] ] ], [ [ [ 126.29312909812046, 36.291817292819303 ], [ 126.293140222324311, 36.291842771238237 ], [ 126.293148958462098, 36.291812183523888 ], [ 126.29312909812046, 36.291817292819303 ] ] ], [ [ [ 126.292966504430765, 36.291874096787211 ], [ 126.292999170948619, 36.291856266969134 ], [ 126.29295919183707, 36.291858102646636 ], [ 126.292966504430765, 36.291874096787211 ] ] ], [ [ [ 126.293085703873203, 36.292000064568832 ], [ 126.293117563500132, 36.292022330255413 ], [ 126.293102605276786, 36.291989979837361 ], [ 126.293085703873203, 36.292000064568832 ] ] ], [ [ [ 126.293079397395715, 36.292032829562729 ], [ 126.292857064520106, 36.292072967543476 ], [ 126.293112180828572, 36.292261019300234 ], [ 126.293079397395715, 36.292032829562729 ] ] ], [ [ [ 126.293668783953223, 36.292618376537312 ], [ 126.293655387464895, 36.292560803834839 ], [ 126.293632982496177, 36.292613569140769 ], [ 126.293668783953223, 36.292618376537312 ] ] ], [ [ [ 126.293652243745285, 36.292897191917852 ], [ 126.293801748497586, 36.292995852140415 ], [ 126.293668391045898, 36.292834836525223 ], [ 126.293652243745285, 36.292897191917852 ] ] ], [ [ [ 126.293909694246253, 36.293061372452335 ], [ 126.293863635495015, 36.293070652898805 ], [ 126.293907904903293, 36.293099482013844 ], [ 126.293909694246253, 36.293061372452335 ] ] ], [ [ [ 126.295501674618777, 36.296244500006559 ], [ 126.296634653285295, 36.294071242773782 ], [ 126.29646004555903, 36.293878987670986 ], [ 126.295273293570659, 36.291757585942214 ], [ 126.294976697908766, 36.291527210405391 ], [ 126.295867891382841, 36.290538382121838 ], [ 126.294334093675673, 36.290275030958249 ], [ 126.293185499773571, 36.290920421601285 ], [ 126.294215387915287, 36.291540382513318 ], [ 126.293181591693056, 36.29219284974392 ], [ 126.293774643464403, 36.292520053562946 ], [ 126.294724653430777, 36.294027820814065 ], [ 126.294637537941838, 36.294702551409948 ], [ 126.294235895577387, 36.294874558582819 ], [ 126.29507235498113, 36.295618991526467 ], [ 126.294542187582522, 36.296473381241292 ], [ 126.295501674618777, 36.296244500006559 ] ] ], [ [ [ 126.296499448667646, 36.293904272670318 ], [ 126.296513447413986, 36.293845508428767 ], [ 126.296494340268367, 36.293853326725383 ], [ 126.296499448667646, 36.293904272670318 ] ] ], [ [ [ 126.294650267127665, 36.29399331728419 ], [ 126.294594697003859, 36.293995692257873 ], [ 126.294636192109749, 36.294048115772569 ], [ 126.294650267127665, 36.29399331728419 ] ] ], [ [ [ 126.294645073431781, 36.29432293432918 ], [ 126.294615252962046, 36.294346099448333 ], [ 126.294665518377514, 36.294327200767214 ], [ 126.294645073431781, 36.29432293432918 ] ] ], [ [ [ 126.294600015110873, 36.294369348486768 ], [ 126.294554274505501, 36.294380343426774 ], [ 126.294608156526678, 36.294404902391854 ], [ 126.294600015110873, 36.294369348486768 ] ] ], [ [ [ 126.296479881538389, 36.294608240321224 ], [ 126.296436180580102, 36.294627539404331 ], [ 126.296472926052971, 36.294639109434719 ], [ 126.296479881538389, 36.294608240321224 ] ] ], [ [ [ 126.294522408720027, 36.294667718144112 ], [ 126.294553131928126, 36.294618606461 ], [ 126.294496537888051, 36.294623228391032 ], [ 126.294522408720027, 36.294667718144112 ] ] ], [ [ [ 126.294176392701388, 36.294621159104466 ], [ 126.294318905356704, 36.294767447785254 ], [ 126.294185545821065, 36.294606164092514 ], [ 126.294176392701388, 36.294621159104466 ] ] ], [ [ [ 126.294770056462369, 36.295897111737041 ], [ 126.294684996379573, 36.295959962454937 ], [ 126.294782904726162, 36.29594161618553 ], [ 126.294770056462369, 36.295897111737041 ] ] ], [ [ [ 126.295611531256071, 36.296283896656121 ], [ 126.295621899549147, 36.296319373757363 ], [ 126.29563561499981, 36.296292149917448 ], [ 126.295611531256071, 36.296283896656121 ] ] ], [ [ [ 126.295809119565291, 36.296458717038732 ], [ 126.295839769231904, 36.296442496046311 ], [ 126.295804145535271, 36.296442375217168 ], [ 126.295809119565291, 36.296458717038732 ] ] ], [ [ [ 126.294687543326461, 36.29656745502556 ], [ 126.294701022324162, 36.29659123518644 ], [ 126.29472022699639, 36.296584950702666 ], [ 126.294687543326461, 36.29656745502556 ] ] ], [ [ [ 126.294738448228543, 36.296737264353439 ], [ 126.294771608576966, 36.296763594009917 ], [ 126.294777433082871, 36.296747227591496 ], [ 126.294738448228543, 36.296737264353439 ] ] ], [ [ [ 126.321033179813313, 36.301800312128719 ], [ 126.319596713855816, 36.30130623515312 ], [ 126.320999404638144, 36.298195803175645 ], [ 126.31920386152342, 36.298111966464262 ], [ 126.318442025747615, 36.300968118584827 ], [ 126.31976107279354, 36.302097315415182 ], [ 126.321033179813313, 36.301800312128719 ] ] ], [ [ [ 126.318301725428682, 36.301149804819666 ], [ 126.318422865118308, 36.300994863956397 ], [ 126.318379392551876, 36.30097551196809 ], [ 126.318301725428682, 36.301149804819666 ] ] ], [ [ [ 126.319285134303428, 36.30186543982726 ], [ 126.319263181038309, 36.301778081258831 ], [ 126.319211962163735, 36.301842854133149 ], [ 126.319285134303428, 36.30186543982726 ] ] ], [ [ [ 126.321265564968968, 36.302901508931342 ], [ 126.321206534289843, 36.302801324699701 ], [ 126.321105374699641, 36.302809221248118 ], [ 126.321265564968968, 36.302901508931342 ] ] ], [ [ [ 126.321359919921235, 36.303370652128756 ], [ 126.32146485791823, 36.303273651377225 ], [ 126.321314754729912, 36.303314884102015 ], [ 126.321359919921235, 36.303370652128756 ] ] ], [ [ [ 126.32144145460164, 36.303417615953833 ], [ 126.321599526374797, 36.303343174965029 ], [ 126.321542975291521, 36.30332951702303 ], [ 126.32144145460164, 36.303417615953833 ] ] ], [ [ [ 126.324793527136478, 36.304567651213823 ], [ 126.322369882567344, 36.302529192307333 ], [ 126.321656085624369, 36.302687535258436 ], [ 126.321802662030166, 36.303593319873613 ], [ 126.323354421295136, 36.303700339621635 ], [ 126.323212652954396, 36.304645315115323 ], [ 126.324793527136478, 36.304567651213823 ] ] ], [ [ [ 126.325262808107396, 36.304555160716312 ], [ 126.325069490241049, 36.304469000216436 ], [ 126.325047187621422, 36.304511949820572 ], [ 126.325262808107396, 36.304555160716312 ] ] ], [ [ [ 126.324156635365725, 36.305437376165649 ], [ 126.325037456067719, 36.30484018991099 ], [ 126.324017217182941, 36.304795044526706 ], [ 126.324156635365725, 36.305437376165649 ] ] ], [ [ [ 126.32724385566874, 36.306275212637232 ], [ 126.330010565046365, 36.305463477072188 ], [ 126.328657992529116, 36.304610502571613 ], [ 126.3255785985438, 36.304718703819546 ], [ 126.324934868022353, 36.304496715814764 ], [ 126.32724385566874, 36.306275212637232 ] ] ], [ [ [ 126.32969871337562, 36.305713767001102 ], [ 126.329807585456848, 36.305726002301803 ], [ 126.329775866856806, 36.305655660325748 ], [ 126.32969871337562, 36.305713767001102 ] ] ], [ [ [ 126.329003789490514, 36.357856762814102 ], [ 126.328952300079763, 36.357965261964765 ], [ 126.329066816536496, 36.357966977562562 ], [ 126.329003789490514, 36.357856762814102 ] ] ], [ [ [ 126.329707424505443, 36.358654770850457 ], [ 126.32936173748152, 36.358234476672493 ], [ 126.328692743309745, 36.358051919370993 ], [ 126.329707424505443, 36.358654770850457 ] ] ], [ [ [ 126.329617393316852, 36.358690871379714 ], [ 126.329889823642844, 36.358772648720425 ], [ 126.329930403704253, 36.358769838679464 ], [ 126.329617393316852, 36.358690871379714 ] ] ], [ [ [ 126.32994895137945, 36.358772699539927 ], [ 126.330047458644756, 36.35880323471725 ], [ 126.329968958629749, 36.358748193019451 ], [ 126.32994895137945, 36.358772699539927 ] ] ], [ [ [ 126.329845275599439, 36.359222889429986 ], [ 126.330017453107573, 36.359206335079975 ], [ 126.32983552041064, 36.359183480172007 ], [ 126.329845275599439, 36.359222889429986 ] ] ], [ [ [ 126.330221322851102, 36.359901606736194 ], [ 126.331421631820717, 36.360679813060059 ], [ 126.331535372983964, 36.360681621509222 ], [ 126.330847019025256, 36.360150409213745 ], [ 126.330221322851102, 36.359901606736194 ] ] ], [ [ [ 126.333712952224886, 36.378708599076553 ], [ 126.333941248817865, 36.378871179894176 ], [ 126.333904369641346, 36.378674251845908 ], [ 126.333712952224886, 36.378708599076553 ] ] ], [ [ [ 126.324509965172041, 36.388458709222419 ], [ 126.324467880664884, 36.388620680234396 ], [ 126.324540384261965, 36.388601444108993 ], [ 126.324509965172041, 36.388458709222419 ] ] ], [ [ [ 126.324962289847804, 36.38864789678523 ], [ 126.32491732695793, 36.388782185866532 ], [ 126.325018938999733, 36.388747615013486 ], [ 126.324962289847804, 36.38864789678523 ] ] ], [ [ [ 126.326541873868337, 36.389433609464874 ], [ 126.326252795086148, 36.389273646405478 ], [ 126.326221669226484, 36.389367552283524 ], [ 126.326541873868337, 36.389433609464874 ] ] ], [ [ [ 126.324592658870898, 36.389889582477622 ], [ 126.324653420728083, 36.390106744537874 ], [ 126.324698296337246, 36.390098618506975 ], [ 126.324592658870898, 36.389889582477622 ] ] ], [ [ [ 126.322391582629223, 36.390274796562565 ], [ 126.322474341091535, 36.390345195882482 ], [ 126.322525984957593, 36.390238160458892 ], [ 126.322391582629223, 36.390274796562565 ] ] ], [ [ [ 126.327106059682336, 36.39138806443588 ], [ 126.327038391583116, 36.391557460244698 ], [ 126.327180484048384, 36.391456339532461 ], [ 126.327106059682336, 36.39138806443588 ] ] ], [ [ [ 126.326714405283667, 36.391592852072897 ], [ 126.326743115871167, 36.391817852965964 ], [ 126.326866637895563, 36.391828010847973 ], [ 126.326714405283667, 36.391592852072897 ] ] ], [ [ [ 126.333245890918647, 36.394595016666784 ], [ 126.333527130590099, 36.394697876836112 ], [ 126.333231347475319, 36.394535998984068 ], [ 126.333245890918647, 36.394595016666784 ] ] ], [ [ [ 126.334250843705831, 36.394910529368268 ], [ 126.33368787302453, 36.39478825687749 ], [ 126.334480272074302, 36.395116100900417 ], [ 126.334250843705831, 36.394910529368268 ] ] ], [ [ [ 126.328834590397406, 36.397585125101578 ], [ 126.328773563476702, 36.397694813431642 ], [ 126.328874013372427, 36.397641307807525 ], [ 126.328834590397406, 36.397585125101578 ] ] ], [ [ [ 126.332876228621231, 36.39887830714553 ], [ 126.333008446441625, 36.398850479723151 ], [ 126.332930694747859, 36.398778854676443 ], [ 126.332876228621231, 36.39887830714553 ] ] ], [ [ [ 126.333949083332158, 36.398832389371037 ], [ 126.333775866958078, 36.398818176369453 ], [ 126.333696073762752, 36.399338148734081 ], [ 126.333949083332158, 36.398832389371037 ] ] ], [ [ [ 126.333282418779518, 36.399818948338179 ], [ 126.333469075938723, 36.399447363285901 ], [ 126.333140346832806, 36.399668924471698 ], [ 126.333282418779518, 36.399818948338179 ] ] ], [ [ [ 126.340998798322389, 36.270572709483062 ], [ 126.341010170296613, 36.270486782554663 ], [ 126.340960238202968, 36.2705778583328 ], [ 126.340998798322389, 36.270572709483062 ] ] ], [ [ [ 126.341038166564161, 36.270553407725949 ], [ 126.341108893820319, 36.270605965341574 ], [ 126.341075648309513, 36.270513656127754 ], [ 126.341038166564161, 36.270553407725949 ] ] ], [ [ [ 126.341040254703316, 36.271074369240907 ], [ 126.341431135519301, 36.270952475444076 ], [ 126.341144542037526, 36.270526209118202 ], [ 126.341040254703316, 36.271074369240907 ] ] ], [ [ [ 126.341126432467561, 36.271219294388104 ], [ 126.341187973293614, 36.271150729656412 ], [ 126.341133981527648, 36.271139383064572 ], [ 126.341126432467561, 36.271219294388104 ] ] ], [ [ [ 126.341717596738619, 36.271308918800806 ], [ 126.341685354844515, 36.271339425104699 ], [ 126.341722876005392, 36.271344038196396 ], [ 126.341717596738619, 36.271308918800806 ] ] ], [ [ [ 126.344566598797371, 36.273360733978585 ], [ 126.344448934788517, 36.273414600994045 ], [ 126.344570858332631, 36.273458346033117 ], [ 126.344566598797371, 36.273360733978585 ] ] ], [ [ [ 126.344376809988404, 36.273508811879552 ], [ 126.344428565977751, 36.273524244440893 ], [ 126.344412248200783, 36.273495145072474 ], [ 126.344376809988404, 36.273508811879552 ] ] ], [ [ [ 126.345935624046902, 36.309805274764997 ], [ 126.345754581080598, 36.309831500030711 ], [ 126.34575759416802, 36.309857558820589 ], [ 126.345935624046902, 36.309805274764997 ] ] ], [ [ [ 126.347760251761613, 36.315710240067062 ], [ 126.346673486221448, 36.315759276976074 ], [ 126.346490198861602, 36.316639798168978 ], [ 126.346747787911099, 36.3166764413346 ], [ 126.347760251761613, 36.315710240067062 ] ] ], [ [ [ 126.344635547999175, 36.316206636418237 ], [ 126.344698202473893, 36.316157865541285 ], [ 126.344626162215491, 36.316157109702424 ], [ 126.344635547999175, 36.316206636418237 ] ] ], [ [ [ 126.346968824511038, 36.316596455144534 ], [ 126.346918560048564, 36.316561755031948 ], [ 126.346896054296266, 36.316590019640707 ], [ 126.346968824511038, 36.316596455144534 ] ] ], [ [ [ 126.346426551737125, 36.317927939936858 ], [ 126.346808245725384, 36.317891907104951 ], [ 126.347006974226517, 36.317723213445191 ], [ 126.346426551737125, 36.317927939936858 ] ] ], [ [ [ 126.347046562226041, 36.317943584489086 ], [ 126.347236209893552, 36.318022662527042 ], [ 126.34719833804337, 36.317890254000538 ], [ 126.347046562226041, 36.317943584489086 ] ] ], [ [ [ 126.343666370910228, 36.325843631170251 ], [ 126.343592405435842, 36.32584574798809 ], [ 126.343654333524867, 36.325871139963319 ], [ 126.343666370910228, 36.325843631170251 ] ] ], [ [ [ 126.343550445928116, 36.325855792054362 ], [ 126.343533980516256, 36.325920134336876 ], [ 126.343568445020423, 36.325860756735551 ], [ 126.343550445928116, 36.325855792054362 ] ] ], [ [ [ 126.343380564879425, 36.325994088201803 ], [ 126.343275417541847, 36.325996124814488 ], [ 126.343277392688265, 36.326026053564306 ], [ 126.343380564879425, 36.325994088201803 ] ] ], [ [ [ 126.343551192458932, 36.326045761244956 ], [ 126.343468477080435, 36.325975647076064 ], [ 126.343449509461863, 36.326006362994548 ], [ 126.343551192458932, 36.326045761244956 ] ] ], [ [ [ 126.342746191810164, 36.326089909329717 ], [ 126.342877474354339, 36.325999343896235 ], [ 126.342820136607727, 36.32595766457483 ], [ 126.342746191810164, 36.326089909329717 ] ] ], [ [ [ 126.342558137392018, 36.326296505478574 ], [ 126.342673679531046, 36.326197290392059 ], [ 126.342519856786893, 36.326173645708352 ], [ 126.342558137392018, 36.326296505478574 ] ] ], [ [ [ 126.342908642576262, 36.326398911921061 ], [ 126.34297896307676, 36.326287103017073 ], [ 126.342872039704048, 36.326354824460736 ], [ 126.342908642576262, 36.326398911921061 ] ] ], [ [ [ 126.342624641780617, 36.326639043148248 ], [ 126.342573044714499, 36.326656331660274 ], [ 126.34262341478933, 36.326692475185965 ], [ 126.342624641780617, 36.326639043148248 ] ] ], [ [ [ 126.342814571185798, 36.326792835615962 ], [ 126.342750803532212, 36.326773831379086 ], [ 126.342790026488288, 36.326824422349851 ], [ 126.342814571185798, 36.326792835615962 ] ] ], [ [ [ 126.342669978488487, 36.326823580822392 ], [ 126.342744670564983, 36.326788215661999 ], [ 126.342672549177536, 36.326756278854624 ], [ 126.342669978488487, 36.326823580822392 ] ] ], [ [ [ 126.343088497407805, 36.327102720737258 ], [ 126.342874920630678, 36.327125878544173 ], [ 126.343063741906263, 36.327133043399641 ], [ 126.343088497407805, 36.327102720737258 ] ] ], [ [ [ 126.342674701187775, 36.327123155536924 ], [ 126.34268190839812, 36.327007665164494 ], [ 126.342638653493921, 36.327012743573675 ], [ 126.342674701187775, 36.327123155536924 ] ] ], [ [ [ 126.342206201209066, 36.327119766270634 ], [ 126.342281563582404, 36.327031146085268 ], [ 126.342229958388415, 36.327009504435807 ], [ 126.342206201209066, 36.327119766270634 ] ] ], [ [ [ 126.342457392783942, 36.327166296742675 ], [ 126.342393440700889, 36.327089706972473 ], [ 126.342433163296178, 36.327186799932022 ], [ 126.342457392783942, 36.327166296742675 ] ] ], [ [ [ 126.342118052202224, 36.327139648343099 ], [ 126.34204281483278, 36.32714707426284 ], [ 126.342088830063844, 36.327158141449502 ], [ 126.342118052202224, 36.327139648343099 ] ] ], [ [ [ 126.342452446458054, 36.327277745078426 ], [ 126.342405034041519, 36.327168171341476 ], [ 126.342382401275714, 36.327171110937513 ], [ 126.342452446458054, 36.327277745078426 ] ] ], [ [ [ 126.342523433584489, 36.327285613880299 ], [ 126.342494129134479, 36.327234358032015 ], [ 126.342495830347076, 36.327283841050559 ], [ 126.342523433584489, 36.327285613880299 ] ] ], [ [ [ 126.342367018078775, 36.327252132061936 ], [ 126.342327149194702, 36.327291744967397 ], [ 126.342371659954978, 36.327296223809881 ], [ 126.342367018078775, 36.327252132061936 ] ] ], [ [ [ 126.34017380817744, 36.327465606555236 ], [ 126.340353011680264, 36.327649532952179 ], [ 126.340275220330454, 36.32747112337934 ], [ 126.34017380817744, 36.327465606555236 ] ] ], [ [ [ 126.340448526291624, 36.328037561068463 ], [ 126.340369113884606, 36.328011799455147 ], [ 126.340387670218647, 36.328043082694968 ], [ 126.340448526291624, 36.328037561068463 ] ] ], [ [ [ 126.340339891900783, 36.328029931530772 ], [ 126.340280474483592, 36.328023477254035 ], [ 126.340309742855723, 36.328065812140494 ], [ 126.340339891900783, 36.328029931530772 ] ] ], [ [ [ 126.340501579629986, 36.328045693391779 ], [ 126.340604970208489, 36.328054285185715 ], [ 126.340533333317268, 36.327991437917142 ], [ 126.340501579629986, 36.328045693391779 ] ] ], [ [ [ 126.340300615718263, 36.328289702205581 ], [ 126.340218025146996, 36.328271042234462 ], [ 126.340249028195231, 36.328305637554607 ], [ 126.340300615718263, 36.328289702205581 ] ] ], [ [ [ 126.340093212703195, 36.328557645810832 ], [ 126.340197144114825, 36.328541818260931 ], [ 126.340126238584361, 36.328497719811828 ], [ 126.340093212703195, 36.328557645810832 ] ] ], [ [ [ 126.339855491004812, 36.328643294861934 ], [ 126.339806623539403, 36.328600940886318 ], [ 126.339810919572031, 36.328646022796562 ], [ 126.339855491004812, 36.328643294861934 ] ] ], [ [ [ 126.339525765881035, 36.329020684289866 ], [ 126.339482887321367, 36.32896799957706 ], [ 126.339484092860459, 36.329009910696016 ], [ 126.339525765881035, 36.329020684289866 ] ] ], [ [ [ 126.340170818036952, 36.329405259752377 ], [ 126.340220256117234, 36.329314155450341 ], [ 126.340078953032943, 36.329416467957635 ], [ 126.340170818036952, 36.329405259752377 ] ] ], [ [ [ 126.340295419260258, 36.329381796982567 ], [ 126.340370068542569, 36.329523510648563 ], [ 126.340401773677982, 36.329369137172371 ], [ 126.340295419260258, 36.329381796982567 ] ] ], [ [ [ 126.341149409237516, 36.330084189797411 ], [ 126.341254429323058, 36.329965634592355 ], [ 126.341213986097102, 36.329927742303397 ], [ 126.341149409237516, 36.330084189797411 ] ] ], [ [ [ 126.341430559411307, 36.330145036545829 ], [ 126.341483547967727, 36.330095043399325 ], [ 126.341439899916281, 36.33008065439477 ], [ 126.341430559411307, 36.330145036545829 ] ] ], [ [ [ 126.341526476631472, 36.330208286322716 ], [ 126.34152655237159, 36.33013303975617 ], [ 126.341486095649287, 36.33018949908692 ], [ 126.341526476631472, 36.330208286322716 ] ] ], [ [ [ 126.341519892672594, 36.330434892930015 ], [ 126.341572667538969, 36.330357503223958 ], [ 126.341518311087867, 36.33037135146229 ], [ 126.341519892672594, 36.330434892930015 ] ] ], [ [ [ 126.341570505609937, 36.330852682855479 ], [ 126.341520002978683, 36.330805633195034 ], [ 126.341533202207358, 36.330865003401016 ], [ 126.341570505609937, 36.330852682855479 ] ] ], [ [ [ 126.341845978983656, 36.331151674074263 ], [ 126.341850017999178, 36.331068788844 ], [ 126.341817214669078, 36.331128895948375 ], [ 126.341845978983656, 36.331151674074263 ] ] ], [ [ [ 126.341689648415354, 36.331133780699773 ], [ 126.34176017379562, 36.331117678515355 ], [ 126.341744668057302, 36.331093983144143 ], [ 126.341689648415354, 36.331133780699773 ] ] ], [ [ [ 126.340596005389074, 36.334127101927692 ], [ 126.340737767780624, 36.334090126083545 ], [ 126.340603335563173, 36.33401080169488 ], [ 126.340596005389074, 36.334127101927692 ] ] ], [ [ [ 126.340936035067287, 36.334538195915691 ], [ 126.341002345536012, 36.334493953937226 ], [ 126.340945445775702, 36.334478770921088 ], [ 126.340936035067287, 36.334538195915691 ] ] ], [ [ [ 126.341371763672811, 36.335039484014416 ], [ 126.341321132674835, 36.335020640609009 ], [ 126.3413259527821, 36.33505689472608 ], [ 126.341371763672811, 36.335039484014416 ] ] ], [ [ [ 126.341453634492851, 36.336190001775982 ], [ 126.341465362941335, 36.336133112574274 ], [ 126.341415646288922, 36.336137796097169 ], [ 126.341453634492851, 36.336190001775982 ] ] ], [ [ [ 126.341639248188912, 36.33639567993351 ], [ 126.341656501433746, 36.336343867360732 ], [ 126.341625579299816, 36.336338921349991 ], [ 126.341639248188912, 36.33639567993351 ] ] ], [ [ [ 126.342231567287058, 36.336834022653349 ], [ 126.342355969767695, 36.3367824403132 ], [ 126.342300980210965, 36.336738791210472 ], [ 126.342231567287058, 36.336834022653349 ] ] ], [ [ [ 126.339962387374442, 36.336937312192397 ], [ 126.340025664570206, 36.336883051058543 ], [ 126.339965170099546, 36.336884609367225 ], [ 126.339962387374442, 36.336937312192397 ] ] ], [ [ [ 126.340572392753771, 36.337747763455063 ], [ 126.34056549759417, 36.337693655956301 ], [ 126.3405365884215, 36.33771404297412 ], [ 126.340572392753771, 36.337747763455063 ] ] ], [ [ [ 126.340877373195056, 36.337892010541914 ], [ 126.340719786086026, 36.337928989812688 ], [ 126.340843788934635, 36.337978245647335 ], [ 126.340877373195056, 36.337892010541914 ] ] ], [ [ [ 126.340754489599988, 36.338080305875572 ], [ 126.340811295001103, 36.3381594720883 ], [ 126.34083585879938, 36.338099680285033 ], [ 126.340754489599988, 36.338080305875572 ] ] ], [ [ [ 126.341094077509922, 36.338149226252355 ], [ 126.341163941186451, 36.338185746942237 ], [ 126.34115524382004, 36.33813397308122 ], [ 126.341094077509922, 36.338149226252355 ] ] ], [ [ [ 126.341654429985709, 36.338350390397729 ], [ 126.341776994894175, 36.338557341246229 ], [ 126.341758520251986, 36.338330416314726 ], [ 126.341654429985709, 36.338350390397729 ] ] ], [ [ [ 126.341512619409926, 36.338445042174108 ], [ 126.341543852281276, 36.338505951998528 ], [ 126.341557764577047, 36.338440965181753 ], [ 126.341512619409926, 36.338445042174108 ] ] ], [ [ [ 126.34771911146133, 36.346725995411241 ], [ 126.347681881999435, 36.346768687809714 ], [ 126.347738855769038, 36.346749444189335 ], [ 126.34771911146133, 36.346725995411241 ] ] ], [ [ [ 126.347644238524524, 36.346821020314692 ], [ 126.34758344797504, 36.346857276005657 ], [ 126.347649645296372, 36.34688061749987 ], [ 126.347644238524524, 36.346821020314692 ] ] ], [ [ [ 126.347372262510021, 36.346907849789787 ], [ 126.347497870645455, 36.346873479699617 ], [ 126.347399353187541, 36.346852035000978 ], [ 126.347372262510021, 36.346907849789787 ] ] ], [ [ [ 126.347843575944836, 36.347015768941915 ], [ 126.347870440298891, 36.346759893789581 ], [ 126.347670033062855, 36.346880366983797 ], [ 126.347843575944836, 36.347015768941915 ] ] ], [ [ [ 126.347106599477414, 36.346985791389343 ], [ 126.347076026113498, 36.346791512557012 ], [ 126.346954404745631, 36.346882135618749 ], [ 126.347106599477414, 36.346985791389343 ] ] ], [ [ [ 126.347583239435451, 36.347029306620925 ], [ 126.347485594221439, 36.346916308142703 ], [ 126.347475519019312, 36.346988977213186 ], [ 126.347583239435451, 36.347029306620925 ] ] ], [ [ [ 126.347347861279246, 36.347082091855 ], [ 126.347318575371133, 36.346960544875863 ], [ 126.347276750502488, 36.347046738253034 ], [ 126.347347861279246, 36.347082091855 ] ] ], [ [ [ 126.347707050833804, 36.347036560485137 ], [ 126.347613761941446, 36.347069394451481 ], [ 126.347633426130898, 36.347089058029802 ], [ 126.347707050833804, 36.347036560485137 ] ] ], [ [ [ 126.334771549239719, 36.385145612322745 ], [ 126.334742605223553, 36.384644497980169 ], [ 126.334342572786909, 36.385080142009414 ], [ 126.334771549239719, 36.385145612322745 ] ] ], [ [ [ 126.347372530398175, 36.393235607610244 ], [ 126.347118736920564, 36.3933413680206 ], [ 126.347445656875863, 36.393515006068803 ], [ 126.347372530398175, 36.393235607610244 ] ] ], [ [ [ 126.348688999164523, 36.405474997300573 ], [ 126.351129868826291, 36.404992467966082 ], [ 126.351089088386104, 36.403960265850074 ], [ 126.352973525146652, 36.404101736526002 ], [ 126.352448000814974, 36.403150855103803 ], [ 126.353642256544262, 36.403194330039483 ], [ 126.353554049499593, 36.401907334788959 ], [ 126.355165788143864, 36.401769936913901 ], [ 126.355689811644282, 36.399649871240015 ], [ 126.352591055107908, 36.398674463441232 ], [ 126.350015067972819, 36.39660629462449 ], [ 126.346450894900954, 36.39714816237332 ], [ 126.344915852661032, 36.396772356136402 ], [ 126.344534486978048, 36.395820443470058 ], [ 126.343257098370131, 36.396612662566767 ], [ 126.340119465156135, 36.395390162044961 ], [ 126.338546948346121, 36.393266359704938 ], [ 126.339351011592697, 36.391781738834652 ], [ 126.341077020550486, 36.391870304999387 ], [ 126.339326332339397, 36.391418435113614 ], [ 126.339637928664132, 36.389794602170547 ], [ 126.343349145502913, 36.390307864465335 ], [ 126.340691844444052, 36.389859950889047 ], [ 126.337026754945896, 36.384294391445792 ], [ 126.336625328527802, 36.38578781453905 ], [ 126.33266669871098, 36.387672971739001 ], [ 126.334256832046407, 36.388653113655046 ], [ 126.332451497465186, 36.393106735887798 ], [ 126.334231718189244, 36.393885719664283 ], [ 126.335080522703265, 36.395376904834855 ], [ 126.33554219607592, 36.398561365157484 ], [ 126.334642167768322, 36.398876714059419 ], [ 126.336383046330582, 36.398964710059253 ], [ 126.337969913236549, 36.400335975080289 ], [ 126.342001027019705, 36.399448354775629 ], [ 126.342604210877695, 36.399897299141941 ], [ 126.341599793712419, 36.401581161442202 ], [ 126.343447977558597, 36.400211756861758 ], [ 126.348112385786877, 36.403504177969943 ], [ 126.348688999164523, 36.405474997300573 ] ] ], [ [ [ 126.335419730142675, 36.40236608107908 ], [ 126.335390463834884, 36.402752693825988 ], [ 126.335669542449068, 36.402458578350732 ], [ 126.335419730142675, 36.40236608107908 ] ] ], [ [ [ 126.334906553742059, 36.402620865036688 ], [ 126.334624528958599, 36.402658764322773 ], [ 126.334680843413366, 36.402748022926161 ], [ 126.334906553742059, 36.402620865036688 ] ] ], [ [ [ 126.334851823847686, 36.40375817829954 ], [ 126.333677077757102, 36.403795966947413 ], [ 126.333593102554858, 36.40406079778051 ], [ 126.334512436281713, 36.404404307138392 ], [ 126.334851823847686, 36.40375817829954 ] ] ], [ [ [ 126.337503577442575, 36.407616161708319 ], [ 126.337193112505304, 36.407364639290101 ], [ 126.337106258401704, 36.407483740465786 ], [ 126.337503577442575, 36.407616161708319 ] ] ], [ [ [ 126.386909932393152, 36.26133360026531 ], [ 126.387385178806724, 36.259751962048249 ], [ 126.386717496643897, 36.259159358604087 ], [ 126.385684109551519, 36.260828915183147 ], [ 126.386909932393152, 36.26133360026531 ] ] ], [ [ [ 126.350787936434443, 36.308901085581979 ], [ 126.350770328924227, 36.308983357849037 ], [ 126.350872625308213, 36.308986706813727 ], [ 126.350787936434443, 36.308901085581979 ] ] ], [ [ [ 126.347993486318288, 36.315208029574336 ], [ 126.351778820461774, 36.314531653533116 ], [ 126.353895164836075, 36.315313789272416 ], [ 126.353949629769588, 36.312666899704375 ], [ 126.356828245897461, 36.311618862705082 ], [ 126.35754663929194, 36.310141652804184 ], [ 126.353922912193752, 36.309116958388628 ], [ 126.353488673555717, 36.308226867786829 ], [ 126.352385235746013, 36.309160274409535 ], [ 126.349895306484328, 36.309128105734004 ], [ 126.348812925776272, 36.308607286676967 ], [ 126.346939606213169, 36.309018635502859 ], [ 126.345707420077943, 36.31019891846892 ], [ 126.34724227327429, 36.310256783592671 ], [ 126.347478855316524, 36.311475823802319 ], [ 126.346587822422222, 36.311867021220664 ], [ 126.346503926924385, 36.31135280635452 ], [ 126.346368734851424, 36.3122218762486 ], [ 126.345045760714711, 36.312441007545821 ], [ 126.344866331613261, 36.313391568364487 ], [ 126.343249392072494, 36.314232047355347 ], [ 126.345550737608121, 36.314091471067719 ], [ 126.34769704272432, 36.312083503083095 ], [ 126.348991499776233, 36.311891040365786 ], [ 126.35094254635257, 36.312802096486287 ], [ 126.347929314654849, 36.314583620079048 ], [ 126.347993486318288, 36.315208029574336 ] ] ], [ [ [ 126.396402863417009, 36.33941290017254 ], [ 126.396504255145459, 36.338543481063496 ], [ 126.397439883694886, 36.33787316314254 ], [ 126.397325275128935, 36.337572901838108 ], [ 126.395700337884392, 36.33834571885361 ], [ 126.395513913190442, 36.339415030859605 ], [ 126.396402863417009, 36.33941290017254 ] ] ], [ [ [ 126.364976596115042, 36.338606539854432 ], [ 126.364907564335937, 36.33860310756112 ], [ 126.364932514157971, 36.338630636266494 ], [ 126.364976596115042, 36.338606539854432 ] ] ], [ [ [ 126.365030495645911, 36.338662697177298 ], [ 126.365102590232553, 36.338713996965183 ], [ 126.365097551867592, 36.338648546003206 ], [ 126.365030495645911, 36.338662697177298 ] ] ], [ [ [ 126.364864669821259, 36.338796450167671 ], [ 126.364902265322712, 36.338693377524422 ], [ 126.364872607267458, 36.338669337930106 ], [ 126.364864669821259, 36.338796450167671 ] ] ], [ [ [ 126.356214647598833, 36.355011227828811 ], [ 126.363084222498031, 36.354163911586831 ], [ 126.360441510043643, 36.353974610227525 ], [ 126.359443351927652, 36.353207058342072 ], [ 126.361598620640578, 36.351692111797895 ], [ 126.363799467662659, 36.351684655095532 ], [ 126.364832379639708, 36.352538324624369 ], [ 126.364163523547234, 36.351330092282538 ], [ 126.361000173936816, 36.349495298381775 ], [ 126.362104476267788, 36.34746258584142 ], [ 126.360832877589601, 36.342022935619582 ], [ 126.362727013337945, 36.339678127733656 ], [ 126.370332823967004, 36.335890017154277 ], [ 126.370750125877493, 36.334732233910565 ], [ 126.369916515917524, 36.333727726315033 ], [ 126.363889370392144, 36.332441194232125 ], [ 126.361325446981823, 36.331026025280813 ], [ 126.360712608976598, 36.329397044624002 ], [ 126.362858627287849, 36.327647802557898 ], [ 126.36194079632979, 36.327643952054601 ], [ 126.362280491739767, 36.326426882256001 ], [ 126.360957794002317, 36.325829440701291 ], [ 126.358017466950713, 36.326035352666743 ], [ 126.356142090275256, 36.328601020175391 ], [ 126.349066716989725, 36.331073617514051 ], [ 126.346464611404784, 36.330587655224001 ], [ 126.343679684995479, 36.326752531256048 ], [ 126.342327608697303, 36.328019078446125 ], [ 126.340883509380447, 36.328040951328745 ], [ 126.339569145525473, 36.329106444981804 ], [ 126.341333627018955, 36.329593980144487 ], [ 126.343116925981818, 36.33196836403058 ], [ 126.340471815667527, 36.333757481166352 ], [ 126.341537763132948, 36.334862509381921 ], [ 126.341926358377734, 36.336478997120849 ], [ 126.342787761531227, 36.336999203352846 ], [ 126.343473707003099, 36.337739250694646 ], [ 126.343030134294239, 36.33813958896036 ], [ 126.34033557968597, 36.337181245846566 ], [ 126.34150858381031, 36.338382209004195 ], [ 126.341666833097193, 36.338213571894173 ], [ 126.342910313758622, 36.33855809225534 ], [ 126.344000397166369, 36.338160261177471 ], [ 126.345314459374919, 36.341034970904708 ], [ 126.348842364758099, 36.341409754841543 ], [ 126.351472374441386, 36.348288046069179 ], [ 126.350473901345367, 36.348744560086999 ], [ 126.35195259547092, 36.350105504524969 ], [ 126.352679002750833, 36.351698553202382 ], [ 126.352222042798928, 36.354990459914731 ], [ 126.355625836516197, 36.356013571672904 ], [ 126.356214647598833, 36.355011227828811 ] ] ], [ [ [ 126.349294943162008, 36.343350715111157 ], [ 126.349237944642312, 36.343226134071458 ], [ 126.34920322709273, 36.343342286391625 ], [ 126.349294943162008, 36.343350715111157 ] ] ], [ [ [ 126.349013736873644, 36.343691626910612 ], [ 126.349042311027219, 36.343483973953269 ], [ 126.348941629285406, 36.343508837165281 ], [ 126.349013736873644, 36.343691626910612 ] ] ], [ [ [ 126.348611784057553, 36.343603825928142 ], [ 126.348781563096509, 36.343615293389746 ], [ 126.348756281367969, 36.343507648346538 ], [ 126.348611784057553, 36.343603825928142 ] ] ], [ [ [ 126.34923554111981, 36.343930021568319 ], [ 126.349145394408382, 36.343840044893874 ], [ 126.349100073489723, 36.343851333135476 ], [ 126.34923554111981, 36.343930021568319 ] ] ], [ [ [ 126.348774846636417, 36.346254588188387 ], [ 126.348731719608381, 36.346336718270372 ], [ 126.348791982439352, 36.346350475033226 ], [ 126.348774846636417, 36.346254588188387 ] ] ], [ [ [ 126.34940482995016, 36.346544588750177 ], [ 126.349285776054501, 36.346554395340092 ], [ 126.349372438099138, 36.346581811164945 ], [ 126.34940482995016, 36.346544588750177 ] ] ], [ [ [ 126.348448399407133, 36.346675723989883 ], [ 126.348474637569538, 36.346561509587097 ], [ 126.348438274489155, 36.346567348754469 ], [ 126.348448399407133, 36.346675723989883 ] ] ], [ [ [ 126.348044471926528, 36.34674291094322 ], [ 126.348340092847295, 36.346839686591473 ], [ 126.348047509084694, 36.34661919845842 ], [ 126.348044471926528, 36.34674291094322 ] ] ], [ [ [ 126.348417080505726, 36.346798202934295 ], [ 126.348376376469687, 36.346843488998786 ], [ 126.348446196310391, 36.346846662634782 ], [ 126.348417080505726, 36.346798202934295 ] ] ], [ [ [ 126.350269179182277, 36.347882743569656 ], [ 126.350254365376585, 36.34794953105726 ], [ 126.350290918982509, 36.347947746263166 ], [ 126.350269179182277, 36.347882743569656 ] ] ], [ [ [ 126.350559930454637, 36.34793632171715 ], [ 126.350520198822863, 36.34799873711016 ], [ 126.350616038824825, 36.348047830961328 ], [ 126.350559930454637, 36.34793632171715 ] ] ], [ [ [ 126.350174097784631, 36.347970181602996 ], [ 126.350248801951665, 36.348028983303969 ], [ 126.350275228200829, 36.347999297388903 ], [ 126.350174097784631, 36.347970181602996 ] ] ], [ [ [ 126.350119902403577, 36.347950059920542 ], [ 126.350037029318202, 36.348002688102028 ], [ 126.350183641775118, 36.348068369699135 ], [ 126.350119902403577, 36.347950059920542 ] ] ], [ [ [ 126.350529945488688, 36.348018885364837 ], [ 126.350516688833423, 36.348086041248294 ], [ 126.35057146474918, 36.348090033514566 ], [ 126.350529945488688, 36.348018885364837 ] ] ], [ [ [ 126.349847898742098, 36.348026711540086 ], [ 126.349811593911511, 36.348132490568581 ], [ 126.349918891658916, 36.34812992104812 ], [ 126.349847898742098, 36.348026711540086 ] ] ], [ [ [ 126.350420323227183, 36.34812697020314 ], [ 126.350326661635208, 36.348164219983779 ], [ 126.350417519394554, 36.348209591592159 ], [ 126.350420323227183, 36.34812697020314 ] ] ], [ [ [ 126.349956602918468, 36.348216727647753 ], [ 126.350019320012095, 36.348390903657354 ], [ 126.350096299159645, 36.348270024860433 ], [ 126.349956602918468, 36.348216727647753 ] ] ], [ [ [ 126.350106003617725, 36.348482934174193 ], [ 126.350348094173526, 36.348413689266806 ], [ 126.350092391236629, 36.348391931444674 ], [ 126.350106003617725, 36.348482934174193 ] ] ], [ [ [ 126.349275772014906, 36.348707310469358 ], [ 126.349272835294499, 36.348792364549332 ], [ 126.349325309048325, 36.348778501998567 ], [ 126.349275772014906, 36.348707310469358 ] ] ], [ [ [ 126.350372138205202, 36.348992457309947 ], [ 126.350555664108356, 36.348838903932901 ], [ 126.350345424645695, 36.348828839965066 ], [ 126.350372138205202, 36.348992457309947 ] ] ], [ [ [ 126.350013262643031, 36.349267072953012 ], [ 126.350163898481398, 36.349050079696674 ], [ 126.350059321614154, 36.349019863280326 ], [ 126.350013262643031, 36.349267072953012 ] ] ], [ [ [ 126.349262999105164, 36.349278218279025 ], [ 126.349147634621275, 36.349246049122073 ], [ 126.349206175806756, 36.349319543278412 ], [ 126.349262999105164, 36.349278218279025 ] ] ], [ [ [ 126.348993397206797, 36.349534122881188 ], [ 126.348919786309153, 36.349557872896185 ], [ 126.3489876630547, 36.3495804112898 ], [ 126.348993397206797, 36.349534122881188 ] ] ], [ [ [ 126.349409109788198, 36.3496587638082 ], [ 126.349278868623216, 36.349620296161568 ], [ 126.349387216541032, 36.349706137074151 ], [ 126.349409109788198, 36.3496587638082 ] ] ], [ [ [ 126.349573189841678, 36.349888192803121 ], [ 126.349522490845075, 36.349956495317301 ], [ 126.349633599820834, 36.349978187532614 ], [ 126.349573189841678, 36.349888192803121 ] ] ], [ [ [ 126.356985640528336, 36.360410278881929 ], [ 126.357003574147171, 36.360492112491713 ], [ 126.35703121678354, 36.360463513166899 ], [ 126.356985640528336, 36.360410278881929 ] ] ], [ [ [ 126.388319988195533, 36.366293065860937 ], [ 126.388347522693309, 36.366255746249102 ], [ 126.388319004717374, 36.366257833758183 ], [ 126.388319988195533, 36.366293065860937 ] ] ], [ [ [ 126.427577623074797, 36.384816086408058 ], [ 126.430423405452188, 36.385263059347174 ], [ 126.43518486378116, 36.384463041905192 ], [ 126.433319371371297, 36.384309416896976 ], [ 126.433850107996378, 36.383152154967654 ], [ 126.434620295486141, 36.383604069373554 ], [ 126.435152040503766, 36.38356776272817 ], [ 126.43388192869925, 36.382744531023441 ], [ 126.434657063130615, 36.379836390083824 ], [ 126.433008797589082, 36.379667523002595 ], [ 126.431255043254197, 36.37741752381789 ], [ 126.435178227217065, 36.375066040240966 ], [ 126.437634057360185, 36.37676780686138 ], [ 126.437100223815278, 36.376005167026165 ], [ 126.438084570178248, 36.376128263397142 ], [ 126.438828565143567, 36.37529348434164 ], [ 126.438740939015318, 36.37214667646888 ], [ 126.431578225584531, 36.369660759864161 ], [ 126.430882687492826, 36.369014090363102 ], [ 126.431578617351263, 36.367992632113435 ], [ 126.434220318831109, 36.367350024758849 ], [ 126.435656944979172, 36.365106755869768 ], [ 126.438489850069047, 36.363733595840849 ], [ 126.439407854780455, 36.36352843056811 ], [ 126.440054525090986, 36.364697364649622 ], [ 126.443094264620441, 36.363228324799366 ], [ 126.445232427707296, 36.3641709785106 ], [ 126.448441130784929, 36.361929665095893 ], [ 126.450971508276467, 36.362284635733282 ], [ 126.452488622316608, 36.360611310361762 ], [ 126.454512240015646, 36.361139420994789 ], [ 126.455969989595786, 36.363932836873808 ], [ 126.455520955937459, 36.361729428765308 ], [ 126.458979362415661, 36.362180718717426 ], [ 126.458013577006341, 36.362395974629408 ], [ 126.458145030937501, 36.362736454613959 ], [ 126.459715978628594, 36.362103478120027 ], [ 126.46078196382642, 36.360412324066168 ], [ 126.458242532346958, 36.358399713213579 ], [ 126.459069494392011, 36.357848934824354 ], [ 126.459047874576484, 36.356489263608587 ], [ 126.458546159802665, 36.356628798935169 ], [ 126.4581769480167, 36.356264494852184 ], [ 126.459054919601385, 36.355290814797648 ], [ 126.458758732239403, 36.354300386999682 ], [ 126.458147264551698, 36.354987189342822 ], [ 126.457856172728, 36.354523055806311 ], [ 126.457017277805889, 36.35531503277177 ], [ 126.455911134779953, 36.355175889775438 ], [ 126.454833229322446, 36.356453419092418 ], [ 126.452514038954689, 36.356732567423215 ], [ 126.450085990509606, 36.355704088631491 ], [ 126.447326435558239, 36.356288669688169 ], [ 126.444904957190019, 36.355354119438751 ], [ 126.442321604442725, 36.356770916514861 ], [ 126.442375935345737, 36.358822452200172 ], [ 126.439398535700221, 36.360038522186535 ], [ 126.43535686407354, 36.360938740887413 ], [ 126.433640095026689, 36.360337459304084 ], [ 126.432460301537219, 36.361258280789357 ], [ 126.425648867377888, 36.363074525873827 ], [ 126.420685571449425, 36.362713111003032 ], [ 126.41918656080837, 36.364180428313162 ], [ 126.415406744725601, 36.364222993913401 ], [ 126.412902629317315, 36.365168229165015 ], [ 126.409861397417188, 36.365298251652263 ], [ 126.408549395326958, 36.364154072391685 ], [ 126.405469179522314, 36.365777722462184 ], [ 126.404967392983963, 36.36700258302055 ], [ 126.398379558266427, 36.368314838515637 ], [ 126.396061358563159, 36.368503173378976 ], [ 126.395381676044224, 36.367003262462198 ], [ 126.395276486936382, 36.367773729774768 ], [ 126.394199983824095, 36.367836080097504 ], [ 126.393445060723664, 36.36664648086338 ], [ 126.391232421954655, 36.366750179468553 ], [ 126.390670657845504, 36.365431140242656 ], [ 126.388772023299907, 36.366495915345176 ], [ 126.386935423779164, 36.366285547318022 ], [ 126.38390226807833, 36.367834426239327 ], [ 126.385562770510376, 36.368959400225776 ], [ 126.38470306266619, 36.369669750677872 ], [ 126.384998506226111, 36.370455598346645 ], [ 126.384141923975093, 36.370632608662177 ], [ 126.384758972581906, 36.373266306968937 ], [ 126.383997204745086, 36.374901369683073 ], [ 126.384022161444065, 36.376323602313889 ], [ 126.385418963039697, 36.377437135414276 ], [ 126.385386268455662, 36.380255637053622 ], [ 126.386361614888969, 36.379519238054499 ], [ 126.387509562276776, 36.380411799772901 ], [ 126.389135783146955, 36.379784528700412 ], [ 126.39089241115505, 36.380776540582374 ], [ 126.392258604699748, 36.380386690469855 ], [ 126.391691454748653, 36.381293210787703 ], [ 126.392436649050282, 36.380547226747716 ], [ 126.393965997159285, 36.380512191255271 ], [ 126.398548836022286, 36.381731555272516 ], [ 126.396981786496113, 36.380679677656765 ], [ 126.396526781210625, 36.379288573246974 ], [ 126.397855151424523, 36.37713227178628 ], [ 126.401049812557858, 36.376115581398757 ], [ 126.407233504439105, 36.377178751362841 ], [ 126.406927202121494, 36.376521004826465 ], [ 126.409373517327211, 36.372337472290205 ], [ 126.410156306908348, 36.371839932142883 ], [ 126.411339336935981, 36.372409624986538 ], [ 126.414504872819009, 36.370962682480133 ], [ 126.417761486628123, 36.372455787184585 ], [ 126.417179886750006, 36.374457876702714 ], [ 126.415829203764957, 36.374496779496027 ], [ 126.412599690816933, 36.379237209612853 ], [ 126.413658496785601, 36.382205792338432 ], [ 126.414304892674267, 36.381448085502122 ], [ 126.416221359911916, 36.382180749039222 ], [ 126.416370969772714, 36.383175326741963 ], [ 126.417930810119188, 36.383152361041425 ], [ 126.420681152056048, 36.3798588701789 ], [ 126.422564666427633, 36.381420980563114 ], [ 126.420401728237408, 36.384811582160168 ], [ 126.423251359188114, 36.385425548534634 ], [ 126.427577623074797, 36.384816086408058 ] ] ], [ [ [ 126.382485991036447, 36.370422172468501 ], [ 126.382632662754389, 36.370432752271363 ], [ 126.382493169896136, 36.370345789908257 ], [ 126.382485991036447, 36.370422172468501 ] ] ], [ [ [ 126.384288289308486, 36.370565945043708 ], [ 126.384236423050467, 36.370360411910568 ], [ 126.384114248556415, 36.370431279710012 ], [ 126.384288289308486, 36.370565945043708 ] ] ], [ [ [ 126.382438270143538, 36.370439948694958 ], [ 126.382372767629377, 36.370465653895337 ], [ 126.382479901684945, 36.370473507482735 ], [ 126.382438270143538, 36.370439948694958 ] ] ], [ [ [ 126.382353915421035, 36.370580994076256 ], [ 126.382271851475508, 36.370601477911244 ], [ 126.382360375932066, 36.370595357515661 ], [ 126.382353915421035, 36.370580994076256 ] ] ], [ [ [ 126.382604004199592, 36.370618515094144 ], [ 126.382489237935332, 36.370589354787178 ], [ 126.382476618756371, 36.370592983315703 ], [ 126.382604004199592, 36.370618515094144 ] ] ], [ [ [ 126.438985802945538, 36.3757002051711 ], [ 126.43893358042564, 36.375768737850116 ], [ 126.439027643967307, 36.375707053124785 ], [ 126.438985802945538, 36.3757002051711 ] ] ], [ [ [ 126.438183093724859, 36.37634699271063 ], [ 126.438693199651581, 36.3760815203444 ], [ 126.438776531745532, 36.375878770661267 ], [ 126.438183093724859, 36.37634699271063 ] ] ], [ [ [ 126.411581906239832, 36.378581631032709 ], [ 126.411381280602996, 36.378728856669326 ], [ 126.411734335187646, 36.378764029780541 ], [ 126.411581906239832, 36.378581631032709 ] ] ], [ [ [ 126.40977801464723, 36.378213114671254 ], [ 126.411198691673704, 36.37842012020176 ], [ 126.408902919894061, 36.377504240479922 ], [ 126.408359276984228, 36.379861197984056 ], [ 126.40977801464723, 36.378213114671254 ] ] ], [ [ [ 126.456744266149656, 36.380057957966493 ], [ 126.456167378742776, 36.379603704378475 ], [ 126.456339244870549, 36.380206339284925 ], [ 126.456744266149656, 36.380057957966493 ] ] ], [ [ [ 126.434598759305203, 36.380990231192627 ], [ 126.434545131623906, 36.381120517614946 ], [ 126.43465446986103, 36.381037751631524 ], [ 126.434598759305203, 36.380990231192627 ] ] ], [ [ [ 126.406782511047993, 36.381715026034378 ], [ 126.408126934795035, 36.379917415039323 ], [ 126.404833884184413, 36.38124785751144 ], [ 126.406782511047993, 36.381715026034378 ] ] ], [ [ [ 126.403710992961123, 36.381983661875239 ], [ 126.404169633761924, 36.381741176707727 ], [ 126.403398446663971, 36.382137309046939 ], [ 126.403710992961123, 36.381983661875239 ] ] ], [ [ [ 126.444992137469441, 36.390069520192654 ], [ 126.447692114887715, 36.388563602740639 ], [ 126.44695770794732, 36.385432340260564 ], [ 126.448485422714228, 36.382865023680864 ], [ 126.454892007570336, 36.380269601797394 ], [ 126.455279909796786, 36.379171084920245 ], [ 126.454372163274058, 36.378327554270413 ], [ 126.448863598995999, 36.378087807254239 ], [ 126.445918022327533, 36.379114096544043 ], [ 126.440156397085659, 36.378849461824494 ], [ 126.439091398117242, 36.380535192587949 ], [ 126.439886047000513, 36.381031596984378 ], [ 126.439161234557346, 36.383547047272785 ], [ 126.439950786026387, 36.383496410457077 ], [ 126.440098326570862, 36.383914294886715 ], [ 126.438335974831318, 36.384900698058978 ], [ 126.439096628645473, 36.385006941674384 ], [ 126.439131922843259, 36.387155210016189 ], [ 126.441993338271601, 36.38927062721217 ], [ 126.444992137469441, 36.390069520192654 ] ] ], [ [ [ 126.388508352839168, 36.383780066626798 ], [ 126.388930062380396, 36.38345456207589 ], [ 126.388573192096558, 36.383640717930298 ], [ 126.388280993814604, 36.383623542361953 ], [ 126.388508352839168, 36.383780066626798 ] ] ], [ [ [ 126.35789755594908, 36.385348314025293 ], [ 126.357929529092274, 36.385227911222891 ], [ 126.357869218664206, 36.385297426599848 ], [ 126.35789755594908, 36.385348314025293 ] ] ], [ [ [ 126.459305034217323, 36.386525279727024 ], [ 126.459889010517571, 36.386116026600476 ], [ 126.459215192629529, 36.385993871685741 ], [ 126.459305034217323, 36.386525279727024 ] ] ], [ [ [ 126.365469158116412, 36.392576777351067 ], [ 126.368719339442336, 36.391468002957566 ], [ 126.37013907845008, 36.39269007887566 ], [ 126.369391870764304, 36.391333903341533 ], [ 126.372017855153771, 36.390033895133733 ], [ 126.366802628828736, 36.386908807842751 ], [ 126.366295616210238, 36.385687121749271 ], [ 126.367481445686693, 36.384461792274067 ], [ 126.367464033008403, 36.382205377046915 ], [ 126.366257309439916, 36.380339103772052 ], [ 126.366937414327708, 36.379784956625336 ], [ 126.366182412954942, 36.378863481563172 ], [ 126.365024495751655, 36.379106494080169 ], [ 126.363503705316361, 36.378298684445888 ], [ 126.36194838201169, 36.380022798870698 ], [ 126.36220992692212, 36.385502576214556 ], [ 126.360972354396267, 36.386057346181133 ], [ 126.361657435484943, 36.388891634276774 ], [ 126.363106367878373, 36.389522621238541 ], [ 126.361697240689253, 36.391639841846199 ], [ 126.363274156409631, 36.393434623261868 ], [ 126.365187811480027, 36.394073007840241 ], [ 126.365902018935813, 36.393297839319629 ], [ 126.365469158116412, 36.392576777351067 ] ] ], [ [ [ 126.413208621458509, 36.389149865070692 ], [ 126.411614395768453, 36.387888226817118 ], [ 126.411261760937251, 36.389229025563296 ], [ 126.413208621458509, 36.389149865070692 ] ] ], [ [ [ 126.394190472805974, 36.388900576240871 ], [ 126.39333818571474, 36.38915524332473 ], [ 126.392106851325309, 36.388977041930865 ], [ 126.392738828575247, 36.389792200256849 ], [ 126.394190472805974, 36.388900576240871 ] ] ], [ [ [ 126.429391736924956, 36.390320141280526 ], [ 126.429948642510865, 36.389288690688744 ], [ 126.428557721136286, 36.389349901337127 ], [ 126.429391736924956, 36.390320141280526 ] ] ], [ [ [ 126.428991454299137, 36.390423512241547 ], [ 126.42900243198369, 36.390196624907865 ], [ 126.428892157706429, 36.390385242447437 ], [ 126.428991454299137, 36.390423512241547 ] ] ], [ [ [ 126.42933381693561, 36.390528457276304 ], [ 126.429358258334446, 36.390441583581961 ], [ 126.429198987482948, 36.390517151838957 ], [ 126.42933381693561, 36.390528457276304 ] ] ], [ [ [ 126.391124822615964, 36.390760751512175 ], [ 126.391395985646582, 36.390091040451118 ], [ 126.39082986585619, 36.39026496159449 ], [ 126.391124822615964, 36.390760751512175 ] ] ], [ [ [ 126.428566293258669, 36.392700604708786 ], [ 126.429003913164706, 36.392165795177533 ], [ 126.428191103460406, 36.392196980846578 ], [ 126.428566293258669, 36.392700604708786 ] ] ], [ [ [ 126.429976747275532, 36.39287547448081 ], [ 126.430013823699113, 36.392820049615956 ], [ 126.429968119166119, 36.392820642589861 ], [ 126.429976747275532, 36.39287547448081 ] ] ], [ [ [ 126.352462578748614, 36.393078214416214 ], [ 126.352469053031598, 36.393238385071221 ], [ 126.352580219339529, 36.393260706491681 ], [ 126.352462578748614, 36.393078214416214 ] ] ], [ [ [ 126.352181851078271, 36.393166537408426 ], [ 126.351481055903704, 36.393183189822942 ], [ 126.351497631718502, 36.393616557697456 ], [ 126.352181851078271, 36.393166537408426 ] ] ], [ [ [ 126.436820715144663, 36.401317051852097 ], [ 126.437914570331998, 36.400010341038424 ], [ 126.437614761696949, 36.398918255044585 ], [ 126.43573806026923, 36.399028436705507 ], [ 126.430864699383221, 36.396815078880969 ], [ 126.429537638870329, 36.397080744751449 ], [ 126.430545751787804, 36.399122403730431 ], [ 126.435176042941279, 36.400010604460434 ], [ 126.435114911669785, 36.401185779329303 ], [ 126.435441304350036, 36.400183520018771 ], [ 126.436820715144663, 36.401317051852097 ] ] ], [ [ [ 126.460892777563089, 36.400970592132175 ], [ 126.460833327278138, 36.401031828667669 ], [ 126.46092195253442, 36.400979952836082 ], [ 126.460892777563089, 36.400970592132175 ] ] ], [ [ [ 126.460660662716904, 36.401219256640694 ], [ 126.460480520641951, 36.40130576602035 ], [ 126.460479296249389, 36.40132819884635 ], [ 126.460660662716904, 36.401219256640694 ] ] ], [ [ [ 126.455503086719176, 36.40298054058178 ], [ 126.456339103369501, 36.402826862052116 ], [ 126.455648422612526, 36.402729337094428 ], [ 126.455503086719176, 36.40298054058178 ] ] ], [ [ [ 126.455148719325649, 36.406492016466423 ], [ 126.456949437024619, 36.405022668276025 ], [ 126.458340599607098, 36.405077909894814 ], [ 126.460336178794321, 36.401561069787547 ], [ 126.457418503523471, 36.40245074181427 ], [ 126.455960274910538, 36.404378810010975 ], [ 126.454154011704858, 36.404837847239783 ], [ 126.454124199849971, 36.406124161546245 ], [ 126.455148719325649, 36.406492016466423 ] ] ], [ [ [ 126.460798820818084, 36.406415270771504 ], [ 126.46136218514458, 36.405578994618608 ], [ 126.460627676297563, 36.405455033391121 ], [ 126.460798820818084, 36.406415270771504 ] ] ], [ [ [ 126.436749656411138, 36.408008846118278 ], [ 126.440339134805484, 36.405925551197136 ], [ 126.440583631806263, 36.404843314357613 ], [ 126.43967290749751, 36.403941696783484 ], [ 126.438731950860216, 36.404880323356657 ], [ 126.436050979838797, 36.404927053232733 ], [ 126.436749656411138, 36.408008846118278 ] ] ], [ [ [ 126.364808192492106, 36.405602642825372 ], [ 126.364646432327248, 36.405821754881842 ], [ 126.36494407216405, 36.405686812995761 ], [ 126.364808192492106, 36.405602642825372 ] ] ], [ [ [ 126.460693169900182, 36.406756902613594 ], [ 126.46054987573828, 36.406664101973767 ], [ 126.460530098063103, 36.406847939897979 ], [ 126.460693169900182, 36.406756902613594 ] ] ], [ [ [ 126.456112294549939, 36.41193987467463 ], [ 126.457786948120855, 36.411088261836078 ], [ 126.458611032571355, 36.40874275885399 ], [ 126.454890433861848, 36.409924708839704 ], [ 126.456112294549939, 36.41193987467463 ] ] ], [ [ [ 126.461320056656191, 36.41347859123848 ], [ 126.462111829328919, 36.412926090224389 ], [ 126.461595044596152, 36.412788533899402 ], [ 126.461320056656191, 36.41347859123848 ] ] ], [ [ [ 126.446016114868655, 36.415642725916697 ], [ 126.447268306915902, 36.415410867264306 ], [ 126.445778098854532, 36.415474015576663 ], [ 126.446016114868655, 36.415642725916697 ] ] ], [ [ [ 126.658014251540223, 36.180854791384284 ], [ 126.652566053869876, 36.180871284238151 ], [ 126.651051526988567, 36.179609691409198 ], [ 126.646895747353966, 36.179056460669806 ], [ 126.64516001110546, 36.177730209600213 ], [ 126.64323948556617, 36.178212531082494 ], [ 126.640705065630257, 36.176430971085068 ], [ 126.631939364196171, 36.176100085379872 ], [ 126.628850897573059, 36.173399599028869 ], [ 126.626810493756992, 36.173089356906125 ], [ 126.625174218997415, 36.173760410607713 ], [ 126.623260143047617, 36.173075942507083 ], [ 126.61948863107115, 36.175007748187369 ], [ 126.615116247315413, 36.172147307684256 ], [ 126.612000137256032, 36.17332879537657 ], [ 126.609367598940125, 36.171861115882002 ], [ 126.606256716049103, 36.173397241008182 ], [ 126.60356383592466, 36.173372552862766 ], [ 126.601625133826857, 36.175043440518365 ], [ 126.599409936373149, 36.175371997719168 ], [ 126.594168339243282, 36.174524078309254 ], [ 126.580093195733554, 36.177646130162998 ], [ 126.577731517352362, 36.179013465573348 ], [ 126.570960791120882, 36.188745885003343 ], [ 126.567222176813857, 36.191681078833462 ], [ 126.565145353205153, 36.192148274023886 ], [ 126.525062581011881, 36.187547583631272 ], [ 126.534096570848192, 36.198493119919021 ], [ 126.536199861733508, 36.199344951623836 ], [ 126.537187521183156, 36.203033407651773 ], [ 126.537071859120559, 36.19987953697467 ], [ 126.53784266266878, 36.201494400878843 ], [ 126.536282125181572, 36.20902602252059 ], [ 126.537442963077098, 36.209922199847405 ], [ 126.535728838486037, 36.21068076612849 ], [ 126.531259190745715, 36.218750443840243 ], [ 126.529492232356873, 36.21993914805072 ], [ 126.527814051458748, 36.218964487291018 ], [ 126.52658716502448, 36.219778417146394 ], [ 126.529716019886877, 36.220943260468943 ], [ 126.531041745065735, 36.226090776344407 ], [ 126.5308492001909, 36.231289896847485 ], [ 126.528790847788983, 36.232324826857941 ], [ 126.530022564811048, 36.233159892261426 ], [ 126.530385990116073, 36.237829965809411 ], [ 126.528062929935302, 36.238116847184912 ], [ 126.528046210712816, 36.239412149063554 ], [ 126.531305412458877, 36.240545437144938 ], [ 126.535026441592962, 36.243593554471595 ], [ 126.537410352412181, 36.24786910932572 ], [ 126.535280133025182, 36.248880681497397 ], [ 126.535071481391398, 36.249875709632235 ], [ 126.536343465857513, 36.248666460343713 ], [ 126.538432987458037, 36.249096619791672 ], [ 126.5385546632142, 36.247824495168963 ], [ 126.540361157657316, 36.248788574375816 ], [ 126.54042356540505, 36.250539748907691 ], [ 126.538411899541231, 36.250605017469837 ], [ 126.537560027921415, 36.249613611160974 ], [ 126.537195298112749, 36.251501585653791 ], [ 126.533822206202117, 36.250160454210622 ], [ 126.537595225466362, 36.252396010345485 ], [ 126.538252099893228, 36.253818655343657 ], [ 126.537348057970732, 36.254278569117744 ], [ 126.538703835115058, 36.25473010137118 ], [ 126.540071491473014, 36.260814749730613 ], [ 126.541478292304333, 36.261304898279946 ], [ 126.544243495931227, 36.260358011889771 ], [ 126.544903206412243, 36.26114029223141 ], [ 126.54384854381675, 36.261972142351418 ], [ 126.545363300697204, 36.260942528683415 ], [ 126.547107871779147, 36.261230271094647 ], [ 126.548011948128021, 36.266412047853237 ], [ 126.546330649066007, 36.267503081525675 ], [ 126.543231763440588, 36.267489511734787 ], [ 126.543228523165268, 36.267942731976525 ], [ 126.546277793116275, 36.267561890547782 ], [ 126.546781673678481, 36.268245308406975 ], [ 126.540472870011911, 36.277875550720566 ], [ 126.539159625634852, 36.277692396599768 ], [ 126.539334510868613, 36.274811059751322 ], [ 126.534729196781342, 36.276557000397354 ], [ 126.536612030003681, 36.278795793289746 ], [ 126.538741413120164, 36.278186840772783 ], [ 126.539872186396835, 36.278800585203605 ], [ 126.527834298537343, 36.29625747722163 ], [ 126.528181492877835, 36.297133261369424 ], [ 126.522302796500014, 36.300299455050357 ], [ 126.519451837860117, 36.298784890225782 ], [ 126.519284483802764, 36.297497270700035 ], [ 126.516983211777998, 36.298998182435554 ], [ 126.516762240885143, 36.300227796153443 ], [ 126.517853525085158, 36.299981880851071 ], [ 126.51809051308858, 36.301544399262582 ], [ 126.51299097285802, 36.311376162342704 ], [ 126.504999226154226, 36.322326449277838 ], [ 126.501458602768963, 36.323695651060177 ], [ 126.500833239749142, 36.324818906144991 ], [ 126.503190228592231, 36.324576523378553 ], [ 126.50392422559058, 36.325178601180063 ], [ 126.504300929716848, 36.329824896038986 ], [ 126.505534747427873, 36.331149208016285 ], [ 126.50483870910692, 36.328709146762705 ], [ 126.506953932858167, 36.327952290287151 ], [ 126.507428136580501, 36.328568864682552 ], [ 126.5070862749171, 36.327906604474812 ], [ 126.507798674671108, 36.327652994002797 ], [ 126.512312459106454, 36.327571285590238 ], [ 126.51249024024861, 36.328375490446355 ], [ 126.512700335435625, 36.327564677522687 ], [ 126.513750585136407, 36.327543445930388 ], [ 126.513873834043508, 36.32816557266294 ], [ 126.513885459363806, 36.327541353090872 ], [ 126.515067497877055, 36.327522974089618 ], [ 126.515973906381674, 36.328164662630513 ], [ 126.516164044315119, 36.332321206810775 ], [ 126.520094248171972, 36.335406693710453 ], [ 126.528223225858625, 36.335639090385285 ], [ 126.529781489013985, 36.336932109157942 ], [ 126.534001193912857, 36.33810484348497 ], [ 126.543267905833204, 36.338947798811461 ], [ 126.547358739511253, 36.344315857763164 ], [ 126.550457187013905, 36.346931087719433 ], [ 126.555942955430453, 36.349564972701664 ], [ 126.558596637441596, 36.349731805485462 ], [ 126.56012537210259, 36.351022571875802 ], [ 126.559829935164444, 36.353156388632364 ], [ 126.545755175104489, 36.355038789786342 ], [ 126.529120428619635, 36.366043170748128 ], [ 126.529253519162879, 36.367013686063693 ], [ 126.528287475740797, 36.366461082785577 ], [ 126.528094548447044, 36.367568614632809 ], [ 126.527818589575162, 36.366152184130364 ], [ 126.527206548010469, 36.367089916896937 ], [ 126.527773717968969, 36.367638448628576 ], [ 126.525392273298976, 36.3683594370018 ], [ 126.519998647116964, 36.373784108348836 ], [ 126.517388888134363, 36.374804278907185 ], [ 126.515750588723705, 36.374278414142111 ], [ 126.515729996724332, 36.375369311309669 ], [ 126.509673972508452, 36.381059725994028 ], [ 126.50556241636626, 36.379384345510942 ], [ 126.501681318562603, 36.37937090292904 ], [ 126.500379166628335, 36.380944649868553 ], [ 126.501453117763262, 36.382853562166027 ], [ 126.507642515160256, 36.383597246719148 ], [ 126.508698415811381, 36.385234768293714 ], [ 126.508225479832618, 36.387487466340794 ], [ 126.506810545829268, 36.384289650049816 ], [ 126.50161249179861, 36.383877023676739 ], [ 126.499446810797096, 36.38248426543629 ], [ 126.494757327042109, 36.383321258754464 ], [ 126.49339571667781, 36.382876931596407 ], [ 126.492704900687585, 36.381498686153286 ], [ 126.489003222610279, 36.383339948475196 ], [ 126.486416574716429, 36.382813877463491 ], [ 126.485408435859839, 36.381867440455757 ], [ 126.482902657590671, 36.383018051347506 ], [ 126.481612038670008, 36.382637085741095 ], [ 126.479547679471452, 36.384997218981439 ], [ 126.481203144227564, 36.388827410548899 ], [ 126.481350340337485, 36.388146939763736 ], [ 126.482180437429619, 36.38824790349026 ], [ 126.482222860793357, 36.389775651400463 ], [ 126.484562145292415, 36.39331531257595 ], [ 126.483399454907541, 36.393421060317586 ], [ 126.484545573897705, 36.393529321279921 ], [ 126.484065297005074, 36.397254818154842 ], [ 126.486786272729347, 36.399418753578551 ], [ 126.486428676447716, 36.403771065303566 ], [ 126.48738505467594, 36.408312595639188 ], [ 126.488319347163866, 36.409006648499833 ], [ 126.488084288210317, 36.410479562184847 ], [ 126.488916232450492, 36.410875483683533 ], [ 126.48829268382525, 36.411941544218216 ], [ 126.488886827674776, 36.413468942338902 ], [ 126.488217741856275, 36.413784996672014 ], [ 126.491805118846756, 36.421354735119607 ], [ 126.492893113050414, 36.421163898543675 ], [ 126.49375940644066, 36.422231458695208 ], [ 126.496035882258383, 36.42158438609119 ], [ 126.495538146989645, 36.42091180289065 ], [ 126.497432150601185, 36.419316076128737 ], [ 126.500221693365049, 36.421792042779451 ], [ 126.496123407480994, 36.423464330846286 ], [ 126.495248359023208, 36.425744604902164 ], [ 126.497204151571069, 36.42678089919125 ], [ 126.499432296126173, 36.426091331440446 ], [ 126.502567961702709, 36.426268421029889 ], [ 126.505917981612583, 36.427646973341339 ], [ 126.509369117350658, 36.43082119255704 ], [ 126.510433038770302, 36.433009580857629 ], [ 126.513568718526969, 36.434053594466334 ], [ 126.514882108160322, 36.434973063348316 ], [ 126.514727623828406, 36.435888707367354 ], [ 126.516962756898778, 36.436556202538142 ], [ 126.517667827947875, 36.439062803570245 ], [ 126.521549148794421, 36.439820815159614 ], [ 126.52217148064517, 36.440657554334123 ], [ 126.525935384509694, 36.439528196842993 ], [ 126.530158046228905, 36.439950637298232 ], [ 126.531607018255656, 36.440964763433669 ], [ 126.528181541978171, 36.443459288217085 ], [ 126.526679324494935, 36.445551505432732 ], [ 126.52604172966852, 36.445024114768565 ], [ 126.525451957443394, 36.446803628739509 ], [ 126.523295313195746, 36.443971702709526 ], [ 126.52156508097778, 36.443427861478142 ], [ 126.520532286394868, 36.444233435301321 ], [ 126.520275178921906, 36.444239494605327 ], [ 126.520130964825313, 36.443471064125667 ], [ 126.518465131401186, 36.443595087478457 ], [ 126.516601022719115, 36.442547807714838 ], [ 126.515499590252432, 36.443115233864297 ], [ 126.512052937634053, 36.440224920051214 ], [ 126.509960069016984, 36.441864789332229 ], [ 126.510110089381243, 36.4392496865648 ], [ 126.507364429077469, 36.436760853538644 ], [ 126.500746509848938, 36.432590629073054 ], [ 126.498547577601371, 36.43242316188168 ], [ 126.496615620870955, 36.433909377426552 ], [ 126.49636046933054, 36.438619823072258 ], [ 126.49736934149432, 36.44111298031747 ], [ 126.500036302068537, 36.442755147421551 ], [ 126.500244992656576, 36.444856220776721 ], [ 126.498932284209374, 36.445717973005408 ], [ 126.498130913364122, 36.445675623655539 ], [ 126.497894681053438, 36.445795672114208 ], [ 126.497784825193932, 36.445880829991438 ], [ 126.497551475790658, 36.445746971353373 ], [ 126.496436819206608, 36.446183840579224 ], [ 126.495953431461601, 36.445209157186667 ], [ 126.494165434792251, 36.444902120729665 ], [ 126.495967768496584, 36.44527737243579 ], [ 126.496368744270384, 36.446208235767628 ], [ 126.497801729970604, 36.445909080265494 ], [ 126.498157545839064, 36.445689810308615 ], [ 126.498453098249996, 36.445773706483493 ], [ 126.498571288833233, 36.445865255119188 ], [ 126.492998490886009, 36.448225995495115 ], [ 126.492489814175471, 36.447632856243231 ], [ 126.492912914486581, 36.4482448717823 ], [ 126.490802436343586, 36.448050303835039 ], [ 126.490066878746831, 36.451212119633503 ], [ 126.486327603437687, 36.454495097577421 ], [ 126.487722162664838, 36.456582026853084 ], [ 126.485703545685041, 36.457312302407693 ], [ 126.487905920603495, 36.456598054984312 ], [ 126.488961636521722, 36.460165624589685 ], [ 126.487941306369208, 36.462195703933126 ], [ 126.485564905649113, 36.462172463671045 ], [ 126.486299596571058, 36.463692071375348 ], [ 126.485205147017751, 36.46455259772754 ], [ 126.486390992644544, 36.466607838719142 ], [ 126.488875538809708, 36.467014938531854 ], [ 126.490031699248675, 36.468280822802008 ], [ 126.488727988283117, 36.471353933653802 ], [ 126.486112972080903, 36.471586021370705 ], [ 126.484100815334457, 36.47264061704746 ], [ 126.484729282684, 36.472733916974235 ], [ 126.483914192723375, 36.472817094963119 ], [ 126.483765820764319, 36.475045369479744 ], [ 126.481812630017671, 36.476287066163778 ], [ 126.480968092434537, 36.475962581736361 ], [ 126.48171323317743, 36.476300409084494 ], [ 126.481040097000871, 36.477731404106066 ], [ 126.481155490186438, 36.483545397226315 ], [ 126.480117165858033, 36.48604801889681 ], [ 126.480383944517456, 36.488217871094989 ], [ 126.479108811261625, 36.489104943156029 ], [ 126.480040250446905, 36.490157970786086 ], [ 126.479221082486731, 36.491392187471014 ], [ 126.480283483989609, 36.49301849152863 ], [ 126.4793024518561, 36.493884742154606 ], [ 126.480005965444462, 36.495742562364036 ], [ 126.481864101737173, 36.497163699019552 ], [ 126.481144966237565, 36.497258060697959 ], [ 126.480228601694563, 36.497629040788304 ], [ 126.480125844975959, 36.497723301557997 ], [ 126.48203614167771, 36.497159039800863 ], [ 126.480644219267433, 36.49857111697365 ], [ 126.482450354012371, 36.501238378467114 ], [ 126.482945356043317, 36.506895742791315 ], [ 126.482187920698152, 36.507404127872086 ], [ 126.483937120045695, 36.507598181469085 ], [ 126.48374175719573, 36.508464312157514 ], [ 126.481734244779872, 36.508174792236439 ], [ 126.483772688793763, 36.508742088689836 ], [ 126.482864723544637, 36.514087293151341 ], [ 126.483611169044494, 36.514364305931167 ], [ 126.485032509257437, 36.508989948143423 ], [ 126.491391608444971, 36.508371008030423 ], [ 126.492031650288794, 36.51104055017629 ], [ 126.490253351319467, 36.511309013976238 ], [ 126.492848789630727, 36.513906071515812 ], [ 126.494077569699158, 36.516772248800642 ], [ 126.499045599279, 36.520171474529285 ], [ 126.498752297344936, 36.52143128172635 ], [ 126.499888899712417, 36.521970270565248 ], [ 126.498903797063065, 36.522036287552197 ], [ 126.499406495673298, 36.522861180003204 ], [ 126.499937377940881, 36.522006673869079 ], [ 126.502450671494572, 36.522194035451278 ], [ 126.504330699126626, 36.523375689896469 ], [ 126.504515101055802, 36.524791291310336 ], [ 126.511212292645283, 36.519366540649827 ], [ 126.516473319673807, 36.519623533742006 ], [ 126.51874700835873, 36.520399165567788 ], [ 126.520762843537966, 36.518694041487855 ], [ 126.524024405987902, 36.519588446634899 ], [ 126.527335015375655, 36.516730737160131 ], [ 126.527340508280815, 36.515359828329153 ], [ 126.531239983101315, 36.513543577909878 ], [ 126.532434193924345, 36.512261602994094 ], [ 126.532401640679197, 36.510890830834313 ], [ 126.535220949141305, 36.50956188670898 ], [ 126.539230890456466, 36.505831633372615 ], [ 126.540549445274621, 36.503965502425736 ], [ 126.539987664528908, 36.503500522487364 ], [ 126.542649267585617, 36.503144232144706 ], [ 126.547766950949551, 36.504975052986794 ], [ 126.55970031933056, 36.504982000468665 ], [ 126.561390252279651, 36.506143906880069 ], [ 126.561335377438354, 36.507340980609328 ], [ 126.562022803915852, 36.50748241616887 ], [ 126.563041592384849, 36.505801399075978 ], [ 126.563095514821967, 36.507027227430385 ], [ 126.564801344884913, 36.508461513222137 ], [ 126.565875309123726, 36.507813537271311 ], [ 126.564919887624399, 36.506019858843992 ], [ 126.566094883377858, 36.502467171973194 ], [ 126.566244968045098, 36.502986402160666 ], [ 126.570044855794634, 36.502983637703046 ], [ 126.570292666694712, 36.503951487045384 ], [ 126.571668479272489, 36.501922795152439 ], [ 126.57397416953377, 36.503567130834121 ], [ 126.575182365215198, 36.503189662386553 ], [ 126.577309099191055, 36.504671994924628 ], [ 126.580615250675265, 36.505120757252953 ], [ 126.584215703029955, 36.506859621785345 ], [ 126.586699124688593, 36.50679088010645 ], [ 126.590003670756559, 36.508890386579985 ], [ 126.590724558734834, 36.508628766858365 ], [ 126.593316537081975, 36.506385668389981 ], [ 126.592701977003458, 36.503484132887152 ], [ 126.59656903259436, 36.498985682414663 ], [ 126.597260552975484, 36.496997336394806 ], [ 126.596752753001809, 36.495484800393299 ], [ 126.598252191434526, 36.493559152881502 ], [ 126.597508196459557, 36.492934007423067 ], [ 126.599749568526917, 36.4908390918579 ], [ 126.60068310495862, 36.488720308978827 ], [ 126.601883647900067, 36.488564382462876 ], [ 126.59848200754854, 36.481431614588935 ], [ 126.598984636231634, 36.478864226718329 ], [ 126.601532826338072, 36.479132951387307 ], [ 126.600559065852153, 36.477715037924867 ], [ 126.599351285621339, 36.476676103436816 ], [ 126.58935817187664, 36.475240176379963 ], [ 126.589004540315059, 36.474454379833801 ], [ 126.588460046626423, 36.475736407558216 ], [ 126.587387694145363, 36.475273908563189 ], [ 126.58602326665924, 36.476322069454966 ], [ 126.584657869567494, 36.479236242279583 ], [ 126.577356657926074, 36.480948444031128 ], [ 126.573795059780821, 36.483463433226518 ], [ 126.571014621147214, 36.484085308592334 ], [ 126.569481850053208, 36.482947550963907 ], [ 126.570151940643754, 36.479493996015236 ], [ 126.56855201517584, 36.479003070579203 ], [ 126.566711508801305, 36.48432808629903 ], [ 126.560871704463651, 36.484322943495364 ], [ 126.560265583441804, 36.483238480094705 ], [ 126.561425141750306, 36.480709720564676 ], [ 126.56109428351435, 36.47810645518571 ], [ 126.555327765267549, 36.475566782261517 ], [ 126.552225185338898, 36.472777490978217 ], [ 126.544992453105564, 36.472471132779042 ], [ 126.544016909131088, 36.471887031305002 ], [ 126.543003460729437, 36.468850393386496 ], [ 126.542365407614653, 36.469319359339416 ], [ 126.538556374579116, 36.466741416188732 ], [ 126.538201311350505, 36.463013750489274 ], [ 126.538092241196637, 36.463884619068175 ], [ 126.537855496507348, 36.46286585430326 ], [ 126.536844535240718, 36.462751630737287 ], [ 126.534143654847881, 36.45958512750115 ], [ 126.535612608384156, 36.45897349369487 ], [ 126.534722880508411, 36.456498192663076 ], [ 126.528879315140102, 36.457443394384256 ], [ 126.52696660790906, 36.456352488961883 ], [ 126.526870258312144, 36.453181494849566 ], [ 126.524704509086348, 36.45156997963791 ], [ 126.527557634768286, 36.449449779646869 ], [ 126.525632958085311, 36.44694180085343 ], [ 126.533154475976488, 36.440367817084748 ], [ 126.539489228612553, 36.44382007508792 ], [ 126.53714633441507, 36.445831618899575 ], [ 126.53861232441497, 36.449194016265459 ], [ 126.542078907680903, 36.4504877169202 ], [ 126.543419558799329, 36.448926525845081 ], [ 126.544819151192584, 36.448560738514189 ], [ 126.549038249001157, 36.450021061382579 ], [ 126.549898617996931, 36.452125936935474 ], [ 126.551164577068704, 36.452897057414262 ], [ 126.552601003889691, 36.452527409981634 ], [ 126.55097043505495, 36.456060875638187 ], [ 126.551248130034139, 36.457644542628103 ], [ 126.549649738439669, 36.459534809243394 ], [ 126.549022033265061, 36.458818792854423 ], [ 126.548067301758948, 36.459017902850448 ], [ 126.549845751268094, 36.462129599536283 ], [ 126.550412924033893, 36.465829066418983 ], [ 126.554304877009642, 36.465457570499645 ], [ 126.554969145109013, 36.467037635053885 ], [ 126.556155357930109, 36.467599787824156 ], [ 126.555602948541861, 36.465671466150418 ], [ 126.557813391860918, 36.462713065025845 ], [ 126.556214808793257, 36.45747946317222 ], [ 126.552766310477793, 36.455503385205979 ], [ 126.551617498648028, 36.455664009022577 ], [ 126.552694055931582, 36.452678700903576 ], [ 126.555255888685068, 36.451555062411991 ], [ 126.557953344954115, 36.452136265840096 ], [ 126.5591314592304, 36.450567974065592 ], [ 126.565540592385091, 36.452074630597039 ], [ 126.566970287639052, 36.454410733996482 ], [ 126.565354422576021, 36.457742484875169 ], [ 126.569014000480877, 36.461230770518696 ], [ 126.569494992409545, 36.464584257467358 ], [ 126.567148883164933, 36.46500737661993 ], [ 126.568037483317411, 36.467427118493319 ], [ 126.567086879265716, 36.47038642205144 ], [ 126.568329003679011, 36.47262751600114 ], [ 126.569108341040931, 36.471527984446539 ], [ 126.569828334310188, 36.471651371880341 ], [ 126.571332787248565, 36.47326680394935 ], [ 126.575377938100786, 36.475287875698321 ], [ 126.576298754204728, 36.47414914278847 ], [ 126.576093903393414, 36.472781433554552 ], [ 126.576221253268983, 36.473546087317665 ], [ 126.578640708629194, 36.47264066863891 ], [ 126.579091502116029, 36.471688830925714 ], [ 126.583208420347958, 36.47069152141443 ], [ 126.584262432810718, 36.471160048951987 ], [ 126.587740946459292, 36.468476343943159 ], [ 126.590557215744894, 36.469455971670172 ], [ 126.59173533390458, 36.469169698915664 ], [ 126.593141133327194, 36.470050990592362 ], [ 126.592543458365299, 36.470698097315285 ], [ 126.595460168523601, 36.470742180745113 ], [ 126.594820141284558, 36.471205599477535 ], [ 126.595519795195031, 36.471835289939506 ], [ 126.596535434364512, 36.471497428949554 ], [ 126.597778659972789, 36.472514100285679 ], [ 126.6025761697273, 36.47247658787952 ], [ 126.613670521926423, 36.480964712620377 ], [ 126.612828038540783, 36.482849391160777 ], [ 126.614758187765972, 36.484774192138417 ], [ 126.619184363367467, 36.479501601119267 ], [ 126.621870761874476, 36.47850390106796 ], [ 126.623075663275529, 36.477044620745033 ], [ 126.631747503291763, 36.47616924569823 ], [ 126.631653037831541, 36.473722026089305 ], [ 126.633553452667215, 36.471679764339726 ], [ 126.634211322404965, 36.466616773168276 ], [ 126.63624592750142, 36.466635552370967 ], [ 126.638408609481473, 36.465308131073307 ], [ 126.643931756510483, 36.466642447560318 ], [ 126.64772191173364, 36.466017772242822 ], [ 126.652791519628877, 36.467472938977714 ], [ 126.654441633909883, 36.466763648003806 ], [ 126.653858118646951, 36.46457424065359 ], [ 126.654450588067235, 36.462181008436396 ], [ 126.658357002255244, 36.459733650023736 ], [ 126.663576201383307, 36.46120547918656 ], [ 126.664920760451238, 36.46265073479902 ], [ 126.671929676550619, 36.461596012845952 ], [ 126.674879416682884, 36.460020900806498 ], [ 126.67477494566522, 36.455546107410896 ], [ 126.675724314393861, 36.453309046086027 ], [ 126.676682434598206, 36.453139031932203 ], [ 126.676847285079816, 36.450844068327434 ], [ 126.681387888775419, 36.4482657957833 ], [ 126.685842895124807, 36.447337915154321 ], [ 126.687805273877714, 36.448217208661021 ], [ 126.688782810257507, 36.445446186377339 ], [ 126.687119428808231, 36.443818332682604 ], [ 126.686441239206474, 36.44064897823678 ], [ 126.684096924520532, 36.438650655441656 ], [ 126.683953385515579, 36.436200811231053 ], [ 126.688599099315297, 36.433167163615749 ], [ 126.688724325040141, 36.431268859458697 ], [ 126.690658385927605, 36.430329388433542 ], [ 126.691639421338948, 36.428609876869878 ], [ 126.688853287932744, 36.42596362533196 ], [ 126.691526504751593, 36.420941000431839 ], [ 126.692962052292813, 36.419986675835325 ], [ 126.691625197760786, 36.418992785858585 ], [ 126.690138629922913, 36.413652354596621 ], [ 126.691291167562056, 36.410458485459266 ], [ 126.694450695135714, 36.409740097754998 ], [ 126.696697437580283, 36.40708629800897 ], [ 126.700130503235187, 36.406848027930167 ], [ 126.700875923412099, 36.405566596913069 ], [ 126.705589414512701, 36.404672977853373 ], [ 126.708520503247755, 36.402068246201466 ], [ 126.709661092108846, 36.400612839599617 ], [ 126.709227017150056, 36.396990506587223 ], [ 126.715674051989424, 36.393682505319511 ], [ 126.711368222107822, 36.388191906678685 ], [ 126.712781322843938, 36.387475813688745 ], [ 126.715162948949441, 36.383025280432662 ], [ 126.719589404647166, 36.380421857137733 ], [ 126.724816803807627, 36.374893593561602 ], [ 126.724453591498545, 36.3711607899141 ], [ 126.710205799913268, 36.368613206251723 ], [ 126.705029961156441, 36.366496544179348 ], [ 126.702622004660114, 36.361558603943436 ], [ 126.704425042787236, 36.354419357732091 ], [ 126.703654967579766, 36.35285532461458 ], [ 126.704122024016002, 36.350562720718791 ], [ 126.701559568712554, 36.348657389146446 ], [ 126.699783858841784, 36.348590675229367 ], [ 126.699387911928483, 36.346368287970563 ], [ 126.700234827898171, 36.344892225936903 ], [ 126.69698943210706, 36.339651012633659 ], [ 126.697581242435575, 36.336497569400251 ], [ 126.695664107482628, 36.334394072614529 ], [ 126.69320905528987, 36.334214569713744 ], [ 126.689816340187136, 36.335342654970574 ], [ 126.688128283446744, 36.33276202249651 ], [ 126.684039767690692, 36.331151365634639 ], [ 126.67845226930433, 36.331637961415687 ], [ 126.678729689879432, 36.327751265509448 ], [ 126.684190907406276, 36.322331813861567 ], [ 126.683135868820756, 36.319944834087707 ], [ 126.683614434502545, 36.318170793767692 ], [ 126.682752230955188, 36.318441383301248 ], [ 126.680083950010925, 36.315571323232724 ], [ 126.682567520406209, 36.30825732425005 ], [ 126.68551101921075, 36.305659612197651 ], [ 126.692764098145673, 36.301636497831261 ], [ 126.694381067345162, 36.298525685735683 ], [ 126.691981056706666, 36.297423151432746 ], [ 126.688740976121451, 36.29396152108076 ], [ 126.687295722376945, 36.291133383195373 ], [ 126.690595089937474, 36.289295147342742 ], [ 126.696727187720228, 36.283398341042812 ], [ 126.692337638734756, 36.280494852713169 ], [ 126.692676102564349, 36.278983715546822 ], [ 126.695254478949678, 36.277914839545581 ], [ 126.696616341517156, 36.275542010134068 ], [ 126.694205763537028, 36.268874138992643 ], [ 126.701726669553381, 36.267243769710902 ], [ 126.713455734234515, 36.261463897613659 ], [ 126.71853920446982, 36.258572013822715 ], [ 126.718697770612209, 36.256195460392696 ], [ 126.720098007319564, 36.255182665826688 ], [ 126.727645286555799, 36.257470328594941 ], [ 126.732693616636269, 36.256835177793199 ], [ 126.738715002493748, 36.25401128261975 ], [ 126.735554985281624, 36.243081297695944 ], [ 126.736894998251216, 36.241441019256051 ], [ 126.735153845791515, 36.24070746071196 ], [ 126.734294455725461, 36.238312610173693 ], [ 126.732319963222395, 36.237219720551579 ], [ 126.725398474421709, 36.23784942721143 ], [ 126.71820223069102, 36.234580153865984 ], [ 126.718339189949347, 36.231833267684095 ], [ 126.715041049908436, 36.228886415348171 ], [ 126.716079269551273, 36.220192409916535 ], [ 126.715557553904233, 36.218530441241569 ], [ 126.713782341731132, 36.217988563301141 ], [ 126.713740047825254, 36.214401441668599 ], [ 126.703738568656064, 36.208772971911763 ], [ 126.702866367981059, 36.206243241869856 ], [ 126.69818427500941, 36.204968384951677 ], [ 126.699196877767221, 36.202705861403963 ], [ 126.694940695194489, 36.194838595637492 ], [ 126.694523446582011, 36.192426832011073 ], [ 126.692054215714293, 36.190090608101251 ], [ 126.687056946284116, 36.1886570818913 ], [ 126.685471815692068, 36.188969173856776 ], [ 126.683351437799175, 36.187702451334737 ], [ 126.68082928512159, 36.182400066311551 ], [ 126.677151193291479, 36.181792837829981 ], [ 126.673542378705122, 36.178580093765774 ], [ 126.669447016515946, 36.177636647683109 ], [ 126.666929041851319, 36.17602155172073 ], [ 126.660806345086712, 36.178212796176432 ], [ 126.658697357770208, 36.177836997087013 ], [ 126.657507259317015, 36.179547550733972 ], [ 126.658014251540223, 36.180854791384284 ] ] ], [ [ [ 126.50457508024617, 36.211293461954909 ], [ 126.504608035477332, 36.211421369830759 ], [ 126.504612639591727, 36.211276566144811 ], [ 126.50457508024617, 36.211293461954909 ] ] ], [ [ [ 126.503776736646984, 36.211971193640608 ], [ 126.503860084474653, 36.211703749913788 ], [ 126.503754272847544, 36.211580397433003 ], [ 126.503776736646984, 36.211971193640608 ] ] ], [ [ [ 126.50490575828546, 36.213339696963828 ], [ 126.506876706095639, 36.213061453548939 ], [ 126.505919444871751, 36.212400428954005 ], [ 126.505509393439652, 36.210454187918771 ], [ 126.504517049527209, 36.212526844125641 ], [ 126.50490575828546, 36.213339696963828 ] ] ], [ [ [ 126.516916718354295, 36.216583300989456 ], [ 126.519756834713974, 36.215694909845041 ], [ 126.518989711515161, 36.214852910838736 ], [ 126.518058994042519, 36.214676254359155 ], [ 126.516767993967875, 36.215626509629836 ], [ 126.516916718354295, 36.216583300989456 ] ] ], [ [ [ 126.525538276685538, 36.233575450072642 ], [ 126.525602281605913, 36.233627098357523 ], [ 126.525616225119165, 36.23360231735959 ], [ 126.525538276685538, 36.233575450072642 ] ] ], [ [ [ 126.525834949874749, 36.23353800093674 ], [ 126.525888930734311, 36.233706106881591 ], [ 126.525869129579576, 36.233523862142349 ], [ 126.525834949874749, 36.23353800093674 ] ] ], [ [ [ 126.525699025821382, 36.233663763128732 ], [ 126.525836525981987, 36.233711621195958 ], [ 126.525743201252041, 36.233602395830061 ], [ 126.525699025821382, 36.233663763128732 ] ] ], [ [ [ 126.526057944618046, 36.233698736357809 ], [ 126.526153841290167, 36.233696990932224 ], [ 126.526082816947522, 36.233656433989587 ], [ 126.526057944618046, 36.233698736357809 ] ] ], [ [ [ 126.526868876883654, 36.234385147686027 ], [ 126.528472568335516, 36.234414738721341 ], [ 126.529343778990139, 36.234182372087965 ], [ 126.526086298196631, 36.233450039583985 ], [ 126.526868876883654, 36.234385147686027 ] ] ], [ [ [ 126.523949862423436, 36.235418109722701 ], [ 126.524004239757687, 36.235498406309155 ], [ 126.524021446299287, 36.235485667577777 ], [ 126.523949862423436, 36.235418109722701 ] ] ], [ [ [ 126.524585503674075, 36.235887318465025 ], [ 126.524596497234171, 36.235299047835539 ], [ 126.523959645250727, 36.235288918900608 ], [ 126.524585503674075, 36.235887318465025 ] ] ], [ [ [ 126.524051440896173, 36.235507153862002 ], [ 126.524050558013059, 36.235645510013271 ], [ 126.524096727602043, 36.235660978072339 ], [ 126.524051440896173, 36.235507153862002 ] ] ], [ [ [ 126.52417401725404, 36.235773032681223 ], [ 126.524213642385675, 36.235749200581047 ], [ 126.524142875753967, 36.235719001247553 ], [ 126.52417401725404, 36.235773032681223 ] ] ], [ [ [ 126.527997186064312, 36.240561097073325 ], [ 126.527865623426123, 36.240770337923159 ], [ 126.527979753684022, 36.240777547103455 ], [ 126.527997186064312, 36.240561097073325 ] ] ], [ [ [ 126.528030076852517, 36.241335653453163 ], [ 126.528932538533169, 36.241238197173807 ], [ 126.528275227452781, 36.240085148845928 ], [ 126.528030076852517, 36.241335653453163 ] ] ], [ [ [ 126.522427118828503, 36.245978524063531 ], [ 126.52350919721907, 36.245239171020614 ], [ 126.522233363396126, 36.243795083949323 ], [ 126.519779079336303, 36.243814275694412 ], [ 126.518767715035182, 36.241345697340115 ], [ 126.517699037543551, 36.241342774110521 ], [ 126.516963064510165, 36.242377179054778 ], [ 126.518574611223627, 36.245095068225311 ], [ 126.522427118828503, 36.245978524063531 ] ] ], [ [ [ 126.479660079174991, 36.28216648708564 ], [ 126.479784041794815, 36.281282555362999 ], [ 126.479458912674147, 36.280782506869407 ], [ 126.478713584688435, 36.282130643903692 ], [ 126.479660079174991, 36.28216648708564 ] ] ], [ [ [ 126.500800870571609, 36.323412523305791 ], [ 126.500775506209862, 36.323254901383031 ], [ 126.500708551790424, 36.323366755596396 ], [ 126.500800870571609, 36.323412523305791 ] ] ], [ [ [ 126.500368116115183, 36.323467156279129 ], [ 126.500424735654093, 36.323557789258075 ], [ 126.500487649867026, 36.323497673014245 ], [ 126.500368116115183, 36.323467156279129 ] ] ], [ [ [ 126.500218588003307, 36.323723185886685 ], [ 126.500288983474263, 36.323763275030593 ], [ 126.500309338856013, 36.323692159740588 ], [ 126.500218588003307, 36.323723185886685 ] ] ], [ [ [ 126.515523894342792, 36.333759561574361 ], [ 126.505134835941135, 36.332301560227194 ], [ 126.50485595871244, 36.332442249256665 ], [ 126.515523894342792, 36.333759561574361 ] ] ], [ [ [ 126.509447829513746, 36.371514699556293 ], [ 126.508483356656512, 36.369496326924711 ], [ 126.507244248994269, 36.37022671228808 ], [ 126.509447829513746, 36.371514699556293 ] ] ], [ [ [ 126.505294860926981, 36.370520303307941 ], [ 126.505735971555509, 36.370857165458681 ], [ 126.505960089833081, 36.370958310733791 ], [ 126.505294860926981, 36.370520303307941 ] ] ], [ [ [ 126.479326529790498, 36.381878484087132 ], [ 126.479230017683179, 36.381236605129494 ], [ 126.479047617336235, 36.381210848316378 ], [ 126.479326529790498, 36.381878484087132 ] ] ], [ [ [ 126.48319078459339, 36.381810970562128 ], [ 126.483141195336785, 36.381705589228403 ], [ 126.483015230817728, 36.38178748313095 ], [ 126.48319078459339, 36.381810970562128 ] ] ], [ [ [ 126.482850253088941, 36.38197113891021 ], [ 126.482413250598896, 36.381694282030566 ], [ 126.482311666052297, 36.381842363247223 ], [ 126.482850253088941, 36.38197113891021 ] ] ], [ [ [ 126.47968912735314, 36.382134391547751 ], [ 126.479563030508132, 36.38229041950455 ], [ 126.479699336992724, 36.382323193901982 ], [ 126.47968912735314, 36.382134391547751 ] ] ], [ [ [ 126.482123831859823, 36.395377296795445 ], [ 126.482110074256227, 36.395429612131601 ], [ 126.482155481589359, 36.395396672766516 ], [ 126.482123831859823, 36.395377296795445 ] ] ], [ [ [ 126.482615883553848, 36.395450781807327 ], [ 126.482450805552105, 36.395512499715352 ], [ 126.482479569003928, 36.395545265214139 ], [ 126.482615883553848, 36.395450781807327 ] ] ], [ [ [ 126.482183573785989, 36.395485352179094 ], [ 126.482030125751407, 36.395581436139452 ], [ 126.482209871609356, 36.39552043159383 ], [ 126.482183573785989, 36.395485352179094 ] ] ], [ [ [ 126.48083104073703, 36.395867583978045 ], [ 126.481643198852638, 36.395428992779117 ], [ 126.481902677354654, 36.395336000268529 ], [ 126.481571120521949, 36.395315466249393 ], [ 126.48083104073703, 36.395867583978045 ] ] ], [ [ [ 126.48195235615762, 36.395692194056672 ], [ 126.48190493334387, 36.395783716757094 ], [ 126.481986956214968, 36.395695516207034 ], [ 126.48195235615762, 36.395692194056672 ] ] ], [ [ [ 126.481793707237642, 36.395854570572411 ], [ 126.481726140676983, 36.39597656497574 ], [ 126.481826179256387, 36.395960345436222 ], [ 126.481793707237642, 36.395854570572411 ] ] ], [ [ [ 126.463394311691928, 36.400000664669818 ], [ 126.464969938442579, 36.399230779231175 ], [ 126.465079248555739, 36.39821602823244 ], [ 126.462596435797707, 36.399244994742297 ], [ 126.463157920254503, 36.399426959654477 ], [ 126.463394311691928, 36.400000664669818 ] ] ], [ [ [ 126.463078909344119, 36.399839850222627 ], [ 126.463010365873743, 36.399747551882129 ], [ 126.462997874852832, 36.399871369443012 ], [ 126.463078909344119, 36.399839850222627 ] ] ], [ [ [ 126.464101480669171, 36.400893115268453 ], [ 126.464224484278105, 36.400720715686063 ], [ 126.463866393849756, 36.400840945753387 ], [ 126.464101480669171, 36.400893115268453 ] ] ], [ [ [ 126.464023377954703, 36.401721545186433 ], [ 126.463824922012734, 36.401689861479497 ], [ 126.464026662853712, 36.401757696379434 ], [ 126.464023377954703, 36.401721545186433 ] ] ], [ [ [ 126.465850974286283, 36.402133183150504 ], [ 126.465497956822475, 36.401419172742074 ], [ 126.46428664509358, 36.401975582416448 ], [ 126.465259199488486, 36.401830862843127 ], [ 126.465850974286283, 36.402133183150504 ] ] ], [ [ [ 126.464231080171771, 36.401766905030605 ], [ 126.464127386717038, 36.401799052426234 ], [ 126.464248910890277, 36.401784106854109 ], [ 126.464231080171771, 36.401766905030605 ] ] ], [ [ [ 126.467132747176905, 36.402124607513535 ], [ 126.467118395669473, 36.402210153782306 ], [ 126.46718450136845, 36.402130074626179 ], [ 126.467132747176905, 36.402124607513535 ] ] ], [ [ [ 126.46689583677491, 36.402335097096234 ], [ 126.466839779153418, 36.402164942696928 ], [ 126.466749780487319, 36.402304230331161 ], [ 126.46689583677491, 36.402335097096234 ] ] ], [ [ [ 126.467079020453198, 36.40230186976116 ], [ 126.466854930822322, 36.402512255590757 ], [ 126.466847160544887, 36.402565974860735 ], [ 126.467079020453198, 36.40230186976116 ] ] ], [ [ [ 126.46723306772266, 36.403099075275847 ], [ 126.467732312837938, 36.403020467430082 ], [ 126.46736876912135, 36.402264502709009 ], [ 126.46723306772266, 36.403099075275847 ] ] ], [ [ [ 126.467576091111795, 36.403707763222286 ], [ 126.467737972459275, 36.403488438285855 ], [ 126.467659935116515, 36.403457801776142 ], [ 126.467576091111795, 36.403707763222286 ] ] ], [ [ [ 126.469575376345389, 36.405074186709449 ], [ 126.468506819402123, 36.403979300913207 ], [ 126.467500961827071, 36.403806266725176 ], [ 126.46795415587394, 36.404545904488728 ], [ 126.469575376345389, 36.405074186709449 ] ] ], [ [ [ 126.471071183235068, 36.409338561737215 ], [ 126.470875968951901, 36.409448701988744 ], [ 126.471014854117286, 36.409522131607801 ], [ 126.471071183235068, 36.409338561737215 ] ] ], [ [ [ 126.468257569348978, 36.410761038810371 ], [ 126.46988326859244, 36.41000773251789 ], [ 126.468741663752482, 36.409400782818146 ], [ 126.469886560359058, 36.408819477390395 ], [ 126.468262568294278, 36.409561463481957 ], [ 126.466782766283401, 36.408893837589339 ], [ 126.466674711893731, 36.408014740473888 ], [ 126.466888492196674, 36.409842987082683 ], [ 126.468257569348978, 36.410761038810371 ] ] ], [ [ [ 126.466102593426697, 36.409733662290904 ], [ 126.465733770515911, 36.409883524855616 ], [ 126.465713928965613, 36.409982338262282 ], [ 126.466102593426697, 36.409733662290904 ] ] ], [ [ [ 126.463149147005566, 36.410627753886956 ], [ 126.462678701262007, 36.410769608106648 ], [ 126.463167944039753, 36.410888580674147 ], [ 126.463149147005566, 36.410627753886956 ] ] ], [ [ [ 126.465819789656749, 36.411771336175988 ], [ 126.465386298004006, 36.412219686372865 ], [ 126.465749132502594, 36.412540907218073 ], [ 126.465819789656749, 36.411771336175988 ] ] ], [ [ [ 126.465426603679177, 36.413869467036811 ], [ 126.466267236707438, 36.413500102336457 ], [ 126.466005286490699, 36.412906914076224 ], [ 126.465426603679177, 36.413869467036811 ] ] ], [ [ [ 126.468803274753554, 36.417184330368869 ], [ 126.469499214117107, 36.417097252974649 ], [ 126.470320555761035, 36.416770157233984 ], [ 126.46899279008592, 36.416646855511232 ], [ 126.468803274753554, 36.417184330368869 ] ] ], [ [ [ 126.46219831723576, 36.420914408140895 ], [ 126.463507594000589, 36.420115030895609 ], [ 126.464845661372834, 36.417088149025069 ], [ 126.462863507663968, 36.419315810010275 ], [ 126.462408944073388, 36.418871916852659 ], [ 126.46219831723576, 36.420914408140895 ] ] ], [ [ [ 126.490537585114438, 36.444809969000381 ], [ 126.490370042974803, 36.444936217689254 ], [ 126.490578949554518, 36.445025458369145 ], [ 126.490537585114438, 36.444809969000381 ] ] ], [ [ [ 126.484737396741167, 36.44528881044684 ], [ 126.484651615521059, 36.445384297208378 ], [ 126.484771318396326, 36.445337330223644 ], [ 126.484737396741167, 36.44528881044684 ] ] ], [ [ [ 126.48819276266012, 36.445547907362183 ], [ 126.487917774520412, 36.445632869603507 ], [ 126.487916190658552, 36.445704207838858 ], [ 126.48819276266012, 36.445547907362183 ] ] ], [ [ [ 126.489030382583422, 36.447285265107318 ], [ 126.489097053919323, 36.445234988422222 ], [ 126.487986569623118, 36.447713996941978 ], [ 126.489030382583422, 36.447285265107318 ] ] ], [ [ [ 126.487135517556126, 36.448600116423272 ], [ 126.48666384190642, 36.448482245507634 ], [ 126.486546418351722, 36.448800604960951 ], [ 126.487135517556126, 36.448600116423272 ] ] ], [ [ [ 126.556906897623364, 36.468749850506988 ], [ 126.555623085313584, 36.470840843696699 ], [ 126.55728708310113, 36.470217604653243 ], [ 126.558126804031716, 36.47119818499214 ], [ 126.559723975603873, 36.470848622325505 ], [ 126.559360641604925, 36.469401402954489 ], [ 126.556906897623364, 36.468749850506988 ] ] ] ] } },
{ "type": "Feature", "properties": { "sgg_cd": "34040", "sgg_nm": "아산시", "sigungu_nm": "아산시" }, "geometry": { "type": "Polygon", "coordinates": [ [ [ 127.049110521679722, 36.70331097379723 ], [ 127.048529339760179, 36.701533767689206 ], [ 127.043176838701513, 36.69607327675957 ], [ 127.037494624501406, 36.692416847453799 ], [ 127.029472278046285, 36.689498245575912 ], [ 127.026604327759202, 36.686635570182432 ], [ 127.022170285447956, 36.680717726358012 ], [ 127.021905789219446, 36.678682920021011 ], [ 127.019535262402158, 36.677174200764377 ], [ 127.019950127078644, 36.675279241022025 ], [ 127.018305192322259, 36.674824415616932 ], [ 127.015653973192386, 36.672433678813064 ], [ 127.015423570134942, 36.666457583772008 ], [ 127.011915910557974, 36.663441978954445 ], [ 127.011166676426541, 36.662068950510424 ], [ 127.011622651512752, 36.660818036488045 ], [ 127.008456389912737, 36.658236247661179 ], [ 127.009389249506697, 36.656276507883938 ], [ 127.007508287832337, 36.655178372388981 ], [ 127.006208867376785, 36.652872668438107 ], [ 127.003718023399244, 36.652619019008903 ], [ 127.002715838346063, 36.651251571536449 ], [ 126.998387620625579, 36.651848246847663 ], [ 126.995529232375617, 36.650848732068653 ], [ 126.993226887804553, 36.648674062243785 ], [ 126.989451871917041, 36.648724141074609 ], [ 126.987279155441925, 36.650825506146987 ], [ 126.985240414223171, 36.650960982448474 ], [ 126.984733133159821, 36.651774180885397 ], [ 126.982505158927779, 36.651725131025252 ], [ 126.978098244848482, 36.653628260816163 ], [ 126.977353993920957, 36.655876707626021 ], [ 126.978612296754449, 36.660909752093922 ], [ 126.975645254087837, 36.663736711153078 ], [ 126.974509993700934, 36.666600914879304 ], [ 126.970475147155071, 36.670727081520624 ], [ 126.968814184802525, 36.673957739771232 ], [ 126.968758490950918, 36.677090818714561 ], [ 126.967665915287881, 36.679247022223343 ], [ 126.967822496475151, 36.686588961760187 ], [ 126.972343367723994, 36.690860638666138 ], [ 126.969544238243557, 36.693970199065205 ], [ 126.964844962466614, 36.696045363153644 ], [ 126.96131976018556, 36.696733874160913 ], [ 126.960431435414179, 36.697594141388706 ], [ 126.959015682556227, 36.697304718759092 ], [ 126.954716978053838, 36.69889781321092 ], [ 126.952415562528671, 36.702529532309164 ], [ 126.949982976713841, 36.703766416031272 ], [ 126.946435779087935, 36.702729667480632 ], [ 126.943777580036524, 36.702946652050812 ], [ 126.941221947494071, 36.701452896094189 ], [ 126.93871588512522, 36.703430129895203 ], [ 126.933556225966072, 36.702092511039339 ], [ 126.92839245414504, 36.70454332244298 ], [ 126.924799335694459, 36.701582575835872 ], [ 126.921988319348472, 36.700751689375089 ], [ 126.919670598331152, 36.702425927271072 ], [ 126.913287322575073, 36.703865704271458 ], [ 126.911067445185481, 36.70387642026526 ], [ 126.909717606824969, 36.702469071178093 ], [ 126.906780507463722, 36.701614364887341 ], [ 126.902193883386403, 36.702267888416714 ], [ 126.901975730046317, 36.704515999022071 ], [ 126.903193577689365, 36.707877910595741 ], [ 126.905427680502527, 36.709593833426823 ], [ 126.902656957011331, 36.711642737973172 ], [ 126.902924075839877, 36.714733510788953 ], [ 126.901064569977493, 36.716843114284458 ], [ 126.89903961518371, 36.717029219053231 ], [ 126.898724357065745, 36.723009548649884 ], [ 126.895519320191895, 36.724470774668653 ], [ 126.893111518095367, 36.723985381715167 ], [ 126.892071330764978, 36.724483423818064 ], [ 126.888670524156353, 36.727756932844073 ], [ 126.888542581788599, 36.72948357767519 ], [ 126.886629324677386, 36.731438221644787 ], [ 126.874966919146502, 36.728184425125548 ], [ 126.873999776362083, 36.728740668837808 ], [ 126.871508630927636, 36.727983013627146 ], [ 126.866813954254511, 36.729446613582667 ], [ 126.865016170658748, 36.731992470291274 ], [ 126.863714759031183, 36.732073198292454 ], [ 126.863151164352203, 36.735770785157015 ], [ 126.860031645909473, 36.737922468297207 ], [ 126.859311001224071, 36.741188995506072 ], [ 126.856780010169544, 36.744098794125257 ], [ 126.858725773858566, 36.744600976438292 ], [ 126.858262587523143, 36.745967859636266 ], [ 126.858978975231011, 36.747040485516401 ], [ 126.85578557914819, 36.748633272908648 ], [ 126.854179668513623, 36.748047545774355 ], [ 126.850042812316474, 36.74905584137877 ], [ 126.847998883135148, 36.750422619983034 ], [ 126.847234918720318, 36.753253378723599 ], [ 126.844020623517409, 36.75296362399682 ], [ 126.841860354890088, 36.751663750529943 ], [ 126.838419409190479, 36.753530816910128 ], [ 126.83722726942942, 36.756917368317957 ], [ 126.83798211040515, 36.760633415984643 ], [ 126.834309914229365, 36.760220940486896 ], [ 126.830874769179943, 36.762081372284193 ], [ 126.83217576731505, 36.76214517289359 ], [ 126.830937120189816, 36.766400584002099 ], [ 126.832102477838589, 36.77016495005298 ], [ 126.8295558251383, 36.771414965047633 ], [ 126.829093870300269, 36.772393125800157 ], [ 126.829685912610245, 36.774607329303372 ], [ 126.830995871863863, 36.775913567679652 ], [ 126.832224009649082, 36.776031078919928 ], [ 126.833314200885994, 36.783733980418234 ], [ 126.835436990185698, 36.786395227944112 ], [ 126.839802032578149, 36.788383675654998 ], [ 126.84775542191872, 36.788979922757377 ], [ 126.853357737748979, 36.788626617973677 ], [ 126.856493124807784, 36.789441463479704 ], [ 126.858728986781287, 36.792057385889933 ], [ 126.859061433084634, 36.79404021005206 ], [ 126.857901356630677, 36.800562251687957 ], [ 126.850286823349251, 36.812006416501276 ], [ 126.848259794989403, 36.816914832646944 ], [ 126.843802172350919, 36.821435077260738 ], [ 126.836909503044765, 36.83122717620931 ], [ 126.836549419772851, 36.842310197903736 ], [ 126.844919272038453, 36.884341724640237 ], [ 126.862780285044465, 36.880013443178832 ], [ 126.862375461768423, 36.881098467183264 ], [ 126.863408096562537, 36.880149673798584 ], [ 126.869149829614045, 36.882788445338136 ], [ 126.88154801892523, 36.886317171339037 ], [ 126.88118017894061, 36.887430309976409 ], [ 126.88166018787409, 36.886316399300156 ], [ 126.905888805848917, 36.88868921669485 ], [ 126.910048976844422, 36.891158717233303 ], [ 126.911261616769082, 36.89287470802909 ], [ 126.909610622320585, 36.901589173291164 ], [ 126.916742724893126, 36.906208522180101 ], [ 126.939625714575584, 36.917331354096348 ], [ 126.973745480758794, 36.925862886866575 ], [ 126.979782882589589, 36.928206671972283 ], [ 126.985551042008979, 36.932486059022217 ], [ 126.991526901865029, 36.933511137051021 ], [ 126.995181628976894, 36.935359410146674 ], [ 127.000794912017, 36.933603919932075 ], [ 127.002630003248981, 36.933631230376989 ], [ 127.003715982383625, 36.935161363271135 ], [ 127.007380437107784, 36.9341689144767 ], [ 127.007108699638096, 36.93556674815553 ], [ 127.00979843665111, 36.935913761241366 ], [ 127.011764412560325, 36.934188052921741 ], [ 127.015016846737012, 36.935417705106204 ], [ 127.019108055634717, 36.9335922420561 ], [ 127.020826411070715, 36.934601979473307 ], [ 127.020994587652723, 36.931618516577061 ], [ 127.021794973547415, 36.930770801384313 ], [ 127.024115737132092, 36.93035954048225 ], [ 127.025796741030717, 36.928746833722201 ], [ 127.029795986349839, 36.928890391492182 ], [ 127.031040729486421, 36.928089266987513 ], [ 127.033446270721896, 36.928725307611948 ], [ 127.037379657097645, 36.932329095384027 ], [ 127.041343816198733, 36.93255395057885 ], [ 127.043749100275463, 36.933732687866708 ], [ 127.047579692013997, 36.933217930806819 ], [ 127.052778594528803, 36.935271401151056 ], [ 127.054709937336625, 36.937581564757906 ], [ 127.056866516678497, 36.936950646693845 ], [ 127.058502006771334, 36.937395351720724 ], [ 127.059312717313077, 36.939082807890792 ], [ 127.062373838289204, 36.939739350172502 ], [ 127.065486672898558, 36.941926505333484 ], [ 127.067964763345358, 36.942158865157332 ], [ 127.068626934485764, 36.939970541335072 ], [ 127.071545611685281, 36.940675622798587 ], [ 127.073713376390813, 36.939919973215375 ], [ 127.074729160024404, 36.93593087935443 ], [ 127.079402527065, 36.933744664039359 ], [ 127.080365677283169, 36.930252084403989 ], [ 127.082363449865809, 36.92782800934927 ], [ 127.084634751508389, 36.925457342033624 ], [ 127.087496805749495, 36.924265699957218 ], [ 127.087652216289712, 36.922702344343477 ], [ 127.08964041109347, 36.919882762888101 ], [ 127.088976290043618, 36.918478358881572 ], [ 127.091049494673555, 36.917334419544659 ], [ 127.092029344439126, 36.914778840828724 ], [ 127.093926088529557, 36.913085163790583 ], [ 127.094079239011663, 36.911106613229556 ], [ 127.092742821562723, 36.908245013509742 ], [ 127.092848979529435, 36.908719181546921 ], [ 127.090948566716776, 36.908754462812865 ], [ 127.087490484023917, 36.907348604228481 ], [ 127.084635215886777, 36.903398351996209 ], [ 127.084743290980384, 36.901900501789946 ], [ 127.08653194009365, 36.902135257618689 ], [ 127.089424228697524, 36.899838263973535 ], [ 127.091737652060459, 36.894308553563526 ], [ 127.092951753079419, 36.893611199393987 ], [ 127.090451826712226, 36.89104014558783 ], [ 127.087536982424098, 36.889769906032008 ], [ 127.090386015518064, 36.88545209889417 ], [ 127.091037950155808, 36.882255640577441 ], [ 127.08877377423201, 36.880658559313694 ], [ 127.086313909705538, 36.875838127862515 ], [ 127.087603546959215, 36.874649324668525 ], [ 127.088705642027435, 36.867523419995869 ], [ 127.087420303001196, 36.861862391305657 ], [ 127.090967539670174, 36.860883797908414 ], [ 127.096637847902798, 36.862145768242286 ], [ 127.09920296628313, 36.862055747560611 ], [ 127.099431594159881, 36.861031258759077 ], [ 127.102752297653254, 36.861523673586809 ], [ 127.103377788320913, 36.860882765039641 ], [ 127.104570267283648, 36.861070031606729 ], [ 127.105607432399992, 36.859922760772754 ], [ 127.107182512537918, 36.860162036527477 ], [ 127.109850542920611, 36.857181679216595 ], [ 127.110494113328656, 36.854976783888198 ], [ 127.105318272511923, 36.846085607229249 ], [ 127.103766172596167, 36.84454298269862 ], [ 127.101892478467136, 36.844303815273378 ], [ 127.101947574899981, 36.842505229740617 ], [ 127.098160654824852, 36.840173963369701 ], [ 127.098250632573411, 36.837902281518687 ], [ 127.102754088018173, 36.837449666516214 ], [ 127.104853742018506, 36.83831853736018 ], [ 127.105617084332977, 36.836486104436503 ], [ 127.102504486552618, 36.832394695835191 ], [ 127.100871090010557, 36.831648168631595 ], [ 127.101729242488105, 36.828618622464084 ], [ 127.100603420659937, 36.827273824435665 ], [ 127.102035275233945, 36.824382609727778 ], [ 127.100311275611332, 36.819496430093814 ], [ 127.096590400778581, 36.814964663651359 ], [ 127.098530503586659, 36.810539794302244 ], [ 127.097816028536414, 36.806016280339847 ], [ 127.096186047066453, 36.804994837080237 ], [ 127.09673301776705, 36.801305499396413 ], [ 127.096099542367398, 36.799259934235288 ], [ 127.094173126261936, 36.797263969239125 ], [ 127.094383396357273, 36.795837083854806 ], [ 127.095811560321835, 36.794587386563762 ], [ 127.097712449244099, 36.794468630593919 ], [ 127.097999535392901, 36.792439376178095 ], [ 127.099733946779708, 36.792726490665714 ], [ 127.098933100849479, 36.794245512588859 ], [ 127.100490378887812, 36.794504107409914 ], [ 127.101198441310984, 36.797145559401677 ], [ 127.103752815056581, 36.799525887489473 ], [ 127.10542177896663, 36.799762540763929 ], [ 127.106719550398509, 36.796977072806399 ], [ 127.109340283862053, 36.797908270799041 ], [ 127.111042081544696, 36.797278546935168 ], [ 127.110309626382929, 36.793007337857482 ], [ 127.111226182798916, 36.792711093800825 ], [ 127.110866278647521, 36.791122945280918 ], [ 127.113678916736205, 36.787126166577742 ], [ 127.112636943175758, 36.782716504478927 ], [ 127.114386287854373, 36.781159597479054 ], [ 127.117585790195534, 36.780464079844691 ], [ 127.117312109908411, 36.77806964153158 ], [ 127.11907781815998, 36.776355243839099 ], [ 127.118658366911831, 36.773187411013915 ], [ 127.119713974439094, 36.771863709779417 ], [ 127.119400039722692, 36.768811799397056 ], [ 127.118364650295419, 36.767971678210458 ], [ 127.119326491668886, 36.766493198298697 ], [ 127.117994657234817, 36.763561114821741 ], [ 127.114308377923734, 36.76298880169508 ], [ 127.108572656324569, 36.759044970896305 ], [ 127.10599714496793, 36.759897694794276 ], [ 127.105424725742481, 36.758453317766438 ], [ 127.102210926646435, 36.758707266104246 ], [ 127.09835419318884, 36.760206601516018 ], [ 127.095517857759276, 36.760698287976624 ], [ 127.094759112454284, 36.760117380666031 ], [ 127.092075145320678, 36.761032965295264 ], [ 127.092131687277401, 36.759268426764685 ], [ 127.095733855461788, 36.759173543959065 ], [ 127.096319523286468, 36.756312049017808 ], [ 127.098385890294182, 36.755631458565226 ], [ 127.096112838624791, 36.751443950684525 ], [ 127.093830551310802, 36.74999213215731 ], [ 127.091266740570816, 36.749062297184338 ], [ 127.088899871087747, 36.750651702493329 ], [ 127.086531029005215, 36.749263451633922 ], [ 127.088534031932682, 36.746019959823187 ], [ 127.088301476034488, 36.745054252728806 ], [ 127.086264846604621, 36.744602351142781 ], [ 127.085446787614416, 36.742532901168779 ], [ 127.085687271931931, 36.741179922640796 ], [ 127.087398653616859, 36.740143832783481 ], [ 127.083164243617745, 36.736279056973039 ], [ 127.080452128008517, 36.730365340470499 ], [ 127.080594807176581, 36.729293483126995 ], [ 127.083388134032816, 36.728180122040364 ], [ 127.082792135888567, 36.727292938547293 ], [ 127.084685720212974, 36.722364218648828 ], [ 127.081763874809468, 36.720962153160713 ], [ 127.079959375805998, 36.718345046685599 ], [ 127.079277210974823, 36.710107015475373 ], [ 127.076588422507641, 36.709492879711689 ], [ 127.074645203364696, 36.70985003126971 ], [ 127.072288940987477, 36.708138202813821 ], [ 127.064570678186996, 36.709252604719197 ], [ 127.062885885054797, 36.708515981243544 ], [ 127.058489468751816, 36.708352302323576 ], [ 127.055974110795177, 36.705621112903813 ], [ 127.051830156693327, 36.704824604072861 ], [ 127.049110521679722, 36.70331097379723 ] ] ] } },
{ "type": "Feature", "properties": { "sgg_cd": "34050", "sgg_nm": "서산시", "sigungu_nm": "서산시" }, "geometry": { "type": "MultiPolygon", "coordinates": [ [ [ [ 126.318548109917828, 36.846356808066531 ], [ 126.316501425414359, 36.847358728666066 ], [ 126.316337015138856, 36.847537224252086 ], [ 126.316955519523177, 36.847452861159482 ], [ 126.318548109917828, 36.846356808066531 ] ] ], [ [ [ 126.318857344839117, 36.854648041342301 ], [ 126.319365578295077, 36.854198265111783 ], [ 126.318703486761208, 36.854066229901782 ], [ 126.318857344839117, 36.854648041342301 ] ] ], [ [ [ 126.32463073251489, 36.857093013420148 ], [ 126.32431126621141, 36.85739855808842 ], [ 126.324861826412643, 36.857527837929332 ], [ 126.32463073251489, 36.857093013420148 ] ] ], [ [ [ 126.327475758840592, 36.914927443691532 ], [ 126.328408785785385, 36.913949557885111 ], [ 126.335456963645754, 36.914921719295577 ], [ 126.339265950698788, 36.913063885767656 ], [ 126.338170169231205, 36.911856169654406 ], [ 126.33990038559736, 36.912207576656826 ], [ 126.338557156545804, 36.911756593634578 ], [ 126.337270027551824, 36.911709501401951 ], [ 126.337374992854365, 36.910238263316955 ], [ 126.338356063666865, 36.909067554921279 ], [ 126.34342728378013, 36.906667728480187 ], [ 126.343009025162758, 36.904922098535408 ], [ 126.346030628988032, 36.904711191759404 ], [ 126.344895897445355, 36.90307728309164 ], [ 126.344965839928733, 36.901141479219291 ], [ 126.343090753859883, 36.90068927345142 ], [ 126.341108100686597, 36.902296543733804 ], [ 126.336223682097994, 36.902509043680773 ], [ 126.333479983121251, 36.904014976999349 ], [ 126.331679994793518, 36.911004901041593 ], [ 126.32997976841979, 36.911786559551132 ], [ 126.329835329402741, 36.913148534690322 ], [ 126.328825777900207, 36.912579482626192 ], [ 126.327044531416007, 36.912983449980828 ], [ 126.325673726833969, 36.914294764466668 ], [ 126.327475758840592, 36.914927443691532 ] ] ], [ [ [ 126.334500914274244, 36.97318230988833 ], [ 126.334478349313912, 36.973218820196202 ], [ 126.334508259852839, 36.973216898221352 ], [ 126.334500914274244, 36.97318230988833 ] ] ], [ [ [ 126.334182233293461, 36.973198787896798 ], [ 126.334180143666003, 36.973269932507158 ], [ 126.334237416907527, 36.973232499338749 ], [ 126.334182233293461, 36.973198787896798 ] ] ], [ [ [ 126.334121247827056, 36.973651736650702 ], [ 126.334099797815199, 36.973453426433572 ], [ 126.334043986024838, 36.973473549076168 ], [ 126.334121247827056, 36.973651736650702 ] ] ], [ [ [ 126.335311661448372, 36.973584376510146 ], [ 126.335348485056713, 36.973628356280649 ], [ 126.335353358516727, 36.973581915546269 ], [ 126.335311661448372, 36.973584376510146 ] ] ], [ [ [ 126.334716849015763, 36.973693443802112 ], [ 126.334715008896438, 36.97373072005341 ], [ 126.334738908982715, 36.97372276998653 ], [ 126.334716849015763, 36.973693443802112 ] ] ], [ [ [ 126.334430953821311, 36.974580953835144 ], [ 126.334503003596438, 36.97459464852296 ], [ 126.33445437862629, 36.974555421964197 ], [ 126.334430953821311, 36.974580953835144 ] ] ], [ [ [ 126.334372176792698, 36.974627056353448 ], [ 126.334334281951328, 36.97470472341395 ], [ 126.33437381913312, 36.974714423039799 ], [ 126.334372176792698, 36.974627056353448 ] ] ], [ [ [ 126.327134691243984, 36.992020430207717 ], [ 126.32704439357623, 36.992132110878217 ], [ 126.327140114530749, 36.992129148354969 ], [ 126.327134691243984, 36.992020430207717 ] ] ], [ [ [ 126.327220129871918, 36.992123879849892 ], [ 126.327310448306875, 36.992120896257404 ], [ 126.327292432250971, 36.992083615175005 ], [ 126.327220129871918, 36.992123879849892 ] ] ], [ [ [ 126.326865443697145, 36.993723657998736 ], [ 126.326856604756259, 36.993775716120872 ], [ 126.326919428988703, 36.993740283216148 ], [ 126.326865443697145, 36.993723657998736 ] ] ], [ [ [ 126.326913499810459, 36.993913389093485 ], [ 126.326828337215744, 36.993972259109867 ], [ 126.32687694094956, 36.993968921223448 ], [ 126.326913499810459, 36.993913389093485 ] ] ], [ [ [ 126.327617067065987, 36.999837620615899 ], [ 126.327616972981033, 36.999882537776806 ], [ 126.327675429717388, 36.999866902806097 ], [ 126.327617067065987, 36.999837620615899 ] ] ], [ [ [ 126.328562627137899, 37.000139478426981 ], [ 126.328470148480307, 37.000177601211732 ], [ 126.328498833649789, 37.000196325010421 ], [ 126.328562627137899, 37.000139478426981 ] ] ], [ [ [ 126.328222409575005, 37.000160953180874 ], [ 126.328462107977856, 37.00013237660022 ], [ 126.328443757556201, 37.000101059627021 ], [ 126.328222409575005, 37.000160953180874 ] ] ], [ [ [ 126.327913227427871, 37.000263555735536 ], [ 126.327541789048695, 37.000384554591157 ], [ 126.327640776148129, 37.000496569315736 ], [ 126.327913227427871, 37.000263555735536 ] ] ], [ [ [ 126.375919193903783, 36.617732449814064 ], [ 126.375032272996989, 36.616848968680813 ], [ 126.374063536459673, 36.618249855936263 ], [ 126.374608575652132, 36.618587476506278 ], [ 126.375919193903783, 36.617732449814064 ] ] ], [ [ [ 126.375565505445522, 36.619097780956928 ], [ 126.375412154335194, 36.619053365055578 ], [ 126.375297879811839, 36.619140172366713 ], [ 126.375565505445522, 36.619097780956928 ] ] ], [ [ [ 126.348090280210229, 36.759183823403696 ], [ 126.350582772215844, 36.767653069215271 ], [ 126.349042658624384, 36.770778708878986 ], [ 126.349502516100287, 36.773598581822455 ], [ 126.348319760358564, 36.778258292905882 ], [ 126.349486721434005, 36.780579816401577 ], [ 126.352463342665601, 36.782270637405745 ], [ 126.353756523536646, 36.785653625951063 ], [ 126.35342005160642, 36.787136559541395 ], [ 126.354733117462843, 36.78685781622216 ], [ 126.355223548733335, 36.788735923634761 ], [ 126.357946116589389, 36.788780066727519 ], [ 126.352477697021229, 36.792897753271809 ], [ 126.351257383486569, 36.79694597495056 ], [ 126.341963782112728, 36.80617386587312 ], [ 126.334979357431948, 36.81501163694989 ], [ 126.337411650520835, 36.816230423351762 ], [ 126.337453603803965, 36.817908437377724 ], [ 126.329879254255232, 36.822651747288468 ], [ 126.328305410298668, 36.827322073929331 ], [ 126.3258086709005, 36.826575184733663 ], [ 126.325562712356657, 36.827087020957755 ], [ 126.324538089168925, 36.826914287572279 ], [ 126.32340884105237, 36.827537603574669 ], [ 126.326581409802941, 36.827302551165097 ], [ 126.326399549328016, 36.829753600049045 ], [ 126.325087869878615, 36.831015851652857 ], [ 126.326310480001055, 36.831580558738892 ], [ 126.327879337519761, 36.834761051463396 ], [ 126.328683508666401, 36.834935649257758 ], [ 126.32753572305819, 36.835779519054618 ], [ 126.32772995348185, 36.836575722106076 ], [ 126.324407712582229, 36.836494100963009 ], [ 126.323548661240054, 36.836812979859062 ], [ 126.323546913237152, 36.837767438984798 ], [ 126.321226325227869, 36.83765757051107 ], [ 126.318490152887492, 36.841304218510928 ], [ 126.315622481006827, 36.841970520216556 ], [ 126.319795532954871, 36.843869355822228 ], [ 126.324777572488685, 36.847953418049833 ], [ 126.323746792583606, 36.850909075029165 ], [ 126.320100515914589, 36.850754920329464 ], [ 126.320229478148278, 36.851840304568782 ], [ 126.318379735740493, 36.853616719572564 ], [ 126.320214878281433, 36.851927030468168 ], [ 126.324275807778079, 36.851734099860117 ], [ 126.325411120614035, 36.852867447181183 ], [ 126.324435922790656, 36.856490232260164 ], [ 126.327025255851495, 36.857325884401519 ], [ 126.327851834602285, 36.860797554218315 ], [ 126.332514980039122, 36.863456220294907 ], [ 126.333317053517789, 36.862181152871031 ], [ 126.335029043888795, 36.861503566171635 ], [ 126.335810886120427, 36.862113080850932 ], [ 126.336462405297411, 36.860937537706825 ], [ 126.337898429711188, 36.860472204562029 ], [ 126.340724225216036, 36.860406662339614 ], [ 126.343583126655304, 36.861931509285235 ], [ 126.347502858515057, 36.86123658331352 ], [ 126.347812780853118, 36.860614451488459 ], [ 126.350541660063925, 36.862491428015822 ], [ 126.345595542337747, 36.858351612907541 ], [ 126.345347020025557, 36.853687952209526 ], [ 126.342939620611276, 36.850978090938668 ], [ 126.34311273748861, 36.84956292500047 ], [ 126.342207267077612, 36.848777178227579 ], [ 126.343074322635431, 36.846400007631118 ], [ 126.345333038531024, 36.843980888225204 ], [ 126.348187989073708, 36.844150193322584 ], [ 126.348788927284559, 36.841182406149436 ], [ 126.350710750709723, 36.841044469815422 ], [ 126.350116505506378, 36.839001092391463 ], [ 126.3518260556868, 36.838767159154187 ], [ 126.351767463316079, 36.835409852007523 ], [ 126.354342320909851, 36.832921433586201 ], [ 126.361973377546562, 36.830651842128553 ], [ 126.364004856549769, 36.831224978170397 ], [ 126.365106018286525, 36.829548301077722 ], [ 126.365929667074482, 36.834068249446183 ], [ 126.359242267094444, 36.840713860392547 ], [ 126.358304918470438, 36.845581938031764 ], [ 126.356011953155203, 36.848761214715488 ], [ 126.363183112328812, 36.850718511085482 ], [ 126.366337737768404, 36.856664841943022 ], [ 126.370411511748188, 36.857569771710338 ], [ 126.371879050487948, 36.868066369297892 ], [ 126.370810587510604, 36.868221605986285 ], [ 126.370982036466572, 36.869929406804985 ], [ 126.368033219143058, 36.873086857743857 ], [ 126.365142280238189, 36.872853286683274 ], [ 126.364013315089892, 36.870732793640137 ], [ 126.364982711289514, 36.872971655954636 ], [ 126.366127378423599, 36.873120642885922 ], [ 126.364493755939591, 36.876529136136625 ], [ 126.368225173969833, 36.879085379072507 ], [ 126.369190908694804, 36.878171556445153 ], [ 126.371577362865395, 36.879373154543963 ], [ 126.372053696161515, 36.878848564382928 ], [ 126.374870641733168, 36.87930060530541 ], [ 126.375462375115475, 36.882041366921875 ], [ 126.374628031206115, 36.882987902441137 ], [ 126.376048471164978, 36.881765920493862 ], [ 126.383013887239372, 36.882018035661758 ], [ 126.382107720951581, 36.883301823812012 ], [ 126.382844283114252, 36.883244794168171 ], [ 126.383135667763341, 36.885076067994959 ], [ 126.383019701550708, 36.88220571573644 ], [ 126.38586431575861, 36.880596207903274 ], [ 126.388068914770287, 36.880927169747487 ], [ 126.38997851218825, 36.8803294486368 ], [ 126.391609345594134, 36.880992952348457 ], [ 126.396954165186656, 36.880483256132756 ], [ 126.398491760493101, 36.881065248080233 ], [ 126.399744281260098, 36.883908281827814 ], [ 126.397723593261389, 36.884966268666091 ], [ 126.396550189653041, 36.886900991217949 ], [ 126.395139448124922, 36.887196801087725 ], [ 126.391086369902467, 36.889466983454227 ], [ 126.389539021870007, 36.889328052234895 ], [ 126.386018808316891, 36.889640037605247 ], [ 126.385143192504827, 36.888572419047257 ], [ 126.383854170370199, 36.889266425287758 ], [ 126.38250923564982, 36.88854656838253 ], [ 126.382849306571543, 36.890699746207844 ], [ 126.381187828617811, 36.892700577866677 ], [ 126.382269900869275, 36.89219014720269 ], [ 126.383921481040744, 36.893205377641102 ], [ 126.386476933704628, 36.892102932070941 ], [ 126.386775597834045, 36.889720763403361 ], [ 126.39130627655814, 36.889489834845293 ], [ 126.395015609045743, 36.88736696117931 ], [ 126.396453673451987, 36.889903160579294 ], [ 126.39571198091167, 36.891046743942638 ], [ 126.396535222970073, 36.891954759256819 ], [ 126.396236828777973, 36.893073643570268 ], [ 126.39819598343918, 36.892491696639411 ], [ 126.399422889336151, 36.892995635841714 ], [ 126.403649569506996, 36.890807572751115 ], [ 126.405523552256327, 36.891283301592694 ], [ 126.406117238444168, 36.893530918507004 ], [ 126.40494320175398, 36.895523947285106 ], [ 126.404946694399584, 36.897559604671891 ], [ 126.407355572137874, 36.896313550002652 ], [ 126.410033968354782, 36.897064849695084 ], [ 126.407041039040749, 36.901666745083453 ], [ 126.410097614279437, 36.898063414524863 ], [ 126.411232330787982, 36.894444168015077 ], [ 126.413488384065687, 36.893600448429041 ], [ 126.417910821047244, 36.896717547982455 ], [ 126.417838711319661, 36.898456649420538 ], [ 126.418583395734885, 36.896808139693711 ], [ 126.419670875055871, 36.896860933332157 ], [ 126.422484997624764, 36.900048076298368 ], [ 126.423381464845207, 36.899956375706651 ], [ 126.423019634665053, 36.899272092793552 ], [ 126.424043128936432, 36.898102575322483 ], [ 126.431081928761728, 36.89868884332688 ], [ 126.432509256428702, 36.900912988074182 ], [ 126.432361555293696, 36.902976621415775 ], [ 126.430662893236942, 36.903255777768955 ], [ 126.4269239232449, 36.906829009940438 ], [ 126.417755896416537, 36.906295406052394 ], [ 126.415174727741856, 36.908039118619115 ], [ 126.413431473596702, 36.907505500443371 ], [ 126.411779387864868, 36.90845533683688 ], [ 126.409328828104549, 36.908232522483203 ], [ 126.408822479629421, 36.909863837577504 ], [ 126.41222455220904, 36.912566620593857 ], [ 126.4120751248593, 36.913953116001487 ], [ 126.409023748315136, 36.91419437790745 ], [ 126.409061900423893, 36.915848449612163 ], [ 126.410158285932567, 36.916469264240362 ], [ 126.408521659239099, 36.918409591630542 ], [ 126.404628087781106, 36.919085684518336 ], [ 126.404512435309897, 36.921388357454241 ], [ 126.405312906517025, 36.921592615992679 ], [ 126.406693393328439, 36.921340069764973 ], [ 126.408855299013609, 36.919165366264856 ], [ 126.414101828629057, 36.919395453514234 ], [ 126.41585546418635, 36.922689612688075 ], [ 126.417665805834645, 36.92315192588805 ], [ 126.419511710521647, 36.926446211701439 ], [ 126.421194571084939, 36.927232055295036 ], [ 126.419421356685746, 36.929125583210535 ], [ 126.42064265007069, 36.931273411997076 ], [ 126.419002865658541, 36.937756796673106 ], [ 126.418114692791619, 36.937317118509391 ], [ 126.418394022515997, 36.932716676147507 ], [ 126.416195483018186, 36.931334538170752 ], [ 126.408585233529664, 36.936040890479667 ], [ 126.407118449550339, 36.935290544811146 ], [ 126.40716108577432, 36.934118998193895 ], [ 126.40880993639972, 36.934183262529082 ], [ 126.409036425792152, 36.933575979414563 ], [ 126.406545347619385, 36.93380901384991 ], [ 126.404969801488534, 36.932402207515501 ], [ 126.400238016112255, 36.932678646940289 ], [ 126.400421135156847, 36.935280626083248 ], [ 126.397964406179668, 36.935860116224006 ], [ 126.397298235715667, 36.935215349600782 ], [ 126.39602708245603, 36.935464437582972 ], [ 126.394647261280795, 36.934394140439892 ], [ 126.394747711256599, 36.93348690518755 ], [ 126.392836781342481, 36.932377296039306 ], [ 126.392789326702953, 36.930463974177172 ], [ 126.391673568749184, 36.929443379173691 ], [ 126.390568252860945, 36.929638473609145 ], [ 126.389963224366511, 36.926332688453108 ], [ 126.388685265297639, 36.927494682709401 ], [ 126.390132876067696, 36.928468981263329 ], [ 126.390425494162955, 36.92980615184851 ], [ 126.388869845675828, 36.93190163714538 ], [ 126.387165776662201, 36.932784113036206 ], [ 126.383801127977705, 36.93305099511943 ], [ 126.384919839195931, 36.933515713170287 ], [ 126.38520531094575, 36.936320623396455 ], [ 126.382609580346951, 36.937465321685913 ], [ 126.382045697130124, 36.936497769142342 ], [ 126.381139522939193, 36.938128244342607 ], [ 126.382212501328382, 36.93918557645533 ], [ 126.382288230186248, 36.941694072565589 ], [ 126.380938134996143, 36.945799409925151 ], [ 126.379345748867124, 36.944836138540886 ], [ 126.376591761745757, 36.944900855594746 ], [ 126.375529998262721, 36.943924340126713 ], [ 126.375666294246798, 36.945174940674967 ], [ 126.373257544280307, 36.947126687475091 ], [ 126.368221447454545, 36.947003226736619 ], [ 126.36488791369824, 36.944788533879588 ], [ 126.365407462405102, 36.942798790182586 ], [ 126.361798274978028, 36.941686697917397 ], [ 126.359955081020999, 36.938811619584406 ], [ 126.358639346562384, 36.939684421402653 ], [ 126.358014475580077, 36.938514332651451 ], [ 126.358372136953108, 36.940130111108154 ], [ 126.356468440297874, 36.941749360438109 ], [ 126.359493264376383, 36.947556317008946 ], [ 126.36162533988022, 36.948628543056167 ], [ 126.361971760706382, 36.949736564693325 ], [ 126.358636806882686, 36.952977513225569 ], [ 126.356488956563922, 36.951729260060809 ], [ 126.354862705793622, 36.952513832326986 ], [ 126.353779563675616, 36.950829855106477 ], [ 126.350989636469677, 36.952525346539041 ], [ 126.351875896071249, 36.955761165034765 ], [ 126.351390367183541, 36.959605102898941 ], [ 126.350179134648215, 36.961445227922439 ], [ 126.343663715751177, 36.961041754463452 ], [ 126.342208624476655, 36.960034774752899 ], [ 126.337993850308649, 36.960666791992516 ], [ 126.335829982384112, 36.959919973466469 ], [ 126.33411888038458, 36.96137823636677 ], [ 126.333147357724798, 36.961149317593623 ], [ 126.333188773868173, 36.960713477483665 ], [ 126.332853774022851, 36.960644916465561 ], [ 126.333827344626613, 36.965063638400736 ], [ 126.33675537739704, 36.968393816518713 ], [ 126.336637966566911, 36.969286086304407 ], [ 126.334909700181399, 36.969583717780772 ], [ 126.333593208202373, 36.971338161762517 ], [ 126.33525983882096, 36.973557864630138 ], [ 126.337358998280862, 36.968349114205914 ], [ 126.337673029370379, 36.968783921736581 ], [ 126.342188212680483, 36.968071766704874 ], [ 126.343542690985998, 36.966728829787726 ], [ 126.347916609517441, 36.966851779414782 ], [ 126.35227027067836, 36.968890584180564 ], [ 126.356809325258496, 36.968983380671759 ], [ 126.360913735471286, 36.968076359035152 ], [ 126.362604655309553, 36.96876702119971 ], [ 126.367630911946108, 36.964591027079621 ], [ 126.368114174693588, 36.963399768712812 ], [ 126.367249289685489, 36.96197377393019 ], [ 126.370449459904592, 36.960275627262362 ], [ 126.373890506234801, 36.962281138266007 ], [ 126.376103475033588, 36.96506413561201 ], [ 126.375051454260003, 36.966541642857095 ], [ 126.376894155817368, 36.968516595114544 ], [ 126.384994351406206, 36.968865761057266 ], [ 126.386518795269637, 36.967448572851303 ], [ 126.388671016795044, 36.969803913738161 ], [ 126.386467826842946, 36.973640840201988 ], [ 126.383794234721847, 36.974178189047002 ], [ 126.382307875596993, 36.972705511594611 ], [ 126.377287917563521, 36.973182086883853 ], [ 126.375764048060446, 36.97432230124415 ], [ 126.375875948441461, 36.975309743116341 ], [ 126.377953075809486, 36.976480683267091 ], [ 126.379724407840314, 36.980091530441911 ], [ 126.380837506984648, 36.980263138521629 ], [ 126.380244846496694, 36.9813821497007 ], [ 126.37659692701439, 36.98068265149022 ], [ 126.374626231150629, 36.982593097830858 ], [ 126.370537436225504, 36.982592302630138 ], [ 126.365272207720892, 36.978849427160164 ], [ 126.364137570494236, 36.979005457698861 ], [ 126.363806044166466, 36.979947372367192 ], [ 126.363210460912271, 36.9796224082679 ], [ 126.362710186475823, 36.980730471439024 ], [ 126.36345119958348, 36.98159794237921 ], [ 126.362244050555901, 36.98287350528085 ], [ 126.357603599741964, 36.98267457078267 ], [ 126.360921552842541, 36.982041238520736 ], [ 126.356285683362728, 36.980168990778637 ], [ 126.351552905211108, 36.981802769721661 ], [ 126.350843875719676, 36.98048491137012 ], [ 126.350180077323174, 36.981591477652231 ], [ 126.347043632737382, 36.982240031086391 ], [ 126.339915789206572, 36.985334843901271 ], [ 126.3376039365792, 36.98454873235918 ], [ 126.336698886951055, 36.985746325315688 ], [ 126.331154533447815, 36.984906760234878 ], [ 126.330201171548268, 36.985222922892753 ], [ 126.327988396774415, 36.98921015487457 ], [ 126.327905521856394, 36.991584590677931 ], [ 126.326689549391659, 36.993582337078742 ], [ 126.326982276294075, 36.993736997725485 ], [ 126.327171597846231, 36.994322764685364 ], [ 126.327712093754826, 36.994348254068335 ], [ 126.327801455913615, 36.995345249682124 ], [ 126.32653505285127, 36.996096426446023 ], [ 126.326576952661213, 36.997001117825526 ], [ 126.327775245094443, 36.997985871621403 ], [ 126.327309717584171, 36.99926791958702 ], [ 126.328174461996269, 36.999908059786151 ], [ 126.329053526468869, 37.000008346188679 ], [ 126.332483553831494, 36.996733498886329 ], [ 126.343520085604197, 37.001096118461994 ], [ 126.343808617169486, 37.002023243732189 ], [ 126.344655440319002, 37.001571072226078 ], [ 126.352136759473709, 37.004600214250445 ], [ 126.351587675420035, 37.006778604833549 ], [ 126.35272620248243, 37.007642652387574 ], [ 126.353078813054239, 37.006990455116842 ], [ 126.354711016104602, 37.007535041249007 ], [ 126.356099313095385, 37.009111273176593 ], [ 126.355350071077424, 37.010039060389516 ], [ 126.356210291493994, 37.011042407778362 ], [ 126.358940592761456, 37.012193114851861 ], [ 126.360244231230652, 37.01111873573609 ], [ 126.360463008110131, 37.006891341237086 ], [ 126.361016243511685, 37.007193707846668 ], [ 126.361368346549924, 37.006391934056687 ], [ 126.379634662906966, 37.009255982543969 ], [ 126.38325062881988, 37.011667988608025 ], [ 126.383642433099382, 37.013154918105542 ], [ 126.38492605885628, 37.012802196303213 ], [ 126.385625367892274, 37.010995665787085 ], [ 126.386639204098472, 37.011045205510676 ], [ 126.38697766769927, 37.013088384419859 ], [ 126.385775842887057, 37.014273441053291 ], [ 126.386074397904125, 37.015003535032541 ], [ 126.387726786428146, 37.014384082093542 ], [ 126.387339646439457, 37.011416774595951 ], [ 126.398172634971715, 37.011854011191311 ], [ 126.398132133609948, 37.016985716439237 ], [ 126.40580654562261, 37.018760414853382 ], [ 126.410627573823092, 37.017077511477375 ], [ 126.411781294956825, 37.017941717622435 ], [ 126.409812772502761, 37.013854409964225 ], [ 126.412186779744928, 37.013836512750075 ], [ 126.412554290139298, 37.014733434629427 ], [ 126.417573168364228, 37.014913237245878 ], [ 126.417494206082878, 37.017290782271758 ], [ 126.42080424577756, 37.019822760858048 ], [ 126.417834317905942, 37.017235412679653 ], [ 126.418347465678139, 37.014953931268657 ], [ 126.425839369863027, 37.015205498666198 ], [ 126.433683055870119, 37.012952842320288 ], [ 126.433149131468056, 37.011738783388353 ], [ 126.437582932401057, 37.010456912951966 ], [ 126.436523453101231, 37.007749580173424 ], [ 126.449297946092116, 37.00595761907676 ], [ 126.450372892040235, 37.007135253392526 ], [ 126.452135431743443, 37.007042815886592 ], [ 126.449781591589627, 37.006197203201047 ], [ 126.453349612419316, 37.004132713900205 ], [ 126.452897167972679, 37.002057293472738 ], [ 126.454401766669747, 36.998955162949812 ], [ 126.454962890701012, 37.000008317507813 ], [ 126.455406480582582, 36.999674227671839 ], [ 126.463339894979228, 37.003420254464821 ], [ 126.480833909507425, 36.97848698772102 ], [ 126.490160737478973, 36.943031601209178 ], [ 126.489583454877717, 36.935827349403262 ], [ 126.474271465565892, 36.89478624899666 ], [ 126.47407606771084, 36.880938487862998 ], [ 126.479809459992097, 36.878399805649458 ], [ 126.48384415637085, 36.875476112051032 ], [ 126.484879863431189, 36.876387377345551 ], [ 126.488683427285821, 36.874054722912021 ], [ 126.498408488568344, 36.870914914574783 ], [ 126.502595690622826, 36.870426949677395 ], [ 126.503377942720846, 36.869561404285619 ], [ 126.506246528037067, 36.871186514280872 ], [ 126.509314563044057, 36.870645193397777 ], [ 126.510135394740189, 36.865973417673388 ], [ 126.509397176700702, 36.862814841234695 ], [ 126.510009250536143, 36.856080708982027 ], [ 126.511270628522183, 36.853971245090129 ], [ 126.512955759005862, 36.854060528900384 ], [ 126.51531282268067, 36.851175714250012 ], [ 126.510992749682643, 36.848893075990752 ], [ 126.510308334126222, 36.846891680997047 ], [ 126.51539172627173, 36.843734487381894 ], [ 126.515031909515344, 36.841038344455839 ], [ 126.515966652282017, 36.839764247527015 ], [ 126.517592621412177, 36.83977897028057 ], [ 126.518238175912302, 36.835231751282237 ], [ 126.520247242134133, 36.835008397170171 ], [ 126.521580869140692, 36.835887829615501 ], [ 126.523480612607216, 36.834577976589181 ], [ 126.52312873472556, 36.831310431913636 ], [ 126.525780738990434, 36.828308783484964 ], [ 126.526052402693693, 36.826665870207023 ], [ 126.530871179532639, 36.825891474674542 ], [ 126.536553722853412, 36.827693869674555 ], [ 126.541241537806314, 36.825756432072623 ], [ 126.542560807979825, 36.826297588459283 ], [ 126.543337795539557, 36.825241327398011 ], [ 126.55007743229045, 36.825434885279996 ], [ 126.553678916076109, 36.824361923727025 ], [ 126.555098381637123, 36.824738468964924 ], [ 126.557085460263451, 36.826985040988589 ], [ 126.562349457209507, 36.827131165966712 ], [ 126.566629027471492, 36.828884388307749 ], [ 126.569350432583363, 36.828432832403927 ], [ 126.570632025468981, 36.827046824041744 ], [ 126.574889700361837, 36.825258619788208 ], [ 126.579638915138872, 36.826758386221435 ], [ 126.580252998800773, 36.829500467991075 ], [ 126.583371879354019, 36.833738147035795 ], [ 126.591616779750609, 36.838108501017253 ], [ 126.5925706823148, 36.832819238890643 ], [ 126.593459785166232, 36.833531045922435 ], [ 126.595130061261059, 36.832372372649125 ], [ 126.595057160152408, 36.831281954751176 ], [ 126.59868262060084, 36.830485212008199 ], [ 126.599883691294792, 36.828325804672318 ], [ 126.598279881699654, 36.825279802248161 ], [ 126.59944221512373, 36.824161457286948 ], [ 126.599499824712936, 36.822425925563962 ], [ 126.597923036724538, 36.820377689749932 ], [ 126.600750916336537, 36.817218992289874 ], [ 126.60301343391653, 36.816454688421459 ], [ 126.606553580427516, 36.817024779253586 ], [ 126.609384909328611, 36.8164148881866 ], [ 126.617374516383009, 36.812201103022566 ], [ 126.62212737576661, 36.813278588121015 ], [ 126.624147774515492, 36.812659756144569 ], [ 126.626506585963782, 36.814420798225299 ], [ 126.631308185839927, 36.81282571611839 ], [ 126.631939190533387, 36.812308142175162 ], [ 126.6307316129909, 36.810420374667387 ], [ 126.631357703976406, 36.806957714932359 ], [ 126.634846648034667, 36.80600190779348 ], [ 126.635929843740897, 36.80485916819223 ], [ 126.63677468604746, 36.80099419392424 ], [ 126.639563848886752, 36.799925357712333 ], [ 126.642772280143518, 36.794706317758653 ], [ 126.645016448467089, 36.793490754172936 ], [ 126.645289760082292, 36.78871575817108 ], [ 126.647812830592329, 36.787459039621133 ], [ 126.648336094457335, 36.783680997625503 ], [ 126.649843502046821, 36.783596563817085 ], [ 126.650439304677434, 36.782480216666912 ], [ 126.649863608992533, 36.779578583108673 ], [ 126.65331324132184, 36.776664248171585 ], [ 126.653330465608065, 36.771781770526978 ], [ 126.650345392091907, 36.771814088243985 ], [ 126.64916477928557, 36.770065724037494 ], [ 126.649600004865036, 36.768166083937089 ], [ 126.651303655008235, 36.76647618402572 ], [ 126.647527258200228, 36.761075617220655 ], [ 126.647752672918102, 36.759326668611273 ], [ 126.650317051375822, 36.757309683227781 ], [ 126.652763952800441, 36.756616997471248 ], [ 126.653182601589904, 36.750533562630388 ], [ 126.650297362375341, 36.751960452514702 ], [ 126.649674639363795, 36.753162726531571 ], [ 126.64579660020344, 36.753118794174902 ], [ 126.644942556729106, 36.751787895283606 ], [ 126.642837034186613, 36.753030390208316 ], [ 126.641787879950172, 36.75552855492586 ], [ 126.637287795254238, 36.758388045035836 ], [ 126.633154793676539, 36.757852562779703 ], [ 126.631655754374407, 36.755784677327874 ], [ 126.63186516902735, 36.754669108136511 ], [ 126.633278736874288, 36.753875080533469 ], [ 126.633912586890816, 36.748968255210244 ], [ 126.634201991346359, 36.744317941562201 ], [ 126.632555435782237, 36.74234276263126 ], [ 126.633163765572647, 36.740638601976435 ], [ 126.62887310006397, 36.738494981714453 ], [ 126.628001256373182, 36.736273898794671 ], [ 126.626996236170683, 36.735152221684316 ], [ 126.625854990700645, 36.735121043888739 ], [ 126.624863723072806, 36.733573384277506 ], [ 126.619211496352165, 36.734241257585573 ], [ 126.611741619768409, 36.733431231350735 ], [ 126.610473342871813, 36.734113767250008 ], [ 126.608805480601404, 36.732959502589509 ], [ 126.609106772247287, 36.729121118034115 ], [ 126.606287434507394, 36.725571217553409 ], [ 126.604612562417003, 36.724826012755109 ], [ 126.602274271057524, 36.720029886481214 ], [ 126.602618924788771, 36.71778075823525 ], [ 126.605133517087737, 36.71450660092669 ], [ 126.605465972388586, 36.710133691154965 ], [ 126.607549127503262, 36.708185388924903 ], [ 126.609600750819581, 36.704300464949803 ], [ 126.608105364494065, 36.702467704642885 ], [ 126.606107274730292, 36.702087325415903 ], [ 126.604846690983479, 36.6984814048975 ], [ 126.603537099444068, 36.698354837373579 ], [ 126.602474888323329, 36.697025029519615 ], [ 126.600186261281465, 36.696861442005094 ], [ 126.599669962522938, 36.694016825419297 ], [ 126.600342105737454, 36.690446357470293 ], [ 126.596257426289966, 36.685377478273352 ], [ 126.59909924700851, 36.678681178869098 ], [ 126.598181570105012, 36.674635964610637 ], [ 126.595042633241718, 36.668199603201764 ], [ 126.590844557355439, 36.665747850338967 ], [ 126.588977773917918, 36.66350464839018 ], [ 126.585590069531179, 36.665534532569588 ], [ 126.581444773874367, 36.664330940827121 ], [ 126.581758849433172, 36.661833099559473 ], [ 126.579779988560347, 36.658227160902833 ], [ 126.579606767385059, 36.654868431982059 ], [ 126.574485018886634, 36.653168582702797 ], [ 126.570836591408096, 36.648640570641156 ], [ 126.567432447760893, 36.648239786549262 ], [ 126.565598324100037, 36.649680650886125 ], [ 126.565168576599589, 36.647937535589698 ], [ 126.563005749988008, 36.646996464018791 ], [ 126.561604601151885, 36.644518216032232 ], [ 126.560137775374116, 36.6436437126521 ], [ 126.558234727964418, 36.64380877067434 ], [ 126.556517791975295, 36.642940924549492 ], [ 126.554235810893459, 36.643356862108121 ], [ 126.545609827587185, 36.640210628733278 ], [ 126.544186268528847, 36.642499943556736 ], [ 126.541193648151676, 36.644754485915719 ], [ 126.538653986810118, 36.64462669018922 ], [ 126.536241923623066, 36.646210142266838 ], [ 126.534294617226195, 36.645929662402018 ], [ 126.52986984315875, 36.642048653744403 ], [ 126.52997584771623, 36.641395561947085 ], [ 126.526400196403742, 36.641320243313984 ], [ 126.524117089354135, 36.638891968246952 ], [ 126.518358814570632, 36.638208658233069 ], [ 126.519308989819564, 36.635085930778644 ], [ 126.515772336655871, 36.631726032834969 ], [ 126.514381597873125, 36.631911790576083 ], [ 126.511384410809299, 36.630686175246026 ], [ 126.50565521283113, 36.63485692165068 ], [ 126.497286999243642, 36.631270124127283 ], [ 126.453019698144473, 36.625778766071164 ], [ 126.452741000588276, 36.615361196652508 ], [ 126.440667348386143, 36.600337576279244 ], [ 126.431227690300474, 36.603417395621541 ], [ 126.430298183407103, 36.602432194571179 ], [ 126.429856717374761, 36.603871269489161 ], [ 126.423369579107188, 36.606132970310519 ], [ 126.413320834449834, 36.605549088098186 ], [ 126.411011691623727, 36.603461190061942 ], [ 126.411330700008705, 36.604808745027427 ], [ 126.409577078711834, 36.604904509500344 ], [ 126.410901152368041, 36.605159250564824 ], [ 126.41097267159779, 36.606267369207615 ], [ 126.409880985180237, 36.606412792573757 ], [ 126.412063257520828, 36.606528777820309 ], [ 126.413464152084899, 36.605924609038127 ], [ 126.416122570415055, 36.608731906764199 ], [ 126.41470374236296, 36.614867783399148 ], [ 126.398482624412651, 36.618986572840036 ], [ 126.387942770329488, 36.61924721368127 ], [ 126.38625993402043, 36.618407115608527 ], [ 126.385871339169682, 36.619417771993561 ], [ 126.380633481375312, 36.620376302163599 ], [ 126.379642385188745, 36.622572548777647 ], [ 126.376777430934737, 36.62224980006738 ], [ 126.375698216521926, 36.62389862165589 ], [ 126.373608564950928, 36.621786937902812 ], [ 126.373197817154519, 36.620232807153606 ], [ 126.370918269583427, 36.622591721935372 ], [ 126.371572326767634, 36.62387096524305 ], [ 126.373875842578528, 36.624031400350084 ], [ 126.374787434957994, 36.624887298483607 ], [ 126.372915513529605, 36.62601954478049 ], [ 126.368029359369132, 36.624266705062013 ], [ 126.366260525592253, 36.624655175927344 ], [ 126.366977134843978, 36.62520209262216 ], [ 126.366072380864338, 36.627056317028483 ], [ 126.360194323570781, 36.624893267867321 ], [ 126.351520078669125, 36.659647792421289 ], [ 126.347308712484804, 36.680244455200331 ], [ 126.345225650122856, 36.712598778500606 ], [ 126.346795382053315, 36.714535228832354 ], [ 126.346174825336647, 36.730707735282166 ], [ 126.343756187205102, 36.736967753753405 ], [ 126.343778302381267, 36.740989923779502 ], [ 126.342893172823779, 36.742097435692941 ], [ 126.338970322660131, 36.739865431132344 ], [ 126.337011096480083, 36.742851577427949 ], [ 126.33712040456787, 36.743913139657842 ], [ 126.343367765593996, 36.746585552864012 ], [ 126.34608407598823, 36.754919463102532 ], [ 126.348662710444273, 36.754396516041687 ], [ 126.347548875430732, 36.755901706909732 ], [ 126.347635444390221, 36.757546224977801 ], [ 126.346197205844632, 36.757538312532922 ], [ 126.348090280210229, 36.759183823403696 ] ] ], [ [ [ 126.351237841974438, 36.857849195836771 ], [ 126.348408130028957, 36.856628711067081 ], [ 126.347578851348842, 36.856606591261624 ], [ 126.346900132290699, 36.856870621574259 ], [ 126.349519519100781, 36.858041945309459 ], [ 126.351237841974438, 36.857849195836771 ] ] ], [ [ [ 126.362063057545797, 36.872774174470635 ], [ 126.363917855173469, 36.870972166112637 ], [ 126.362243399783011, 36.869663591289246 ], [ 126.361476011205212, 36.870115195982414 ], [ 126.362063057545797, 36.872774174470635 ] ] ], [ [ [ 126.366940403013473, 36.88870449433665 ], [ 126.366440072502272, 36.888990534918065 ], [ 126.36662654187802, 36.889068931846843 ], [ 126.366940403013473, 36.88870449433665 ] ] ], [ [ [ 126.393177574128515, 36.893561892554558 ], [ 126.392788039082205, 36.893083137932997 ], [ 126.391565676685588, 36.893222230997353 ], [ 126.392119235612654, 36.893755891752456 ], [ 126.393177574128515, 36.893561892554558 ] ] ], [ [ [ 126.393507620720612, 36.893818223812325 ], [ 126.393461142068915, 36.893524412060486 ], [ 126.393347669757105, 36.893743698077621 ], [ 126.393507620720612, 36.893818223812325 ] ] ], [ [ [ 126.387216076181986, 36.893941110283698 ], [ 126.387143529894018, 36.89409058605618 ], [ 126.387265567030312, 36.89410743526971 ], [ 126.387216076181986, 36.893941110283698 ] ] ], [ [ [ 126.379021844320903, 36.912129930162187 ], [ 126.377900767775643, 36.912244891754007 ], [ 126.378989063013094, 36.912452887275656 ], [ 126.379021844320903, 36.912129930162187 ] ] ], [ [ [ 126.351137707977401, 36.918949991875628 ], [ 126.355552735879314, 36.91870622602044 ], [ 126.355177119362182, 36.917920518660118 ], [ 126.356908032786706, 36.916370674692885 ], [ 126.361142376201855, 36.914143887042933 ], [ 126.361825719605889, 36.913571679888989 ], [ 126.356969623731985, 36.916185476946197 ], [ 126.355039136868641, 36.91804772360959 ], [ 126.351458124572034, 36.918033632792799 ], [ 126.350102137290193, 36.916630776535904 ], [ 126.351137707977401, 36.918949991875628 ] ] ], [ [ [ 126.363130344005569, 36.929135633913354 ], [ 126.366313361886768, 36.928796110968484 ], [ 126.37205436159752, 36.927315798852611 ], [ 126.372628870656328, 36.928173993458081 ], [ 126.377561286976615, 36.929040019203867 ], [ 126.382613815662921, 36.925208284551054 ], [ 126.384161229203585, 36.926012303671058 ], [ 126.386114643278887, 36.92446569333616 ], [ 126.388504739072815, 36.923959628986275 ], [ 126.390087074352294, 36.925540842314454 ], [ 126.390814227463252, 36.923015631503219 ], [ 126.38784772361879, 36.922894323833802 ], [ 126.386494070334862, 36.91951045241094 ], [ 126.379579442816706, 36.917683013000577 ], [ 126.376690969830449, 36.918522746439628 ], [ 126.374651088234515, 36.918055177224517 ], [ 126.372068624640846, 36.915326808928882 ], [ 126.373456031175905, 36.917136087581085 ], [ 126.371344065629799, 36.91868856355071 ], [ 126.372987489082959, 36.919613773581894 ], [ 126.373191830943014, 36.920552586949711 ], [ 126.372916381332502, 36.921291379962739 ], [ 126.369419862444389, 36.922724967300177 ], [ 126.371220937834195, 36.927370878358012 ], [ 126.366258776652316, 36.928696323672497 ], [ 126.363013254981823, 36.928797247348427 ], [ 126.357804617227572, 36.932573528301845 ], [ 126.363130344005569, 36.929135633913354 ] ] ], [ [ [ 126.338064687109636, 36.934214676894534 ], [ 126.339967570691996, 36.932627074049826 ], [ 126.340687409412013, 36.930298600248925 ], [ 126.341990589288983, 36.930460369749412 ], [ 126.340719683372811, 36.930034826184055 ], [ 126.343605888197843, 36.924888767398755 ], [ 126.342603198107327, 36.925584945047071 ], [ 126.343047021311818, 36.924005163714277 ], [ 126.342053013072359, 36.926819798622013 ], [ 126.33906299869372, 36.928556640186002 ], [ 126.337279107689341, 36.932838281163541 ], [ 126.338064687109636, 36.934214676894534 ] ] ], [ [ [ 126.353773601989857, 36.932229844697083 ], [ 126.357608963380969, 36.932303787345241 ], [ 126.355033437472883, 36.929326187385875 ], [ 126.352661313076368, 36.92986894190723 ], [ 126.352308299041468, 36.93098292804472 ], [ 126.353773601989857, 36.932229844697083 ] ] ], [ [ [ 126.357113829077846, 36.936606172412567 ], [ 126.357857167635672, 36.93595874328129 ], [ 126.357831424227982, 36.935855061562421 ], [ 126.356883132463153, 36.935784701686373 ], [ 126.357113829077846, 36.936606172412567 ] ] ], [ [ [ 126.335874777246218, 36.940265929074876 ], [ 126.336528928241776, 36.9397019537464 ], [ 126.338720266360284, 36.935471624354811 ], [ 126.336424949892617, 36.937529350133772 ], [ 126.335874777246218, 36.940265929074876 ] ] ], [ [ [ 126.345971324130048, 36.952688210796815 ], [ 126.348394047743426, 36.952532667882991 ], [ 126.346279095501387, 36.950569769489988 ], [ 126.346326813595738, 36.951488946470036 ], [ 126.345414371950469, 36.95135921273458 ], [ 126.345971324130048, 36.952688210796815 ] ] ], [ [ [ 126.370063084780881, 36.965492340031084 ], [ 126.369974178962224, 36.965550014494283 ], [ 126.370069582776793, 36.965499591434686 ], [ 126.370063084780881, 36.965492340031084 ] ] ], [ [ [ 126.38613867721952, 37.026097362986746 ], [ 126.388214025709914, 37.026670389955825 ], [ 126.388843967109466, 37.025767705808946 ], [ 126.388460362189448, 37.023662482817635 ], [ 126.385442703382864, 37.021706541490595 ], [ 126.38424054727804, 37.022022710365299 ], [ 126.384316605960464, 37.021454172901478 ], [ 126.382974889859995, 37.022575246957196 ], [ 126.384521671847793, 37.024019755522993 ], [ 126.385468370488411, 37.023988790248453 ], [ 126.38613867721952, 37.026097362986746 ] ] ], [ [ [ 126.402938520085925, 36.897045824228783 ], [ 126.402604535245388, 36.896886095954137 ], [ 126.40264166829823, 36.897174088540694 ], [ 126.402938520085925, 36.897045824228783 ] ] ], [ [ [ 126.40129106826241, 36.898716236695563 ], [ 126.401025456631075, 36.898689324711661 ], [ 126.401171946056394, 36.898825990596293 ], [ 126.40129106826241, 36.898716236695563 ] ] ], [ [ [ 126.403115893551444, 36.899221301578812 ], [ 126.402826747229597, 36.89835110387321 ], [ 126.401270756122528, 36.898945117384088 ], [ 126.402222781111647, 36.899326833949509 ], [ 126.403115893551444, 36.899221301578812 ] ] ], [ [ [ 126.414044124462336, 36.905109586859041 ], [ 126.41457907563823, 36.904512552562352 ], [ 126.414164556438479, 36.904620442227255 ], [ 126.414044124462336, 36.905109586859041 ] ] ], [ [ [ 126.395813891277584, 36.929168597006267 ], [ 126.395095745939912, 36.92969919267351 ], [ 126.396193214149605, 36.930056648151485 ], [ 126.395813891277584, 36.929168597006267 ] ] ] ] } },
{ "type": "Feature", "properties": { "sgg_cd": "34060", "sgg_nm": "논산시", "sigungu_nm": "논산시" }, "geometry": { "type": "Polygon", "coordinates": [ [ [ 127.150912750255998, 36.090058236405014 ], [ 127.145784080061176, 36.090290245545383 ], [ 127.142373336004766, 36.087714015900602 ], [ 127.140120729911388, 36.088048105100121 ], [ 127.136616970464644, 36.085990319637133 ], [ 127.133774372480985, 36.081492493852728 ], [ 127.134704986882056, 36.076101909918656 ], [ 127.133574920114384, 36.074776399987286 ], [ 127.134336523315767, 36.073921944162208 ], [ 127.133704010405339, 36.06936670172076 ], [ 127.13211595145529, 36.066863061401918 ], [ 127.131055706360769, 36.065768733912513 ], [ 127.123187785309725, 36.064247680200189 ], [ 127.122047854526784, 36.063033310847928 ], [ 127.118116436554317, 36.067119710351363 ], [ 127.112651339081836, 36.069248125382657 ], [ 127.10934845583462, 36.072595204701166 ], [ 127.106260825525823, 36.071956680889677 ], [ 127.102031194679128, 36.075776114655788 ], [ 127.094418514597251, 36.073264484108876 ], [ 127.092709835792476, 36.075992536667798 ], [ 127.090380392481549, 36.07180053379804 ], [ 127.088181217333272, 36.074034065014473 ], [ 127.087825903766756, 36.075556809026068 ], [ 127.082260599939247, 36.077759935584496 ], [ 127.080276133188335, 36.08088441219347 ], [ 127.07731761694086, 36.081999165270382 ], [ 127.076957810123631, 36.083601581938836 ], [ 127.07548150546657, 36.08489461929134 ], [ 127.071710833394363, 36.08463046652227 ], [ 127.070109769609616, 36.087598926206645 ], [ 127.065239541279681, 36.089830428049055 ], [ 127.063646982395682, 36.089068895412474 ], [ 127.060896453609473, 36.089040724321251 ], [ 127.063132455745247, 36.091568904034418 ], [ 127.060185308967917, 36.09487107777516 ], [ 127.061234651696552, 36.09967684010465 ], [ 127.060332150565344, 36.100526958311484 ], [ 127.061047644390356, 36.105476232415228 ], [ 127.060012030384783, 36.106638177757979 ], [ 127.057806261642128, 36.107050133978213 ], [ 127.058963993074187, 36.110780030984898 ], [ 127.057885788703075, 36.111976620212936 ], [ 127.058146762194824, 36.11290108015482 ], [ 127.056957974574885, 36.113120185297547 ], [ 127.057720955852687, 36.114945059008619 ], [ 127.056965613697329, 36.115087068187577 ], [ 127.057251598304575, 36.116038275163362 ], [ 127.058487788874302, 36.11580506842391 ], [ 127.058753999996711, 36.116740789283291 ], [ 127.062314652156829, 36.115947942976689 ], [ 127.061059617820021, 36.117191116934983 ], [ 127.063008795530479, 36.125223285014471 ], [ 127.060211828839883, 36.123729250212584 ], [ 127.060766720236259, 36.126041703222107 ], [ 127.056106318948139, 36.126784875114247 ], [ 127.056319209769569, 36.12766092303324 ], [ 127.055104838880951, 36.127856079920406 ], [ 127.05564048908191, 36.130116745034634 ], [ 127.050706441774494, 36.130905179168657 ], [ 127.049510255719269, 36.13285227200091 ], [ 127.050125211403397, 36.134162721811634 ], [ 127.047808300841922, 36.133847654328164 ], [ 127.046245858636837, 36.134490922294873 ], [ 127.046200135297866, 36.135290194154948 ], [ 127.045746542967606, 36.134374511044953 ], [ 127.044757305819104, 36.134458513679959 ], [ 127.045806244202595, 36.13773824282012 ], [ 127.044526229832798, 36.137593670106902 ], [ 127.04552935044569, 36.138651101587094 ], [ 127.043235686128369, 36.142782259179398 ], [ 127.045462008645998, 36.143047043910329 ], [ 127.044190889004767, 36.143445439325411 ], [ 127.044838866636397, 36.14608602018027 ], [ 127.042515225304953, 36.146483368695833 ], [ 127.040885969900074, 36.141529537368349 ], [ 127.039772997823974, 36.141566223834204 ], [ 127.039687201113722, 36.138272343262223 ], [ 127.038460755868982, 36.139055940677913 ], [ 127.034929113032391, 36.139250169321002 ], [ 127.030387359982825, 36.137769715497704 ], [ 127.030964349225798, 36.137638052618634 ], [ 127.029784384981696, 36.136619405868224 ], [ 127.024060418595127, 36.136503464157428 ], [ 127.020407717728574, 36.138236105192568 ], [ 127.017426386297871, 36.147022175281407 ], [ 127.015743452054494, 36.14865215844204 ], [ 127.013845497641498, 36.146877001223615 ], [ 127.011263334790343, 36.145816916920602 ], [ 127.008814268819847, 36.14715960587607 ], [ 127.005855999838801, 36.147212132352315 ], [ 127.006712462202643, 36.149903880533543 ], [ 127.005523052376958, 36.151504978958826 ], [ 127.000285917197843, 36.151404225222734 ], [ 127.000499458419611, 36.153161845482607 ], [ 126.997579234356934, 36.158767554300582 ], [ 127.000800974396256, 36.163182105706724 ], [ 127.001045981899978, 36.165100469250433 ], [ 127.002431091098288, 36.165919517829906 ], [ 127.002683629292648, 36.168854046347263 ], [ 126.997047885542258, 36.177224158762009 ], [ 126.993158396760649, 36.178997629816052 ], [ 126.989088137081922, 36.18260208096121 ], [ 126.986502519265727, 36.191643634287352 ], [ 126.989216207173925, 36.193416484563485 ], [ 126.987716328996768, 36.194278651973477 ], [ 126.984958846417172, 36.19428984621743 ], [ 126.985398848002959, 36.197020825004962 ], [ 126.984049435762827, 36.199645939696765 ], [ 126.985041229371632, 36.200724985738432 ], [ 126.983651085612038, 36.203385850159819 ], [ 126.984383058575986, 36.204209135532579 ], [ 126.984655114561235, 36.20273093426637 ], [ 126.987425437712673, 36.202512750707633 ], [ 126.984035323071168, 36.206877753494368 ], [ 126.984062039448162, 36.207856681876137 ], [ 126.985435825774061, 36.208206936911331 ], [ 126.986330459417715, 36.21007140183238 ], [ 126.989106687029135, 36.210422338439564 ], [ 126.991094546445822, 36.209875899195559 ], [ 126.991451826826392, 36.210978209144486 ], [ 126.989564548043276, 36.211545499702439 ], [ 126.990138888344831, 36.212343683550756 ], [ 126.992004345417655, 36.211190593852095 ], [ 126.994669684713983, 36.214666858141541 ], [ 127.000996014340487, 36.21613289589417 ], [ 127.001756951366531, 36.215311682367698 ], [ 127.00425489608061, 36.215828713070195 ], [ 127.003954936977138, 36.214917955030096 ], [ 127.003249274282197, 36.215065816051172 ], [ 127.004442831598183, 36.213989143989863 ], [ 127.003855495223021, 36.213495472824967 ], [ 127.006131577173988, 36.212541544780308 ], [ 127.00533493694391, 36.21018775805932 ], [ 127.007146977135051, 36.209386477385955 ], [ 127.009345963608851, 36.210360194147547 ], [ 127.010292882848645, 36.209843643187092 ], [ 127.009866734424619, 36.212095249942834 ], [ 127.010653443049506, 36.212916395513695 ], [ 127.012464035244477, 36.211638799009194 ], [ 127.011562167904316, 36.211189695104402 ], [ 127.014567050075144, 36.21156481609372 ], [ 127.021136999358248, 36.218171351936469 ], [ 127.024164810106171, 36.219236491188468 ], [ 127.026960308242394, 36.224910636424561 ], [ 127.027332207555546, 36.229158266289602 ], [ 127.029993656365079, 36.231713111349585 ], [ 127.030451698412335, 36.234281959087696 ], [ 127.033904726411919, 36.23703900016725 ], [ 127.033616922970282, 36.237997439239528 ], [ 127.035568140797707, 36.239461055266965 ], [ 127.037011329703063, 36.23932911666617 ], [ 127.03876997221046, 36.24027342613369 ], [ 127.040173830166793, 36.242140698680799 ], [ 127.040709280754854, 36.24366917711221 ], [ 127.039966741135828, 36.246641652713315 ], [ 127.044083757184424, 36.248908994734492 ], [ 127.050867808678802, 36.250293948879609 ], [ 127.052665305447817, 36.251291530662002 ], [ 127.053537575573586, 36.253745768452646 ], [ 127.05540854810387, 36.254700198737631 ], [ 127.064269816239275, 36.256039505306234 ], [ 127.064893007296902, 36.258081763584478 ], [ 127.069106602312488, 36.263765113119362 ], [ 127.068193983372339, 36.265875801980151 ], [ 127.069363122065241, 36.266835195785042 ], [ 127.070307869160303, 36.270458026716554 ], [ 127.070092362444143, 36.272370608301117 ], [ 127.067792997025094, 36.272837140496996 ], [ 127.065806121839458, 36.277483273972152 ], [ 127.066824150914698, 36.282683963386837 ], [ 127.065110482023229, 36.286255551998018 ], [ 127.066893973306506, 36.2875644053182 ], [ 127.068199401238616, 36.290534492725008 ], [ 127.066803539347333, 36.294464978024706 ], [ 127.067277018289545, 36.295918725256406 ], [ 127.068707192850354, 36.297323494166612 ], [ 127.070214902835119, 36.295628693434168 ], [ 127.072060185964091, 36.294932860114663 ], [ 127.077829660959338, 36.296331973733515 ], [ 127.080266394279406, 36.301869377920603 ], [ 127.080821031538633, 36.305871384974594 ], [ 127.083841836202112, 36.311667032818399 ], [ 127.083189873277874, 36.314112210913095 ], [ 127.084818136057464, 36.315188552974888 ], [ 127.084250268590864, 36.316528895202147 ], [ 127.088712488761004, 36.317629944377522 ], [ 127.090628423118119, 36.321361384737934 ], [ 127.092524440974842, 36.321735070734867 ], [ 127.095063586114676, 36.324266547864227 ], [ 127.097801846421518, 36.328265313644799 ], [ 127.100964399762731, 36.330815317595977 ], [ 127.101960348331573, 36.333665294429252 ], [ 127.10454811369658, 36.335199039069195 ], [ 127.104291302988116, 36.336040733376358 ], [ 127.10615010343362, 36.338067892441444 ], [ 127.106767278063302, 36.34028508101904 ], [ 127.115187021374197, 36.330067605999119 ], [ 127.11572234872223, 36.32675386364027 ], [ 127.11734257650437, 36.325442497155755 ], [ 127.117205606282496, 36.323070559102099 ], [ 127.11998311033966, 36.318822161261913 ], [ 127.120846003933977, 36.318390137995259 ], [ 127.125311432869694, 36.320573499303535 ], [ 127.129834464489718, 36.321234474539501 ], [ 127.130491520156525, 36.318294799666162 ], [ 127.13774041872685, 36.311708984043491 ], [ 127.141569740606428, 36.304990208395061 ], [ 127.144610241558055, 36.307887560202801 ], [ 127.14696259946443, 36.309232553590789 ], [ 127.147778647607169, 36.309007947696813 ], [ 127.147477976810862, 36.311507114452219 ], [ 127.149253472105229, 36.312436250004097 ], [ 127.151703547225551, 36.312185372171982 ], [ 127.154542139586553, 36.31586844032654 ], [ 127.156179790670052, 36.315540781228833 ], [ 127.158490639226798, 36.31636375325543 ], [ 127.158618684933884, 36.322858548977429 ], [ 127.165014697832817, 36.322470627560996 ], [ 127.169397664964379, 36.324710735690672 ], [ 127.170780264718928, 36.326601824648115 ], [ 127.172536292798924, 36.326300241801277 ], [ 127.17450324720123, 36.327519073736589 ], [ 127.177494459532312, 36.327609889378543 ], [ 127.177826769566607, 36.329281649457002 ], [ 127.179290248730013, 36.330644194884464 ], [ 127.182418506691008, 36.330647108880505 ], [ 127.183973141997612, 36.331723623497574 ], [ 127.184330311588681, 36.330339770728337 ], [ 127.185446790799332, 36.329946892863788 ], [ 127.187016917002452, 36.331673589845046 ], [ 127.194335600900914, 36.335071837213015 ], [ 127.196374784083986, 36.334664685921432 ], [ 127.198363153939553, 36.331953667161429 ], [ 127.198595927918731, 36.326968842918639 ], [ 127.202584787294825, 36.323436479155042 ], [ 127.202102495402599, 36.317777102663875 ], [ 127.205549685901744, 36.303357300467766 ], [ 127.204078075394762, 36.297446427449763 ], [ 127.201473371801143, 36.294216068748582 ], [ 127.202928426242821, 36.289327282525413 ], [ 127.2019555174668, 36.285618515541479 ], [ 127.197498211409155, 36.279218861845706 ], [ 127.19691947461088, 36.276465238842349 ], [ 127.199718115164941, 36.270037718407515 ], [ 127.197705439940691, 36.26718606512302 ], [ 127.198861752230115, 36.263928322400218 ], [ 127.196346105248097, 36.26050286430992 ], [ 127.200322064538085, 36.257545576129758 ], [ 127.201634231674191, 36.251106285689261 ], [ 127.209439457662, 36.252935080169479 ], [ 127.208503303306131, 36.254455070606149 ], [ 127.211593529574941, 36.257945839113297 ], [ 127.214106493589597, 36.258351022148076 ], [ 127.215005639296322, 36.259560822822934 ], [ 127.219055659113494, 36.260923914492366 ], [ 127.22006965001178, 36.262237580749641 ], [ 127.221253026130768, 36.262202691085498 ], [ 127.223228436034489, 36.260113151933041 ], [ 127.225022914917247, 36.259478240794877 ], [ 127.224749234380852, 36.258792886058345 ], [ 127.227713313439736, 36.257407295385384 ], [ 127.227712441849462, 36.25448435037714 ], [ 127.230190825019136, 36.255870638469503 ], [ 127.231499341747949, 36.254566302163553 ], [ 127.236348053045788, 36.255530838419347 ], [ 127.237266581879581, 36.254789500054706 ], [ 127.238551474710661, 36.247566071277909 ], [ 127.237572297269793, 36.244882693675976 ], [ 127.240201994888352, 36.243051107819802 ], [ 127.239610955974499, 36.240400123496329 ], [ 127.240225143126281, 36.23891573042679 ], [ 127.238827963450589, 36.237215272959986 ], [ 127.239048982026162, 36.235873397984157 ], [ 127.241026786434517, 36.236095320091785 ], [ 127.242873940761598, 36.233674445900803 ], [ 127.246338756733905, 36.231760541517588 ], [ 127.24944462978992, 36.233577649551499 ], [ 127.253546562354742, 36.234462673180509 ], [ 127.257866155793366, 36.234269587401499 ], [ 127.260104489172619, 36.235275507434054 ], [ 127.263847996698374, 36.23775661457308 ], [ 127.263799145174033, 36.239626408583121 ], [ 127.266915373160927, 36.242696536851994 ], [ 127.271382282527057, 36.243568859034042 ], [ 127.272725354390033, 36.242629144574011 ], [ 127.273827964513174, 36.243988280835367 ], [ 127.273480062752583, 36.245223141166448 ], [ 127.274570719284455, 36.245578580311125 ], [ 127.2813882753276, 36.24557090433634 ], [ 127.280300360680329, 36.244349616233862 ], [ 127.282440285757929, 36.241938998247626 ], [ 127.281806912353062, 36.24141638841953 ], [ 127.283247145216251, 36.236887347628361 ], [ 127.281839822603075, 36.235803037048356 ], [ 127.286099223232512, 36.234417293771614 ], [ 127.287212707082205, 36.234657874519783 ], [ 127.289256767476502, 36.231488163484457 ], [ 127.292299435427125, 36.229796997240925 ], [ 127.293124503419222, 36.228169467971782 ], [ 127.291610531837648, 36.226625913627437 ], [ 127.293045443595631, 36.225430602315022 ], [ 127.293567980155615, 36.223123413371717 ], [ 127.298257234244701, 36.22131822216398 ], [ 127.302552046268659, 36.221876649574192 ], [ 127.303697843270626, 36.223248645070967 ], [ 127.302795786715961, 36.227160677306472 ], [ 127.303566542822338, 36.22973525949061 ], [ 127.30425460088469, 36.229634410031842 ], [ 127.303720041699862, 36.229240653303798 ], [ 127.306389783635353, 36.226159977877131 ], [ 127.311459586532081, 36.223063747817243 ], [ 127.314460897327777, 36.222405953355107 ], [ 127.318075211476724, 36.215929565975713 ], [ 127.3215307874936, 36.213429708851109 ], [ 127.320631312831893, 36.212000623263947 ], [ 127.32086677706593, 36.208925813319595 ], [ 127.322827522959656, 36.206444530788318 ], [ 127.323035334859952, 36.203729130993679 ], [ 127.323945754225207, 36.203158443075665 ], [ 127.328141225229473, 36.204080854628756 ], [ 127.329806775563185, 36.201846693984621 ], [ 127.333550375358669, 36.200671295267057 ], [ 127.333568514664719, 36.199824682452096 ], [ 127.331768614457047, 36.198741752707463 ], [ 127.332099834062831, 36.1962005985852 ], [ 127.32981438797411, 36.19418202433846 ], [ 127.331702529499893, 36.192687329444517 ], [ 127.331062245503858, 36.190165740120143 ], [ 127.331953686727005, 36.187964376669186 ], [ 127.331902360065925, 36.184552928130678 ], [ 127.329432778832569, 36.182295467006291 ], [ 127.328404299097954, 36.178106591857357 ], [ 127.326669652881449, 36.177252646558031 ], [ 127.326996443846426, 36.175261243084805 ], [ 127.324612314091638, 36.173008794079095 ], [ 127.320352608763216, 36.171078415111964 ], [ 127.32175301854177, 36.168929546693604 ], [ 127.320758755478209, 36.165967259586822 ], [ 127.321133212815994, 36.164653044675987 ], [ 127.319077251826741, 36.164254380146019 ], [ 127.319171213497611, 36.162665769229015 ], [ 127.318014801631406, 36.161957452603083 ], [ 127.319041404621913, 36.1612653072279 ], [ 127.318648326352104, 36.160676352386801 ], [ 127.319871115073937, 36.158734123211254 ], [ 127.319839054923293, 36.156260127320948 ], [ 127.318384532160678, 36.154066463245854 ], [ 127.320508213540094, 36.152135355755306 ], [ 127.323183237050614, 36.145783467723973 ], [ 127.321858459623954, 36.138757644816401 ], [ 127.323089744935672, 36.135979199047377 ], [ 127.32234039018239, 36.131598270298596 ], [ 127.322784160634669, 36.126964605815488 ], [ 127.319385702380671, 36.124228090368689 ], [ 127.318547352053415, 36.119733868577356 ], [ 127.315321948838076, 36.119098579339393 ], [ 127.310916045508961, 36.120438457267916 ], [ 127.30908422031986, 36.121704015208209 ], [ 127.308830899701206, 36.123640562658501 ], [ 127.305404353680998, 36.125799160354305 ], [ 127.30431790242389, 36.124981060440753 ], [ 127.30169054644297, 36.125203646121307 ], [ 127.298490496058477, 36.12265856641239 ], [ 127.297988538689125, 36.12314936383013 ], [ 127.297068032290142, 36.122730673109629 ], [ 127.297021627883851, 36.118873896919887 ], [ 127.294848757699711, 36.117799482759089 ], [ 127.293935045106892, 36.113072072750313 ], [ 127.290676024732448, 36.111996305078108 ], [ 127.289339719190949, 36.112808310168795 ], [ 127.285280793658828, 36.112164078336932 ], [ 127.280927636243888, 36.109595730798873 ], [ 127.278845274044357, 36.109549590622436 ], [ 127.273399027585484, 36.107279779806888 ], [ 127.26913987945882, 36.107924709132483 ], [ 127.26762366361713, 36.108918412415221 ], [ 127.267249002077236, 36.108306607046018 ], [ 127.26431365219203, 36.108929817996007 ], [ 127.261315036551252, 36.11078158167544 ], [ 127.259019510641807, 36.114934356050682 ], [ 127.258098864776699, 36.115258910366329 ], [ 127.256452690710773, 36.112869346754614 ], [ 127.251512335091533, 36.112885646154183 ], [ 127.250345890108932, 36.107365072585146 ], [ 127.246192461440955, 36.104791661795922 ], [ 127.246052665623694, 36.096410137089279 ], [ 127.247610698184616, 36.09367261908568 ], [ 127.251066180420537, 36.091748977545073 ], [ 127.254717272449113, 36.087443667339159 ], [ 127.252645791671483, 36.084858735819758 ], [ 127.248702351411296, 36.083066476361481 ], [ 127.242693091467629, 36.084987605049861 ], [ 127.238017601953118, 36.090251838488285 ], [ 127.236092166634208, 36.091355101077262 ], [ 127.235185156922654, 36.094000521161036 ], [ 127.228446425789286, 36.098230573892579 ], [ 127.225918617767576, 36.099142410652277 ], [ 127.223407843556316, 36.098666106918785 ], [ 127.222025191406999, 36.096923732254375 ], [ 127.21953306255287, 36.09671398136927 ], [ 127.218368686664817, 36.097514188976923 ], [ 127.21387481630758, 36.097938197192192 ], [ 127.211732379311456, 36.10066926683033 ], [ 127.204869551822114, 36.100175035038035 ], [ 127.204854587079154, 36.098681862523947 ], [ 127.203781262923627, 36.097802464801561 ], [ 127.204514701295864, 36.096461231116372 ], [ 127.203808966805795, 36.093650934113036 ], [ 127.200796915690077, 36.091622612365612 ], [ 127.20073073570704, 36.089874938546792 ], [ 127.20222993166972, 36.08846204102116 ], [ 127.19804232861317, 36.085791610067382 ], [ 127.194104794287327, 36.085837412184205 ], [ 127.192972678653774, 36.087094680729834 ], [ 127.19064653658215, 36.087773709850168 ], [ 127.19030789414505, 36.089154226112171 ], [ 127.186906428284999, 36.0923182881115 ], [ 127.182440883680556, 36.094690449068878 ], [ 127.178676009253508, 36.094231193671533 ], [ 127.177029660084244, 36.090945016528053 ], [ 127.172585288229598, 36.087430805904873 ], [ 127.170993145021015, 36.087079617943964 ], [ 127.170750017123467, 36.0846176741844 ], [ 127.168739112400218, 36.083966306054613 ], [ 127.164477393304594, 36.085439097109472 ], [ 127.158325263950189, 36.083511541038064 ], [ 127.15497861900235, 36.084928696506687 ], [ 127.153710790364528, 36.084749836461171 ], [ 127.150912750255998, 36.090058236405014 ] ] ] } },
{ "type": "Feature", "properties": { "sgg_cd": "34070", "sgg_nm": "계룡시", "sigungu_nm": "계룡시" }, "geometry": { "type": "Polygon", "coordinates": [ [ [ 127.271754695334863, 36.270135534612351 ], [ 127.278115766640383, 36.267405389852208 ], [ 127.281245003924482, 36.265185360407756 ], [ 127.285862607095467, 36.264814638968282 ], [ 127.290136326627291, 36.265911891671514 ], [ 127.291750877326209, 36.26468817120891 ], [ 127.29187403652071, 36.263550846853128 ], [ 127.282973584831353, 36.258807397914076 ], [ 127.282201818093952, 36.257740180435327 ], [ 127.282742324195183, 36.256213186722903 ], [ 127.279145101984938, 36.253108738950061 ], [ 127.281152266762888, 36.24882512294564 ], [ 127.279908089154773, 36.247164767164485 ], [ 127.2813882753276, 36.24557090433634 ], [ 127.274570719284455, 36.245578580311125 ], [ 127.273480062752583, 36.245223141166448 ], [ 127.273827964513174, 36.243988280835367 ], [ 127.272725354390033, 36.242629144574011 ], [ 127.270181905679408, 36.243546490533696 ], [ 127.266505375327355, 36.242512690935079 ], [ 127.263799145174033, 36.239626408583121 ], [ 127.263847996698374, 36.23775661457308 ], [ 127.257866155793366, 36.234269587401499 ], [ 127.251080785043328, 36.233990769790395 ], [ 127.246338756733905, 36.231760541517588 ], [ 127.242873940761598, 36.233674445900803 ], [ 127.241026786434517, 36.236095320091785 ], [ 127.239048982026162, 36.235873397984157 ], [ 127.238827963450589, 36.237215272959986 ], [ 127.240225143126281, 36.23891573042679 ], [ 127.239610955974499, 36.240400123496329 ], [ 127.240201994888352, 36.243051107819802 ], [ 127.237572297269793, 36.244882693675976 ], [ 127.238551474710661, 36.247566071277909 ], [ 127.237266581879581, 36.254789500054706 ], [ 127.236348053045788, 36.255530838419347 ], [ 127.231499341747949, 36.254566302163553 ], [ 127.230190825019136, 36.255870638469503 ], [ 127.228439550299939, 36.254476673972484 ], [ 127.227712441849462, 36.25448435037714 ], [ 127.227713313439736, 36.257407295385384 ], [ 127.224749234380852, 36.258792886058345 ], [ 127.225022914917247, 36.259478240794877 ], [ 127.223228436034489, 36.260113151933041 ], [ 127.221253026130768, 36.262202691085498 ], [ 127.22006965001178, 36.262237580749641 ], [ 127.219055659113494, 36.260923914492366 ], [ 127.215005639296322, 36.259560822822934 ], [ 127.214106493589597, 36.258351022148076 ], [ 127.211593529574941, 36.257945839113297 ], [ 127.208503303306131, 36.254455070606149 ], [ 127.209439457662, 36.252935080169479 ], [ 127.201634231674191, 36.251106285689261 ], [ 127.200322064538085, 36.257545576129758 ], [ 127.196346105248097, 36.26050286430992 ], [ 127.198861752230115, 36.263928322400218 ], [ 127.197705439940691, 36.26718606512302 ], [ 127.199718115164941, 36.270037718407515 ], [ 127.19691947461088, 36.276465238842349 ], [ 127.197498211409155, 36.279218861845706 ], [ 127.2019555174668, 36.285618515541479 ], [ 127.202928426242821, 36.289327282525413 ], [ 127.201473371801143, 36.294216068748582 ], [ 127.204078075394762, 36.297446427449763 ], [ 127.205549685901744, 36.303357300467766 ], [ 127.202102495402599, 36.317777102663875 ], [ 127.202584787294825, 36.323436479155042 ], [ 127.198595927918731, 36.326968842918639 ], [ 127.198363153939553, 36.331953667161429 ], [ 127.196347996551964, 36.334562376004939 ], [ 127.199817037491371, 36.338739093445803 ], [ 127.205851270831971, 36.343216776996741 ], [ 127.203994495771113, 36.346044838095459 ], [ 127.207013529966616, 36.347900605988769 ], [ 127.217498211726351, 36.350248819032927 ], [ 127.228786160223933, 36.349240530795107 ], [ 127.2314658959898, 36.348299878555871 ], [ 127.237202216435506, 36.348379657040532 ], [ 127.240458446308565, 36.346795858045525 ], [ 127.241176613136844, 36.34446461728443 ], [ 127.240384582305765, 36.343128230978834 ], [ 127.242092920310782, 36.338665688824314 ], [ 127.244002171523945, 36.337546906758405 ], [ 127.253794802618231, 36.336837235751887 ], [ 127.253826944937259, 36.33326203956711 ], [ 127.255111911550316, 36.329753470127436 ], [ 127.259766335684816, 36.327248149604884 ], [ 127.260791223127001, 36.323150509599301 ], [ 127.260430651874344, 36.320223152774048 ], [ 127.258418555722869, 36.317638866668524 ], [ 127.258139117967403, 36.31432893075408 ], [ 127.258420674864141, 36.303505257582493 ], [ 127.260664171171598, 36.301852060359082 ], [ 127.259278240923962, 36.297136299459268 ], [ 127.25984859494541, 36.295654321725237 ], [ 127.254656625821625, 36.296198589578331 ], [ 127.254058893474593, 36.29686905209212 ], [ 127.251179848568199, 36.295680169983456 ], [ 127.249674357571067, 36.293228093093852 ], [ 127.247984898620913, 36.292975571053262 ], [ 127.247665965522202, 36.291449249837562 ], [ 127.246652996341268, 36.290959627464517 ], [ 127.248761598688262, 36.287118560501348 ], [ 127.253637880274667, 36.28236283544711 ], [ 127.254219720779346, 36.280474554532695 ], [ 127.257866496080894, 36.276677719915888 ], [ 127.265352317187521, 36.27436098860499 ], [ 127.271754695334863, 36.270135534612351 ] ] ] } },
{ "type": "Feature", "properties": { "sgg_cd": "34080", "sgg_nm": "당진시", "sigungu_nm": "당진시" }, "geometry": { "type": "MultiPolygon", "coordinates": [ [ [ [ 126.452078881321825, 37.018852034843974 ], [ 126.454440139110645, 37.016967294443866 ], [ 126.452096055042233, 37.014307306041104 ], [ 126.451041419469988, 37.015032329166779 ], [ 126.450768117917804, 37.017942434283981 ], [ 126.451492770353013, 37.017454575666235 ], [ 126.452078881321825, 37.018852034843974 ] ] ], [ [ [ 126.424399048074434, 37.026391260189641 ], [ 126.427186631434665, 37.025353422032765 ], [ 126.432335457245827, 37.022486321529627 ], [ 126.433640513378023, 37.019861912296172 ], [ 126.432252837960533, 37.020527426361966 ], [ 126.428596853363047, 37.02040446448494 ], [ 126.425405085776561, 37.023546306114866 ], [ 126.421982573164598, 37.024713098385845 ], [ 126.419785945856646, 37.024437696578673 ], [ 126.421992440960096, 37.024901353326193 ], [ 126.421969026491809, 37.025810324397504 ], [ 126.423752307444019, 37.025910358822578 ], [ 126.424399048074434, 37.026391260189641 ] ] ], [ [ [ 126.450732740877527, 37.024774962603416 ], [ 126.449768462177232, 37.022788920991395 ], [ 126.450998628893117, 37.02106749019466 ], [ 126.447443402776557, 37.024445014699367 ], [ 126.447536155227326, 37.025545859027858 ], [ 126.450732740877527, 37.024774962603416 ] ] ], [ [ [ 126.44758625468846, 37.026105036937849 ], [ 126.447125464712244, 37.026378525178878 ], [ 126.447367431591573, 37.026528645294917 ], [ 126.44758625468846, 37.026105036937849 ] ] ], [ [ [ 126.423489429146926, 37.025937031483799 ], [ 126.423368878713376, 37.026088197728356 ], [ 126.423573806026752, 37.025963130676949 ], [ 126.423489429146926, 37.025937031483799 ] ] ], [ [ [ 126.445188961604984, 37.033120115511842 ], [ 126.448192306942886, 37.031856461523901 ], [ 126.447479767839695, 37.029976866833323 ], [ 126.445621771354766, 37.030376536014401 ], [ 126.443629873135151, 37.032248941586232 ], [ 126.445188961604984, 37.033120115511842 ] ] ], [ [ [ 126.439671817853295, 37.031613221391567 ], [ 126.43967844751748, 37.031670260543812 ], [ 126.439715268962274, 37.031639753764871 ], [ 126.439671817853295, 37.031613221391567 ] ] ], [ [ [ 126.439880337518716, 37.033899408554127 ], [ 126.441881353488739, 37.032356889063259 ], [ 126.441652693475532, 37.031925480713483 ], [ 126.440452091261008, 37.032483488892048 ], [ 126.438730668413967, 37.031792400755442 ], [ 126.437107591917041, 37.033183133115593 ], [ 126.439880337518716, 37.033899408554127 ] ] ], [ [ [ 126.453145040286444, 37.041814840863125 ], [ 126.456266188054428, 37.041022582276078 ], [ 126.454423040646475, 37.039616857223784 ], [ 126.454364498104198, 37.038691635751498 ], [ 126.455815323957651, 37.038103128693237 ], [ 126.45722310110645, 37.038482389344765 ], [ 126.453451122967039, 37.032299842388262 ], [ 126.450154527632691, 37.034323700184373 ], [ 126.450282528221635, 37.034716411689196 ], [ 126.449553461382749, 37.034847343428538 ], [ 126.44951577649654, 37.03530332329084 ], [ 126.449315125869163, 37.035557493318734 ], [ 126.449033310841344, 37.035689635141942 ], [ 126.449421563824203, 37.034469904164773 ], [ 126.446631826663037, 37.034120341089043 ], [ 126.440468454925508, 37.036377582168384 ], [ 126.440984641775785, 37.038669215503006 ], [ 126.443487973274529, 37.038854261456471 ], [ 126.445261461708512, 37.040260310162147 ], [ 126.448977174160433, 37.040502200415062 ], [ 126.453145040286444, 37.041814840863125 ] ] ], [ [ [ 126.451296880816329, 37.04762998549689 ], [ 126.451252911254599, 37.047411097095946 ], [ 126.451181509632988, 37.047392613744087 ], [ 126.451296880816329, 37.04762998549689 ] ] ], [ [ [ 126.452380469324041, 37.048345604356413 ], [ 126.452402919174588, 37.04796905779623 ], [ 126.451990879673318, 37.04779706689169 ], [ 126.452380469324041, 37.048345604356413 ] ] ], [ [ [ 126.452928177717737, 37.049373390382875 ], [ 126.45342134195333, 37.049209558402183 ], [ 126.452883273153816, 37.048627565634568 ], [ 126.452928177717737, 37.049373390382875 ] ] ], [ [ [ 126.417984473657171, 37.051475284833671 ], [ 126.417963935445982, 37.051570543951719 ], [ 126.418083462693687, 37.051567849220547 ], [ 126.417984473657171, 37.051475284833671 ] ] ], [ [ [ 126.417562165593623, 37.051629219602404 ], [ 126.417379790492632, 37.051464591996101 ], [ 126.417411737161146, 37.051619272835254 ], [ 126.417562165593623, 37.051629219602404 ] ] ], [ [ [ 126.41774382568984, 37.051506345468397 ], [ 126.417846989287725, 37.051631994018997 ], [ 126.417867582153931, 37.051505098412335 ], [ 126.41774382568984, 37.051506345468397 ] ] ], [ [ [ 126.411839782159376, 37.052272026455874 ], [ 126.411427250418853, 37.052130108884604 ], [ 126.411696124245381, 37.052493072471385 ], [ 126.411839782159376, 37.052272026455874 ] ] ], [ [ [ 126.450151309727545, 37.052182594300575 ], [ 126.450084662653637, 37.053154637349046 ], [ 126.450295178706511, 37.053140339322916 ], [ 126.450151309727545, 37.052182594300575 ] ] ], [ [ [ 126.427015410607709, 37.064757702149159 ], [ 126.428188269991622, 37.064518453880815 ], [ 126.427651740423769, 37.06434446039826 ], [ 126.429110191889748, 37.062777160154539 ], [ 126.427399882857955, 37.061578201190557 ], [ 126.427900125250943, 37.059933504310678 ], [ 126.431903441856036, 37.05780849305485 ], [ 126.4364776265476, 37.057278239106822 ], [ 126.438967090452337, 37.057699856917665 ], [ 126.439822496691349, 37.061668407836088 ], [ 126.44091976669911, 37.06257010237082 ], [ 126.444915823932121, 37.060665690494005 ], [ 126.446286879771691, 37.05748789385818 ], [ 126.447978625363504, 37.057297376262468 ], [ 126.449225487192237, 37.055267706054757 ], [ 126.450805739959961, 37.054622622384777 ], [ 126.451517878191567, 37.053798517924101 ], [ 126.450068502429659, 37.05446425971418 ], [ 126.449664568086362, 37.0534857985391 ], [ 126.450890225837654, 37.053307608094826 ], [ 126.449251993524129, 37.053432243618857 ], [ 126.445548142204998, 37.050701739635713 ], [ 126.445762989299936, 37.049471168937359 ], [ 126.449586134072348, 37.04928077333858 ], [ 126.450665966607971, 37.045498762462593 ], [ 126.449694779819808, 37.043791312160728 ], [ 126.447239272959706, 37.044782860467301 ], [ 126.443775617343434, 37.044932236556157 ], [ 126.441502962763352, 37.043181833038766 ], [ 126.438434562658387, 37.04222900041627 ], [ 126.435828912628196, 37.043633564330499 ], [ 126.433528672245345, 37.043458921691894 ], [ 126.427859046565587, 37.040280084598841 ], [ 126.424834880649954, 37.041454437118148 ], [ 126.421945507836554, 37.040964412191556 ], [ 126.420753944920477, 37.041792931651287 ], [ 126.421325586557657, 37.042705517127239 ], [ 126.420555399803106, 37.042825754127293 ], [ 126.422723114501935, 37.043114318168577 ], [ 126.422549868272498, 37.049078321949025 ], [ 126.420620899189132, 37.049734143436126 ], [ 126.422294044234121, 37.054918798083648 ], [ 126.417236668721173, 37.059138111873729 ], [ 126.41836092285331, 37.06015141190472 ], [ 126.418255444355339, 37.06309255194752 ], [ 126.419027096878665, 37.063944137981991 ], [ 126.42108662360171, 37.064323726765039 ], [ 126.42558403166737, 37.063607261587443 ], [ 126.427015410607709, 37.064757702149159 ] ] ], [ [ [ 126.412312659162765, 37.053205472886361 ], [ 126.410535778411855, 37.052095614114748 ], [ 126.410297726448235, 37.052752656367112 ], [ 126.411291568105838, 37.05334523804509 ], [ 126.411439095169698, 37.054284883740927 ], [ 126.412312659162765, 37.053205472886361 ] ] ], [ [ [ 126.411127060410521, 37.053780199966283 ], [ 126.411104196945786, 37.053981104570106 ], [ 126.41123900113287, 37.053977042666858 ], [ 126.411127060410521, 37.053780199966283 ] ] ], [ [ [ 126.41170723227556, 37.055469125411229 ], [ 126.411702709439481, 37.054354380394294 ], [ 126.411665738994216, 37.054325643818913 ], [ 126.41170723227556, 37.055469125411229 ] ] ], [ [ [ 126.421102282553719, 37.064866938052923 ], [ 126.420879974898412, 37.064603749946613 ], [ 126.420740020048001, 37.064825711829428 ], [ 126.421102282553719, 37.064866938052923 ] ] ], [ [ [ 126.515142109259429, 36.851338861881899 ], [ 126.512955759005862, 36.854060528900384 ], [ 126.511270628522183, 36.853971245090129 ], [ 126.510009250536143, 36.856080708982027 ], [ 126.509397176700702, 36.862814841234695 ], [ 126.510135394740189, 36.865973417673388 ], [ 126.509314563044057, 36.870645193397777 ], [ 126.506246528037067, 36.871186514280872 ], [ 126.503377942720846, 36.869561404285619 ], [ 126.502595690622826, 36.870426949677395 ], [ 126.498408488568344, 36.870914914574783 ], [ 126.488683427285821, 36.874054722912021 ], [ 126.484879863431189, 36.876387377345551 ], [ 126.48384415637085, 36.875476112051032 ], [ 126.479809459992097, 36.878399805649458 ], [ 126.47407606771084, 36.880938487862998 ], [ 126.474271465565892, 36.89478624899666 ], [ 126.489583454877717, 36.935827349403262 ], [ 126.490160737478973, 36.943031601209178 ], [ 126.480833909507425, 36.97848698772102 ], [ 126.463339894979228, 37.003420254464821 ], [ 126.469864412936928, 37.006467365227692 ], [ 126.470391755533853, 37.008282718864614 ], [ 126.463456714125186, 37.017825772362876 ], [ 126.460500084577404, 37.017823571050108 ], [ 126.459153902588625, 37.01599170917094 ], [ 126.458900243804962, 37.015912835348367 ], [ 126.460033623401316, 37.017768797394879 ], [ 126.462896646255331, 37.019101851774053 ], [ 126.46078921811403, 37.018907315369113 ], [ 126.460194417274067, 37.020053748179059 ], [ 126.462364285686007, 37.022581050874223 ], [ 126.464074962592122, 37.021765822196734 ], [ 126.471074405707554, 37.028496624190062 ], [ 126.46885556330534, 37.030572883652262 ], [ 126.472999400013421, 37.03485586874266 ], [ 126.489059037641269, 37.059524969032402 ], [ 126.495270282907939, 37.059623579024375 ], [ 126.496489896661544, 37.060264219534872 ], [ 126.49832651115635, 37.064942650833018 ], [ 126.519147960203227, 37.059434910973721 ], [ 126.518696929159645, 37.057208126844806 ], [ 126.519757419516054, 37.056185319176876 ], [ 126.520459761156246, 37.056968579393192 ], [ 126.523263414315736, 37.055439869844029 ], [ 126.52675483566243, 37.051907145295232 ], [ 126.52785619791436, 37.048448638405894 ], [ 126.53012749096267, 37.049158065598633 ], [ 126.527844625821501, 37.048325402460634 ], [ 126.528158829820754, 37.044694488434942 ], [ 126.529515625357362, 37.042489475045052 ], [ 126.537325577788366, 37.038355288670033 ], [ 126.540143562505818, 37.037620924599501 ], [ 126.541947202310155, 37.03505456917425 ], [ 126.54946952760784, 37.034066424489311 ], [ 126.551202322224114, 37.034759998904953 ], [ 126.551095361363835, 37.038152794841317 ], [ 126.55158446665871, 37.034796779319009 ], [ 126.557229215429942, 37.035548593385464 ], [ 126.55907091989522, 37.036066133562329 ], [ 126.559504385583978, 37.037047689013562 ], [ 126.561213713850464, 37.037044263863208 ], [ 126.56437589629401, 37.035602502177021 ], [ 126.561997830719989, 37.036291213116371 ], [ 126.559222601079384, 37.034890168690978 ], [ 126.560545550236498, 37.032619024884731 ], [ 126.561981617342781, 37.032552885784696 ], [ 126.559724284269848, 37.0314700938209 ], [ 126.560563225348233, 37.030418959743521 ], [ 126.565246121400065, 37.03293933814652 ], [ 126.565587913268843, 37.035862561159028 ], [ 126.565332433577851, 37.032889077018631 ], [ 126.560624454003076, 37.030340805054664 ], [ 126.562357577851316, 37.028940466910889 ], [ 126.566678211512169, 37.0274253016673 ], [ 126.571291052819177, 37.027247411494706 ], [ 126.571100318657955, 37.025534770299437 ], [ 126.57209791273857, 37.024829628078528 ], [ 126.573987383042905, 37.024591185126987 ], [ 126.574088540369345, 37.025365511095558 ], [ 126.574835628352005, 37.025725668627601 ], [ 126.57425896975387, 37.024113885738331 ], [ 126.574821111518432, 37.023746079170827 ], [ 126.578114262070926, 37.024546135296205 ], [ 126.57888364226973, 37.026329774521898 ], [ 126.580510680298374, 37.027020983485052 ], [ 126.579472680474524, 37.025227551525433 ], [ 126.580984692813033, 37.023640682108528 ], [ 126.633100827438653, 37.001655043770612 ], [ 126.644274407888489, 36.99955403674219 ], [ 126.680921482148037, 36.99842991142998 ], [ 126.6818972771988, 36.999160767969364 ], [ 126.682251988922062, 36.998053421211132 ], [ 126.683878269932066, 36.998001189802444 ], [ 126.686439355226128, 37.000316841010971 ], [ 126.686178634731633, 36.999319154742508 ], [ 126.687016016215523, 36.999134785241019 ], [ 126.690605071790628, 36.999730130898811 ], [ 126.692474207196739, 36.999142662136869 ], [ 126.694542958672258, 36.999985072686528 ], [ 126.694582781402119, 37.001346633867655 ], [ 126.695556305766743, 37.001783962483955 ], [ 126.694902175150631, 37.00007604082306 ], [ 126.698425303047458, 36.999166556746779 ], [ 126.699493149410131, 36.997918829122902 ], [ 126.702170519779841, 36.997511771037978 ], [ 126.700832848173135, 36.99731316669935 ], [ 126.699798867913799, 36.995659736950124 ], [ 126.704668921795047, 36.999369924617433 ], [ 126.718080429738379, 36.993116865659026 ], [ 126.718106797953126, 36.992361850727455 ], [ 126.732278872023528, 36.988616716938282 ], [ 126.734902225889627, 36.989133442506827 ], [ 126.736131017015282, 36.987953905239614 ], [ 126.739487835377616, 36.988231141842697 ], [ 126.738755802744336, 36.98745683486036 ], [ 126.740102946629207, 36.987332468457794 ], [ 126.739639844923005, 36.986529913937936 ], [ 126.741605837814888, 36.985014004919364 ], [ 126.742639167139046, 36.985100190448478 ], [ 126.742815876042883, 36.986553030901646 ], [ 126.74292427980086, 36.985944515319567 ], [ 126.744091363615922, 36.986415612402887 ], [ 126.7451869058021, 36.988103121042045 ], [ 126.745639870217659, 36.988254637864102 ], [ 126.746765763358013, 36.988202253823211 ], [ 126.74529807863361, 36.987842088912601 ], [ 126.744528260474397, 36.986584891932914 ], [ 126.747591660902415, 36.985552623261192 ], [ 126.748537937657545, 36.987106619068832 ], [ 126.750000006164612, 36.987100002238506 ], [ 126.774799099905948, 36.978607126712021 ], [ 126.782781021939698, 36.975124796526821 ], [ 126.783841846778202, 36.97364725107763 ], [ 126.782754745107908, 36.971230304032787 ], [ 126.783479490527469, 36.970722274344475 ], [ 126.782477933880287, 36.970763657047947 ], [ 126.779711789086107, 36.966753088529266 ], [ 126.794412610953344, 36.942537609035092 ], [ 126.793661136209039, 36.940742249484678 ], [ 126.792310203172434, 36.940395675918431 ], [ 126.791592625578019, 36.937649309161152 ], [ 126.792661755432334, 36.936658081403479 ], [ 126.792175716332395, 36.935874708492776 ], [ 126.801227820079561, 36.925738251881505 ], [ 126.802025851510123, 36.92600283676714 ], [ 126.802248332748547, 36.924470567601702 ], [ 126.803863004839798, 36.925135396112289 ], [ 126.805453530609967, 36.930225896288064 ], [ 126.806825474712127, 36.930804174891264 ], [ 126.806379230242797, 36.931272156653556 ], [ 126.809720558701613, 36.928637573381344 ], [ 126.811989458287215, 36.925550387788412 ], [ 126.813632851615637, 36.916655089729758 ], [ 126.813040615034737, 36.915429839014671 ], [ 126.814254782090231, 36.914387684202829 ], [ 126.815239486454388, 36.910074242105246 ], [ 126.815907795113503, 36.910100610279841 ], [ 126.814895311519678, 36.909568975624111 ], [ 126.815267978267357, 36.906918359176608 ], [ 126.81447526210728, 36.905614694968342 ], [ 126.817022411116824, 36.898947987023597 ], [ 126.816749546931177, 36.896660332729169 ], [ 126.818840881613511, 36.895914109831615 ], [ 126.820540002466728, 36.894019605486783 ], [ 126.820216242981942, 36.893328300717656 ], [ 126.82531639139782, 36.892043942271414 ], [ 126.824486645170381, 36.891151711643559 ], [ 126.825028054602441, 36.890644902146917 ], [ 126.826356386277084, 36.891299215886725 ], [ 126.825358149924881, 36.89044319512324 ], [ 126.827018389118365, 36.890187625512482 ], [ 126.826799711731482, 36.888520507073324 ], [ 126.828262853401213, 36.888167584809892 ], [ 126.82964560846608, 36.889646243952505 ], [ 126.831727660890337, 36.889240584005684 ], [ 126.83197279508407, 36.887602674476327 ], [ 126.844919272038453, 36.884341724640237 ], [ 126.836549419772851, 36.842310197903736 ], [ 126.836909503044765, 36.83122717620931 ], [ 126.843802172350919, 36.821435077260738 ], [ 126.848259794989403, 36.816914832646944 ], [ 126.850286823349251, 36.812006416501276 ], [ 126.857901356630677, 36.800562251687957 ], [ 126.858728986781287, 36.792057385889933 ], [ 126.856493124807784, 36.789441463479704 ], [ 126.853357737748979, 36.788626617973677 ], [ 126.84775542191872, 36.788979922757377 ], [ 126.839802032578149, 36.788383675654998 ], [ 126.835243957471349, 36.786173819425386 ], [ 126.832486677593081, 36.786299836775925 ], [ 126.829635855454384, 36.784331329348255 ], [ 126.82888877469081, 36.785109995189757 ], [ 126.825584498937857, 36.784161252783719 ], [ 126.824846642034231, 36.784866952534259 ], [ 126.823354114448932, 36.783849859394643 ], [ 126.821011196383779, 36.786074608094793 ], [ 126.819240841527687, 36.784859073052154 ], [ 126.816898319469743, 36.787076400477261 ], [ 126.814303315856421, 36.785230141322074 ], [ 126.820508271076207, 36.779379175692263 ], [ 126.821784835207097, 36.780260247921632 ], [ 126.824864448240504, 36.777337106836669 ], [ 126.823287982160366, 36.776123892197695 ], [ 126.813725062202082, 36.773419096079259 ], [ 126.810394053105654, 36.770047303990573 ], [ 126.806063858091875, 36.771866143838565 ], [ 126.802107690071097, 36.775424309462096 ], [ 126.800664383883898, 36.775046506165218 ], [ 126.798902573842909, 36.773857436474913 ], [ 126.800226586421445, 36.77239313629547 ], [ 126.799367726137902, 36.771810466380771 ], [ 126.801836877299323, 36.768898411073863 ], [ 126.800819401619108, 36.766338398371154 ], [ 126.798954926811987, 36.766065195683588 ], [ 126.79419474989642, 36.767730230681117 ], [ 126.788044002893699, 36.762984593896597 ], [ 126.786967561713126, 36.764012175089739 ], [ 126.783242848570765, 36.761497505570603 ], [ 126.78284667985352, 36.760012486647121 ], [ 126.778893171145825, 36.756438157651367 ], [ 126.776051677229077, 36.754876696311953 ], [ 126.775985390694714, 36.753550262868835 ], [ 126.77200211298242, 36.749262082240413 ], [ 126.771246537240188, 36.750284797225262 ], [ 126.772024302884262, 36.750798239325661 ], [ 126.768471419832267, 36.754209366646599 ], [ 126.766973274171946, 36.754268087806224 ], [ 126.766053378602123, 36.75514260179424 ], [ 126.767804894111237, 36.756360579944442 ], [ 126.765234557722152, 36.758826519055816 ], [ 126.764295800489265, 36.758191622699805 ], [ 126.762001354816448, 36.761020170399313 ], [ 126.760349779154737, 36.761359256466491 ], [ 126.759123954359495, 36.763293913564738 ], [ 126.75431732290933, 36.765603501013004 ], [ 126.747299438155054, 36.766924888122219 ], [ 126.747736728030063, 36.767468181473966 ], [ 126.746786842422566, 36.76745403308901 ], [ 126.744708975914392, 36.771924972072775 ], [ 126.743539770673564, 36.777963242220309 ], [ 126.737274356909722, 36.780480474304703 ], [ 126.737170313662446, 36.784280797365497 ], [ 126.733901316433062, 36.789373882629484 ], [ 126.730878945731689, 36.79147788214577 ], [ 126.730525067649609, 36.793041628871102 ], [ 126.724913848384148, 36.79852037349 ], [ 126.71935812369405, 36.799627792540406 ], [ 126.715900479086031, 36.801519461814912 ], [ 126.714725243270991, 36.803088778074461 ], [ 126.709327592311922, 36.803574338561731 ], [ 126.708995341326641, 36.802729307309207 ], [ 126.706707914548048, 36.802529642965212 ], [ 126.704422272067077, 36.800864998340764 ], [ 126.703243142285203, 36.801004787165184 ], [ 126.703194033144172, 36.802778823831723 ], [ 126.701403701781814, 36.801724248973386 ], [ 126.699721192174792, 36.802160403452568 ], [ 126.69625299774863, 36.80051774040048 ], [ 126.69512947108133, 36.798767559983602 ], [ 126.695439065918947, 36.797209458610148 ], [ 126.697122349259459, 36.796912466267806 ], [ 126.697453284539023, 36.793047291016734 ], [ 126.695206920719286, 36.790435655291034 ], [ 126.695244378864189, 36.787361294596344 ], [ 126.694048448723649, 36.784903546384555 ], [ 126.689210242908899, 36.783558165521441 ], [ 126.688090551438549, 36.779718470036059 ], [ 126.687694760558173, 36.782348102241151 ], [ 126.685387518550499, 36.78385274994092 ], [ 126.683028219793343, 36.781415161198652 ], [ 126.679977486220594, 36.783765594993469 ], [ 126.677195780738117, 36.783959098864258 ], [ 126.674181644732371, 36.783072556584592 ], [ 126.671969392945243, 36.781289868078545 ], [ 126.668983131309261, 36.780633034599049 ], [ 126.66724679293344, 36.774100787730255 ], [ 126.665020979535313, 36.770918128813804 ], [ 126.662544073705959, 36.770109679397606 ], [ 126.662129690767756, 36.770812757674932 ], [ 126.659728717266503, 36.771242364710716 ], [ 126.656706295224566, 36.776113414905716 ], [ 126.654588035864123, 36.774779255906417 ], [ 126.653475632863319, 36.775015981314965 ], [ 126.65331324132184, 36.776664248171585 ], [ 126.649863608992533, 36.779578583108673 ], [ 126.650439304677434, 36.782480216666912 ], [ 126.649843502046821, 36.783596563817085 ], [ 126.648336094457335, 36.783680997625503 ], [ 126.647812830592329, 36.787459039621133 ], [ 126.645289760082292, 36.78871575817108 ], [ 126.645016448467089, 36.793490754172936 ], [ 126.642772280143518, 36.794706317758653 ], [ 126.639563848886752, 36.799925357712333 ], [ 126.63677468604746, 36.80099419392424 ], [ 126.635929843740897, 36.80485916819223 ], [ 126.634846648034667, 36.80600190779348 ], [ 126.631357703976406, 36.806957714932359 ], [ 126.6307316129909, 36.810420374667387 ], [ 126.631939190533387, 36.812308142175162 ], [ 126.626506585963782, 36.814420798225299 ], [ 126.624147774515492, 36.812659756144569 ], [ 126.62212737576661, 36.813278588121015 ], [ 126.617374516383009, 36.812201103022566 ], [ 126.609384909328611, 36.8164148881866 ], [ 126.606553580427516, 36.817024779253586 ], [ 126.60301343391653, 36.816454688421459 ], [ 126.600750916336537, 36.817218992289874 ], [ 126.597923036724538, 36.820377689749932 ], [ 126.599499824712936, 36.822425925563962 ], [ 126.59944221512373, 36.824161457286948 ], [ 126.598279881699654, 36.825279802248161 ], [ 126.599883691294792, 36.828325804672318 ], [ 126.59868262060084, 36.830485212008199 ], [ 126.595057160152408, 36.831281954751176 ], [ 126.595130061261059, 36.832372372649125 ], [ 126.593459785166232, 36.833531045922435 ], [ 126.5925706823148, 36.832819238890643 ], [ 126.591852981586641, 36.838037996070085 ], [ 126.583371879354019, 36.833738147035795 ], [ 126.580252998800773, 36.829500467991075 ], [ 126.579638915138872, 36.826758386221435 ], [ 126.575193249141137, 36.82531204400312 ], [ 126.570632025468981, 36.827046824041744 ], [ 126.569350432583363, 36.828432832403927 ], [ 126.566629027471492, 36.828884388307749 ], [ 126.562349457209507, 36.827131165966712 ], [ 126.557085460263451, 36.826985040988589 ], [ 126.555098381637123, 36.824738468964924 ], [ 126.553678916076109, 36.824361923727025 ], [ 126.55007743229045, 36.825434885279996 ], [ 126.543337795539557, 36.825241327398011 ], [ 126.542560807979825, 36.826297588459283 ], [ 126.541241537806314, 36.825756432072623 ], [ 126.536553722853412, 36.827693869674555 ], [ 126.532944320406671, 36.826349647935984 ], [ 126.528977509004761, 36.82594438237107 ], [ 126.526052402693693, 36.826665870207023 ], [ 126.525780738990434, 36.828308783484964 ], [ 126.52312873472556, 36.831310431913636 ], [ 126.523827008674274, 36.833179730643259 ], [ 126.522961800254322, 36.835087314984264 ], [ 126.521580869140692, 36.835887829615501 ], [ 126.520247242134133, 36.835008397170171 ], [ 126.518238175912302, 36.835231751282237 ], [ 126.517592621412177, 36.83977897028057 ], [ 126.515966652282017, 36.839764247527015 ], [ 126.515031909515344, 36.841038344455839 ], [ 126.51539172627173, 36.843734487381894 ], [ 126.510308334126222, 36.846891680997047 ], [ 126.510992749682643, 36.848893075990752 ], [ 126.515142109259429, 36.851338861881899 ] ] ], [ [ [ 126.453921163456044, 37.048293172251121 ], [ 126.45409927095433, 37.047911359035005 ], [ 126.453739375108128, 37.047829427960366 ], [ 126.453921163456044, 37.048293172251121 ] ] ], [ [ [ 126.496216209178513, 37.061075730537411 ], [ 126.49627991335889, 37.06120177811659 ], [ 126.49639793473537, 37.061119301221382 ], [ 126.496216209178513, 37.061075730537411 ] ] ], [ [ [ 126.496281233459584, 37.061373397850943 ], [ 126.496156923170076, 37.061531322278206 ], [ 126.496210955481445, 37.061540362629863 ], [ 126.496281233459584, 37.061373397850943 ] ] ], [ [ [ 126.495760623769087, 37.061614533224905 ], [ 126.495546753942463, 37.06198197801266 ], [ 126.495719200558639, 37.06214382256163 ], [ 126.495760623769087, 37.061614533224905 ] ] ], [ [ [ 126.49607474666108, 37.062481149944666 ], [ 126.495843831032346, 37.062359223196083 ], [ 126.495736582644767, 37.062620855580448 ], [ 126.49607474666108, 37.062481149944666 ] ] ], [ [ [ 126.494493964874167, 37.062341775594369 ], [ 126.494092975261125, 37.06270903114013 ], [ 126.494177705356321, 37.062823885209163 ], [ 126.494493964874167, 37.062341775594369 ] ] ], [ [ [ 126.495473228248954, 37.06230260901809 ], [ 126.49503397766091, 37.0629452516662 ], [ 126.49513743089399, 37.063125544522848 ], [ 126.495473228248954, 37.06230260901809 ] ] ], [ [ [ 126.494162710819225, 37.062940516657413 ], [ 126.494132456235405, 37.063145406783114 ], [ 126.494224965704774, 37.062929900613426 ], [ 126.494162710819225, 37.062940516657413 ] ] ], [ [ [ 126.490720682419806, 37.067222356035764 ], [ 126.492721466185955, 37.066148738635057 ], [ 126.492693983018768, 37.065888746787188 ], [ 126.490409603471079, 37.066198139592288 ], [ 126.490720682419806, 37.067222356035764 ] ] ], [ [ [ 126.490868117450418, 37.068743990929086 ], [ 126.490830778501774, 37.068826101200862 ], [ 126.490901950151979, 37.068769700793311 ], [ 126.490868117450418, 37.068743990929086 ] ] ], [ [ [ 126.491036444537315, 37.06888873919997 ], [ 126.490985355300978, 37.068764274582044 ], [ 126.490910700528417, 37.068858841071645 ], [ 126.491036444537315, 37.06888873919997 ] ] ], [ [ [ 126.490686481493569, 37.068947776607814 ], [ 126.490577260724351, 37.069026256306543 ], [ 126.490588775190076, 37.069065103421124 ], [ 126.490686481493569, 37.068947776607814 ] ] ], [ [ [ 126.490858149154562, 37.069005450963949 ], [ 126.49066374146625, 37.069076348107743 ], [ 126.490646417026213, 37.06913774063662 ], [ 126.490858149154562, 37.069005450963949 ] ] ], [ [ [ 126.489637567139681, 37.070117761645278 ], [ 126.490572367995256, 37.069905988524624 ], [ 126.490522335333765, 37.06941005122335 ], [ 126.489637567139681, 37.070117761645278 ] ] ], [ [ [ 126.490654942430709, 37.070133175456455 ], [ 126.490476718941167, 37.070231807058136 ], [ 126.490481488815419, 37.07029958378584 ], [ 126.490654942430709, 37.070133175456455 ] ] ], [ [ [ 126.484958709865353, 37.076126051836134 ], [ 126.486330141434905, 37.074856984732683 ], [ 126.486711137111357, 37.073719706405932 ], [ 126.484341717960049, 37.075664316218976 ], [ 126.484958709865353, 37.076126051836134 ] ] ], [ [ [ 126.486418019191362, 37.075758899446697 ], [ 126.486428871899079, 37.075480845888443 ], [ 126.486277420978382, 37.075815760962215 ], [ 126.486418019191362, 37.075758899446697 ] ] ], [ [ [ 126.486268972321895, 37.075663930299847 ], [ 126.48608870061787, 37.075735108214168 ], [ 126.486098697171414, 37.075794576513083 ], [ 126.486268972321895, 37.075663930299847 ] ] ], [ [ [ 126.48608378343566, 37.075842819538728 ], [ 126.485968271503864, 37.075861338986257 ], [ 126.485990765364448, 37.075890641780418 ], [ 126.48608378343566, 37.075842819538728 ] ] ], [ [ [ 126.485658509581882, 37.079876566357143 ], [ 126.486969258186377, 37.078451933610673 ], [ 126.485858162085009, 37.077679017843465 ], [ 126.48446313634075, 37.080012389601976 ], [ 126.485658509581882, 37.079876566357143 ] ] ], [ [ [ 126.809118606712531, 36.940208043649243 ], [ 126.805557752724383, 36.94164632964646 ], [ 126.806058237515799, 36.943957619860036 ], [ 126.804507357048948, 36.946419652247243 ], [ 126.806433837705654, 36.949575659607348 ], [ 126.808327711060272, 36.949370625885507 ], [ 126.810091549890501, 36.947995452967149 ], [ 126.812181020305289, 36.944359762640573 ], [ 126.811596301460426, 36.941165362463046 ], [ 126.809118606712531, 36.940208043649243 ] ] ], [ [ [ 126.810675137376293, 36.951860221014464 ], [ 126.810524365478926, 36.952018363730204 ], [ 126.810533972587791, 36.952028261344346 ], [ 126.810675137376293, 36.951860221014464 ] ] ], [ [ [ 126.810817418336555, 36.951882244020204 ], [ 126.810770883124533, 36.951995066698942 ], [ 126.810849757211315, 36.95189401690331 ], [ 126.810817418336555, 36.951882244020204 ] ] ], [ [ [ 126.809441129911306, 36.954566228515496 ], [ 126.810329405986863, 36.953354696032306 ], [ 126.810350737663455, 36.95228088373127 ], [ 126.809781610485587, 36.952419983524535 ], [ 126.809441129911306, 36.954566228515496 ] ] ], [ [ [ 126.82722295954369, 36.960636603679738 ], [ 126.833751042624286, 36.951365170220782 ], [ 126.832088221954081, 36.950619532373466 ], [ 126.832901403676047, 36.949453005974561 ], [ 126.841112213871327, 36.952958335329967 ], [ 126.829136687915394, 36.947538445064374 ], [ 126.820899252593136, 36.958305124682006 ], [ 126.821899147698474, 36.963612513174432 ], [ 126.824247717589259, 36.964691430842976 ], [ 126.821564546504277, 36.968430288290897 ], [ 126.82722295954369, 36.960636603679738 ] ] ], [ [ [ 126.795901795916379, 36.96562090440225 ], [ 126.795576291885652, 36.965647256939292 ], [ 126.79586465039489, 36.965879263583503 ], [ 126.795901795916379, 36.96562090440225 ] ] ], [ [ [ 126.81637572337894, 36.966630809449612 ], [ 126.817372111633418, 36.9656443090187 ], [ 126.816548844689919, 36.965191859631489 ], [ 126.815647669187314, 36.966205989103322 ], [ 126.81637572337894, 36.966630809449612 ] ] ], [ [ [ 126.700892911665491, 36.997840847982069 ], [ 126.700924482348142, 36.997882205792678 ], [ 126.700932041045007, 36.997838408960064 ], [ 126.700892911665491, 36.997840847982069 ] ] ] ] } },
{ "type": "Feature", "properties": { "sgg_cd": "34510", "sgg_nm": "금산군", "sigungu_nm": "금산군" }, "geometry": { "type": "Polygon", "coordinates": [ [ [ 127.53117105579895, 36.040247395002282 ], [ 127.532002988839324, 36.034568906836661 ], [ 127.53564816562573, 36.033994821280224 ], [ 127.537600993735282, 36.032488402924173 ], [ 127.536850077493952, 36.03127231057131 ], [ 127.537396244495284, 36.027035586454602 ], [ 127.538841945999323, 36.025879223149758 ], [ 127.538121455507209, 36.023647164631413 ], [ 127.536652214301114, 36.022677043854422 ], [ 127.53612809445363, 36.019940541945978 ], [ 127.537918685948284, 36.018539604872522 ], [ 127.537710159672756, 36.015134235682623 ], [ 127.539870466397858, 36.011716844674119 ], [ 127.538698218193375, 36.010551649595655 ], [ 127.533063981808922, 36.009634698486536 ], [ 127.532104260117038, 36.00796748268634 ], [ 127.536113860367394, 36.00050705007574 ], [ 127.536655544755703, 35.996450570230529 ], [ 127.534030306815382, 35.993669607166773 ], [ 127.533640357536868, 35.992007467250922 ], [ 127.528757829981501, 35.990136189371114 ], [ 127.52436950333032, 35.985031407830412 ], [ 127.523603011560411, 35.985532944353558 ], [ 127.521397293949576, 35.984855353727269 ], [ 127.519756231618558, 35.983221103269869 ], [ 127.514044223120479, 35.983366181382003 ], [ 127.509951830022146, 35.982137935677123 ], [ 127.508889251960866, 35.979781236588217 ], [ 127.506360285777617, 35.979853584597898 ], [ 127.504873626375229, 35.982388594075672 ], [ 127.502371216366697, 35.983797652909388 ], [ 127.502041727314122, 35.986192604493461 ], [ 127.499336414621951, 35.987379675390287 ], [ 127.494409457227221, 35.986183936367411 ], [ 127.492932215554305, 35.983807954641669 ], [ 127.491179043253496, 35.983334098077513 ], [ 127.489281256061034, 35.97937449368127 ], [ 127.487727688497472, 35.978264123860455 ], [ 127.485175499457583, 35.9799211405984 ], [ 127.483257952170931, 35.979631169034256 ], [ 127.480934189679459, 35.980693503584604 ], [ 127.47593058318526, 35.980586086766507 ], [ 127.472164674335119, 35.983450750649148 ], [ 127.4717153973818, 35.98493727766845 ], [ 127.468369767184242, 35.988087433404182 ], [ 127.465589219003405, 35.987474125460032 ], [ 127.463925695239183, 35.983939315343591 ], [ 127.461688037404969, 35.983665724566976 ], [ 127.459516875642379, 35.984313056850027 ], [ 127.456746063375491, 35.983276215650292 ], [ 127.455786332629287, 35.983821415747514 ], [ 127.454809553323912, 35.985060361371659 ], [ 127.454799244313733, 35.987256278512398 ], [ 127.451898656240218, 35.989032470678303 ], [ 127.450596745467664, 35.991637091804364 ], [ 127.448605531693829, 35.993151253033815 ], [ 127.449032960865651, 35.995412010365172 ], [ 127.447698251465695, 35.997367555910621 ], [ 127.448120321382333, 35.998923967171308 ], [ 127.446050230320878, 36.002360237687761 ], [ 127.444151379342728, 36.003564743727381 ], [ 127.444990280578963, 36.006619319105631 ], [ 127.443591951991294, 36.008063609789311 ], [ 127.440334800140135, 36.007947430533328 ], [ 127.437243451165543, 36.009332495738782 ], [ 127.437503771224982, 36.011945081114369 ], [ 127.435362796543473, 36.013565178949719 ], [ 127.435190085106711, 36.014626706862899 ], [ 127.437296375481836, 36.020646523828177 ], [ 127.436758126781484, 36.023005439690145 ], [ 127.434295480393473, 36.024343930004953 ], [ 127.434557165059331, 36.029495126478672 ], [ 127.427578427577942, 36.027007420405802 ], [ 127.423041647427425, 36.0234323855965 ], [ 127.419589621381547, 36.022704066159697 ], [ 127.413405859173551, 36.015156363022818 ], [ 127.409228956121623, 36.013728126523169 ], [ 127.407323698982225, 36.01422011257349 ], [ 127.401223042946, 36.008735859747148 ], [ 127.399769795291348, 36.010104898191614 ], [ 127.396808622218643, 36.010680210554149 ], [ 127.394060562680011, 36.013382192740728 ], [ 127.393301536159782, 36.015928365082381 ], [ 127.392017948898285, 36.016930370238434 ], [ 127.389643254676457, 36.016209218436273 ], [ 127.387918504028988, 36.0184912091012 ], [ 127.384202575034806, 36.020105886795399 ], [ 127.383870371880676, 36.021271488290054 ], [ 127.37649498169931, 36.022889314187609 ], [ 127.376831302435846, 36.028843954354755 ], [ 127.378228865652162, 36.030620601961594 ], [ 127.373540117299441, 36.034520611475472 ], [ 127.372748263142796, 36.038160322235363 ], [ 127.37386662123707, 36.039465871650314 ], [ 127.373640023332626, 36.041088764963135 ], [ 127.37256670449068, 36.041079417391884 ], [ 127.372060719288768, 36.043724913877739 ], [ 127.370551298016935, 36.045639560974436 ], [ 127.36677045489391, 36.047761420126101 ], [ 127.36511297822868, 36.051427364564681 ], [ 127.360828919023859, 36.053628258762345 ], [ 127.360371513605415, 36.054518171463613 ], [ 127.360072509443313, 36.056421186474239 ], [ 127.361617805364077, 36.059458996922338 ], [ 127.360561600695988, 36.061508765942648 ], [ 127.361838782883922, 36.063766408632205 ], [ 127.364340742595274, 36.065768286798118 ], [ 127.364034199632343, 36.068246700075477 ], [ 127.36004733447291, 36.068645086746344 ], [ 127.359458605994675, 36.069246431902464 ], [ 127.359249559698611, 36.071381242411185 ], [ 127.360798965319887, 36.072708428011559 ], [ 127.361731089173688, 36.076168810924059 ], [ 127.360120346668609, 36.079837350100661 ], [ 127.358245026711728, 36.081414984255915 ], [ 127.356950435017225, 36.081546422087733 ], [ 127.357259875505548, 36.086891362394759 ], [ 127.359943336376801, 36.088319748593342 ], [ 127.36005792171936, 36.089380772776671 ], [ 127.358556919592814, 36.08988457882306 ], [ 127.359121042900753, 36.090029108441072 ], [ 127.358480486958271, 36.090860364137022 ], [ 127.35626704106339, 36.092283817963896 ], [ 127.354154958182789, 36.092479637036384 ], [ 127.353173250448094, 36.0937771165813 ], [ 127.350187152646413, 36.094602283948284 ], [ 127.347685397759022, 36.098271821838338 ], [ 127.349440007556169, 36.100257840175146 ], [ 127.350328186948701, 36.104804658764948 ], [ 127.353043787141772, 36.105595697920229 ], [ 127.354920774129383, 36.108338008904802 ], [ 127.353493222929714, 36.110808415789798 ], [ 127.353458630413854, 36.113402862149982 ], [ 127.350506908093337, 36.116395052921611 ], [ 127.348246828330488, 36.116527217918915 ], [ 127.346388560044318, 36.117874468908951 ], [ 127.344406265746926, 36.117864448441225 ], [ 127.340740690173291, 36.1242849924067 ], [ 127.340092966324832, 36.128979274004962 ], [ 127.338477040359479, 36.130497015072613 ], [ 127.335266371857429, 36.129514134077894 ], [ 127.330378724241697, 36.129600007117084 ], [ 127.328909294066477, 36.130610810005564 ], [ 127.32685985385325, 36.130840885894585 ], [ 127.323164258867592, 36.129917941434208 ], [ 127.32234039018239, 36.131598270298596 ], [ 127.323010617673859, 36.136752759416481 ], [ 127.321858459623954, 36.138757644816401 ], [ 127.323170680674608, 36.14585672347674 ], [ 127.320508213540094, 36.152135355755306 ], [ 127.318384532160678, 36.154066463245854 ], [ 127.319839054923293, 36.156260127320948 ], [ 127.319871115073937, 36.158734123211254 ], [ 127.318648326352104, 36.160676352386801 ], [ 127.319041404621913, 36.1612653072279 ], [ 127.318014801631406, 36.161957452603083 ], [ 127.319171213497611, 36.162665769229015 ], [ 127.319077251826741, 36.164254380146019 ], [ 127.321133212815994, 36.164653044675987 ], [ 127.320758755478209, 36.165967259586822 ], [ 127.321669322291058, 36.167822423152927 ], [ 127.320352608763216, 36.171078415111964 ], [ 127.324612314091638, 36.173008794079095 ], [ 127.326996443846426, 36.175261243084805 ], [ 127.326323066620262, 36.176558251837669 ], [ 127.328404299097954, 36.178106591857357 ], [ 127.329432778832569, 36.182295467006291 ], [ 127.330612842959582, 36.183620933850719 ], [ 127.331697630558892, 36.1840555190998 ], [ 127.334031685954429, 36.183100076317814 ], [ 127.335511961949805, 36.183372207690489 ], [ 127.337946383970944, 36.186334828045268 ], [ 127.338145936058581, 36.189086844843743 ], [ 127.340925627501434, 36.189142081837424 ], [ 127.342147955397039, 36.193416179960685 ], [ 127.343859866317274, 36.194635233896754 ], [ 127.344021930563287, 36.196664148780499 ], [ 127.347586596484732, 36.197566632471471 ], [ 127.346866984647278, 36.204126850659307 ], [ 127.349545165646163, 36.208036462875796 ], [ 127.352830980923528, 36.210640876649514 ], [ 127.352967693263537, 36.211839056048099 ], [ 127.355185941657339, 36.212848622861216 ], [ 127.356675058477094, 36.212336721980726 ], [ 127.359430946706169, 36.213918267776492 ], [ 127.360394237969984, 36.218205892492087 ], [ 127.36419690249096, 36.218901292870981 ], [ 127.363546831996942, 36.22290285556133 ], [ 127.360355622704361, 36.225486765154876 ], [ 127.360111161948723, 36.226680165139243 ], [ 127.362297441268169, 36.228338818657853 ], [ 127.362016455690835, 36.230241458914641 ], [ 127.363402109291272, 36.232303247618731 ], [ 127.361938523755342, 36.234201284862522 ], [ 127.36086980389959, 36.23437439655379 ], [ 127.36285853714196, 36.237060895147359 ], [ 127.363608425590414, 36.238690343426988 ], [ 127.362944227656598, 36.240344901694939 ], [ 127.364199933507606, 36.240821828471965 ], [ 127.364064505206642, 36.242547163190707 ], [ 127.365136835290059, 36.243634062382661 ], [ 127.363636806852796, 36.25089568224778 ], [ 127.364156551463367, 36.251559580604706 ], [ 127.360022552234469, 36.253809549121627 ], [ 127.359598865815286, 36.254715063325733 ], [ 127.360819482183771, 36.256269602279787 ], [ 127.360863556794001, 36.257882589249952 ], [ 127.35998994792152, 36.259910062231917 ], [ 127.360200244862781, 36.262212789345291 ], [ 127.359501950146154, 36.26258634326571 ], [ 127.361848350041456, 36.26553742774685 ], [ 127.361825101927238, 36.267024167125022 ], [ 127.36366955475809, 36.269789320555624 ], [ 127.366674161843463, 36.268737793211102 ], [ 127.36898518394274, 36.269819280706102 ], [ 127.371233185302486, 36.269894158266887 ], [ 127.372460352126311, 36.272178516944088 ], [ 127.37762786878352, 36.271486492699331 ], [ 127.380873264545414, 36.269515037288507 ], [ 127.380782127729958, 36.268691872552132 ], [ 127.383333555980187, 36.26859138516533 ], [ 127.384396482873768, 36.266662001006956 ], [ 127.389673084456447, 36.263095058496425 ], [ 127.390448014733053, 36.260959106683401 ], [ 127.389031517176377, 36.258883668882589 ], [ 127.388775235701729, 36.255360307608278 ], [ 127.386887132197913, 36.253230322442612 ], [ 127.386412146664256, 36.250672210626782 ], [ 127.387498355240325, 36.249579684599027 ], [ 127.387890629255153, 36.245890602253105 ], [ 127.390885637533103, 36.242949790317283 ], [ 127.389954550576448, 36.241775932941437 ], [ 127.390369781780265, 36.239524711859126 ], [ 127.387256270534934, 36.237287180817354 ], [ 127.387342898477215, 36.234152459326296 ], [ 127.396618130987179, 36.232122722319232 ], [ 127.400713908197929, 36.233159422675314 ], [ 127.400907971341468, 36.230119919431552 ], [ 127.40457029323251, 36.222433475616519 ], [ 127.407518674528362, 36.221401511237609 ], [ 127.410626923426719, 36.217551850927627 ], [ 127.40799902332995, 36.212892941263227 ], [ 127.412093836347694, 36.211398765143493 ], [ 127.419559314381488, 36.207126965025985 ], [ 127.420289238681377, 36.207947529388825 ], [ 127.422323436895965, 36.208102054147879 ], [ 127.423947539378631, 36.206016271971457 ], [ 127.429370712410829, 36.205205622444076 ], [ 127.430919417205686, 36.204125718665686 ], [ 127.431181401734534, 36.202126112287282 ], [ 127.433530628216374, 36.198575692431952 ], [ 127.436739231993343, 36.198518113708381 ], [ 127.438204405232497, 36.197148669765731 ], [ 127.439415154946332, 36.197300799334052 ], [ 127.44075655440065, 36.196599447677606 ], [ 127.441101825579082, 36.194786778682008 ], [ 127.443694397926535, 36.194753344872709 ], [ 127.448716276037558, 36.196722890069239 ], [ 127.450715938132575, 36.198814604229746 ], [ 127.455591560228811, 36.200800793965584 ], [ 127.45638516001398, 36.203595973382562 ], [ 127.454161068675575, 36.206999072310538 ], [ 127.459241815462448, 36.209745547425079 ], [ 127.460283926585888, 36.212918806310029 ], [ 127.469137703807647, 36.214765472217941 ], [ 127.469405925833669, 36.216008627257608 ], [ 127.467831529618209, 36.217052821522572 ], [ 127.467302332849584, 36.222346813411647 ], [ 127.470358605549492, 36.22350585181924 ], [ 127.47099780325965, 36.224585613737204 ], [ 127.474422477421214, 36.224947250664115 ], [ 127.477822202627692, 36.22668093720327 ], [ 127.477857173595552, 36.229668789210166 ], [ 127.483545752051398, 36.230356848464574 ], [ 127.48651401421597, 36.232532163621052 ], [ 127.488469441523293, 36.23253356170521 ], [ 127.489969849670871, 36.233482075939826 ], [ 127.489387318904221, 36.235731496614342 ], [ 127.48997111530268, 36.237095531448681 ], [ 127.492539752930881, 36.237323579115142 ], [ 127.492577204130413, 36.23795395029979 ], [ 127.499231497812275, 36.238295370201158 ], [ 127.502167469559922, 36.237645814375604 ], [ 127.509493362378095, 36.238921085088101 ], [ 127.511954328138771, 36.240692412033951 ], [ 127.513677157889902, 36.24033105788719 ], [ 127.514743110243174, 36.241220621265974 ], [ 127.515732401547623, 36.240540213798852 ], [ 127.518129558942931, 36.240641128556653 ], [ 127.523516784911834, 36.245340768768266 ], [ 127.52384706362507, 36.246489736371238 ], [ 127.526225808445446, 36.247085084899062 ], [ 127.526949346923971, 36.248335673995172 ], [ 127.530444792110174, 36.248706091224854 ], [ 127.532572757929415, 36.250889337281087 ], [ 127.536811046982535, 36.250857206424087 ], [ 127.535088909404365, 36.247323841287219 ], [ 127.537917977798728, 36.242777689868582 ], [ 127.549436891544858, 36.239331714889232 ], [ 127.549861455872346, 36.238424363707004 ], [ 127.548776441388199, 36.237718804179885 ], [ 127.547472873430223, 36.232301630395604 ], [ 127.545094668859932, 36.228426118163391 ], [ 127.545331165683251, 36.225513817466656 ], [ 127.554371366316218, 36.226186418874903 ], [ 127.56157879493874, 36.228966844790918 ], [ 127.563809037785191, 36.227524064053469 ], [ 127.566989130442778, 36.231969073875902 ], [ 127.570240413707054, 36.233523408628514 ], [ 127.574864511777761, 36.231997777644061 ], [ 127.579548805989319, 36.232796437633283 ], [ 127.580217579192791, 36.231849783208901 ], [ 127.583582280023634, 36.231296129786791 ], [ 127.584805703807461, 36.230247345055538 ], [ 127.586307257139907, 36.227577875904231 ], [ 127.586567273200686, 36.225060904067554 ], [ 127.590510338220398, 36.225293610171555 ], [ 127.590660236876261, 36.222571590568329 ], [ 127.59110953563804, 36.221655808322438 ], [ 127.592448273545685, 36.22132450382594 ], [ 127.592763840910067, 36.219821065663432 ], [ 127.594643611071618, 36.219481710344432 ], [ 127.597778937700568, 36.217500140426068 ], [ 127.597964765181374, 36.214327350402108 ], [ 127.596309935127053, 36.211882959921979 ], [ 127.598792328470552, 36.21022426188032 ], [ 127.599280250433068, 36.202642597846683 ], [ 127.598258415443226, 36.202379035946748 ], [ 127.597336207859783, 36.200268107383621 ], [ 127.595334502372097, 36.198961760151491 ], [ 127.592458083037158, 36.195196664096294 ], [ 127.593612100495946, 36.194387215095666 ], [ 127.592976223496009, 36.192231457734444 ], [ 127.596226788545522, 36.188465583833768 ], [ 127.597720314391978, 36.184868059241538 ], [ 127.594244187265573, 36.182183450921521 ], [ 127.594914098224166, 36.17962358098665 ], [ 127.593060819632157, 36.177377539021485 ], [ 127.59449643935983, 36.175529763669417 ], [ 127.598627439633873, 36.173799226582055 ], [ 127.60147835682848, 36.169046425717674 ], [ 127.601006127604634, 36.163294709700139 ], [ 127.601664511975486, 36.160024040523822 ], [ 127.598498173225522, 36.154899153810732 ], [ 127.595907885259791, 36.153489562374681 ], [ 127.593412898864202, 36.150518701083854 ], [ 127.592841876089864, 36.147628984309094 ], [ 127.590439706752846, 36.143330875048974 ], [ 127.590904246869371, 36.137291728431194 ], [ 127.589437050158708, 36.134455110229148 ], [ 127.593746575990011, 36.128779739239114 ], [ 127.595238430924908, 36.128176719845648 ], [ 127.595866894769287, 36.125730804813877 ], [ 127.59863411910149, 36.12536811578628 ], [ 127.599200638707813, 36.122942203090368 ], [ 127.603204996516382, 36.120614258951974 ], [ 127.605985560733828, 36.116789334505448 ], [ 127.610086122175034, 36.118607285787682 ], [ 127.610762335782752, 36.115626531056321 ], [ 127.613075581368136, 36.111807480930146 ], [ 127.616321359938553, 36.111554298699829 ], [ 127.619095783612636, 36.108885168265004 ], [ 127.618987315143443, 36.107110088781901 ], [ 127.616923145502923, 36.104876457518976 ], [ 127.617284078993222, 36.100096851229971 ], [ 127.618265376515396, 36.098709590239736 ], [ 127.617360611749376, 36.097541849425959 ], [ 127.617274688190236, 36.093578145866552 ], [ 127.619241992929858, 36.090699115005982 ], [ 127.62333596309179, 36.090691171303327 ], [ 127.624178166955545, 36.088413536388572 ], [ 127.626536219177098, 36.08760763897395 ], [ 127.632927250534934, 36.081368259192359 ], [ 127.632190968462851, 36.079643240005012 ], [ 127.634663480960512, 36.076733979544819 ], [ 127.634199472538995, 36.073615464193971 ], [ 127.637390902002622, 36.070349470324324 ], [ 127.637997829667498, 36.066672441941144 ], [ 127.635908726798064, 36.067508963034349 ], [ 127.629342672179305, 36.066529404041781 ], [ 127.623924263227224, 36.067271575986148 ], [ 127.620550962445165, 36.064205249892204 ], [ 127.620594995005646, 36.059620435780324 ], [ 127.619610060937092, 36.058680102998416 ], [ 127.618517263714693, 36.050183159635601 ], [ 127.619673426461091, 36.047335031003918 ], [ 127.619668543946432, 36.044292931984863 ], [ 127.618491051125829, 36.041935865433885 ], [ 127.619604127620505, 36.040598881566879 ], [ 127.61909972519743, 36.039173070830969 ], [ 127.621215205277139, 36.040956963820058 ], [ 127.622191921609499, 36.040411183598991 ], [ 127.625133058610515, 36.042313803384936 ], [ 127.630534778071123, 36.04215237988538 ], [ 127.632683073214864, 36.035448237349854 ], [ 127.634281291253984, 36.034572114981849 ], [ 127.637054223937724, 36.035167457491198 ], [ 127.636926977178518, 36.034347467577305 ], [ 127.638794204684515, 36.033688978897239 ], [ 127.639748257256358, 36.032252393891312 ], [ 127.637997159279863, 36.03180405026287 ], [ 127.635828152584381, 36.029393274002807 ], [ 127.636645163792963, 36.028872729294818 ], [ 127.635330140725486, 36.028683954509852 ], [ 127.631683300628353, 36.032016234304983 ], [ 127.628449632489449, 36.031956022789323 ], [ 127.627183224558109, 36.030618146891939 ], [ 127.626910189258922, 36.026912230236036 ], [ 127.625277584538978, 36.025308987143703 ], [ 127.622943937521981, 36.024640403786222 ], [ 127.616546182964754, 36.026323444542207 ], [ 127.613116906335634, 36.026313388274147 ], [ 127.610735114279748, 36.025348538731151 ], [ 127.610247045068732, 36.023217685868765 ], [ 127.610971318979992, 36.022300973109317 ], [ 127.613634597932574, 36.021436335006548 ], [ 127.616441520198649, 36.019056293729768 ], [ 127.618662950097431, 36.007981977873499 ], [ 127.615939157253393, 36.003887007966931 ], [ 127.61600002057331, 36.002841570582817 ], [ 127.614153025004413, 36.000804141516944 ], [ 127.612741894673462, 36.000445503018419 ], [ 127.610569424056067, 36.001044593881787 ], [ 127.609810609180613, 36.005448329644352 ], [ 127.606784164350685, 36.007688505574663 ], [ 127.607670148232671, 36.009955646293939 ], [ 127.606593381209365, 36.011909945585842 ], [ 127.600065085019253, 36.011941297439705 ], [ 127.599990286143878, 36.013877588249258 ], [ 127.596297728799641, 36.019007782377699 ], [ 127.591503443829296, 36.021047077938007 ], [ 127.59123589223617, 36.025152277805176 ], [ 127.589770468889697, 36.026046324066947 ], [ 127.586514506419192, 36.02598198865352 ], [ 127.582560541949618, 36.027226568425661 ], [ 127.578363104599404, 36.024100774404054 ], [ 127.574532985651231, 36.023302415935262 ], [ 127.573063259465613, 36.025733395241097 ], [ 127.570481156146144, 36.026904012803683 ], [ 127.5704231739373, 36.027928850049591 ], [ 127.566331097142694, 36.031220992408691 ], [ 127.562475110102369, 36.03071808478596 ], [ 127.559030601511836, 36.033443690216053 ], [ 127.555366080050774, 36.032416674251564 ], [ 127.552203635429848, 36.032770603309757 ], [ 127.549111494103272, 36.036950322291261 ], [ 127.548124877779657, 36.036857386245806 ], [ 127.547779314929059, 36.038208800289688 ], [ 127.545379006153482, 36.037691378756961 ], [ 127.54448510600659, 36.038805611976066 ], [ 127.540984120556033, 36.038122977749971 ], [ 127.539220080726835, 36.038616139813882 ], [ 127.53833253224623, 36.039889136129965 ], [ 127.535319655489843, 36.040007911678877 ], [ 127.533257035489939, 36.041129792403254 ], [ 127.53117105579895, 36.040247395002282 ] ] ] } },
{ "type": "Feature", "properties": { "sgg_cd": "34530", "sgg_nm": "부여군", "sigungu_nm": "부여군" }, "geometry": { "type": "Polygon", "coordinates": [ [ [ 126.819413240230702, 36.135328031564256 ], [ 126.811800600922524, 36.136120537938702 ], [ 126.802716735543243, 36.139954164634588 ], [ 126.802129919917888, 36.14128606166917 ], [ 126.799942105136893, 36.140177036067598 ], [ 126.798362720092427, 36.138219664740156 ], [ 126.796099004990339, 36.138150918403952 ], [ 126.79373729389124, 36.136867955215074 ], [ 126.793932265208412, 36.140542080048782 ], [ 126.79143647182191, 36.142167664502935 ], [ 126.79195710923409, 36.144087475023007 ], [ 126.794368146530545, 36.146882200817402 ], [ 126.793946868931187, 36.149049713478441 ], [ 126.795557815093915, 36.150438616717864 ], [ 126.794441864257905, 36.152289233152722 ], [ 126.795528980035328, 36.15387235767151 ], [ 126.794144463164514, 36.156559246043898 ], [ 126.79601017892233, 36.158406890006219 ], [ 126.794251499529722, 36.160060808548337 ], [ 126.794434009834021, 36.161038972398636 ], [ 126.795604456047343, 36.161470338202989 ], [ 126.795379192126092, 36.162723458865237 ], [ 126.792223564926928, 36.167687424128118 ], [ 126.793725568698321, 36.170846096607001 ], [ 126.795082000057548, 36.170593402691239 ], [ 126.795762532700294, 36.169612086005657 ], [ 126.79785209233583, 36.170126024994545 ], [ 126.796474861189182, 36.172050296145883 ], [ 126.795644334375311, 36.179190343137513 ], [ 126.794056157236255, 36.178952389555782 ], [ 126.79317512761628, 36.180786548339476 ], [ 126.790925965366554, 36.18060674445303 ], [ 126.790576527751739, 36.181335956007096 ], [ 126.785667976548311, 36.181773167074844 ], [ 126.781308098630078, 36.183749663241919 ], [ 126.773009395898853, 36.181684443615715 ], [ 126.769333080064342, 36.182435494645283 ], [ 126.767027740659131, 36.181577506337661 ], [ 126.76497517898936, 36.183667158240297 ], [ 126.757002274877664, 36.182246222285301 ], [ 126.756918090540623, 36.181187386461161 ], [ 126.751202844574152, 36.181964636230205 ], [ 126.74898333124203, 36.181091032409149 ], [ 126.745794606521386, 36.18138622161058 ], [ 126.741938559168574, 36.183367695529064 ], [ 126.738707491928182, 36.182089707727542 ], [ 126.734424239924593, 36.181863393531579 ], [ 126.729718783930025, 36.179034933934602 ], [ 126.727613002869987, 36.176073576050015 ], [ 126.722252651984178, 36.176222843942227 ], [ 126.720921575762688, 36.174948403748608 ], [ 126.717374389329976, 36.17580099878122 ], [ 126.713670617259467, 36.175450527690337 ], [ 126.710853041213909, 36.175985746737375 ], [ 126.706987270925012, 36.178474690052404 ], [ 126.704816811842775, 36.178076276897436 ], [ 126.700498800809797, 36.179470951778633 ], [ 126.699969915755702, 36.183140212117344 ], [ 126.697604685976458, 36.184732232389372 ], [ 126.694482021918063, 36.189027580218067 ], [ 126.692054215714293, 36.190090608101251 ], [ 126.694523446582011, 36.192426832011073 ], [ 126.694940695194489, 36.194838595637492 ], [ 126.699196877767221, 36.202705861403963 ], [ 126.69818427500941, 36.204968384951677 ], [ 126.702866367981059, 36.206243241869856 ], [ 126.703738568656064, 36.208772971911763 ], [ 126.713740047825254, 36.214401441668599 ], [ 126.713782341731132, 36.217988563301141 ], [ 126.715557553904233, 36.218530441241569 ], [ 126.716079269551273, 36.220192409916535 ], [ 126.715041049908436, 36.228886415348171 ], [ 126.718339189949347, 36.231833267684095 ], [ 126.71820223069102, 36.234580153865984 ], [ 126.725398474421709, 36.23784942721143 ], [ 126.732319963222395, 36.237219720551579 ], [ 126.734294455725461, 36.238312610173693 ], [ 126.735153845791515, 36.24070746071196 ], [ 126.736894998251216, 36.241441019256051 ], [ 126.735554985281624, 36.243081297695944 ], [ 126.738715002493748, 36.25401128261975 ], [ 126.732693616636269, 36.256835177793199 ], [ 126.727645286555799, 36.257470328594941 ], [ 126.720098007319564, 36.255182665826688 ], [ 126.718697770612209, 36.256195460392696 ], [ 126.71853920446982, 36.258572013822715 ], [ 126.713455734234515, 36.261463897613659 ], [ 126.701726669553381, 36.267243769710902 ], [ 126.694205763537028, 36.268874138992643 ], [ 126.696616341517156, 36.275542010134068 ], [ 126.695254478949678, 36.277914839545581 ], [ 126.692676102564349, 36.278983715546822 ], [ 126.692337638734756, 36.280494852713169 ], [ 126.696727187720228, 36.283398341042812 ], [ 126.690595089937474, 36.289295147342742 ], [ 126.687295722376945, 36.291133383195373 ], [ 126.688740976121451, 36.29396152108076 ], [ 126.691981056706666, 36.297423151432746 ], [ 126.694381067345162, 36.298525685735683 ], [ 126.692764098145673, 36.301636497831261 ], [ 126.68551101921075, 36.305659612197651 ], [ 126.682567520406209, 36.30825732425005 ], [ 126.680083950010925, 36.315571323232724 ], [ 126.682752230955188, 36.318441383301248 ], [ 126.683614434502545, 36.318170793767692 ], [ 126.683135868820756, 36.319944834087707 ], [ 126.684190907406276, 36.322331813861567 ], [ 126.678729689879432, 36.327751265509448 ], [ 126.67845226930433, 36.331637961415687 ], [ 126.684039767690692, 36.331151365634639 ], [ 126.688128283446744, 36.33276202249651 ], [ 126.689816340187136, 36.335342654970574 ], [ 126.69320905528987, 36.334214569713744 ], [ 126.695664107482628, 36.334394072614529 ], [ 126.697581242435575, 36.336497569400251 ], [ 126.69698943210706, 36.339651012633659 ], [ 126.697701283394338, 36.341531200476894 ], [ 126.700234827898171, 36.344892225936903 ], [ 126.699387911928483, 36.346368287970563 ], [ 126.699783858841784, 36.348590675229367 ], [ 126.701559568712554, 36.348657389146446 ], [ 126.704122024016002, 36.350562720718791 ], [ 126.703654967579766, 36.35285532461458 ], [ 126.704425042787236, 36.354419357732091 ], [ 126.702622004660114, 36.361558603943436 ], [ 126.705029961156441, 36.366496544179348 ], [ 126.710205799913268, 36.368613206251723 ], [ 126.724453591498545, 36.3711607899141 ], [ 126.724859930496493, 36.375425995119194 ], [ 126.726718576229231, 36.376496220819469 ], [ 126.735235524246576, 36.378527152707925 ], [ 126.738581266056016, 36.375075727135055 ], [ 126.739375538743886, 36.373016934441694 ], [ 126.738560040854537, 36.369169623065837 ], [ 126.739104256573967, 36.365610371094974 ], [ 126.741287844253264, 36.363550460010678 ], [ 126.743817970496124, 36.363269153546156 ], [ 126.744545403343153, 36.36507042806015 ], [ 126.746485761386268, 36.366164026530072 ], [ 126.748271586844822, 36.366058800678445 ], [ 126.747656877280406, 36.364116116473696 ], [ 126.748068878545254, 36.362527299504528 ], [ 126.749420810440597, 36.361628699778635 ], [ 126.74909485957005, 36.359880552512358 ], [ 126.752589451427411, 36.355972133321899 ], [ 126.761306346764329, 36.355244269658684 ], [ 126.76646042342874, 36.352605532594175 ], [ 126.767625632264597, 36.353444340434734 ], [ 126.773552462052137, 36.353500642553307 ], [ 126.778310086108618, 36.355685276101866 ], [ 126.784992177761879, 36.35688532974762 ], [ 126.787643858811592, 36.35481750906925 ], [ 126.790383566361825, 36.3540169654934 ], [ 126.790890784388665, 36.351638947596555 ], [ 126.793856632096066, 36.352465256667507 ], [ 126.79724579680591, 36.354893440816554 ], [ 126.797337353623419, 36.358792839696825 ], [ 126.799957953456001, 36.361864775133022 ], [ 126.8034336472967, 36.363469860017346 ], [ 126.804745603222386, 36.366188884675879 ], [ 126.804570452759677, 36.368060138370872 ], [ 126.806544673761778, 36.369950442528911 ], [ 126.806824364552597, 36.373449348271009 ], [ 126.809011157036153, 36.376126064638136 ], [ 126.813136572295988, 36.376937418720921 ], [ 126.819229148923071, 36.376765354543721 ], [ 126.820621256285449, 36.378754449463756 ], [ 126.820929084268954, 36.377939979461871 ], [ 126.821087042662427, 36.379904692442956 ], [ 126.822700314151973, 36.381385566174828 ], [ 126.830489976578036, 36.384988098233748 ], [ 126.835675176625429, 36.383860927346127 ], [ 126.842038893077145, 36.385752787642424 ], [ 126.845241686314708, 36.385434131228678 ], [ 126.848652969857184, 36.387042252795155 ], [ 126.85026194189777, 36.384895067765022 ], [ 126.84432689218167, 36.374613667976938 ], [ 126.840619744000264, 36.373942517551555 ], [ 126.837634111512799, 36.376893006888274 ], [ 126.834461263731271, 36.377824774761578 ], [ 126.832469168234482, 36.37721882097054 ], [ 126.831991725487768, 36.375490361108824 ], [ 126.8344122005348, 36.371203308132628 ], [ 126.834588663685068, 36.364003390764829 ], [ 126.836610713339368, 36.363567408605789 ], [ 126.84361844843275, 36.364955006307007 ], [ 126.844834380317778, 36.363801899645594 ], [ 126.84449703253236, 36.361229577393814 ], [ 126.840712961355948, 36.357474849781788 ], [ 126.841406942629604, 36.355341931027652 ], [ 126.842543954123073, 36.354755001326822 ], [ 126.848081052596697, 36.355409404921723 ], [ 126.849322949819793, 36.354715448973423 ], [ 126.853618677386223, 36.346614561193142 ], [ 126.859852135591169, 36.343345114488493 ], [ 126.860479347586974, 36.340551538926697 ], [ 126.859978430836193, 36.336455590115882 ], [ 126.855463858485294, 36.331338826059223 ], [ 126.857376629436359, 36.330336065152345 ], [ 126.858656850713473, 36.326314278669258 ], [ 126.861257687469973, 36.324667247969145 ], [ 126.861992336913573, 36.321499971820273 ], [ 126.86649001040729, 36.323633528145741 ], [ 126.868716239193972, 36.323021381767845 ], [ 126.870934297111262, 36.324175105914783 ], [ 126.873995853604228, 36.323176571313951 ], [ 126.877661835301964, 36.324470171110491 ], [ 126.884662032787148, 36.325464087278313 ], [ 126.893077342120108, 36.322519558376399 ], [ 126.894997654351499, 36.32717739065793 ], [ 126.900103153790468, 36.331578816822649 ], [ 126.901151816211794, 36.330018466692124 ], [ 126.899143319450729, 36.326749166274219 ], [ 126.899859526629882, 36.325679575656459 ], [ 126.904217770561047, 36.325478823553041 ], [ 126.910646970541919, 36.327500364886447 ], [ 126.912356881379964, 36.327118859301073 ], [ 126.914307911667166, 36.325378356622771 ], [ 126.913308304788117, 36.323155741448218 ], [ 126.914706666093977, 36.320414064776585 ], [ 126.918235629438598, 36.32002036133693 ], [ 126.920182136858983, 36.318104082822302 ], [ 126.925050791723677, 36.31637701194866 ], [ 126.926809788806054, 36.31449818248273 ], [ 126.957406404183601, 36.32805767867896 ], [ 126.95908027302977, 36.329582922116209 ], [ 126.960319036395802, 36.332449632538193 ], [ 126.963627868426499, 36.333546242049771 ], [ 126.972952186847365, 36.334358213855261 ], [ 126.97710966517964, 36.336699858148492 ], [ 126.976886364123345, 36.334854995563362 ], [ 126.985870295826928, 36.337457384189449 ], [ 126.990206541932466, 36.335800553682603 ], [ 126.988906641534356, 36.332733890935678 ], [ 126.990459417950049, 36.329615403018252 ], [ 126.997760211432123, 36.328409121670653 ], [ 126.99415770919569, 36.326193462495468 ], [ 126.992862952154368, 36.319123350421712 ], [ 126.991215868329633, 36.317889730816468 ], [ 126.990461571828007, 36.319286490942133 ], [ 126.988559467570994, 36.317943263983089 ], [ 126.987670615820491, 36.313444024551423 ], [ 126.986503338247715, 36.311677003080646 ], [ 126.987773146000393, 36.309185112856298 ], [ 126.986147863618328, 36.3073949447312 ], [ 126.989223444104809, 36.304515456981015 ], [ 126.992049460975807, 36.303603267725173 ], [ 126.991301009846353, 36.301272534157256 ], [ 126.993073550329299, 36.299021959572343 ], [ 126.994939267163943, 36.298359427925412 ], [ 126.997399204582422, 36.300061645162927 ], [ 126.995666783612904, 36.297631201205725 ], [ 127.000404524242597, 36.296574414067962 ], [ 127.003685937378137, 36.298358460091322 ], [ 127.007860534529996, 36.29751879408871 ], [ 127.009748068439038, 36.29568816122044 ], [ 127.012000632560557, 36.295446061028876 ], [ 127.013729020678028, 36.296989460258516 ], [ 127.014551440856522, 36.296843220543927 ], [ 127.016348189768792, 36.29428562404042 ], [ 127.015609551394959, 36.292884086974659 ], [ 127.016395778672432, 36.291179347589186 ], [ 127.018281236801542, 36.291114330260498 ], [ 127.01932222067218, 36.289479656767092 ], [ 127.020026020477928, 36.289751590343485 ], [ 127.023140330430607, 36.287371374176836 ], [ 127.025338876632645, 36.284302430430074 ], [ 127.027318118128534, 36.283250446082647 ], [ 127.027724086910226, 36.28184084032867 ], [ 127.029259638919953, 36.281988352312524 ], [ 127.030938841436452, 36.281170403237205 ], [ 127.032353490849999, 36.281698366162317 ], [ 127.034120142010735, 36.28090231335225 ], [ 127.035471998423048, 36.281359007320845 ], [ 127.035556417402944, 36.282798368989361 ], [ 127.039210659273564, 36.283557057531809 ], [ 127.053265339199484, 36.278684000667546 ], [ 127.065908768394053, 36.277148931886963 ], [ 127.067792997025094, 36.272837140496996 ], [ 127.070092362444143, 36.272370608301117 ], [ 127.070307869160303, 36.270458026716554 ], [ 127.069363122065241, 36.266835195785042 ], [ 127.068193983372339, 36.265875801980151 ], [ 127.069106602312488, 36.263765113119362 ], [ 127.064893007296902, 36.258081763584478 ], [ 127.064239185859705, 36.256013881723412 ], [ 127.05540854810387, 36.254700198737631 ], [ 127.053537575573586, 36.253745768452646 ], [ 127.052665305447817, 36.251291530662002 ], [ 127.050867808678802, 36.250293948879609 ], [ 127.044083757184424, 36.248908994734492 ], [ 127.039953361970149, 36.246628698302807 ], [ 127.040709280754854, 36.24366917711221 ], [ 127.040173830166793, 36.242140698680799 ], [ 127.03876997221046, 36.24027342613369 ], [ 127.037011329703063, 36.23932911666617 ], [ 127.035568140797707, 36.239461055266965 ], [ 127.033616922970282, 36.237997439239528 ], [ 127.033904726411919, 36.23703900016725 ], [ 127.030451698412335, 36.234281959087696 ], [ 127.029993656365079, 36.231713111349585 ], [ 127.027332207555546, 36.229158266289602 ], [ 127.026960308242394, 36.224910636424561 ], [ 127.024164810106171, 36.219236491188468 ], [ 127.021136999358248, 36.218171351936469 ], [ 127.014567050075144, 36.21156481609372 ], [ 127.011562167904316, 36.211189695104402 ], [ 127.012464035244477, 36.211638799009194 ], [ 127.010653443049506, 36.212916395513695 ], [ 127.009866734424619, 36.212095249942834 ], [ 127.010292882848645, 36.209843643187092 ], [ 127.009345963608851, 36.210360194147547 ], [ 127.007146977135051, 36.209386477385955 ], [ 127.00533493694391, 36.21018775805932 ], [ 127.006131577173988, 36.212541544780308 ], [ 127.003855495223021, 36.213495472824967 ], [ 127.004442831598183, 36.213989143989863 ], [ 127.003249274282197, 36.215065816051172 ], [ 127.003954936977138, 36.214917955030096 ], [ 127.00425489608061, 36.215828713070195 ], [ 127.001756951366531, 36.215311682367698 ], [ 127.000996014340487, 36.21613289589417 ], [ 126.994669684713983, 36.214666858141541 ], [ 126.992463403697585, 36.211386072276511 ], [ 126.991670205711159, 36.211206895942368 ], [ 126.990315081024065, 36.212333839941635 ], [ 126.989749363271855, 36.211979787189314 ], [ 126.991451826826392, 36.210978209144486 ], [ 126.991094546445822, 36.209875899195559 ], [ 126.986505931529308, 36.210167732855105 ], [ 126.985435825774061, 36.208206936911331 ], [ 126.984048845718661, 36.207834998569844 ], [ 126.984466625135141, 36.205844540079298 ], [ 126.985715948843705, 36.20545241158311 ], [ 126.987433573331032, 36.202672153950317 ], [ 126.986833404488706, 36.202137556005923 ], [ 126.984655114561235, 36.20273093426637 ], [ 126.98464753882763, 36.203989787363675 ], [ 126.983819095679252, 36.204159490280077 ], [ 126.985041229371632, 36.200724985738432 ], [ 126.984049435762827, 36.199645939696765 ], [ 126.985398848002959, 36.197020825004962 ], [ 126.984979186851945, 36.194210445523744 ], [ 126.987716328996768, 36.194278651973477 ], [ 126.989253748222495, 36.193291726288329 ], [ 126.986502519265727, 36.191643634287352 ], [ 126.989088137081922, 36.18260208096121 ], [ 126.993158396760649, 36.178997629816052 ], [ 126.997047885542258, 36.177224158762009 ], [ 127.002683629292648, 36.168854046347263 ], [ 127.002431091098288, 36.165919517829906 ], [ 127.001045981899978, 36.165100469250433 ], [ 127.000800974396256, 36.163182105706724 ], [ 126.997579234356934, 36.158767554300582 ], [ 127.000499458419611, 36.153161845482607 ], [ 126.999884136623635, 36.152422852668195 ], [ 127.000285917197843, 36.151404225222734 ], [ 127.005523052376958, 36.151504978958826 ], [ 127.006378767776297, 36.150127227880496 ], [ 127.005340690778951, 36.150616734260488 ], [ 127.001352519158218, 36.14795598864896 ], [ 126.998031750085161, 36.14684604946185 ], [ 126.98080533261377, 36.147958712284534 ], [ 126.977192304027213, 36.148521566973187 ], [ 126.971459082917193, 36.151031537604119 ], [ 126.963028702725197, 36.156277797006268 ], [ 126.956626502672677, 36.156570435432556 ], [ 126.944457345670017, 36.153509610657551 ], [ 126.941348662790176, 36.152114314859624 ], [ 126.939684467048494, 36.151184389836821 ], [ 126.939685814103171, 36.149467594293661 ], [ 126.938920661626, 36.150768870874856 ], [ 126.934398450808672, 36.146848435720507 ], [ 126.931355475685592, 36.142929269305036 ], [ 126.933049728552092, 36.142930249652188 ], [ 126.92525102282228, 36.139910161024382 ], [ 126.919691522084278, 36.136299423529294 ], [ 126.914696451804872, 36.135743911044941 ], [ 126.911089454880738, 36.136570075357753 ], [ 126.906979646362203, 36.139879116783497 ], [ 126.90080331073672, 36.142403661938779 ], [ 126.895247817959174, 36.142448699645662 ], [ 126.889696556735217, 36.13962232558368 ], [ 126.882205435151675, 36.131292738080582 ], [ 126.877481063523931, 36.117141504850892 ], [ 126.873811584269419, 36.110438285402111 ], [ 126.8735877888342, 36.086834735364157 ], [ 126.87108627372362, 36.071571971681067 ], [ 126.862034910468608, 36.074740268694576 ], [ 126.861134852660399, 36.074375596415813 ], [ 126.860791446412577, 36.072554026631238 ], [ 126.858649816222567, 36.073143016318831 ], [ 126.857217746459099, 36.071065601682811 ], [ 126.855928842790348, 36.074042193036 ], [ 126.854331099979689, 36.074993565417572 ], [ 126.853781503902511, 36.07638983632463 ], [ 126.852534439450821, 36.076550611295289 ], [ 126.851356994513409, 36.074405449010754 ], [ 126.848357425239826, 36.074532052699361 ], [ 126.847928033685918, 36.076006937037285 ], [ 126.846129650456518, 36.076845893906928 ], [ 126.847336179558724, 36.078527191470215 ], [ 126.844656700363416, 36.078454521714818 ], [ 126.8420022592218, 36.079916213139896 ], [ 126.841377754932367, 36.08118823961685 ], [ 126.841909248141647, 36.082213049335671 ], [ 126.840696773313041, 36.082537325770836 ], [ 126.840999877091676, 36.083391886353155 ], [ 126.838440669337928, 36.085318283682085 ], [ 126.839422088415944, 36.087586281285276 ], [ 126.837738839924981, 36.094366159276234 ], [ 126.838334010805568, 36.096680219534441 ], [ 126.837180108797682, 36.097266324763581 ], [ 126.836605716484485, 36.099568509518384 ], [ 126.837643950741494, 36.102023752052894 ], [ 126.837362132050472, 36.104914828180704 ], [ 126.840583888366012, 36.105777682184403 ], [ 126.840931812010865, 36.112052832308123 ], [ 126.840087481852208, 36.116925851709368 ], [ 126.836541752642276, 36.117888055180224 ], [ 126.834191803064442, 36.120737502974144 ], [ 126.830561443681702, 36.121549826055194 ], [ 126.829286162337979, 36.12445626288617 ], [ 126.824782295078663, 36.126362750053438 ], [ 126.82334855169627, 36.129171529290232 ], [ 126.821324249898012, 36.129802527012451 ], [ 126.818781815490851, 36.132533919369919 ], [ 126.819413240230702, 36.135328031564256 ] ] ] } },
{ "type": "Feature", "properties": { "sgg_cd": "34540", "sgg_nm": "서천군", "sigungu_nm": "서천군" }, "geometry": { "type": "MultiPolygon", "coordinates": [ [ [ [ 126.549843985882006, 36.123935708387776 ], [ 126.550206364788068, 36.123773040201691 ], [ 126.550068296539763, 36.123666990130978 ], [ 126.549843985882006, 36.123935708387776 ] ] ], [ [ [ 126.552586142957523, 36.129297514268856 ], [ 126.55237638463862, 36.127237043354498 ], [ 126.553242651748391, 36.125730098621077 ], [ 126.550490409094408, 36.1249722960331 ], [ 126.549665999666743, 36.128336890494644 ], [ 126.552586142957523, 36.129297514268856 ] ] ], [ [ [ 126.552549557457013, 36.129986979995351 ], [ 126.552836063413622, 36.129612931834941 ], [ 126.552275609788651, 36.129937536089969 ], [ 126.552549557457013, 36.129986979995351 ] ] ], [ [ [ 126.509913679489969, 36.129837086525725 ], [ 126.509556069028747, 36.130708186312461 ], [ 126.509996929734868, 36.129863832589898 ], [ 126.509913679489969, 36.129837086525725 ] ] ], [ [ [ 126.549534944821275, 36.131642137214712 ], [ 126.549203557154783, 36.131447312059407 ], [ 126.549171793561342, 36.131464944585197 ], [ 126.549534944821275, 36.131642137214712 ] ] ], [ [ [ 126.548798301833386, 36.131484086479297 ], [ 126.549100894257833, 36.131779649004606 ], [ 126.549468460513481, 36.131767604729291 ], [ 126.548798301833386, 36.131484086479297 ] ] ], [ [ [ 126.507655069659521, 36.130303948102615 ], [ 126.506984469587294, 36.131413637063254 ], [ 126.505406919570916, 36.132924128697539 ], [ 126.507156882687653, 36.131503205670768 ], [ 126.507655069659521, 36.130303948102615 ] ] ], [ [ [ 126.554404244349499, 36.132849977482785 ], [ 126.554078228557671, 36.132474294981954 ], [ 126.554189349866249, 36.133033348130958 ], [ 126.554404244349499, 36.132849977482785 ] ] ], [ [ [ 126.553671200926146, 36.132817615956881 ], [ 126.554127885501046, 36.132959959082228 ], [ 126.553939988189583, 36.132620883839685 ], [ 126.553671200926146, 36.132817615956881 ] ] ], [ [ [ 126.504499922914803, 36.136205049687817 ], [ 126.50383523661273, 36.135652716682806 ], [ 126.503367356777957, 36.136505605892495 ], [ 126.503750941024776, 36.136539133848395 ], [ 126.504499922914803, 36.136205049687817 ] ] ], [ [ [ 126.485185266177325, 36.135990616955205 ], [ 126.484911576550644, 36.136275918231085 ], [ 126.484934030579268, 36.13666381258026 ], [ 126.485185266177325, 36.135990616955205 ] ] ], [ [ [ 126.48474989663174, 36.139199780588747 ], [ 126.486333224240752, 36.136870983478182 ], [ 126.485789675721804, 36.135700857890413 ], [ 126.484236572172549, 36.137849501273713 ], [ 126.48474989663174, 36.139199780588747 ] ] ], [ [ [ 126.502672047897263, 36.138748823898439 ], [ 126.503360902572211, 36.138319663151307 ], [ 126.502737957235894, 36.138260807535588 ], [ 126.502672047897263, 36.138748823898439 ] ] ], [ [ [ 126.505881582471005, 36.143684969335951 ], [ 126.505488678414281, 36.143450747467064 ], [ 126.50571590816682, 36.143743260854812 ], [ 126.505881582471005, 36.143684969335951 ] ] ], [ [ [ 126.504165646103345, 36.143981556028834 ], [ 126.503912636895024, 36.144164984191661 ], [ 126.504064890435174, 36.144276238162426 ], [ 126.504165646103345, 36.143981556028834 ] ] ], [ [ [ 126.506411306521983, 36.144471272441322 ], [ 126.506893330011906, 36.144187125195558 ], [ 126.506291714207734, 36.144002091627634 ], [ 126.506411306521983, 36.144471272441322 ] ] ], [ [ [ 126.504594659049673, 36.144640019133945 ], [ 126.504222107981406, 36.144444863366807 ], [ 126.504252812435965, 36.144770775948913 ], [ 126.504594659049673, 36.144640019133945 ] ] ], [ [ [ 126.592881418486428, 36.174843224226755 ], [ 126.601625133826857, 36.175043440518365 ], [ 126.60356383592466, 36.173372552862766 ], [ 126.606256716049103, 36.173397241008182 ], [ 126.609367598940125, 36.171861115882002 ], [ 126.612000137256032, 36.17332879537657 ], [ 126.614623296396658, 36.172054748309229 ], [ 126.615116247315413, 36.172147307684256 ], [ 126.61948863107115, 36.175007748187369 ], [ 126.623260143047617, 36.173075942507083 ], [ 126.625174218997415, 36.173760410607713 ], [ 126.626810493756992, 36.173089356906125 ], [ 126.629224900802285, 36.173606352026191 ], [ 126.631939364196171, 36.176100085379872 ], [ 126.640705065630257, 36.176430971085068 ], [ 126.64323948556617, 36.178212531082494 ], [ 126.64516001110546, 36.177730209600213 ], [ 126.646895747353966, 36.179056460669806 ], [ 126.651051526988567, 36.179609691409198 ], [ 126.652566053869876, 36.180871284238151 ], [ 126.655398125138134, 36.181218299288751 ], [ 126.658014251540223, 36.180854791384284 ], [ 126.657507259317015, 36.179547550733972 ], [ 126.658697357770208, 36.177836997087013 ], [ 126.660806345086712, 36.178212796176432 ], [ 126.666929041851319, 36.17602155172073 ], [ 126.669447016515946, 36.177636647683109 ], [ 126.673542378705122, 36.178580093765774 ], [ 126.677151193291479, 36.181792837829981 ], [ 126.68082928512159, 36.182400066311551 ], [ 126.683351437799175, 36.187702451334737 ], [ 126.685471815692068, 36.188969173856776 ], [ 126.687056946284116, 36.1886570818913 ], [ 126.692054215714293, 36.190090608101251 ], [ 126.694482021918063, 36.189027580218067 ], [ 126.697604685976458, 36.184732232389372 ], [ 126.699969915755702, 36.183140212117344 ], [ 126.700498800809797, 36.179470951778633 ], [ 126.704816811842775, 36.178076276897436 ], [ 126.706987270925012, 36.178474690052404 ], [ 126.710853041213909, 36.175985746737375 ], [ 126.713670617259467, 36.175450527690337 ], [ 126.717374389329976, 36.17580099878122 ], [ 126.720921575762688, 36.174948403748608 ], [ 126.722252651984178, 36.176222843942227 ], [ 126.727613002869987, 36.176073576050015 ], [ 126.729718783930025, 36.179034933934602 ], [ 126.734424239924593, 36.181863393531579 ], [ 126.738707491928182, 36.182089707727542 ], [ 126.741938559168574, 36.183367695529064 ], [ 126.745794606521386, 36.18138622161058 ], [ 126.74898333124203, 36.181091032409149 ], [ 126.751202844574152, 36.181964636230205 ], [ 126.756918090540623, 36.181187386461161 ], [ 126.757002274877664, 36.182246222285301 ], [ 126.76497517898936, 36.183667158240297 ], [ 126.767027740659131, 36.181577506337661 ], [ 126.769333080064342, 36.182435494645283 ], [ 126.773009395898853, 36.181684443615715 ], [ 126.781308098630078, 36.183749663241919 ], [ 126.785667976548311, 36.181773167074844 ], [ 126.790576527751739, 36.181335956007096 ], [ 126.790925965366554, 36.18060674445303 ], [ 126.79317512761628, 36.180786548339476 ], [ 126.794056157236255, 36.178952389555782 ], [ 126.795644334375311, 36.179190343137513 ], [ 126.796474861189182, 36.172050296145883 ], [ 126.79785209233583, 36.170126024994545 ], [ 126.795762532700294, 36.169612086005657 ], [ 126.795082000057548, 36.170593402691239 ], [ 126.793725568698321, 36.170846096607001 ], [ 126.792223564926928, 36.167687424128118 ], [ 126.795379192126092, 36.162723458865237 ], [ 126.795604456047343, 36.161470338202989 ], [ 126.794434009834021, 36.161038972398636 ], [ 126.794251499529722, 36.160060808548337 ], [ 126.79601017892233, 36.158406890006219 ], [ 126.794144463164514, 36.156559246043898 ], [ 126.795528980035328, 36.15387235767151 ], [ 126.794441864257905, 36.152289233152722 ], [ 126.795557815093915, 36.150438616717864 ], [ 126.793946868931187, 36.149049713478441 ], [ 126.794368146530545, 36.146882200817402 ], [ 126.79195710923409, 36.144087475023007 ], [ 126.79143647182191, 36.142167664502935 ], [ 126.793932265208412, 36.140542080048782 ], [ 126.79373729389124, 36.136867955215074 ], [ 126.796099004990339, 36.138150918403952 ], [ 126.798362720092427, 36.138219664740156 ], [ 126.799942105136893, 36.140177036067598 ], [ 126.802129919917888, 36.14128606166917 ], [ 126.802716735543243, 36.139954164634588 ], [ 126.811800600922524, 36.136120537938702 ], [ 126.814120130730672, 36.136236919769473 ], [ 126.81614534545389, 36.135259594334777 ], [ 126.817619781497498, 36.135915501791935 ], [ 126.818912174093541, 36.13560568754307 ], [ 126.819554741768371, 36.135262574886042 ], [ 126.818781815490851, 36.132533919369919 ], [ 126.821324249898012, 36.129802527012451 ], [ 126.82334855169627, 36.129171529290232 ], [ 126.824782295078663, 36.126362750053438 ], [ 126.829286162337979, 36.12445626288617 ], [ 126.830561443681702, 36.121549826055194 ], [ 126.834590559125388, 36.120523885726563 ], [ 126.836541752642276, 36.117888055180224 ], [ 126.839825079639425, 36.117312667473918 ], [ 126.840931812010865, 36.112052832308123 ], [ 126.840583888366012, 36.105777682184403 ], [ 126.837362132050472, 36.104914828180704 ], [ 126.837643950741494, 36.102023752052894 ], [ 126.836604147261312, 36.099607170574657 ], [ 126.837180108797682, 36.097266324763581 ], [ 126.838334010805568, 36.096680219534441 ], [ 126.837738839924981, 36.094366159276234 ], [ 126.839422088415944, 36.087586281285276 ], [ 126.838440669337928, 36.085318283682085 ], [ 126.840999877091676, 36.083391886353155 ], [ 126.840696773313041, 36.082537325770836 ], [ 126.841909248141647, 36.082213049335671 ], [ 126.841377754932367, 36.08118823961685 ], [ 126.8420022592218, 36.079916213139896 ], [ 126.844656700363416, 36.078454521714818 ], [ 126.846837416634614, 36.078811629801585 ], [ 126.847613373068356, 36.078276441107199 ], [ 126.846129650456518, 36.076845893906928 ], [ 126.847928033685918, 36.076006937037285 ], [ 126.848357425239826, 36.074532052699361 ], [ 126.851356994513409, 36.074405449010754 ], [ 126.853202389493759, 36.076644049793487 ], [ 126.855928842790348, 36.074042193036 ], [ 126.857217746459099, 36.071065601682811 ], [ 126.858649816222567, 36.073143016318831 ], [ 126.860791446412577, 36.072554026631238 ], [ 126.861134852660399, 36.074375596415813 ], [ 126.862034910468608, 36.074740268694576 ], [ 126.87108627372362, 36.071571971681067 ], [ 126.870817905329133, 36.067404116814465 ], [ 126.868036513913864, 36.062411130861911 ], [ 126.863858263632267, 36.060189132192889 ], [ 126.840541215328514, 36.052964155822565 ], [ 126.829707712767856, 36.051854702490658 ], [ 126.821097570507092, 36.049918524349302 ], [ 126.818875283153062, 36.048240859750301 ], [ 126.814153391295051, 36.041304046518846 ], [ 126.808320082770265, 36.035743274411914 ], [ 126.805821722646968, 36.034360924359959 ], [ 126.793880244173877, 36.032138921338152 ], [ 126.769712787439062, 36.029640081123425 ], [ 126.761655260166506, 36.026024141897771 ], [ 126.748047369765757, 36.025750586719234 ], [ 126.743845223192636, 36.018813204216734 ], [ 126.7364827157202, 36.000431906757278 ], [ 126.730211961162709, 36.00321665687715 ], [ 126.726804124799997, 36.000022175908583 ], [ 126.724588366864978, 36.000522212454619 ], [ 126.72367729706319, 35.999695608979771 ], [ 126.722976288348093, 36.00080246063424 ], [ 126.721719999832175, 36.000227974187361 ], [ 126.720162530714177, 36.000990659686252 ], [ 126.719500514329951, 36.000544742327904 ], [ 126.719422630176894, 36.001462320434207 ], [ 126.707731923045358, 36.005405277387332 ], [ 126.704534051451759, 36.005887882009617 ], [ 126.703528241100869, 36.004881982231787 ], [ 126.70209032678963, 36.005630817662116 ], [ 126.70271869805805, 36.006457028087283 ], [ 126.70218656602087, 36.006790866621891 ], [ 126.701562102998267, 36.00617401054253 ], [ 126.696510474460368, 36.006642519921876 ], [ 126.698232924647257, 36.006729238554279 ], [ 126.698287047834839, 36.007341938453777 ], [ 126.696213152375819, 36.007467923511967 ], [ 126.696137465713207, 36.006668973459185 ], [ 126.687774352614625, 36.007287718369682 ], [ 126.683967183032394, 36.006825133130583 ], [ 126.683871641265242, 36.008551571015545 ], [ 126.677082077152932, 36.009019301726362 ], [ 126.675088021143338, 36.008094564210559 ], [ 126.67466889469442, 36.008562454148404 ], [ 126.672291314628438, 36.005910121237179 ], [ 126.66802673405796, 36.004245054657467 ], [ 126.666170803065, 36.004767293966083 ], [ 126.665070552071072, 36.00610801176574 ], [ 126.661217568671873, 36.00569298431202 ], [ 126.660777048240931, 36.008288153105305 ], [ 126.661271386898221, 36.006229634020421 ], [ 126.66319040760267, 36.006191802054339 ], [ 126.662910612833358, 36.008749130065333 ], [ 126.660712307358452, 36.008898366571238 ], [ 126.663014001961116, 36.009382194426458 ], [ 126.661047947437908, 36.009284732814663 ], [ 126.66047553409669, 36.010770031644668 ], [ 126.662787784869238, 36.013987140169426 ], [ 126.66235800819473, 36.014786471954665 ], [ 126.663841700323843, 36.01466679309118 ], [ 126.66451457842885, 36.01585185290979 ], [ 126.66427575801238, 36.020708784901032 ], [ 126.662741109168522, 36.026891228505789 ], [ 126.659407265844919, 36.029049405198101 ], [ 126.662108840780192, 36.028727326794133 ], [ 126.664835132455011, 36.029603001189678 ], [ 126.666450153617888, 36.028862191324784 ], [ 126.668725382004666, 36.031235501133942 ], [ 126.664119897332753, 36.036320769267867 ], [ 126.662399766273509, 36.039623084687229 ], [ 126.661604442251914, 36.040314576665416 ], [ 126.659681493664394, 36.040022996642612 ], [ 126.661643217126922, 36.040573201967796 ], [ 126.658380594257707, 36.044615711780892 ], [ 126.654771962967246, 36.046448391268072 ], [ 126.650151120788053, 36.046760204077032 ], [ 126.648251074853889, 36.050317405632363 ], [ 126.646219496588799, 36.051203141563711 ], [ 126.645712211399285, 36.052361389351326 ], [ 126.64634224264698, 36.05233937528245 ], [ 126.646512190164358, 36.05279597544245 ], [ 126.645487758309471, 36.052344277486533 ], [ 126.64417501599128, 36.051143603071509 ], [ 126.643449597837659, 36.05066471246996 ], [ 126.639345538197475, 36.049393917028524 ], [ 126.63181021099463, 36.047566598219589 ], [ 126.643283844754521, 36.050668490225192 ], [ 126.645449290036595, 36.052396533305618 ], [ 126.646380289006672, 36.052951858255256 ], [ 126.64525151360516, 36.054183239217856 ], [ 126.64365758077534, 36.0541225738029 ], [ 126.644918976127315, 36.054646456004079 ], [ 126.643723333691483, 36.056221322349337 ], [ 126.644586971171435, 36.056785049397575 ], [ 126.643813182090184, 36.056580826162644 ], [ 126.642755927221828, 36.055523189790222 ], [ 126.639466695322753, 36.056299891503073 ], [ 126.638073322650783, 36.055364254157467 ], [ 126.641851079260064, 36.054731274001767 ], [ 126.635576538039899, 36.055557123304425 ], [ 126.632851110081688, 36.055148086925946 ], [ 126.632333782584027, 36.053959914232216 ], [ 126.63125916081755, 36.053961558040726 ], [ 126.631758932807543, 36.055422565311709 ], [ 126.63107673121516, 36.055837803213066 ], [ 126.632843917670385, 36.055400794600224 ], [ 126.632990344979859, 36.05732929399754 ], [ 126.631932131412924, 36.064709952139545 ], [ 126.632290275552222, 36.072146412203793 ], [ 126.630695861071501, 36.077306149901069 ], [ 126.627867208773594, 36.080369780721064 ], [ 126.623645829867812, 36.080444548477942 ], [ 126.623129725057353, 36.078711763114725 ], [ 126.62169251153486, 36.077769959416365 ], [ 126.62206401472173, 36.076956418058913 ], [ 126.620071535874644, 36.076918815211116 ], [ 126.620312509483213, 36.076310034721814 ], [ 126.618907643576549, 36.077535926190656 ], [ 126.619327644006617, 36.078710797071068 ], [ 126.618114004207328, 36.078931455737496 ], [ 126.619771335821383, 36.079618855476923 ], [ 126.62029613497927, 36.081409386931966 ], [ 126.623128096311206, 36.08107861315883 ], [ 126.624168973931845, 36.08446891911538 ], [ 126.626210785378305, 36.083572781671343 ], [ 126.626292140383583, 36.084756025460003 ], [ 126.626551723073391, 36.083507867265006 ], [ 126.627953164397923, 36.083437370444031 ], [ 126.630520860467087, 36.081631104982243 ], [ 126.632595194754231, 36.081614131872655 ], [ 126.63701563269727, 36.084833253614342 ], [ 126.639905569308752, 36.085737365418062 ], [ 126.640925722845253, 36.087405529353049 ], [ 126.641484613527695, 36.08700371096193 ], [ 126.64085947635256, 36.086527997730194 ], [ 126.642031738602228, 36.086723284135132 ], [ 126.644406465901568, 36.089099873641665 ], [ 126.64585768932514, 36.088946476230873 ], [ 126.646019847727786, 36.088070477763353 ], [ 126.646776090379802, 36.088422966947363 ], [ 126.646136759835073, 36.091240143680075 ], [ 126.643941489217013, 36.093663820983245 ], [ 126.644678439320487, 36.093940779955915 ], [ 126.643198979115681, 36.093923486530642 ], [ 126.642663853484962, 36.092924959902682 ], [ 126.641254866150845, 36.09272721488837 ], [ 126.640158550105483, 36.09070914523339 ], [ 126.636437947227165, 36.093206615267881 ], [ 126.633587182538548, 36.093240408785199 ], [ 126.632330738630884, 36.09150196684034 ], [ 126.63066954705198, 36.091504796829526 ], [ 126.630444120977572, 36.093574614724076 ], [ 126.631947948780194, 36.094600470644224 ], [ 126.632464796859153, 36.096395048992562 ], [ 126.631876480309685, 36.099686393846603 ], [ 126.630682000190944, 36.100184163178561 ], [ 126.629814261887603, 36.098687667751278 ], [ 126.62938353668865, 36.100136020990426 ], [ 126.620030080044359, 36.102293237727359 ], [ 126.616748980984127, 36.102038244840806 ], [ 126.616061301324152, 36.099747061576302 ], [ 126.613837404612852, 36.096945400658363 ], [ 126.614478907455052, 36.095978615043691 ], [ 126.613371271911149, 36.096398102505425 ], [ 126.61257542270576, 36.095008719075857 ], [ 126.611906009704853, 36.095152539876018 ], [ 126.612496915673816, 36.096176672771279 ], [ 126.610176571334335, 36.098491924237834 ], [ 126.607873875354542, 36.099212876946339 ], [ 126.605957307658414, 36.09892022110926 ], [ 126.605990241132517, 36.099990790760728 ], [ 126.606294410758494, 36.099499690945578 ], [ 126.607608412674594, 36.100553581007532 ], [ 126.608247669694208, 36.102752907627682 ], [ 126.604487970397614, 36.110833602684707 ], [ 126.606139053212985, 36.111484967215659 ], [ 126.607405506760458, 36.110496395236481 ], [ 126.606722957154503, 36.112148302276772 ], [ 126.604527575374192, 36.11136499814468 ], [ 126.603112310249912, 36.109843661876518 ], [ 126.602959938949851, 36.110965559670596 ], [ 126.601418093386172, 36.110786479996662 ], [ 126.602528165806547, 36.112102563888484 ], [ 126.599531329961593, 36.118942822717209 ], [ 126.597804021478396, 36.120993217519107 ], [ 126.59655002251391, 36.121362487739631 ], [ 126.591276461239175, 36.128889632608903 ], [ 126.590508803569676, 36.128089287807796 ], [ 126.590923946889703, 36.12907920565376 ], [ 126.590127908704758, 36.128782383975782 ], [ 126.585803985469767, 36.130820775840441 ], [ 126.58535985008966, 36.130214547316015 ], [ 126.585609069496172, 36.130846967021078 ], [ 126.58319554681448, 36.131100816314529 ], [ 126.580123507756852, 36.135114507252474 ], [ 126.578122134568758, 36.136858443583868 ], [ 126.577515499705555, 36.136407368885102 ], [ 126.578116524805537, 36.136930970600531 ], [ 126.576093096143012, 36.138646471365199 ], [ 126.570726911738674, 36.139549391827231 ], [ 126.570027425536679, 36.140609311942171 ], [ 126.567629889006696, 36.139165773808834 ], [ 126.567640953991727, 36.133623418531293 ], [ 126.565968368213674, 36.134934400515753 ], [ 126.56362067399796, 36.134827115842036 ], [ 126.562882647652543, 36.133311526631395 ], [ 126.564298341722449, 36.132605623948606 ], [ 126.560543333269848, 36.132025128855204 ], [ 126.559687098499438, 36.129376449039164 ], [ 126.557643322311719, 36.129377364477556 ], [ 126.555993220194097, 36.128437033099026 ], [ 126.554832866741805, 36.135065806150088 ], [ 126.550410788942528, 36.139873256370755 ], [ 126.544548110327071, 36.144615148024421 ], [ 126.535333843861849, 36.149239654309838 ], [ 126.519284597666257, 36.152287660097265 ], [ 126.506899466896286, 36.15025436474069 ], [ 126.505849876862271, 36.148768642502652 ], [ 126.506355886966659, 36.147232216832897 ], [ 126.506804509436137, 36.147595041562994 ], [ 126.506429762901831, 36.14681081609239 ], [ 126.504012884258685, 36.145475845862563 ], [ 126.504010489651449, 36.144361250852612 ], [ 126.501124462131273, 36.141283030562469 ], [ 126.503057143840124, 36.136977972661441 ], [ 126.502830601817294, 36.135143829355535 ], [ 126.504720293340739, 36.135070661291444 ], [ 126.50649392837488, 36.133617727529682 ], [ 126.504822023261099, 36.134097746235831 ], [ 126.503086326019258, 36.133519673420189 ], [ 126.504032398121367, 36.129303051307694 ], [ 126.505811290751168, 36.129435697551884 ], [ 126.506718049772189, 36.12877192275495 ], [ 126.508832322804324, 36.129373872786246 ], [ 126.506848774280769, 36.12849209707867 ], [ 126.502572232252874, 36.128696028604551 ], [ 126.499856270325409, 36.130065931333206 ], [ 126.497766483168249, 36.132594733239443 ], [ 126.496932116706503, 36.131444594923423 ], [ 126.49708847231436, 36.133164620069913 ], [ 126.494218438553688, 36.133339788694514 ], [ 126.492890554406245, 36.13632758936221 ], [ 126.493167394180944, 36.145590452784326 ], [ 126.492253855699175, 36.146527250716105 ], [ 126.493148242836526, 36.147249390246294 ], [ 126.492836361351564, 36.158659504369837 ], [ 126.491911873550919, 36.159792679763861 ], [ 126.493321686174156, 36.160232103336398 ], [ 126.495879635961487, 36.158741997692793 ], [ 126.497808767424942, 36.158910687890554 ], [ 126.503525966944693, 36.161669452176859 ], [ 126.502653479003399, 36.160553699164765 ], [ 126.499739696168945, 36.15932205709445 ], [ 126.501171239157429, 36.156504976537875 ], [ 126.503474728606491, 36.157636174777515 ], [ 126.503233523209929, 36.158329728985073 ], [ 126.503749732187714, 36.157796142408422 ], [ 126.506103358894663, 36.15941637943493 ], [ 126.504513714853047, 36.160595825555355 ], [ 126.505443694210598, 36.16124708307175 ], [ 126.50670337847032, 36.161132699921637 ], [ 126.504928833093217, 36.160740843234869 ], [ 126.506110020562772, 36.159747517572278 ], [ 126.508568731337817, 36.160334867681875 ], [ 126.510110568390203, 36.158151342705722 ], [ 126.513453666361485, 36.159704439254511 ], [ 126.512669975636683, 36.161032423068491 ], [ 126.513227502020186, 36.161516347803975 ], [ 126.516583663911547, 36.158853569120076 ], [ 126.518912313862756, 36.160068419912108 ], [ 126.524420744418919, 36.16621362348242 ], [ 126.526259332721168, 36.169559864061448 ], [ 126.524820355697557, 36.172917327375472 ], [ 126.526208580300434, 36.173829418320771 ], [ 126.526978830827801, 36.172983300418466 ], [ 126.527612988711155, 36.173448757204753 ], [ 126.527556066415528, 36.173863803921606 ], [ 126.526609772416094, 36.174328914669196 ], [ 126.528576388043604, 36.174627373688395 ], [ 126.528054260268661, 36.175686495638111 ], [ 126.526494521509719, 36.17575235242704 ], [ 126.523585542786151, 36.182049589231788 ], [ 126.523450683704496, 36.184581171662593 ], [ 126.524881700204872, 36.187266965242721 ], [ 126.565145353205153, 36.192148274023886 ], [ 126.567222176813857, 36.191681078833462 ], [ 126.570960791120882, 36.188745885003343 ], [ 126.577731517352362, 36.179013465573348 ], [ 126.580093195733554, 36.177646130162998 ], [ 126.592881418486428, 36.174843224226755 ] ] ], [ [ [ 126.490087729778224, 36.163556034305422 ], [ 126.490744374758108, 36.163831279288424 ], [ 126.490746828088774, 36.163572267854242 ], [ 126.490087729778224, 36.163556034305422 ] ] ], [ [ [ 126.491651298251284, 36.16560064301656 ], [ 126.491753155308302, 36.165151909444972 ], [ 126.491394145772418, 36.165468994304106 ], [ 126.491651298251284, 36.16560064301656 ] ] ], [ [ [ 126.604222662502863, 36.000436981904961 ], [ 126.607033271650906, 36.000147915420754 ], [ 126.609931581722449, 35.994452648502474 ], [ 126.60392236534355, 35.991692758226357 ], [ 126.603547286141008, 35.990926762628263 ], [ 126.601368102567491, 35.991121354997404 ], [ 126.599923728195108, 35.989987343627519 ], [ 126.600666607445945, 35.991024212744605 ], [ 126.525399284912297, 35.988077209732289 ], [ 126.526918219258221, 35.986623132680833 ], [ 126.52112507607356, 35.9887826654845 ], [ 126.566331989971772, 35.989966546433998 ], [ 126.576440937040758, 35.991152897770704 ], [ 126.57545402638128, 35.990395651008143 ], [ 126.600542913998467, 35.99109475392185 ], [ 126.601191182251213, 35.992790580632573 ], [ 126.600325536236127, 35.994838434578519 ], [ 126.604222662502863, 36.000436981904961 ] ] ], [ [ [ 126.613440935757581, 36.009819195613424 ], [ 126.612716998103778, 36.008792526889124 ], [ 126.611843546703511, 36.008807070186229 ], [ 126.612569834932103, 36.009724991980896 ], [ 126.613440935757581, 36.009819195613424 ] ] ], [ [ [ 126.615927320563216, 36.011610970311075 ], [ 126.615430704090969, 36.011890796643563 ], [ 126.615812124816784, 36.012031825429986 ], [ 126.615927320563216, 36.011610970311075 ] ] ], [ [ [ 126.608000314476115, 36.012387227364819 ], [ 126.609383123880349, 36.012788358509717 ], [ 126.609153621029378, 36.011783186795519 ], [ 126.608000314476115, 36.012387227364819 ] ] ], [ [ [ 126.576782761723294, 36.032798247670776 ], [ 126.577256269123225, 36.031756339631855 ], [ 126.576297263097189, 36.032472084319281 ], [ 126.576782761723294, 36.032798247670776 ] ] ], [ [ [ 126.597715791318706, 36.043258514973886 ], [ 126.597092605248179, 36.043320300276186 ], [ 126.596914790394322, 36.043761868806058 ], [ 126.597179053560311, 36.043670508681657 ], [ 126.597715791318706, 36.043258514973886 ] ] ], [ [ [ 126.594104744770988, 36.071379013097349 ], [ 126.593592670338026, 36.071657557120943 ], [ 126.593544141764554, 36.072027791526068 ], [ 126.594104744770988, 36.071379013097349 ] ] ], [ [ [ 126.593375272185611, 36.072054254886048 ], [ 126.592820014787208, 36.072310117672792 ], [ 126.593477269539108, 36.072079835215348 ], [ 126.593375272185611, 36.072054254886048 ] ] ], [ [ [ 126.595149698940872, 36.072391008433669 ], [ 126.594096871255857, 36.072046788438143 ], [ 126.593725722831778, 36.072552014219461 ], [ 126.594542914259506, 36.07295401923659 ], [ 126.595149698940872, 36.072391008433669 ] ] ], [ [ [ 126.575802207162454, 36.088284777281572 ], [ 126.575197844661545, 36.087874567260911 ], [ 126.574480302824043, 36.08802892364902 ], [ 126.575004124735756, 36.08881763138465 ], [ 126.575802207162454, 36.088284777281572 ] ] ], [ [ [ 126.576887708000243, 36.100843472283479 ], [ 126.577540686221468, 36.100564553156026 ], [ 126.577154180489416, 36.100004446525865 ], [ 126.576887708000243, 36.100843472283479 ] ] ], [ [ [ 126.578997434329651, 36.104322096812879 ], [ 126.579347818241203, 36.103958516366085 ], [ 126.578937923364705, 36.10386960576016 ], [ 126.578997434329651, 36.104322096812879 ] ] ], [ [ [ 126.578932988323217, 36.105048325956943 ], [ 126.579186608071453, 36.104737912559678 ], [ 126.578641110436649, 36.104362389580828 ], [ 126.578932988323217, 36.105048325956943 ] ] ], [ [ [ 126.580117220759803, 36.105674569926094 ], [ 126.57948860677989, 36.105265937227088 ], [ 126.579155286037945, 36.105635849932078 ], [ 126.57943920770397, 36.10539759400649 ], [ 126.580117220759803, 36.105674569926094 ] ] ], [ [ [ 126.602734308758357, 36.109210667602596 ], [ 126.602896316376842, 36.107145179457241 ], [ 126.601564477569156, 36.107469960661064 ], [ 126.602734308758357, 36.109210667602596 ] ] ], [ [ [ 126.599325330865412, 36.111945848934134 ], [ 126.600093421458226, 36.1114830358459 ], [ 126.599557515753986, 36.11125126751466 ], [ 126.599325330865412, 36.111945848934134 ] ] ], [ [ [ 126.591803616753978, 36.11965649843426 ], [ 126.593251982009733, 36.120350051175436 ], [ 126.59285886472253, 36.119551236290171 ], [ 126.591803616753978, 36.11965649843426 ] ] ], [ [ [ 126.57554529704916, 36.125782684929327 ], [ 126.575188452422964, 36.124461836400215 ], [ 126.574565042316493, 36.125256578867749 ], [ 126.57554529704916, 36.125782684929327 ] ] ], [ [ [ 126.577876470534221, 36.126676728534129 ], [ 126.578417029473854, 36.126175384790592 ], [ 126.576274752792401, 36.126294656736938 ], [ 126.577876470534221, 36.126676728534129 ] ] ], [ [ [ 126.63452609397342, 36.002511484044682 ], [ 126.634938971941864, 36.001968398934814 ], [ 126.634306465986597, 36.002035866843769 ], [ 126.63452609397342, 36.002511484044682 ] ] ], [ [ [ 126.62531867562619, 36.006939726277949 ], [ 126.627021406885831, 36.00540896405127 ], [ 126.628918775647506, 36.006390461816366 ], [ 126.630461963799931, 36.005515556361836 ], [ 126.632893939730124, 36.00217034119693 ], [ 126.633725472595287, 36.002235969802307 ], [ 126.632387885898908, 36.000322176139221 ], [ 126.626790029501819, 36.000615814933887 ], [ 126.626645570537207, 36.004674492248235 ], [ 126.627310640122715, 36.005235322124726 ], [ 126.62294323649428, 36.006725666321955 ], [ 126.62531867562619, 36.006939726277949 ] ] ], [ [ [ 126.629742743582597, 36.036302340077022 ], [ 126.631586654041556, 36.03659370782475 ], [ 126.631466295865081, 36.035622522910877 ], [ 126.629742743582597, 36.036302340077022 ] ] ], [ [ [ 126.621587373745882, 36.03876429833165 ], [ 126.623051092649348, 36.038503589798083 ], [ 126.623978011389838, 36.038119965033651 ], [ 126.621823822608761, 36.038185542104536 ], [ 126.621587373745882, 36.03876429833165 ] ] ], [ [ [ 126.618914002214012, 36.050402625793026 ], [ 126.618516944390521, 36.050235952307411 ], [ 126.618785209546687, 36.050830710535116 ], [ 126.618914002214012, 36.050402625793026 ] ] ], [ [ [ 126.61841359728129, 36.051331624068915 ], [ 126.618386994713958, 36.051101818058818 ], [ 126.618756257881898, 36.051122785021157 ], [ 126.618496754185131, 36.050772818827689 ], [ 126.618253950942218, 36.051106414782737 ], [ 126.61841359728129, 36.051331624068915 ] ] ], [ [ [ 126.618877115182414, 36.052616624407868 ], [ 126.618378296033526, 36.05252230220885 ], [ 126.618246931571662, 36.052784914198313 ], [ 126.618877115182414, 36.052616624407868 ] ] ], [ [ [ 126.61988362475492, 36.052981552580562 ], [ 126.619693314248138, 36.052602689212158 ], [ 126.619327180280962, 36.052478681587637 ], [ 126.61988362475492, 36.052981552580562 ] ] ], [ [ [ 126.615345945178078, 36.068002944006231 ], [ 126.616550977213322, 36.067418479847184 ], [ 126.616325461979187, 36.066172871570267 ], [ 126.617359638515978, 36.066544260292048 ], [ 126.617589609175425, 36.066501663939782 ], [ 126.613817362347021, 36.064305839077186 ], [ 126.613001673468304, 36.066172136281345 ], [ 126.615345945178078, 36.068002944006231 ] ] ] ] } },
{ "type": "Feature", "properties": { "sgg_cd": "34550", "sgg_nm": "청양군", "sigungu_nm": "청양군" }, "geometry": { "type": "Polygon", "coordinates": [ [ [ 126.992662722453645, 36.375809202968775 ], [ 126.988282985858248, 36.366443945712604 ], [ 126.987268360287558, 36.355629755040724 ], [ 126.987492054390358, 36.345837394348095 ], [ 126.989686609773827, 36.345678518816712 ], [ 126.987506647751388, 36.342153560512827 ], [ 126.985282236268432, 36.342403068341852 ], [ 126.984095099510625, 36.340584779383704 ], [ 126.984284379288766, 36.338573778554775 ], [ 126.976886364123345, 36.334854995563362 ], [ 126.97710966517964, 36.336699858148492 ], [ 126.972952186847365, 36.334358213855261 ], [ 126.963627868426499, 36.333546242049771 ], [ 126.960319036395802, 36.332449632538193 ], [ 126.95908027302977, 36.329582922116209 ], [ 126.957406404183601, 36.32805767867896 ], [ 126.926809788806054, 36.31449818248273 ], [ 126.925050791723677, 36.31637701194866 ], [ 126.920182136858983, 36.318104082822302 ], [ 126.918235629438598, 36.32002036133693 ], [ 126.914706666093977, 36.320414064776585 ], [ 126.913308304788117, 36.323155741448218 ], [ 126.914307911667166, 36.325378356622771 ], [ 126.912356881379964, 36.327118859301073 ], [ 126.910646970541919, 36.327500364886447 ], [ 126.904217770561047, 36.325478823553041 ], [ 126.899859526629882, 36.325679575656459 ], [ 126.899143319450729, 36.326749166274219 ], [ 126.901151816211794, 36.330018466692124 ], [ 126.900103153790468, 36.331578816822649 ], [ 126.894997654351499, 36.32717739065793 ], [ 126.893077342120108, 36.322519558376399 ], [ 126.884662032787148, 36.325464087278313 ], [ 126.877661835301964, 36.324470171110491 ], [ 126.873995853604228, 36.323176571313951 ], [ 126.870934297111262, 36.324175105914783 ], [ 126.868716239193972, 36.323021381767845 ], [ 126.86649001040729, 36.323633528145741 ], [ 126.86209513607244, 36.321461880941605 ], [ 126.861080401224143, 36.324934103087777 ], [ 126.858656850713473, 36.326314278669258 ], [ 126.857376629436359, 36.330336065152345 ], [ 126.855463858485294, 36.331338826059223 ], [ 126.859978430836193, 36.336455590115882 ], [ 126.860479347586974, 36.340551538926697 ], [ 126.859852135591169, 36.343345114488493 ], [ 126.853618677386223, 36.346614561193142 ], [ 126.849322949819793, 36.354715448973423 ], [ 126.848081052596697, 36.355409404921723 ], [ 126.842543954123073, 36.354755001326822 ], [ 126.841406942629604, 36.355341931027652 ], [ 126.840712961355948, 36.357474849781788 ], [ 126.84449703253236, 36.361229577393814 ], [ 126.844834380317778, 36.363801899645594 ], [ 126.84361844843275, 36.364955006307007 ], [ 126.836610713339368, 36.363567408605789 ], [ 126.834588663685068, 36.364003390764829 ], [ 126.8344122005348, 36.371203308132628 ], [ 126.831991725487768, 36.375490361108824 ], [ 126.832469168234482, 36.37721882097054 ], [ 126.834461263731271, 36.377824774761578 ], [ 126.837634111512799, 36.376893006888274 ], [ 126.840619744000264, 36.373942517551555 ], [ 126.84432689218167, 36.374613667976938 ], [ 126.85026194189777, 36.384895067765022 ], [ 126.848652969857184, 36.387042252795155 ], [ 126.845241686314708, 36.385434131228678 ], [ 126.842038893077145, 36.385752787642424 ], [ 126.835675176625429, 36.383860927346127 ], [ 126.830489976578036, 36.384988098233748 ], [ 126.822700314151973, 36.381385566174828 ], [ 126.821087042662427, 36.379904692442956 ], [ 126.820929084268954, 36.377939979461871 ], [ 126.820621256285449, 36.378754449463756 ], [ 126.819229148923071, 36.376765354543721 ], [ 126.813136572295988, 36.376937418720921 ], [ 126.809011157036153, 36.376126064638136 ], [ 126.806824364552597, 36.373449348271009 ], [ 126.806544673761778, 36.369950442528911 ], [ 126.804570452759677, 36.368060138370872 ], [ 126.804745603222386, 36.366188884675879 ], [ 126.8034336472967, 36.363469860017346 ], [ 126.799957953456001, 36.361864775133022 ], [ 126.797337353623419, 36.358792839696825 ], [ 126.79724579680591, 36.354893440816554 ], [ 126.793856632096066, 36.352465256667507 ], [ 126.790890784388665, 36.351638947596555 ], [ 126.790383566361825, 36.3540169654934 ], [ 126.787643858811592, 36.35481750906925 ], [ 126.784992177761879, 36.35688532974762 ], [ 126.778310086108618, 36.355685276101866 ], [ 126.773552462052137, 36.353500642553307 ], [ 126.767625632264597, 36.353444340434734 ], [ 126.76646042342874, 36.352605532594175 ], [ 126.761306346764329, 36.355244269658684 ], [ 126.752589451427411, 36.355972133321899 ], [ 126.74909485957005, 36.359880552512358 ], [ 126.749420810440597, 36.361628699778635 ], [ 126.748068878545254, 36.362527299504528 ], [ 126.747656877280406, 36.364116116473696 ], [ 126.748271586844822, 36.366058800678445 ], [ 126.746485761386268, 36.366164026530072 ], [ 126.744545403343153, 36.36507042806015 ], [ 126.743817970496124, 36.363269153546156 ], [ 126.741287844253264, 36.363550460010678 ], [ 126.739104256573967, 36.365610371094974 ], [ 126.738560040854537, 36.369169623065837 ], [ 126.739375538743886, 36.373016934441694 ], [ 126.738581266056016, 36.375075727135055 ], [ 126.735235524246576, 36.378527152707925 ], [ 126.726718576229231, 36.376496220819469 ], [ 126.724816803807627, 36.374893593561602 ], [ 126.719589404647166, 36.380421857137733 ], [ 126.715162948949441, 36.383025280432662 ], [ 126.712781322843938, 36.387475813688745 ], [ 126.711368222107822, 36.388191906678685 ], [ 126.715674051989424, 36.393682505319511 ], [ 126.709227017150056, 36.396990506587223 ], [ 126.709661092108846, 36.400612839599617 ], [ 126.708520503247755, 36.402068246201466 ], [ 126.705589414512701, 36.404672977853373 ], [ 126.700875923412099, 36.405566596913069 ], [ 126.700130503235187, 36.406848027930167 ], [ 126.696697437580283, 36.40708629800897 ], [ 126.694450695135714, 36.409740097754998 ], [ 126.691291167562056, 36.410458485459266 ], [ 126.690138629922913, 36.413652354596621 ], [ 126.691625197760786, 36.418992785858585 ], [ 126.692962052292813, 36.419986675835325 ], [ 126.691526504751593, 36.420941000431839 ], [ 126.688853287932744, 36.42596362533196 ], [ 126.691639421338948, 36.428609876869878 ], [ 126.690658385927605, 36.430329388433542 ], [ 126.688724325040141, 36.431268859458697 ], [ 126.688599099315297, 36.433167163615749 ], [ 126.683953385515579, 36.436200811231053 ], [ 126.684096924520532, 36.438650655441656 ], [ 126.686441239206474, 36.44064897823678 ], [ 126.687119428808231, 36.443818332682604 ], [ 126.688782810257507, 36.445446186377339 ], [ 126.688115402025218, 36.447810818201326 ], [ 126.68741246031415, 36.448384303842602 ], [ 126.685842895124807, 36.447337915154321 ], [ 126.681387888775419, 36.4482657957833 ], [ 126.676847285079816, 36.450844068327434 ], [ 126.676682434598206, 36.453139031932203 ], [ 126.675724314393861, 36.453309046086027 ], [ 126.67477494566522, 36.455546107410896 ], [ 126.674879416682884, 36.460020900806498 ], [ 126.671929676550619, 36.461596012845952 ], [ 126.676812650798965, 36.462684100421924 ], [ 126.683630071274848, 36.467890430399791 ], [ 126.690496609513005, 36.470331816733037 ], [ 126.692963400623299, 36.472865039742899 ], [ 126.698667738877461, 36.475655836816806 ], [ 126.700796619650035, 36.478560152564292 ], [ 126.705065587861654, 36.478772933846244 ], [ 126.707998342098691, 36.478114899226071 ], [ 126.713966579694073, 36.480482395195871 ], [ 126.713861298693175, 36.481178883117472 ], [ 126.718208899439205, 36.482025658234235 ], [ 126.722673545275839, 36.479628881198394 ], [ 126.724383575141061, 36.480621851124475 ], [ 126.727455525773976, 36.479252544374624 ], [ 126.729456464724421, 36.479575417040131 ], [ 126.734834500543869, 36.472403423444177 ], [ 126.736545038190854, 36.472338405089666 ], [ 126.737042324193084, 36.474592099922226 ], [ 126.738771721295763, 36.475251048167742 ], [ 126.740578677669134, 36.478109069521622 ], [ 126.742724022940919, 36.483502916929858 ], [ 126.744534792753882, 36.484676127055572 ], [ 126.746852652502071, 36.484605939865943 ], [ 126.746186753587693, 36.487564825181487 ], [ 126.743696806054018, 36.488724363207261 ], [ 126.743215058658322, 36.490095441027691 ], [ 126.745888689354487, 36.492829095952366 ], [ 126.745811964250223, 36.494746255079498 ], [ 126.74864655634903, 36.498268805089324 ], [ 126.748995239343785, 36.50139495485309 ], [ 126.750329667908574, 36.503675901376631 ], [ 126.752035661829879, 36.504374735849673 ], [ 126.753334046374405, 36.502673595590977 ], [ 126.755606287868758, 36.50342652464527 ], [ 126.761429605375383, 36.509628784635908 ], [ 126.765577422525467, 36.511864885506299 ], [ 126.766603169805819, 36.516624714532874 ], [ 126.770393305322742, 36.518265481143509 ], [ 126.768337498443742, 36.51997173161481 ], [ 126.767386195039194, 36.522481471648128 ], [ 126.769537581251683, 36.52500954850801 ], [ 126.769447764054021, 36.528427734094976 ], [ 126.773191310844979, 36.534358777271571 ], [ 126.777697036973336, 36.532078751324192 ], [ 126.778962977486842, 36.5328261417392 ], [ 126.780559720206838, 36.532174354838155 ], [ 126.782837583857173, 36.534527954535534 ], [ 126.784975894196421, 36.534815787383053 ], [ 126.795523194630178, 36.530904042359552 ], [ 126.798131769277134, 36.530902688034509 ], [ 126.805141810332302, 36.526663286553024 ], [ 126.806241614020024, 36.530010785073323 ], [ 126.812429238266787, 36.531497695106751 ], [ 126.81573033442389, 36.529369787648321 ], [ 126.818578130794435, 36.529758383196139 ], [ 126.824669741925973, 36.528737081005005 ], [ 126.827413921907564, 36.535313804124165 ], [ 126.82948602449936, 36.536815584494271 ], [ 126.828950663564086, 36.538520877459561 ], [ 126.831254819195948, 36.54294225424966 ], [ 126.830524723273584, 36.543888258652579 ], [ 126.832082826040391, 36.549454988557024 ], [ 126.834010444022439, 36.552394491394928 ], [ 126.837310845725412, 36.553621336931016 ], [ 126.838728231697559, 36.557047890765389 ], [ 126.840008038574794, 36.557262128683767 ], [ 126.839259618422702, 36.558598486703943 ], [ 126.840480580009938, 36.562545491625826 ], [ 126.844856589509234, 36.565239488635314 ], [ 126.844680004486747, 36.566352696912794 ], [ 126.846145766074855, 36.568226067796147 ], [ 126.845737054435915, 36.569595123489492 ], [ 126.847317393774418, 36.569265142649968 ], [ 126.849403530436092, 36.570094969881666 ], [ 126.849734724384632, 36.571811910652471 ], [ 126.849973557277323, 36.570418348548941 ], [ 126.850191834356167, 36.571390974602167 ], [ 126.852612916796559, 36.570529539844131 ], [ 126.853577187782264, 36.571635114655749 ], [ 126.85804465853316, 36.569157895545601 ], [ 126.861058196222061, 36.568540011314646 ], [ 126.864047423205008, 36.5685339693065 ], [ 126.8687868606834, 36.570189974932376 ], [ 126.872222522914768, 36.569813628697503 ], [ 126.874013432812518, 36.567557219740912 ], [ 126.876344083055145, 36.567893110286121 ], [ 126.877229844979979, 36.56638087745813 ], [ 126.8860325427638, 36.563115852876784 ], [ 126.887824960291582, 36.561510370769739 ], [ 126.889280285597366, 36.561789130128382 ], [ 126.893571177461098, 36.559314445069873 ], [ 126.897840105233641, 36.559053817899567 ], [ 126.89902282376444, 36.559651016588077 ], [ 126.899523566690689, 36.558430410374939 ], [ 126.899858435329918, 36.549655214091437 ], [ 126.897681041226662, 36.549142548794798 ], [ 126.897868262744723, 36.548382371334981 ], [ 126.894694201830887, 36.547154575831861 ], [ 126.892735198357727, 36.54501794065505 ], [ 126.892899709614866, 36.54242870593324 ], [ 126.889719718354769, 36.541425496721899 ], [ 126.89049076711882, 36.538526503465221 ], [ 126.888396745474324, 36.533841677858902 ], [ 126.891590863590594, 36.531535187868265 ], [ 126.891816652919402, 36.529545556708541 ], [ 126.893876977995276, 36.526625743618425 ], [ 126.89067991435796, 36.525441744181443 ], [ 126.889482596708405, 36.521812670419891 ], [ 126.889999505853012, 36.520951152852035 ], [ 126.887882666400117, 36.518617146199816 ], [ 126.88802486212802, 36.517280769499195 ], [ 126.884424811043459, 36.514349395610182 ], [ 126.883572743544988, 36.512598363366756 ], [ 126.885646552998566, 36.509314290414409 ], [ 126.889966518041234, 36.50722999113497 ], [ 126.893951036953936, 36.503613565952918 ], [ 126.894018419155842, 36.501936639155858 ], [ 126.891824587465294, 36.498076868824562 ], [ 126.891831577072935, 36.494108716062627 ], [ 126.893197212785381, 36.489599685466175 ], [ 126.891435721870778, 36.48670706615227 ], [ 126.894303609614539, 36.483674482818792 ], [ 126.894626164472399, 36.480900057827427 ], [ 126.893781465442487, 36.480592057237097 ], [ 126.893498375781533, 36.479159256389863 ], [ 126.895123612915739, 36.477453594249191 ], [ 126.899363341981228, 36.47677241228012 ], [ 126.901059310428224, 36.471311165055695 ], [ 126.903237034456325, 36.470841556107921 ], [ 126.904983880088153, 36.468181190323143 ], [ 126.907622818838746, 36.467969837831774 ], [ 126.913572003774931, 36.465187820479983 ], [ 126.914379221387648, 36.457939162502853 ], [ 126.91545548269616, 36.45565382192045 ], [ 126.918004031940896, 36.455591702751342 ], [ 126.919619201405666, 36.454183075626283 ], [ 126.921676301068359, 36.454164473331481 ], [ 126.923605016154056, 36.45529444723217 ], [ 126.930579724610297, 36.454514506033384 ], [ 126.931072144012902, 36.455460166191564 ], [ 126.932764446422226, 36.455863575221429 ], [ 126.933758512350479, 36.457844716838338 ], [ 126.936989283866325, 36.458081662240524 ], [ 126.937971419256584, 36.460126402322594 ], [ 126.939179809417126, 36.460276577157806 ], [ 126.938648759974726, 36.460813893478743 ], [ 126.940586342774807, 36.462041600547884 ], [ 126.942287757559811, 36.461716622099942 ], [ 126.942222998341336, 36.462519189809363 ], [ 126.943734936758617, 36.462420803482082 ], [ 126.945922922996715, 36.464450571523237 ], [ 126.947774337436101, 36.46454773489895 ], [ 126.949365902837087, 36.465592934121112 ], [ 126.952615763269208, 36.465443085570421 ], [ 126.955731501182044, 36.467161583948972 ], [ 126.956299641432395, 36.468663351516305 ], [ 126.958236464793373, 36.464893297084394 ], [ 126.96039754164633, 36.464266628624387 ], [ 126.964668099559276, 36.464607083626923 ], [ 126.966802820632125, 36.467429470394443 ], [ 126.968887901213591, 36.466783478111907 ], [ 126.974587504678652, 36.466891063027987 ], [ 126.981937263728454, 36.463083698867159 ], [ 126.984433854478723, 36.46311534177751 ], [ 126.990351094573668, 36.461007331996022 ], [ 126.994846470367818, 36.461355728216951 ], [ 126.99831089447251, 36.459442604990834 ], [ 127.001189662146629, 36.455672147242701 ], [ 127.004098258716866, 36.455902752767592 ], [ 127.002047727569121, 36.451595240450445 ], [ 127.003380707786789, 36.450972588369829 ], [ 127.006641435408966, 36.451996992790811 ], [ 127.00747631840251, 36.449773622836283 ], [ 127.006368884244864, 36.447167069003605 ], [ 127.010442278129659, 36.445920978827147 ], [ 127.008366456677692, 36.444419569235222 ], [ 127.006339042526747, 36.44096314980748 ], [ 127.006977731480987, 36.438368627318617 ], [ 127.013690810491454, 36.43764494631472 ], [ 127.017799201234297, 36.439237537974918 ], [ 127.020223604351983, 36.438536528651206 ], [ 127.017849465836107, 36.434611194371527 ], [ 127.020758437584661, 36.432260420690696 ], [ 127.021006513773443, 36.428595462432753 ], [ 127.023711571474024, 36.426529353642216 ], [ 127.023875738621712, 36.424239241919317 ], [ 127.020462026442303, 36.422211097375765 ], [ 127.019206461914294, 36.420332075659331 ], [ 127.015504196344267, 36.419329743007317 ], [ 127.015334667222547, 36.418325235984675 ], [ 127.018075709338007, 36.415238686102583 ], [ 127.020556800014859, 36.415072456538411 ], [ 127.020729152369384, 36.413875564189837 ], [ 127.019333546510765, 36.412312251712116 ], [ 127.022227030855618, 36.411980893380772 ], [ 127.025936439923512, 36.40827781625066 ], [ 127.026202779554623, 36.406624961265912 ], [ 127.027348287498086, 36.40612569820636 ], [ 127.028231070481638, 36.403542256113802 ], [ 127.023680697538467, 36.398884716334798 ], [ 127.025775136248143, 36.397098312747779 ], [ 127.006371386526112, 36.384223265806234 ], [ 127.002191910879546, 36.380392265643763 ], [ 126.992662722453645, 36.375809202968775 ] ] ] } },
{ "type": "Feature", "properties": { "sgg_cd": "34560", "sgg_nm": "홍성군", "sigungu_nm": "홍성군" }, "geometry": { "type": "MultiPolygon", "coordinates": [ [ [ [ 126.436663609935465, 36.518026674555152 ], [ 126.43712751044103, 36.517710019367584 ], [ 126.436495993101076, 36.517864649837605 ], [ 126.436663609935465, 36.518026674555152 ] ] ], [ [ [ 126.440965987587262, 36.521495426990541 ], [ 126.439470116029213, 36.520550714301002 ], [ 126.440257789713982, 36.520005301806343 ], [ 126.441475243579887, 36.519926734046138 ], [ 126.44147331631298, 36.520911158794732 ], [ 126.443052771800268, 36.520219168790504 ], [ 126.441526654558587, 36.518275638286497 ], [ 126.442413647947433, 36.51844349787018 ], [ 126.441714477748221, 36.517914114985139 ], [ 126.444452929551801, 36.516213647093061 ], [ 126.441003706249035, 36.515980221523726 ], [ 126.440755500924439, 36.515253638584781 ], [ 126.439060514615136, 36.516030323243861 ], [ 126.439896977186038, 36.517518724076872 ], [ 126.44121775819238, 36.517776110428208 ], [ 126.441171346709282, 36.518726609485526 ], [ 126.440183596970783, 36.519530186016652 ], [ 126.438027357058132, 36.519003646259037 ], [ 126.436740762604359, 36.520787174773794 ], [ 126.438127875828755, 36.520499368325225 ], [ 126.438940120765253, 36.521476957715869 ], [ 126.440965987587262, 36.521495426990541 ] ] ], [ [ [ 126.435923344323072, 36.518846001502403 ], [ 126.435386828936487, 36.51895064681888 ], [ 126.435412852722408, 36.519080818822559 ], [ 126.435923344323072, 36.518846001502403 ] ] ], [ [ [ 126.436569307627209, 36.52030519054874 ], [ 126.436534447712575, 36.520213658159975 ], [ 126.436457213774077, 36.520236389667438 ], [ 126.436569307627209, 36.52030519054874 ] ] ], [ [ [ 126.432272469483692, 36.52189523590615 ], [ 126.432597275389483, 36.521284782475981 ], [ 126.431616642856227, 36.521657890724988 ], [ 126.432272469483692, 36.52189523590615 ] ] ], [ [ [ 126.426847471034378, 36.524154727627078 ], [ 126.426907334876105, 36.524570253776346 ], [ 126.42717429433965, 36.524525038122476 ], [ 126.426847471034378, 36.524154727627078 ] ] ], [ [ [ 126.428226136714187, 36.524494628739113 ], [ 126.427321941202905, 36.524979767055029 ], [ 126.428219784864268, 36.525741895105938 ], [ 126.427991291069858, 36.525299141402911 ], [ 126.428226136714187, 36.524494628739113 ] ] ], [ [ [ 126.431764149801509, 36.528446837217039 ], [ 126.433130094228545, 36.526036089589766 ], [ 126.431488745658427, 36.525926367917229 ], [ 126.430600969491977, 36.525045177634489 ], [ 126.429884962799846, 36.525956740693303 ], [ 126.431764149801509, 36.528446837217039 ] ] ], [ [ [ 126.427728069465502, 36.528304199854396 ], [ 126.426444669085313, 36.527102176633001 ], [ 126.425900400887798, 36.527270208228586 ], [ 126.426867190640891, 36.529036983583438 ], [ 126.427728069465502, 36.528304199854396 ] ] ], [ [ [ 126.462486142086902, 36.550333398610825 ], [ 126.463223360277041, 36.552462777970447 ], [ 126.463440351139994, 36.552968244309824 ], [ 126.462486142086902, 36.550333398610825 ] ] ], [ [ [ 126.737598065890097, 36.546113487251027 ], [ 126.740963479845291, 36.542655147650116 ], [ 126.74084522705202, 36.540299817336468 ], [ 126.741704709948792, 36.539379137652048 ], [ 126.74087215457088, 36.537008161819422 ], [ 126.746336792850897, 36.533517337784794 ], [ 126.747046863177559, 36.532841593966751 ], [ 126.746569155333731, 36.531775528768925 ], [ 126.748907109566048, 36.530857107891421 ], [ 126.750414502647729, 36.531462372969827 ], [ 126.75357417431924, 36.528408469131932 ], [ 126.755888741884917, 36.528758512034607 ], [ 126.759104652752583, 36.527372264451358 ], [ 126.765844043786856, 36.535405378441347 ], [ 126.767163808356145, 36.535177626694065 ], [ 126.769043775625491, 36.536425164694691 ], [ 126.773191310844979, 36.534358777271571 ], [ 126.769447764054021, 36.528427734094976 ], [ 126.769537581251683, 36.52500954850801 ], [ 126.767386195039194, 36.522481471648128 ], [ 126.768337498443742, 36.51997173161481 ], [ 126.770393305322742, 36.518265481143509 ], [ 126.766603169805819, 36.516624714532874 ], [ 126.765577422525467, 36.511864885506299 ], [ 126.761429605375383, 36.509628784635908 ], [ 126.755606287868758, 36.50342652464527 ], [ 126.753334046374405, 36.502673595590977 ], [ 126.752035661829879, 36.504374735849673 ], [ 126.750329667908574, 36.503675901376631 ], [ 126.748995239343785, 36.50139495485309 ], [ 126.74864655634903, 36.498268805089324 ], [ 126.745811964250223, 36.494746255079498 ], [ 126.745888689354487, 36.492829095952366 ], [ 126.743215058658322, 36.490095441027691 ], [ 126.743696806054018, 36.488724363207261 ], [ 126.746186753587693, 36.487564825181487 ], [ 126.746852652502071, 36.484605939865943 ], [ 126.744534792753882, 36.484676127055572 ], [ 126.742724022940919, 36.483502916929858 ], [ 126.740578677669134, 36.478109069521622 ], [ 126.738771721295763, 36.475251048167742 ], [ 126.737042324193084, 36.474592099922226 ], [ 126.736545038190854, 36.472338405089666 ], [ 126.734834500543869, 36.472403423444177 ], [ 126.729456464724421, 36.479575417040131 ], [ 126.727455525773976, 36.479252544374624 ], [ 126.724383575141061, 36.480621851124475 ], [ 126.722673545275839, 36.479628881198394 ], [ 126.718208899439205, 36.482025658234235 ], [ 126.713861298693175, 36.481178883117472 ], [ 126.713966579694073, 36.480482395195871 ], [ 126.707998342098691, 36.478114899226071 ], [ 126.705065587861654, 36.478772933846244 ], [ 126.700796619650035, 36.478560152564292 ], [ 126.697011359091164, 36.474354496829257 ], [ 126.692963400623299, 36.472865039742899 ], [ 126.690496609513005, 36.470331816733037 ], [ 126.683630071274848, 36.467890430399791 ], [ 126.679068479084876, 36.463828298416601 ], [ 126.67610903081102, 36.462369366410044 ], [ 126.669688364086213, 36.461634154810987 ], [ 126.664920760451238, 36.46265073479902 ], [ 126.663576201383307, 36.46120547918656 ], [ 126.658357002255244, 36.459733650023736 ], [ 126.654450588067235, 36.462181008436396 ], [ 126.653858118646951, 36.46457424065359 ], [ 126.654441633909883, 36.466763648003806 ], [ 126.652791519628877, 36.467472938977714 ], [ 126.64772191173364, 36.466017772242822 ], [ 126.643931756510483, 36.466642447560318 ], [ 126.638408609481473, 36.465308131073307 ], [ 126.63624592750142, 36.466635552370967 ], [ 126.634211322404965, 36.466616773168276 ], [ 126.633553452667215, 36.471679764339726 ], [ 126.631653037831541, 36.473722026089305 ], [ 126.631747503291763, 36.47616924569823 ], [ 126.623075663275529, 36.477044620745033 ], [ 126.621870761874476, 36.47850390106796 ], [ 126.619184363367467, 36.479501601119267 ], [ 126.616488456789654, 36.483513139888004 ], [ 126.614682807197781, 36.484772216610338 ], [ 126.617020781248968, 36.489093382328306 ], [ 126.615734057043156, 36.490853145241125 ], [ 126.618647855893229, 36.495033260760358 ], [ 126.617135619440944, 36.494458072657629 ], [ 126.615246696276799, 36.491989906035506 ], [ 126.6152789805694, 36.487300792287968 ], [ 126.610235163414785, 36.482518317758505 ], [ 126.61039204577412, 36.481225017100236 ], [ 126.609603687791861, 36.480888014340117 ], [ 126.608906374229221, 36.481943436470388 ], [ 126.602877220026187, 36.479337264524645 ], [ 126.598984636231634, 36.478864226718329 ], [ 126.59848200754854, 36.481431614588935 ], [ 126.601893555345598, 36.488534281535522 ], [ 126.60068310495862, 36.488720308978827 ], [ 126.599749568526917, 36.4908390918579 ], [ 126.597508196459557, 36.492934007423067 ], [ 126.598252191434526, 36.493559152881502 ], [ 126.596752753001809, 36.495484800393299 ], [ 126.597260552975484, 36.496997336394806 ], [ 126.59656903259436, 36.498985682414663 ], [ 126.592701977003458, 36.503484132887152 ], [ 126.59303642140101, 36.506706041500394 ], [ 126.590003670756559, 36.508890386579985 ], [ 126.586699124688593, 36.50679088010645 ], [ 126.584215703029955, 36.506859621785345 ], [ 126.580615250675265, 36.505120757252953 ], [ 126.577309099191055, 36.504671994924628 ], [ 126.575182365215198, 36.503189662386553 ], [ 126.573847431135107, 36.503519141785603 ], [ 126.571668479272489, 36.501922795152439 ], [ 126.570292666694712, 36.503951487045384 ], [ 126.570044855794634, 36.502983637703046 ], [ 126.566244968045098, 36.502986402160666 ], [ 126.566094883377858, 36.502467171973194 ], [ 126.564919887624399, 36.506019858843992 ], [ 126.56571219971589, 36.508193945692462 ], [ 126.564394587458665, 36.508389917305564 ], [ 126.563090463811406, 36.507018722840314 ], [ 126.561647878972082, 36.508262028736958 ], [ 126.561744852328346, 36.511172598060682 ], [ 126.55991156201253, 36.514683615000436 ], [ 126.559666209767897, 36.518655638323899 ], [ 126.56169349729737, 36.519485592030755 ], [ 126.559463882990272, 36.519232169542654 ], [ 126.55913874440958, 36.524256967044522 ], [ 126.558295169830927, 36.524228468288364 ], [ 126.558560497894277, 36.519125502766677 ], [ 126.556458735955445, 36.519548281472296 ], [ 126.556060114634704, 36.519356941651274 ], [ 126.558692502445538, 36.518724561982005 ], [ 126.558060212606975, 36.51601765506274 ], [ 126.560527062223514, 36.51090525776695 ], [ 126.558528009396341, 36.507868528917832 ], [ 126.555879946253143, 36.506347180738956 ], [ 126.547131326265514, 36.507329563911256 ], [ 126.546420178382618, 36.50824414350047 ], [ 126.542775924623044, 36.50919906931864 ], [ 126.537165405928704, 36.512884236008233 ], [ 126.534737830230696, 36.516566816905986 ], [ 126.533151806102921, 36.516961158183811 ], [ 126.530873083429441, 36.519620231801071 ], [ 126.528580691320656, 36.520951574898746 ], [ 126.526512018435582, 36.520767110943162 ], [ 126.523176456871624, 36.522599388125244 ], [ 126.517662763662742, 36.523921065293905 ], [ 126.516376998002102, 36.525094955419142 ], [ 126.515459790464959, 36.523700801778233 ], [ 126.512764804479431, 36.523126397287378 ], [ 126.514371867345702, 36.525688725787717 ], [ 126.512111339439727, 36.526910085203639 ], [ 126.513226424370799, 36.527656525195582 ], [ 126.511836972214581, 36.527006850097621 ], [ 126.510043799517007, 36.528650702207607 ], [ 126.507745438622422, 36.528894421311513 ], [ 126.507533256225869, 36.52835153468412 ], [ 126.506133541944891, 36.529875987344901 ], [ 126.506449467622659, 36.529970837002509 ], [ 126.506934851725802, 36.529386624363568 ], [ 126.507471052763819, 36.529192561729531 ], [ 126.506938915011148, 36.530190284906347 ], [ 126.504535378687265, 36.531614139455208 ], [ 126.501108013334843, 36.531768961556473 ], [ 126.499972845586981, 36.529565655376437 ], [ 126.494610693137375, 36.526218820420247 ], [ 126.491274200241833, 36.522105735952842 ], [ 126.485923730879819, 36.519260476538236 ], [ 126.485798698794753, 36.517751358355554 ], [ 126.483280637210484, 36.516972358924697 ], [ 126.483611169044494, 36.514364305931167 ], [ 126.48144003525104, 36.514369224671654 ], [ 126.481078350372684, 36.515195585977047 ], [ 126.482726707757948, 36.514668736640601 ], [ 126.482647224875322, 36.516061976611674 ], [ 126.480999246401026, 36.515720024538183 ], [ 126.4829378105876, 36.516961479681171 ], [ 126.482029913649271, 36.518341258512827 ], [ 126.482889237780583, 36.518813609705973 ], [ 126.483248181553051, 36.521043550905311 ], [ 126.488096652860477, 36.526511612862109 ], [ 126.486280119380254, 36.529482828116194 ], [ 126.484126037477168, 36.53125425341937 ], [ 126.481466069330821, 36.530316575968648 ], [ 126.481900307501959, 36.531409630279477 ], [ 126.480553975375102, 36.534109771028895 ], [ 126.478138381060333, 36.536531640481037 ], [ 126.476689542268176, 36.535594999296123 ], [ 126.471850925603476, 36.537813166886934 ], [ 126.470885675081547, 36.536613083950392 ], [ 126.471673527535529, 36.537870153485464 ], [ 126.469555693782979, 36.538978626459169 ], [ 126.466722788532792, 36.536827377117042 ], [ 126.468226137184857, 36.533869505769665 ], [ 126.470279330925706, 36.533281483691027 ], [ 126.466938393093812, 36.533985998258089 ], [ 126.466254685734327, 36.534806709331164 ], [ 126.466505436871415, 36.537384374448443 ], [ 126.468965389343765, 36.539760866118137 ], [ 126.468126319212317, 36.541948791710077 ], [ 126.464160402482761, 36.546394744844918 ], [ 126.464235691991064, 36.548318348354087 ], [ 126.462618559544268, 36.549421050014224 ], [ 126.464360438078316, 36.548410078183188 ], [ 126.465049670224502, 36.548923008848647 ], [ 126.46622513592007, 36.551506824027285 ], [ 126.464271032563659, 36.552080377043346 ], [ 126.466523172314623, 36.551583086541577 ], [ 126.468197020856778, 36.556218605166649 ], [ 126.461668213495187, 36.556553862123032 ], [ 126.46200958912209, 36.55697236047866 ], [ 126.469427969377207, 36.556132443201101 ], [ 126.472151284190829, 36.559087496249667 ], [ 126.468796085459914, 36.562381807365263 ], [ 126.467217329121695, 36.561893383562989 ], [ 126.466825580732149, 36.562143157056234 ], [ 126.468530958845136, 36.562468674228462 ], [ 126.468165063449106, 36.563898076999976 ], [ 126.463689902028776, 36.563818960149078 ], [ 126.46815592746394, 36.563972803408589 ], [ 126.467396113686775, 36.564689557456511 ], [ 126.467688752268401, 36.567588242571176 ], [ 126.466579584373974, 36.570777938871117 ], [ 126.45982156609935, 36.568807472936143 ], [ 126.459703105230432, 36.56890655591944 ], [ 126.466341533222803, 36.570877333030055 ], [ 126.465266713934611, 36.575131834011636 ], [ 126.463886003782761, 36.576599844838455 ], [ 126.462343615631724, 36.576212646664267 ], [ 126.464673311548665, 36.578965736088733 ], [ 126.464199892591381, 36.58331591638305 ], [ 126.461483620615482, 36.586845095372382 ], [ 126.458472917988999, 36.588035397472353 ], [ 126.458624051625293, 36.58732808054215 ], [ 126.458011854871444, 36.588309655973518 ], [ 126.45645350397173, 36.587823305829495 ], [ 126.455457870351793, 36.588525339914561 ], [ 126.457629780188398, 36.588426818827287 ], [ 126.457250739205378, 36.590403419644169 ], [ 126.455149005619788, 36.59227899346218 ], [ 126.453203702577568, 36.59282392978097 ], [ 126.4552367607088, 36.592358784868935 ], [ 126.456758931266037, 36.59438423251158 ], [ 126.456445270226226, 36.595226342736716 ], [ 126.440667348386143, 36.600337576279244 ], [ 126.452741000588276, 36.615361196652508 ], [ 126.453019698144473, 36.625778766071164 ], [ 126.497286999243642, 36.631270124127283 ], [ 126.50565521283113, 36.63485692165068 ], [ 126.511384410809299, 36.630686175246026 ], [ 126.514381597873125, 36.631911790576083 ], [ 126.515772336655871, 36.631726032834969 ], [ 126.519569421934392, 36.635396501787937 ], [ 126.518358814570632, 36.638208658233069 ], [ 126.524117089354135, 36.638891968246952 ], [ 126.526400196403742, 36.641320243313984 ], [ 126.52997584771623, 36.641395561947085 ], [ 126.52986984315875, 36.642048653744403 ], [ 126.534294617226195, 36.645929662402018 ], [ 126.536241923623066, 36.646210142266838 ], [ 126.538653986810118, 36.64462669018922 ], [ 126.541193648151676, 36.644754485915719 ], [ 126.544186268528847, 36.642499943556736 ], [ 126.545609827587185, 36.640210628733278 ], [ 126.554235810893459, 36.643356862108121 ], [ 126.556517791975295, 36.642940924549492 ], [ 126.558234727964418, 36.64380877067434 ], [ 126.560137775374116, 36.6436437126521 ], [ 126.561604601151885, 36.644518216032232 ], [ 126.563005749988008, 36.646996464018791 ], [ 126.565168576599589, 36.647937535589698 ], [ 126.56533950326039, 36.649536957340466 ], [ 126.567432447760893, 36.648239786549262 ], [ 126.570836591408096, 36.648640570641156 ], [ 126.574485018886634, 36.653168582702797 ], [ 126.579606767385059, 36.654868431982059 ], [ 126.579779988560347, 36.658227160902833 ], [ 126.581758849433172, 36.661833099559473 ], [ 126.581444773874367, 36.664330940827121 ], [ 126.585590069531179, 36.665534532569588 ], [ 126.590848203526321, 36.661737708162548 ], [ 126.592059358689511, 36.657341876490534 ], [ 126.594731227983758, 36.654441814786665 ], [ 126.59583046407424, 36.651665034648154 ], [ 126.595258082716981, 36.649354535526442 ], [ 126.591985369123705, 36.647817044557421 ], [ 126.59037201991606, 36.645684559014555 ], [ 126.589779490594807, 36.640601026675633 ], [ 126.588331096169725, 36.639746702671566 ], [ 126.58707447477201, 36.637508957607487 ], [ 126.588176157499944, 36.635585784688914 ], [ 126.586108405458447, 36.629357735708368 ], [ 126.586675124625458, 36.628147417415619 ], [ 126.585480702620998, 36.62624300503672 ], [ 126.585873695356995, 36.622380241628335 ], [ 126.586820549164884, 36.621316831825162 ], [ 126.585395296180863, 36.620454667649533 ], [ 126.585685148592717, 36.618360838175377 ], [ 126.586410663975684, 36.617751441934978 ], [ 126.5967418804223, 36.621510614822192 ], [ 126.60041683064712, 36.620941814032633 ], [ 126.60221480774014, 36.618893839682407 ], [ 126.606077760757017, 36.623036125099837 ], [ 126.606245456126217, 36.625294859593005 ], [ 126.615453358884196, 36.623503643153967 ], [ 126.617048623283807, 36.619506947499616 ], [ 126.615868206774479, 36.617402379920051 ], [ 126.617984552778481, 36.616606368626286 ], [ 126.618330915091761, 36.61459345179783 ], [ 126.622066954834693, 36.611507218016733 ], [ 126.623448156259215, 36.609064751198453 ], [ 126.624831754606276, 36.609639855130254 ], [ 126.626630960370903, 36.613891060377917 ], [ 126.626258452448809, 36.625129773711599 ], [ 126.623901970444749, 36.626744915964956 ], [ 126.625192292364943, 36.628881009531746 ], [ 126.624696583418512, 36.631379789502112 ], [ 126.62307736792701, 36.632157230840122 ], [ 126.621262274443026, 36.635601915700661 ], [ 126.618886781320725, 36.638006505539636 ], [ 126.619080793253119, 36.639015551466748 ], [ 126.621592668639209, 36.640329648743773 ], [ 126.623246145856015, 36.643875202594849 ], [ 126.626547687009761, 36.645546238307986 ], [ 126.62818128955891, 36.64955348444979 ], [ 126.630686167333636, 36.650389782399692 ], [ 126.634903569147397, 36.650227395496309 ], [ 126.638074496495577, 36.649201665895212 ], [ 126.638879678781265, 36.648045886534 ], [ 126.641549456250061, 36.647970629576157 ], [ 126.646065364067681, 36.649700271510611 ], [ 126.646676850685935, 36.648884042725783 ], [ 126.649503794746749, 36.648525750398711 ], [ 126.651985577109556, 36.649798040011838 ], [ 126.655357986649378, 36.654729425576697 ], [ 126.659420850181917, 36.656717722403172 ], [ 126.66901919097424, 36.658391710365578 ], [ 126.671452124047505, 36.658239933422031 ], [ 126.672400098919894, 36.660019701041506 ], [ 126.674075484623316, 36.659749794715587 ], [ 126.681069299853093, 36.661678309621948 ], [ 126.681433434798265, 36.660763161035092 ], [ 126.683101843389977, 36.660799787061322 ], [ 126.683299351319391, 36.660096462226527 ], [ 126.68995065576253, 36.659563704976186 ], [ 126.692231946712738, 36.65989254503684 ], [ 126.693402783830479, 36.661560514857598 ], [ 126.698238448295328, 36.663232109425266 ], [ 126.704083920465166, 36.66251073849751 ], [ 126.707605253768904, 36.662939914525452 ], [ 126.707986512038886, 36.664710437935312 ], [ 126.705055001899552, 36.6656845540492 ], [ 126.704777618291445, 36.666781540091264 ], [ 126.708613889993742, 36.672475432416036 ], [ 126.71065873975607, 36.672480453543862 ], [ 126.713614177663104, 36.670674403411248 ], [ 126.717022211946684, 36.670466323106638 ], [ 126.718959468199472, 36.671205069285627 ], [ 126.720220340593627, 36.669342440640577 ], [ 126.724449581067944, 36.668410389683132 ], [ 126.725541457431788, 36.667476045487383 ], [ 126.727549287396428, 36.668418127611673 ], [ 126.729498268822212, 36.671051908508275 ], [ 126.730936301693418, 36.670236279107449 ], [ 126.735170606745953, 36.672531303718145 ], [ 126.736185171106527, 36.672658870176889 ], [ 126.737468183237979, 36.671568550689528 ], [ 126.739845104985505, 36.673020945644879 ], [ 126.743598302743223, 36.670167785975508 ], [ 126.745435883971226, 36.670676102145137 ], [ 126.743672648563944, 36.66511996338911 ], [ 126.74210441921123, 36.663656745748291 ], [ 126.742228176142973, 36.662454572913056 ], [ 126.738968896305437, 36.661744278075588 ], [ 126.737825997130969, 36.660134931425389 ], [ 126.736440778034947, 36.660404456635995 ], [ 126.735800875970853, 36.659569481610411 ], [ 126.737174646888391, 36.65855539382617 ], [ 126.736418233603132, 36.655463701492046 ], [ 126.737794592550657, 36.653147765098403 ], [ 126.736100939158788, 36.651676582703224 ], [ 126.736147196368293, 36.648432623479898 ], [ 126.742178455036523, 36.648617118525088 ], [ 126.745511591430471, 36.646438247728938 ], [ 126.747932522417571, 36.648134164393895 ], [ 126.751847573432642, 36.645663495313222 ], [ 126.752431348845505, 36.644525927770253 ], [ 126.750255645067298, 36.641618584570722 ], [ 126.751289836942163, 36.639286839852147 ], [ 126.749797803460879, 36.635300150725406 ], [ 126.755502386062759, 36.63186919381824 ], [ 126.757210270812877, 36.632304970097529 ], [ 126.757583535842357, 36.631827289156313 ], [ 126.758676320084419, 36.62663281477036 ], [ 126.75601792874663, 36.624485777346123 ], [ 126.756023818550247, 36.623562699762452 ], [ 126.761336337120341, 36.617879215293016 ], [ 126.764854641560618, 36.619261046833664 ], [ 126.770381197094352, 36.617093406437064 ], [ 126.770909401503133, 36.613333042797848 ], [ 126.770110790027147, 36.612483032918547 ], [ 126.770237902138021, 36.610682978478167 ], [ 126.772543358426361, 36.607113032640328 ], [ 126.770470876446851, 36.602133639641231 ], [ 126.769487661769418, 36.601681450751784 ], [ 126.770826646479406, 36.599421923366023 ], [ 126.77128453158052, 36.59735949023019 ], [ 126.770630764436319, 36.596589449630208 ], [ 126.772419238321206, 36.594042399325176 ], [ 126.771460766867733, 36.592519329557966 ], [ 126.769252500061157, 36.591692761847746 ], [ 126.763410267798221, 36.586585593192702 ], [ 126.762372126507671, 36.586923972718282 ], [ 126.755735567918094, 36.584813650002246 ], [ 126.755669735790661, 36.58321878068756 ], [ 126.753377049819903, 36.58190653565709 ], [ 126.75208797184122, 36.579990057370352 ], [ 126.74849344243782, 36.580492472216825 ], [ 126.746963699540899, 36.576093073762188 ], [ 126.748792788266954, 36.572687004625372 ], [ 126.74829652393413, 36.570005345145674 ], [ 126.749747911404683, 36.565297434582725 ], [ 126.748350672031606, 36.562076562197738 ], [ 126.748337718073543, 36.557490291113574 ], [ 126.745461351964394, 36.55460416832905 ], [ 126.744703277067941, 36.555383430213588 ], [ 126.742142354901503, 36.555723133183811 ], [ 126.737123295186805, 36.551480701639164 ], [ 126.736914926574926, 36.549788910168651 ], [ 126.738006566225835, 36.547865137274108 ], [ 126.737598065890097, 36.546113487251027 ] ] ] ] } },
{ "type": "Feature", "properties": { "sgg_cd": "34570", "sgg_nm": "예산군", "sigungu_nm": "예산군" }, "geometry": { "type": "Polygon", "coordinates": [ [ [ 126.845755762747174, 36.569567087015955 ], [ 126.846145766074855, 36.568226067796147 ], [ 126.844680004486747, 36.566352696912794 ], [ 126.844856589509234, 36.565239488635314 ], [ 126.840480580009938, 36.562545491625826 ], [ 126.839259618422702, 36.558598486703943 ], [ 126.840008038574794, 36.557262128683767 ], [ 126.838728231697559, 36.557047890765389 ], [ 126.837310845725412, 36.553621336931016 ], [ 126.834010444022439, 36.552394491394928 ], [ 126.832082826040391, 36.549454988557024 ], [ 126.830524723273584, 36.543888258652579 ], [ 126.831254819195948, 36.54294225424966 ], [ 126.828950663564086, 36.538520877459561 ], [ 126.82948602449936, 36.536815584494271 ], [ 126.827413921907564, 36.535313804124165 ], [ 126.824669741925973, 36.528737081005005 ], [ 126.818578130794435, 36.529758383196139 ], [ 126.81573033442389, 36.529369787648321 ], [ 126.812429238266787, 36.531497695106751 ], [ 126.806241614020024, 36.530010785073323 ], [ 126.805141810332302, 36.526663286553024 ], [ 126.798131769277134, 36.530902688034509 ], [ 126.795523194630178, 36.530904042359552 ], [ 126.784975894196421, 36.534815787383053 ], [ 126.782837583857173, 36.534527954535534 ], [ 126.780698283731425, 36.532218208088651 ], [ 126.778962977486842, 36.5328261417392 ], [ 126.777697036973336, 36.532078751324192 ], [ 126.769043775625491, 36.536425164694691 ], [ 126.767163808356145, 36.535177626694065 ], [ 126.765844043786856, 36.535405378441347 ], [ 126.759104652752583, 36.527372264451358 ], [ 126.755888741884917, 36.528758512034607 ], [ 126.75357417431924, 36.528408469131932 ], [ 126.750414502647729, 36.531462372969827 ], [ 126.748907109566048, 36.530857107891421 ], [ 126.746569155333731, 36.531775528768925 ], [ 126.747046863177559, 36.532841593966751 ], [ 126.746336792850897, 36.533517337784794 ], [ 126.74087215457088, 36.537008161819422 ], [ 126.741704709948792, 36.539379137652048 ], [ 126.74084522705202, 36.540299817336468 ], [ 126.740963479845291, 36.542655147650116 ], [ 126.73788238494862, 36.545429806557159 ], [ 126.736977600027757, 36.550957712461731 ], [ 126.742142354901503, 36.555723133183811 ], [ 126.744703277067941, 36.555383430213588 ], [ 126.745461351964394, 36.55460416832905 ], [ 126.748337718073543, 36.557490291113574 ], [ 126.748350672031606, 36.562076562197738 ], [ 126.749747911404683, 36.565297434582725 ], [ 126.74829652393413, 36.570005345145674 ], [ 126.748792788266954, 36.572687004625372 ], [ 126.746963699540899, 36.576093073762188 ], [ 126.74849344243782, 36.580492472216825 ], [ 126.75208797184122, 36.579990057370352 ], [ 126.753377049819903, 36.58190653565709 ], [ 126.755669735790661, 36.58321878068756 ], [ 126.755735567918094, 36.584813650002246 ], [ 126.762372126507671, 36.586923972718282 ], [ 126.763410267798221, 36.586585593192702 ], [ 126.769252500061157, 36.591692761847746 ], [ 126.771460766867733, 36.592519329557966 ], [ 126.772419238321206, 36.594042399325176 ], [ 126.770630764436319, 36.596589449630208 ], [ 126.77128453158052, 36.59735949023019 ], [ 126.770826646479406, 36.599421923366023 ], [ 126.769487661769418, 36.601681450751784 ], [ 126.770470876446851, 36.602133639641231 ], [ 126.772543358426361, 36.607113032640328 ], [ 126.770237902138021, 36.610682978478167 ], [ 126.770110790027147, 36.612483032918547 ], [ 126.770909401503133, 36.613333042797848 ], [ 126.770381197094352, 36.617093406437064 ], [ 126.764854641560618, 36.619261046833664 ], [ 126.761336337120341, 36.617879215293016 ], [ 126.756023818550247, 36.623562699762452 ], [ 126.75601792874663, 36.624485777346123 ], [ 126.758676320084419, 36.62663281477036 ], [ 126.757583535842357, 36.631827289156313 ], [ 126.757210270812877, 36.632304970097529 ], [ 126.755502386062759, 36.63186919381824 ], [ 126.749797803460879, 36.635300150725406 ], [ 126.751289836942163, 36.639286839852147 ], [ 126.750255645067298, 36.641618584570722 ], [ 126.752431348845505, 36.644525927770253 ], [ 126.751847573432642, 36.645663495313222 ], [ 126.747932522417571, 36.648134164393895 ], [ 126.745511591430471, 36.646438247728938 ], [ 126.742178455036523, 36.648617118525088 ], [ 126.736147196368293, 36.648432623479898 ], [ 126.736100939158788, 36.651676582703224 ], [ 126.737794592550657, 36.653147765098403 ], [ 126.736418233603132, 36.655463701492046 ], [ 126.737174646888391, 36.65855539382617 ], [ 126.735800875970853, 36.659569481610411 ], [ 126.736440778034947, 36.660404456635995 ], [ 126.737825997130969, 36.660134931425389 ], [ 126.738968896305437, 36.661744278075588 ], [ 126.742228176142973, 36.662454572913056 ], [ 126.74210441921123, 36.663656745748291 ], [ 126.743672648563944, 36.66511996338911 ], [ 126.745435883971226, 36.670676102145137 ], [ 126.743598302743223, 36.670167785975508 ], [ 126.739845104985505, 36.673020945644879 ], [ 126.737468183237979, 36.671568550689528 ], [ 126.736185171106527, 36.672658870176889 ], [ 126.735170606745953, 36.672531303718145 ], [ 126.730936301693418, 36.670236279107449 ], [ 126.729498268822212, 36.671051908508275 ], [ 126.727549287396428, 36.668418127611673 ], [ 126.725541457431788, 36.667476045487383 ], [ 126.724449581067944, 36.668410389683132 ], [ 126.720220340593627, 36.669342440640577 ], [ 126.718959468199472, 36.671205069285627 ], [ 126.717022211946684, 36.670466323106638 ], [ 126.713614177663104, 36.670674403411248 ], [ 126.71065873975607, 36.672480453543862 ], [ 126.708613889993742, 36.672475432416036 ], [ 126.704777618291445, 36.666781540091264 ], [ 126.705055001899552, 36.6656845540492 ], [ 126.707986512038886, 36.664710437935312 ], [ 126.707605253768904, 36.662939914525452 ], [ 126.704083920465166, 36.66251073849751 ], [ 126.698238448295328, 36.663232109425266 ], [ 126.693402783830479, 36.661560514857598 ], [ 126.692231946712738, 36.65989254503684 ], [ 126.68995065576253, 36.659563704976186 ], [ 126.683299351319391, 36.660096462226527 ], [ 126.683101843389977, 36.660799787061322 ], [ 126.681433434798265, 36.660763161035092 ], [ 126.681069299853093, 36.661678309621948 ], [ 126.674075484623316, 36.659749794715587 ], [ 126.672400098919894, 36.660019701041506 ], [ 126.671452124047505, 36.658239933422031 ], [ 126.66901919097424, 36.658391710365578 ], [ 126.659420850181917, 36.656717722403172 ], [ 126.655357986649378, 36.654729425576697 ], [ 126.651985577109556, 36.649798040011838 ], [ 126.649503794746749, 36.648525750398711 ], [ 126.646676850685935, 36.648884042725783 ], [ 126.646065364067681, 36.649700271510611 ], [ 126.641549456250061, 36.647970629576157 ], [ 126.638879678781265, 36.648045886534 ], [ 126.638074496495577, 36.649201665895212 ], [ 126.634903569147397, 36.650227395496309 ], [ 126.630686167333636, 36.650389782399692 ], [ 126.62818128955891, 36.64955348444979 ], [ 126.626547687009761, 36.645546238307986 ], [ 126.623246145856015, 36.643875202594849 ], [ 126.621592668639209, 36.640329648743773 ], [ 126.619080793253119, 36.639015551466748 ], [ 126.618886781320725, 36.638006505539636 ], [ 126.621262274443026, 36.635601915700661 ], [ 126.62307736792701, 36.632157230840122 ], [ 126.624696583418512, 36.631379789502112 ], [ 126.625192292364943, 36.628881009531746 ], [ 126.623901970444749, 36.626744915964956 ], [ 126.626258452448809, 36.625129773711599 ], [ 126.626630960370903, 36.613891060377917 ], [ 126.624831754606276, 36.609639855130254 ], [ 126.623448156259215, 36.609064751198453 ], [ 126.622066954834693, 36.611507218016733 ], [ 126.618330915091761, 36.61459345179783 ], [ 126.617984552778481, 36.616606368626286 ], [ 126.615868206774479, 36.617402379920051 ], [ 126.617048623283807, 36.619506947499616 ], [ 126.615453358884196, 36.623503643153967 ], [ 126.606245456126217, 36.625294859593005 ], [ 126.606077760757017, 36.623036125099837 ], [ 126.60221480774014, 36.618893839682407 ], [ 126.60041683064712, 36.620941814032633 ], [ 126.5967418804223, 36.621510614822192 ], [ 126.586410663975684, 36.617751441934978 ], [ 126.585685148592717, 36.618360838175377 ], [ 126.585395296180863, 36.620454667649533 ], [ 126.586820549164884, 36.621316831825162 ], [ 126.585873695356995, 36.622380241628335 ], [ 126.585480702620998, 36.62624300503672 ], [ 126.586675124625458, 36.628147417415619 ], [ 126.586108405458447, 36.629357735708368 ], [ 126.588176157499944, 36.635585784688914 ], [ 126.58707447477201, 36.637508957607487 ], [ 126.588331096169725, 36.639746702671566 ], [ 126.589779490594807, 36.640601026675633 ], [ 126.59037201991606, 36.645684559014555 ], [ 126.591985369123705, 36.647817044557421 ], [ 126.595258082716981, 36.649354535526442 ], [ 126.59583046407424, 36.651665034648154 ], [ 126.594731227983758, 36.654441814786665 ], [ 126.592059358689511, 36.657341876490534 ], [ 126.590848203526321, 36.661737708162548 ], [ 126.588977773917918, 36.66350464839018 ], [ 126.590844557355439, 36.665747850338967 ], [ 126.595042633241718, 36.668199603201764 ], [ 126.598181570105012, 36.674635964610637 ], [ 126.59909924700851, 36.678681178869098 ], [ 126.596257426289966, 36.685377478273352 ], [ 126.600342105737454, 36.690446357470293 ], [ 126.599669962522938, 36.694016825419297 ], [ 126.600186261281465, 36.696861442005094 ], [ 126.602474888323329, 36.697025029519615 ], [ 126.603537099444068, 36.698354837373579 ], [ 126.604846690983479, 36.6984814048975 ], [ 126.606107274730292, 36.702087325415903 ], [ 126.608105364494065, 36.702467704642885 ], [ 126.609600750819581, 36.704300464949803 ], [ 126.607549127503262, 36.708185388924903 ], [ 126.605465972388586, 36.710133691154965 ], [ 126.605133517087737, 36.71450660092669 ], [ 126.602618924788771, 36.71778075823525 ], [ 126.602274271057524, 36.720029886481214 ], [ 126.604612562417003, 36.724826012755109 ], [ 126.606287434507394, 36.725571217553409 ], [ 126.609106772247287, 36.729121118034115 ], [ 126.608805480601404, 36.732959502589509 ], [ 126.610473342871813, 36.734113767250008 ], [ 126.611741619768409, 36.733431231350735 ], [ 126.619211496352165, 36.734241257585573 ], [ 126.624863723072806, 36.733573384277506 ], [ 126.625854990700645, 36.735121043888739 ], [ 126.626996236170683, 36.735152221684316 ], [ 126.628001256373182, 36.736273898794671 ], [ 126.62887310006397, 36.738494981714453 ], [ 126.633163765572647, 36.740638601976435 ], [ 126.632555435782237, 36.74234276263126 ], [ 126.634201991346359, 36.744317941562201 ], [ 126.633912586890816, 36.748968255210244 ], [ 126.633278736874288, 36.753875080533469 ], [ 126.63186516902735, 36.754669108136511 ], [ 126.631655754374407, 36.755784677327874 ], [ 126.633154793676539, 36.757852562779703 ], [ 126.637287795254238, 36.758388045035836 ], [ 126.641787879950172, 36.75552855492586 ], [ 126.642837034186613, 36.753030390208316 ], [ 126.644942556729106, 36.751787895283606 ], [ 126.64579660020344, 36.753118794174902 ], [ 126.649674639363795, 36.753162726531571 ], [ 126.650297362375341, 36.751960452514702 ], [ 126.653162972876501, 36.750503931911297 ], [ 126.652763952800441, 36.756616997471248 ], [ 126.650317051375822, 36.757309683227781 ], [ 126.647720237494539, 36.759400219132566 ], [ 126.647578251996819, 36.761864805110484 ], [ 126.651303655008235, 36.76647618402572 ], [ 126.649600004865036, 36.768166083937089 ], [ 126.64916477928557, 36.770065724037494 ], [ 126.650345392091907, 36.771814088243985 ], [ 126.653330465608065, 36.771781770526978 ], [ 126.653621050849694, 36.774913805523894 ], [ 126.654655307702242, 36.77480479065084 ], [ 126.656706295224566, 36.776113414905716 ], [ 126.660235783800402, 36.770915483480849 ], [ 126.662129690767756, 36.770812757674932 ], [ 126.662544073705959, 36.770109679397606 ], [ 126.665020979535313, 36.770918128813804 ], [ 126.66724679293344, 36.774100787730255 ], [ 126.668983131309261, 36.780633034599049 ], [ 126.671969392945243, 36.781289868078545 ], [ 126.676002056637742, 36.783859826117151 ], [ 126.679977486220594, 36.783765594993469 ], [ 126.683028219793343, 36.781415161198652 ], [ 126.685387518550499, 36.78385274994092 ], [ 126.687694760558173, 36.782348102241151 ], [ 126.688090551438549, 36.779718470036059 ], [ 126.689210242908899, 36.783558165521441 ], [ 126.692801794553645, 36.784333189295921 ], [ 126.6946718626414, 36.785980011324497 ], [ 126.695206920719286, 36.790435655291034 ], [ 126.697453284539023, 36.793047291016734 ], [ 126.697122349259459, 36.796912466267806 ], [ 126.695439065918947, 36.797209458610148 ], [ 126.69512947108133, 36.798767559983602 ], [ 126.69625299774863, 36.80051774040048 ], [ 126.699120738677223, 36.801915591851412 ], [ 126.701403701781814, 36.801724248973386 ], [ 126.703194033144172, 36.802778823831723 ], [ 126.703243142285203, 36.801004787165184 ], [ 126.704422272067077, 36.800864998340764 ], [ 126.706707914548048, 36.802529642965212 ], [ 126.708995341326641, 36.802729307309207 ], [ 126.709327592311922, 36.803574338561731 ], [ 126.71354408753642, 36.803517605897973 ], [ 126.71935812369405, 36.799627792540406 ], [ 126.724913848384148, 36.79852037349 ], [ 126.736497188755891, 36.786025618006214 ], [ 126.737274356909722, 36.780480474304703 ], [ 126.743539770673564, 36.777963242220309 ], [ 126.744708975914392, 36.771924972072775 ], [ 126.746786842422566, 36.76745403308901 ], [ 126.75431732290933, 36.765603501013004 ], [ 126.759123954359495, 36.763293913564738 ], [ 126.760349779154737, 36.761359256466491 ], [ 126.762001354816448, 36.761020170399313 ], [ 126.764295800489265, 36.758191622699805 ], [ 126.765234557722152, 36.758826519055816 ], [ 126.767804894111237, 36.756360579944442 ], [ 126.766053378602123, 36.75514260179424 ], [ 126.766973274171946, 36.754268087806224 ], [ 126.768471419832267, 36.754209366646599 ], [ 126.772024302884262, 36.750798239325661 ], [ 126.771246537240188, 36.750284797225262 ], [ 126.77200211298242, 36.749262082240413 ], [ 126.775985390694714, 36.753550262868835 ], [ 126.776051677229077, 36.754876696311953 ], [ 126.778893171145825, 36.756438157651367 ], [ 126.78284667985352, 36.760012486647121 ], [ 126.783242848570765, 36.761497505570603 ], [ 126.786967561713126, 36.764012175089739 ], [ 126.788044002893699, 36.762984593896597 ], [ 126.79419474989642, 36.767730230681117 ], [ 126.798954926811987, 36.766065195683588 ], [ 126.800819401619108, 36.766338398371154 ], [ 126.801836877299323, 36.768898411073863 ], [ 126.799367726137902, 36.771810466380771 ], [ 126.800226586421445, 36.77239313629547 ], [ 126.798902573842909, 36.773857436474913 ], [ 126.800664383883898, 36.775046506165218 ], [ 126.802107690071097, 36.775424309462096 ], [ 126.806063858091875, 36.771866143838565 ], [ 126.810394053105654, 36.770047303990573 ], [ 126.813725062202082, 36.773419096079259 ], [ 126.823287982160366, 36.776123892197695 ], [ 126.824864448240504, 36.777337106836669 ], [ 126.821784835207097, 36.780260247921632 ], [ 126.820508271076207, 36.779379175692263 ], [ 126.814437027230781, 36.785815223950685 ], [ 126.816898319469743, 36.787076400477261 ], [ 126.819240841527687, 36.784859073052154 ], [ 126.821011196383779, 36.786074608094793 ], [ 126.823354114448932, 36.783849859394643 ], [ 126.824846642034231, 36.784866952534259 ], [ 126.825584498937857, 36.784161252783719 ], [ 126.82888877469081, 36.785109995189757 ], [ 126.829635855454384, 36.784331329348255 ], [ 126.832486677593081, 36.786299836775925 ], [ 126.835243957471349, 36.786173819425386 ], [ 126.833314200885994, 36.783733980418234 ], [ 126.832224009649082, 36.776031078919928 ], [ 126.830834036009847, 36.775805205284186 ], [ 126.82913476318268, 36.773200516347245 ], [ 126.8295558251383, 36.771414965047633 ], [ 126.832102477838589, 36.77016495005298 ], [ 126.830937120189816, 36.766400584002099 ], [ 126.83217576731505, 36.76214517289359 ], [ 126.830874769179943, 36.762081372284193 ], [ 126.834309914229365, 36.760220940486896 ], [ 126.83798211040515, 36.760633415984643 ], [ 126.837298008721433, 36.756152359187595 ], [ 126.838989301491821, 36.753032604706064 ], [ 126.841860354890088, 36.751663750529943 ], [ 126.844020623517409, 36.75296362399682 ], [ 126.847234918720318, 36.753253378723599 ], [ 126.847998883135148, 36.750422619983034 ], [ 126.850042812316474, 36.74905584137877 ], [ 126.854179668513623, 36.748047545774355 ], [ 126.85578557914819, 36.748633272908648 ], [ 126.858978975231011, 36.747040485516401 ], [ 126.858262587523143, 36.745967859636266 ], [ 126.858725773858566, 36.744600976438292 ], [ 126.856780010169544, 36.744098794125257 ], [ 126.859311001224071, 36.741188995506072 ], [ 126.860031645909473, 36.737922468297207 ], [ 126.863151164352203, 36.735770785157015 ], [ 126.863714759031183, 36.732073198292454 ], [ 126.865016170658748, 36.731992470291274 ], [ 126.866813954254511, 36.729446613582667 ], [ 126.871508630927636, 36.727983013627146 ], [ 126.873999776362083, 36.728740668837808 ], [ 126.874966919146502, 36.728184425125548 ], [ 126.886629324677386, 36.731438221644787 ], [ 126.888542581788599, 36.72948357767519 ], [ 126.888670524156353, 36.727756932844073 ], [ 126.892071330764978, 36.724483423818064 ], [ 126.893111518095367, 36.723985381715167 ], [ 126.895519320191895, 36.724470774668653 ], [ 126.898724357065745, 36.723009548649884 ], [ 126.89903961518371, 36.717029219053231 ], [ 126.901064569977493, 36.716843114284458 ], [ 126.902924075839877, 36.714733510788953 ], [ 126.902656957011331, 36.711642737973172 ], [ 126.905427680502527, 36.709593833426823 ], [ 126.903193577689365, 36.707877910595741 ], [ 126.901975730046317, 36.704515999022071 ], [ 126.902193883386403, 36.702267888416714 ], [ 126.906780507463722, 36.701614364887341 ], [ 126.909717606824969, 36.702469071178093 ], [ 126.911067445185481, 36.70387642026526 ], [ 126.913287322575073, 36.703865704271458 ], [ 126.919670598331152, 36.702425927271072 ], [ 126.921988319348472, 36.700751689375089 ], [ 126.924799335694459, 36.701582575835872 ], [ 126.92839245414504, 36.70454332244298 ], [ 126.933556225966072, 36.702092511039339 ], [ 126.93871588512522, 36.703430129895203 ], [ 126.941221947494071, 36.701452896094189 ], [ 126.943777580036524, 36.702946652050812 ], [ 126.946435779087935, 36.702729667480632 ], [ 126.949982976713841, 36.703766416031272 ], [ 126.952415562528671, 36.702529532309164 ], [ 126.954716978053838, 36.69889781321092 ], [ 126.966712942208858, 36.695404164037107 ], [ 126.969544238243557, 36.693970199065205 ], [ 126.972339323833523, 36.690900063152455 ], [ 126.967822496475151, 36.686588961760187 ], [ 126.967665915287881, 36.679247022223343 ], [ 126.964460351741224, 36.678472507323015 ], [ 126.963552115981003, 36.676247850874411 ], [ 126.957383761572132, 36.672030144169078 ], [ 126.956889638238067, 36.665653377565981 ], [ 126.958101460168777, 36.663905071060228 ], [ 126.957794966724521, 36.66257073335295 ], [ 126.959769604940533, 36.662368120336872 ], [ 126.958675029615492, 36.658581591900926 ], [ 126.960085707961923, 36.655616813524034 ], [ 126.95436524506286, 36.652350071549492 ], [ 126.954025699195668, 36.649246674534673 ], [ 126.954986834255308, 36.64855628476235 ], [ 126.955153297148428, 36.645434214620707 ], [ 126.948377363891751, 36.640996422248925 ], [ 126.946897597548329, 36.636131901732831 ], [ 126.944738143766031, 36.633115202625412 ], [ 126.943525664411553, 36.632949594768178 ], [ 126.944688108891938, 36.631789390291992 ], [ 126.945396554612415, 36.628113945704875 ], [ 126.944070838541336, 36.627862123727326 ], [ 126.941911108154244, 36.625195964928835 ], [ 126.938769825383545, 36.623821540377477 ], [ 126.936706242830027, 36.623917587440779 ], [ 126.935847137100623, 36.623126373703577 ], [ 126.937503896718127, 36.615824147444449 ], [ 126.932211633968649, 36.613063158394198 ], [ 126.931902350282584, 36.610700033664266 ], [ 126.930248892470729, 36.608647001233869 ], [ 126.930068250355049, 36.606820409204197 ], [ 126.932070297038166, 36.604334737551028 ], [ 126.931971722347271, 36.603258669981379 ], [ 126.930777716382849, 36.602522136544984 ], [ 126.928645397147847, 36.603141787812085 ], [ 126.927031161742178, 36.601423000313929 ], [ 126.928148487687011, 36.600093391906022 ], [ 126.9273978351941, 36.59562384761324 ], [ 126.930385516474459, 36.593549952585974 ], [ 126.93098049725026, 36.591743814141175 ], [ 126.924818596052575, 36.587660388142076 ], [ 126.924539657002398, 36.585471846993265 ], [ 126.922499890394093, 36.583917176847606 ], [ 126.922012878679482, 36.580243585071493 ], [ 126.920458306619622, 36.577486746281664 ], [ 126.917386904038253, 36.576918874182894 ], [ 126.91556060608039, 36.573834547008765 ], [ 126.911430872970229, 36.572158469768368 ], [ 126.911350652443403, 36.568487108605595 ], [ 126.910349325322272, 36.566913287290078 ], [ 126.906650174921552, 36.56637733204672 ], [ 126.906580848237041, 36.565398124158826 ], [ 126.904589889797109, 36.564597048515751 ], [ 126.903502048396646, 36.562576475654723 ], [ 126.904098624725151, 36.561469956297856 ], [ 126.902937155026933, 36.560703319567686 ], [ 126.900515043148857, 36.561147638589937 ], [ 126.899031719083496, 36.559617219290445 ], [ 126.897173336418703, 36.559043532291106 ], [ 126.893189345946908, 36.559408448487808 ], [ 126.892273464080048, 36.560590100485165 ], [ 126.889280285597366, 36.561789130128382 ], [ 126.887824960291582, 36.561510370769739 ], [ 126.8860325427638, 36.563115852876784 ], [ 126.877229844979979, 36.56638087745813 ], [ 126.876344083055145, 36.567893110286121 ], [ 126.874013432812518, 36.567557219740912 ], [ 126.872222522914768, 36.569813628697503 ], [ 126.8687868606834, 36.570189974932376 ], [ 126.864047423205008, 36.5685339693065 ], [ 126.861058196222061, 36.568540011314646 ], [ 126.85804465853316, 36.569157895545601 ], [ 126.853577187782264, 36.571635114655749 ], [ 126.852612916796559, 36.570529539844131 ], [ 126.850191834356167, 36.571390974602167 ], [ 126.849973557277323, 36.570418348548941 ], [ 126.849734724384632, 36.571811910652471 ], [ 126.849403530436092, 36.570094969881666 ], [ 126.847317393774418, 36.569265142649968 ], [ 126.845755762747174, 36.569567087015955 ] ] ] } },
{ "type": "Feature", "properties": { "sgg_cd": "34580", "sgg_nm": "태안군", "sigungu_nm": "태안군" }, "geometry": { "type": "MultiPolygon", "coordinates": [ [ [ [ 125.546422530901935, 36.608804072033827 ], [ 125.546379996798422, 36.608741621219295 ], [ 125.546354412812022, 36.608797168255862 ], [ 125.546422530901935, 36.608804072033827 ] ] ], [ [ [ 125.545684228810316, 36.608914365344894 ], [ 125.545752639699543, 36.608935715734283 ], [ 125.545728842703156, 36.608891029415204 ], [ 125.545684228810316, 36.608914365344894 ] ] ], [ [ [ 125.545950199121364, 36.609945816321179 ], [ 125.545995880599918, 36.609921753299268 ], [ 125.545986176034504, 36.609912101100164 ], [ 125.545950199121364, 36.609945816321179 ] ] ], [ [ [ 125.546035570925852, 36.610037447186357 ], [ 125.545919296160221, 36.610027004115437 ], [ 125.545926262669283, 36.61004334628921 ], [ 125.546035570925852, 36.610037447186357 ] ] ], [ [ [ 125.545983373666772, 36.610074263797451 ], [ 125.546023658675168, 36.610121829023086 ], [ 125.546057451887137, 36.610076383854093 ], [ 125.545983373666772, 36.610074263797451 ] ] ], [ [ [ 125.545909790708905, 36.61018346668034 ], [ 125.545925264505101, 36.610148989710893 ], [ 125.545907615562598, 36.610141096416037 ], [ 125.545909790708905, 36.61018346668034 ] ] ], [ [ [ 125.545883499534895, 36.610405030565715 ], [ 125.546035497586558, 36.610315463637264 ], [ 125.546064123520793, 36.610203205003131 ], [ 125.545883499534895, 36.610405030565715 ] ] ], [ [ [ 125.545591931888325, 36.610477896735389 ], [ 125.545543389357945, 36.610473640927459 ], [ 125.545533834675581, 36.61049764573513 ], [ 125.545591931888325, 36.610477896735389 ] ] ], [ [ [ 125.545556651199902, 36.610579148742744 ], [ 125.545566861885334, 36.610548201687273 ], [ 125.545529531488455, 36.610567485593769 ], [ 125.545556651199902, 36.610579148742744 ] ] ], [ [ [ 125.581182501613469, 36.611408387665826 ], [ 125.581218035268748, 36.61146496841306 ], [ 125.581235627083373, 36.611417041909114 ], [ 125.581182501613469, 36.611408387665826 ] ] ], [ [ [ 125.580266449849546, 36.611556449283988 ], [ 125.580083060007198, 36.611721021290968 ], [ 125.580340213848842, 36.611764259132094 ], [ 125.580266449849546, 36.611556449283988 ] ] ], [ [ [ 125.581025004794682, 36.611661056616441 ], [ 125.580766418767865, 36.611777430700592 ], [ 125.580904288332846, 36.611856640193857 ], [ 125.581025004794682, 36.611661056616441 ] ] ], [ [ [ 125.545188292694263, 36.611171126359579 ], [ 125.545193999209218, 36.611225856190295 ], [ 125.545257459981684, 36.611172775152937 ], [ 125.545188292694263, 36.611171126359579 ] ] ], [ [ [ 125.580798569044973, 36.611838791923844 ], [ 125.580791837094665, 36.61190857090039 ], [ 125.580847633869837, 36.611911227478949 ], [ 125.580798569044973, 36.611838791923844 ] ] ], [ [ [ 125.543021207646447, 36.611457731648841 ], [ 125.543040845172087, 36.611325292779618 ], [ 125.542866720979063, 36.611532824955233 ], [ 125.543021207646447, 36.611457731648841 ] ] ], [ [ [ 125.542168086058666, 36.613352383774313 ], [ 125.543868185986724, 36.613790840762114 ], [ 125.544074312682341, 36.612093612811123 ], [ 125.546709167938289, 36.608904657944471 ], [ 125.545101265828052, 36.609046337186186 ], [ 125.542356622049653, 36.61270878641907 ], [ 125.541142090657374, 36.613107581444041 ], [ 125.54092918591364, 36.613752647112179 ], [ 125.542168086058666, 36.613352383774313 ] ] ], [ [ [ 125.54457642284747, 36.61156962041612 ], [ 125.544619853138556, 36.61156860995176 ], [ 125.544610789923567, 36.611551358980897 ], [ 125.54457642284747, 36.61156962041612 ] ] ], [ [ [ 125.581100681722205, 36.612153101181171 ], [ 125.581170425587757, 36.612298571180261 ], [ 125.581207652652964, 36.612181459315501 ], [ 125.581100681722205, 36.612153101181171 ] ] ], [ [ [ 125.580585841420415, 36.61230661248338 ], [ 125.580987682983647, 36.612319666544735 ], [ 125.581002864260256, 36.612196515655917 ], [ 125.580585841420415, 36.61230661248338 ] ] ], [ [ [ 125.544662456689835, 36.611752263319296 ], [ 125.544629974268972, 36.611823746116428 ], [ 125.544685948466721, 36.611764330410544 ], [ 125.544662456689835, 36.611752263319296 ] ] ], [ [ [ 125.544623588827605, 36.612123932949132 ], [ 125.544810628390749, 36.61174088133712 ], [ 125.544411781356928, 36.61219709944082 ], [ 125.544623588827605, 36.612123932949132 ] ] ], [ [ [ 125.542241063992535, 36.612571448817604 ], [ 125.542251577632129, 36.612535482939059 ], [ 125.542239795400235, 36.612538671157033 ], [ 125.542241063992535, 36.612571448817604 ] ] ], [ [ [ 125.542179415739994, 36.612562898527443 ], [ 125.542049289951308, 36.612571889606677 ], [ 125.542112681960504, 36.61265702737056 ], [ 125.542179415739994, 36.612562898527443 ] ] ], [ [ [ 125.542181718007427, 36.612605997394432 ], [ 125.542245065811116, 36.612588813270399 ], [ 125.542197980821427, 36.612575510668954 ], [ 125.542181718007427, 36.612605997394432 ] ] ], [ [ [ 125.542216337362106, 36.61265428738055 ], [ 125.542289939957158, 36.612636134271881 ], [ 125.542220077266364, 36.61263593970348 ], [ 125.542216337362106, 36.61265428738055 ] ] ], [ [ [ 125.544195116646307, 36.613736307225828 ], [ 125.543947092270301, 36.613985223426646 ], [ 125.543930844865869, 36.614065470497991 ], [ 125.544195116646307, 36.613736307225828 ] ] ], [ [ [ 125.543739913592631, 36.61447344553617 ], [ 125.543999719456338, 36.614165181985364 ], [ 125.543983406372661, 36.614100851657845 ], [ 125.543739913592631, 36.61447344553617 ] ] ], [ [ [ 125.575357505045204, 36.614534768490152 ], [ 125.574963965581318, 36.615458989966577 ], [ 125.575478195218949, 36.615932267697325 ], [ 125.575357505045204, 36.614534768490152 ] ] ], [ [ [ 125.578756719661129, 36.615334585698115 ], [ 125.578606567505332, 36.615396635865785 ], [ 125.57878592488828, 36.615377463638339 ], [ 125.578756719661129, 36.615334585698115 ] ] ], [ [ [ 125.575057340613071, 36.616166916526197 ], [ 125.575135299768831, 36.616282857295985 ], [ 125.575250554266532, 36.616284977471118 ], [ 125.575057340613071, 36.616166916526197 ] ] ], [ [ [ 125.572220208784458, 36.621443976710445 ], [ 125.574337488804233, 36.621392122970605 ], [ 125.574941356086015, 36.620137212566988 ], [ 125.576064045691751, 36.619798805478645 ], [ 125.575931796127733, 36.617918377657944 ], [ 125.577188714242325, 36.617596567152987 ], [ 125.577035341244695, 36.616495114317367 ], [ 125.580523346458975, 36.613933534570776 ], [ 125.580660512087888, 36.612769157731663 ], [ 125.578263901155523, 36.613626276973001 ], [ 125.578639560096278, 36.614101861112417 ], [ 125.576431709843533, 36.614179831924538 ], [ 125.575807271789245, 36.616215838942743 ], [ 125.574908603128961, 36.616814374026156 ], [ 125.573794000752002, 36.61596106064637 ], [ 125.573520167950036, 36.617343996488366 ], [ 125.572194193962389, 36.616683510130009 ], [ 125.572622117319682, 36.618875447100578 ], [ 125.57226303007063, 36.619740129845461 ], [ 125.571139913812118, 36.618884499784066 ], [ 125.571004775673217, 36.619753365473152 ], [ 125.571658805740043, 36.620361869252434 ], [ 125.572220208784458, 36.621443976710445 ] ] ], [ [ [ 125.569726823808281, 36.621014067600441 ], [ 125.570694180768982, 36.61943635188711 ], [ 125.57041102211781, 36.618954160319994 ], [ 125.569726823808281, 36.621014067600441 ] ] ], [ [ [ 125.570642645745593, 36.62002482472834 ], [ 125.570704033802457, 36.620098197629709 ], [ 125.570705219832149, 36.620039313485812 ], [ 125.570642645745593, 36.62002482472834 ] ] ], [ [ [ 125.571175650998242, 36.620263386543549 ], [ 125.571383657729015, 36.620234525940063 ], [ 125.571201828862343, 36.620211463524861 ], [ 125.571175650998242, 36.620263386543549 ] ] ], [ [ [ 125.575444339776439, 36.620235991412954 ], [ 125.575381568736645, 36.620494591989761 ], [ 125.575529274373807, 36.620378362318093 ], [ 125.575444339776439, 36.620235991412954 ] ] ], [ [ [ 125.575446393633086, 36.620568090144275 ], [ 125.575221547840243, 36.620506204364879 ], [ 125.575255312673661, 36.620615006037958 ], [ 125.575446393633086, 36.620568090144275 ] ] ], [ [ [ 125.559521097904252, 36.623117377756969 ], [ 125.559853748125263, 36.622803141997323 ], [ 125.559822485159003, 36.62278530159675 ], [ 125.559521097904252, 36.623117377756969 ] ] ], [ [ [ 125.560797551155133, 36.626790272030568 ], [ 125.561290476917804, 36.6227649504007 ], [ 125.560364383060531, 36.622539757419091 ], [ 125.560033249408903, 36.623814506862139 ], [ 125.557429124277789, 36.625521306817433 ], [ 125.558048754358509, 36.626802684992462 ], [ 125.560797551155133, 36.626790272030568 ] ] ], [ [ [ 125.709996089608396, 36.627801164048627 ], [ 125.709987368335192, 36.627815696496498 ], [ 125.710003949902045, 36.627822013722614 ], [ 125.709996089608396, 36.627801164048627 ] ] ], [ [ [ 125.709842732011225, 36.627837670510459 ], [ 125.709919916203532, 36.627798393195825 ], [ 125.709792474992369, 36.627792140425804 ], [ 125.709842732011225, 36.627837670510459 ] ] ], [ [ [ 125.709398530141073, 36.62783523537869 ], [ 125.709501168652395, 36.627799283074467 ], [ 125.709386081895246, 36.627799245762006 ], [ 125.709398530141073, 36.62783523537869 ] ] ], [ [ [ 125.710380544301501, 36.627921588381838 ], [ 125.710130475834362, 36.627780717777156 ], [ 125.710106342344758, 36.627803165228727 ], [ 125.710380544301501, 36.627921588381838 ] ] ], [ [ [ 125.712258025420638, 36.628347203117109 ], [ 125.712189612783092, 36.628325156276283 ], [ 125.71223194016271, 36.628368859147834 ], [ 125.712258025420638, 36.628347203117109 ] ] ], [ [ [ 125.712286196791482, 36.628327318038878 ], [ 125.712303388266989, 36.628259037549682 ], [ 125.712249145095427, 36.628215485756897 ], [ 125.712286196791482, 36.628327318038878 ] ] ], [ [ [ 125.562423354211006, 36.625894286582984 ], [ 125.562562052766779, 36.626003929661998 ], [ 125.562554911842611, 36.62586278468067 ], [ 125.562423354211006, 36.625894286582984 ] ] ], [ [ [ 125.712079139321844, 36.628507004717484 ], [ 125.712083710225372, 36.628550501425821 ], [ 125.71210905078317, 36.62854036459963 ], [ 125.712079139321844, 36.628507004717484 ] ] ], [ [ [ 125.712420120858368, 36.628635736799581 ], [ 125.712358650905841, 36.628583271994835 ], [ 125.712321750479802, 36.62861416522923 ], [ 125.712420120858368, 36.628635736799581 ] ] ], [ [ [ 125.562322992696963, 36.626683653300944 ], [ 125.562209402511769, 36.626055408579589 ], [ 125.562050524399439, 36.626781889404285 ], [ 125.562322992696963, 36.626683653300944 ] ] ], [ [ [ 125.712891731142861, 36.628773067458319 ], [ 125.713025536981363, 36.628814501026227 ], [ 125.713115695237448, 36.628789081084186 ], [ 125.712891731142861, 36.628773067458319 ] ] ], [ [ [ 125.71249150951796, 36.62876133991643 ], [ 125.712478956994801, 36.628805217801883 ], [ 125.712555874025497, 36.62877942830616 ], [ 125.71249150951796, 36.62876133991643 ] ] ], [ [ [ 125.713320678207523, 36.62884339910191 ], [ 125.713266263965465, 36.628848185777002 ], [ 125.713319139003303, 36.628855717598078 ], [ 125.713320678207523, 36.62884339910191 ] ] ], [ [ [ 125.713379366051356, 36.628921364765397 ], [ 125.713396118499332, 36.628869738488547 ], [ 125.713288637003316, 36.628873669669574 ], [ 125.713379366051356, 36.628921364765397 ] ] ], [ [ [ 125.710683031768795, 36.628893477736 ], [ 125.710647397044298, 36.62895626375559 ], [ 125.710725101890603, 36.628944509024919 ], [ 125.710683031768795, 36.628893477736 ] ] ], [ [ [ 125.56154536332329, 36.626526504285792 ], [ 125.561267582142747, 36.626510510607233 ], [ 125.561172035849282, 36.626819776717021 ], [ 125.56154536332329, 36.626526504285792 ] ] ], [ [ [ 125.712711697387121, 36.628944220885714 ], [ 125.712725296575556, 36.629000369495699 ], [ 125.712743999438729, 36.629003761676152 ], [ 125.712711697387121, 36.628944220885714 ] ] ], [ [ [ 125.710796622077879, 36.629003087304568 ], [ 125.710765010605101, 36.628956209832154 ], [ 125.710743086963802, 36.628970812615236 ], [ 125.710796622077879, 36.629003087304568 ] ] ], [ [ [ 125.714758518391278, 36.629276510834806 ], [ 125.71487350871277, 36.629090325258673 ], [ 125.714525651231398, 36.629133006548763 ], [ 125.714758518391278, 36.629276510834806 ] ] ], [ [ [ 125.715826336934356, 36.629382810500069 ], [ 125.715726873745766, 36.629176728875336 ], [ 125.715565897334585, 36.629354081556286 ], [ 125.715826336934356, 36.629382810500069 ] ] ], [ [ [ 125.710063163916388, 36.629255736419815 ], [ 125.710330966771195, 36.629257366597777 ], [ 125.710133602146669, 36.62906713736799 ], [ 125.710063163916388, 36.629255736419815 ] ] ], [ [ [ 125.710016822348621, 36.629394676850133 ], [ 125.710006863823267, 36.62924021420298 ], [ 125.709939038625777, 36.629232119113873 ], [ 125.710016822348621, 36.629394676850133 ] ] ], [ [ [ 125.557921002335718, 36.626815111878827 ], [ 125.558152316325021, 36.627122484851931 ], [ 125.558230370003344, 36.626927998792453 ], [ 125.557921002335718, 36.626815111878827 ] ] ], [ [ [ 125.558532826362764, 36.626958039211758 ], [ 125.558635082384399, 36.62742339789574 ], [ 125.559262822315802, 36.627250706726052 ], [ 125.558532826362764, 36.626958039211758 ] ] ], [ [ [ 125.71010632807895, 36.629768432551202 ], [ 125.710133262750674, 36.629794223536621 ], [ 125.710134219836689, 36.629775474972341 ], [ 125.71010632807895, 36.629768432551202 ] ] ], [ [ [ 125.717377856830566, 36.630024438799872 ], [ 125.717430436426895, 36.629930190428034 ], [ 125.717294219114649, 36.629952167868929 ], [ 125.717377856830566, 36.630024438799872 ] ] ], [ [ [ 125.717066061097029, 36.629964119339988 ], [ 125.717010611648632, 36.629989829300165 ], [ 125.717106446028041, 36.630013653960233 ], [ 125.717066061097029, 36.629964119339988 ] ] ], [ [ [ 125.712329670939013, 36.632441203252263 ], [ 125.713393694712579, 36.631579604315817 ], [ 125.71825934585614, 36.631583413594342 ], [ 125.717503840978949, 36.630752098490348 ], [ 125.718048865176115, 36.630363217365073 ], [ 125.71274828595422, 36.629079728718573 ], [ 125.712009190220115, 36.628580388182421 ], [ 125.711871273200444, 36.627810972695379 ], [ 125.710743133571697, 36.628068767441711 ], [ 125.711180243895896, 36.628932104763422 ], [ 125.710025454939071, 36.63003592500592 ], [ 125.711381708506323, 36.631450951913976 ], [ 125.710363856650929, 36.631941773178745 ], [ 125.712329670939013, 36.632441203252263 ] ] ], [ [ [ 125.710050420905716, 36.630273571780329 ], [ 125.710060931315667, 36.630299281806202 ], [ 125.710073242648818, 36.630283691020956 ], [ 125.710050420905716, 36.630273571780329 ] ] ], [ [ [ 125.718027539873816, 36.630937395221011 ], [ 125.71791047781791, 36.630952697730152 ], [ 125.718000454758553, 36.63097646649333 ], [ 125.718027539873816, 36.630937395221011 ] ] ], [ [ [ 125.714499307185037, 36.631692718822819 ], [ 125.714505368961511, 36.631724402774751 ], [ 125.71451539846035, 36.631694164279295 ], [ 125.714499307185037, 36.631692718822819 ] ] ], [ [ [ 125.710554427604677, 36.633318744239581 ], [ 125.711037069395019, 36.632899024223114 ], [ 125.710322440723957, 36.63291114509726 ], [ 125.710554427604677, 36.633318744239581 ] ] ], [ [ [ 125.699169344955948, 36.637877483279922 ], [ 125.69913984577228, 36.637858600629343 ], [ 125.699142343848479, 36.637883797406232 ], [ 125.699169344955948, 36.637877483279922 ] ] ], [ [ [ 125.701353547298709, 36.638095456466125 ], [ 125.701874082472472, 36.637860660934486 ], [ 125.701233192912298, 36.637921799967991 ], [ 125.701353547298709, 36.638095456466125 ] ] ], [ [ [ 125.699693121533826, 36.638178419008661 ], [ 125.699731797508974, 36.638215436970604 ], [ 125.699754104588692, 36.638170914845205 ], [ 125.699693121533826, 36.638178419008661 ] ] ], [ [ [ 125.699690752917405, 36.638241646669996 ], [ 125.699665536254315, 36.638232702477183 ], [ 125.699664967375313, 36.638264928626178 ], [ 125.699690752917405, 36.638241646669996 ] ] ], [ [ [ 125.6975625821986, 36.638218245541182 ], [ 125.697585252017063, 36.638267358072632 ], [ 125.697619799411058, 36.638255629514127 ], [ 125.6975625821986, 36.638218245541182 ] ] ], [ [ [ 125.700951153077085, 36.63857238076632 ], [ 125.701058010856201, 36.638406677402557 ], [ 125.700759265692284, 36.638350195153158 ], [ 125.700951153077085, 36.63857238076632 ] ] ], [ [ [ 125.697509057601209, 36.638617843141787 ], [ 125.697321435821067, 36.638382749579847 ], [ 125.697298359324989, 36.638521746423258 ], [ 125.697509057601209, 36.638617843141787 ] ] ], [ [ [ 125.700811028668085, 36.638861689135361 ], [ 125.700889698741747, 36.638890865092975 ], [ 125.700871076229248, 36.638843260104622 ], [ 125.700811028668085, 36.638861689135361 ] ] ], [ [ [ 125.688784261191728, 36.639164096030406 ], [ 125.689235659385972, 36.639118385216776 ], [ 125.688707099880688, 36.63901231670247 ], [ 125.688784261191728, 36.639164096030406 ] ] ], [ [ [ 125.696839975168004, 36.639260777703448 ], [ 125.696888468442395, 36.639297979464807 ], [ 125.6969354944613, 36.639222902597297 ], [ 125.696839975168004, 36.639260777703448 ] ] ], [ [ [ 125.691948060894305, 36.639924471906937 ], [ 125.69203132474864, 36.639823820162455 ], [ 125.691924903675073, 36.639824384033908 ], [ 125.691948060894305, 36.639924471906937 ] ] ], [ [ [ 125.692276802103081, 36.639845561251846 ], [ 125.692147038069592, 36.639947962626515 ], [ 125.692294558848602, 36.639965595473157 ], [ 125.692276802103081, 36.639845561251846 ] ] ], [ [ [ 125.698202609089137, 36.640068138701302 ], [ 125.698290671826072, 36.640040201762602 ], [ 125.698189822954632, 36.640041522546184 ], [ 125.698202609089137, 36.640068138701302 ] ] ], [ [ [ 125.690325739065472, 36.64009780736739 ], [ 125.690248738482467, 36.640059930008377 ], [ 125.690203887214992, 36.640104767475165 ], [ 125.690325739065472, 36.64009780736739 ] ] ], [ [ [ 125.690467555527064, 36.640335538156705 ], [ 125.69038725588139, 36.640127250567765 ], [ 125.689845326429989, 36.640218175937747 ], [ 125.690467555527064, 36.640335538156705 ] ] ], [ [ [ 125.694552459631808, 36.640304790022924 ], [ 125.694794870725715, 36.640316252540096 ], [ 125.694843454650169, 36.640267606628392 ], [ 125.694552459631808, 36.640304790022924 ] ] ], [ [ [ 125.690554454265794, 36.640279841611125 ], [ 125.690531617950938, 36.640298158351868 ], [ 125.690558828138819, 36.64030247829902 ], [ 125.690554454265794, 36.640279841611125 ] ] ], [ [ [ 125.690499487100553, 36.640312645472605 ], [ 125.690543775910541, 36.640341186859139 ], [ 125.690546144060974, 36.640314735265321 ], [ 125.690499487100553, 36.640312645472605 ] ] ], [ [ [ 125.691460861409482, 36.640337246709556 ], [ 125.691370239085259, 36.640371880109846 ], [ 125.691461129582862, 36.640391213837354 ], [ 125.691460861409482, 36.640337246709556 ] ] ], [ [ [ 125.690514533955053, 36.640368636270203 ], [ 125.690535895228834, 36.640389082949447 ], [ 125.690554269817156, 36.640358005366956 ], [ 125.690514533955053, 36.640368636270203 ] ] ], [ [ [ 125.692118321929684, 36.645137196232888 ], [ 125.691548791116389, 36.643500363107641 ], [ 125.692399837526622, 36.641246354515403 ], [ 125.693494155283929, 36.641112778837908 ], [ 125.693858792119116, 36.640294279229337 ], [ 125.696746690069105, 36.63979271201358 ], [ 125.698062441403778, 36.639746720891722 ], [ 125.698682743319182, 36.640183335263217 ], [ 125.700691819346034, 36.638468703105765 ], [ 125.699477101849922, 36.638388026002424 ], [ 125.698595844504098, 36.637988486625673 ], [ 125.696885306726472, 36.639474482580653 ], [ 125.69349537942557, 36.639102540363794 ], [ 125.692305231924919, 36.639458871676467 ], [ 125.692348881170631, 36.639979291540726 ], [ 125.692245525097277, 36.640237765407235 ], [ 125.691396864873042, 36.640518381673637 ], [ 125.689705459010142, 36.640419575005552 ], [ 125.690101827091453, 36.641221230673487 ], [ 125.688999736613511, 36.64107188727867 ], [ 125.689515160060452, 36.641318297863478 ], [ 125.688502751422348, 36.642664369856263 ], [ 125.689841861467869, 36.64347124268474 ], [ 125.689187459201932, 36.643499493847244 ], [ 125.68907827524977, 36.64374422031733 ], [ 125.69065904756701, 36.643821653836831 ], [ 125.691151140623589, 36.645042581560652 ], [ 125.692118321929684, 36.645137196232888 ] ] ], [ [ [ 125.691923221263949, 36.64621872425905 ], [ 125.69182927200697, 36.64630952561177 ], [ 125.691954046979603, 36.646351812141546 ], [ 125.691923221263949, 36.64621872425905 ] ] ], [ [ [ 125.691054296154405, 36.646480217801816 ], [ 125.691023515121714, 36.646353221820078 ], [ 125.690835924844762, 36.646446953471198 ], [ 125.691054296154405, 36.646480217801816 ] ] ], [ [ [ 125.691042668773036, 36.646631925014049 ], [ 125.691762513030042, 36.646500868953268 ], [ 125.691693642002775, 36.64596361826765 ], [ 125.691042668773036, 36.646631925014049 ] ] ], [ [ [ 125.690631344926871, 36.646580371630641 ], [ 125.69054245930873, 36.646667607354757 ], [ 125.690602125324801, 36.646680761710428 ], [ 125.690631344926871, 36.646580371630641 ] ] ], [ [ [ 125.690770882374295, 36.646661777651914 ], [ 125.690745912683056, 36.64667959327106 ], [ 125.690776612233734, 36.64667361311254 ], [ 125.690770882374295, 36.646661777651914 ] ] ], [ [ [ 125.746657614588173, 36.661843743521111 ], [ 125.746675043522046, 36.661852319833862 ], [ 125.746675189121959, 36.661834855188495 ], [ 125.746657614588173, 36.661843743521111 ] ] ], [ [ [ 125.747501321523927, 36.66249498141763 ], [ 125.747313095486746, 36.662467760247793 ], [ 125.747535547497534, 36.662614129179445 ], [ 125.747501321523927, 36.66249498141763 ] ] ], [ [ [ 125.74575556336336, 36.665517530794872 ], [ 125.747813748624651, 36.663486603588147 ], [ 125.746669255452275, 36.661918768485421 ], [ 125.745272514018069, 36.661430806136266 ], [ 125.745956524936915, 36.663854985649792 ], [ 125.745444844942327, 36.66431963740893 ], [ 125.74475599143932, 36.664207038161841 ], [ 125.744346494239849, 36.663899641584493 ], [ 125.74388536141069, 36.663969196371532 ], [ 125.744320498240498, 36.66517959871404 ], [ 125.74575556336336, 36.665517530794872 ] ] ], [ [ [ 125.744493083901091, 36.663902924294597 ], [ 125.744495105873312, 36.663968665895297 ], [ 125.744569660250193, 36.663953033840123 ], [ 125.744493083901091, 36.663902924294597 ] ] ], [ [ [ 125.745248823375633, 36.665952892960178 ], [ 125.744571418478586, 36.665358261818461 ], [ 125.743583120140755, 36.665280172482412 ], [ 125.744580515140299, 36.666048374047897 ], [ 125.745248823375633, 36.665952892960178 ] ] ], [ [ [ 126.007827890725153, 36.644878191502194 ], [ 126.007718202664194, 36.645055227515307 ], [ 126.007835301305121, 36.645125939040888 ], [ 126.007827890725153, 36.644878191502194 ] ] ], [ [ [ 126.005781360721571, 36.647227588036372 ], [ 126.006025602675962, 36.64698368081622 ], [ 126.00595840285429, 36.646894335820889 ], [ 126.005781360721571, 36.647227588036372 ] ] ], [ [ [ 126.009832246338689, 36.649524905319154 ], [ 126.010101872045595, 36.647460805751024 ], [ 126.006625712947297, 36.64631752380906 ], [ 126.006487927115529, 36.647350518424609 ], [ 126.009832246338689, 36.649524905319154 ] ] ], [ [ [ 126.008168826309841, 36.648474155172543 ], [ 126.008102268685377, 36.648535136368075 ], [ 126.008192949794363, 36.648528972687252 ], [ 126.008168826309841, 36.648474155172543 ] ] ], [ [ [ 125.84899071298905, 36.65487495470942 ], [ 125.849953607173589, 36.653730665584291 ], [ 125.849957546979269, 36.6528052207615 ], [ 125.848753152524068, 36.653327691191357 ], [ 125.84899071298905, 36.65487495470942 ] ] ], [ [ [ 125.849530040341065, 36.65596422333941 ], [ 125.849153566638449, 36.655196380986837 ], [ 125.848389695222437, 36.655243798481841 ], [ 125.848823704709332, 36.655875273341081 ], [ 125.849530040341065, 36.65596422333941 ] ] ], [ [ [ 125.845043897951243, 36.656844635323459 ], [ 125.846406343353451, 36.65683264520252 ], [ 125.845891707556802, 36.656373484806508 ], [ 125.845043897951243, 36.656844635323459 ] ] ], [ [ [ 125.821502882368662, 36.659198736033517 ], [ 125.821485008955477, 36.659153488864064 ], [ 125.821466514608815, 36.659168674255596 ], [ 125.821502882368662, 36.659198736033517 ] ] ], [ [ [ 125.824743398052306, 36.659691197048268 ], [ 125.824898005646006, 36.659742949989244 ], [ 125.824792810315643, 36.659647024972763 ], [ 125.824743398052306, 36.659691197048268 ] ] ], [ [ [ 125.824675399258965, 36.661316508273373 ], [ 125.82553640986734, 36.660321318441937 ], [ 125.824214509875546, 36.659667320950327 ], [ 125.824281170694732, 36.658902800966118 ], [ 125.820897230093351, 36.659456465569804 ], [ 125.821451711983826, 36.660123859083292 ], [ 125.823991407462884, 36.660277572020426 ], [ 125.824675399258965, 36.661316508273373 ] ] ], [ [ [ 125.823568887890616, 36.66034896099702 ], [ 125.823683938602159, 36.660330809800705 ], [ 125.82357443003842, 36.660287699922506 ], [ 125.823568887890616, 36.66034896099702 ] ] ], [ [ [ 125.861629780064334, 36.662024472130327 ], [ 125.861647489552567, 36.662079967254869 ], [ 125.861670325276776, 36.662040577132636 ], [ 125.861629780064334, 36.662024472130327 ] ] ], [ [ [ 125.859386780294685, 36.662676604176148 ], [ 125.859356891019885, 36.662643109635411 ], [ 125.859379010069375, 36.662688878570442 ], [ 125.859386780294685, 36.662676604176148 ] ] ], [ [ [ 125.862733856636865, 36.662823470871764 ], [ 125.862821757889307, 36.662920423090767 ], [ 125.862841404360424, 36.662869845940349 ], [ 125.862733856636865, 36.662823470871764 ] ] ], [ [ [ 125.859626919349367, 36.66287249222092 ], [ 125.859652686392536, 36.662821989121838 ], [ 125.859622283558707, 36.662822803384032 ], [ 125.859626919349367, 36.66287249222092 ] ] ], [ [ [ 125.862427686357123, 36.663123646547604 ], [ 125.862411965873079, 36.66320837350338 ], [ 125.862455134481834, 36.66321497223484 ], [ 125.862427686357123, 36.663123646547604 ] ] ], [ [ [ 126.03456888583635, 36.665546567410381 ], [ 126.034592248371609, 36.665594261797651 ], [ 126.034589599207749, 36.665539598435437 ], [ 126.03456888583635, 36.665546567410381 ] ] ], [ [ [ 126.03667279298736, 36.665664121537546 ], [ 126.036681511395031, 36.665713057986061 ], [ 126.036715631077584, 36.665692043583086 ], [ 126.03667279298736, 36.665664121537546 ] ] ], [ [ [ 126.034601704636259, 36.66567089512769 ], [ 126.034682983777515, 36.665747299978619 ], [ 126.034706504086927, 36.665745725300148 ], [ 126.034601704636259, 36.66567089512769 ] ] ], [ [ [ 126.036681282038614, 36.665757435121598 ], [ 126.036683015798005, 36.665835466135526 ], [ 126.03670540727461, 36.66576468506112 ], [ 126.036681282038614, 36.665757435121598 ] ] ], [ [ [ 126.033856686048949, 36.665721397469873 ], [ 126.033812070585824, 36.665872374861053 ], [ 126.033964194942243, 36.665771685652622 ], [ 126.033856686048949, 36.665721397469873 ] ] ], [ [ [ 126.036804804268044, 36.665840712593891 ], [ 126.036825818858873, 36.665896546268755 ], [ 126.036838951752273, 36.665839033713723 ], [ 126.036804804268044, 36.665840712593891 ] ] ], [ [ [ 126.03685675094232, 36.665883502575007 ], [ 126.036917215759416, 36.665900003951272 ], [ 126.036913584721873, 36.665877258260551 ], [ 126.03685675094232, 36.665883502575007 ] ] ], [ [ [ 126.036593938537649, 36.666050810457449 ], [ 126.036614921465542, 36.666110083552873 ], [ 126.036635141870377, 36.666053629845273 ], [ 126.036593938537649, 36.666050810457449 ] ] ], [ [ [ 126.036650538822997, 36.666080068083076 ], [ 126.036676156491268, 36.666123852432889 ], [ 126.036671349671209, 36.666077758423562 ], [ 126.036650538822997, 36.666080068083076 ] ] ], [ [ [ 126.036965654297305, 36.666150801305918 ], [ 126.03697064541889, 36.666210692726736 ], [ 126.037003219016739, 36.666156810114558 ], [ 126.036965654297305, 36.666150801305918 ] ] ], [ [ [ 126.0498321877118, 36.666599734265525 ], [ 126.049953821428815, 36.666501122960817 ], [ 126.049804714382589, 36.666557118134236 ], [ 126.0498321877118, 36.666599734265525 ] ] ], [ [ [ 126.036687642463392, 36.666370664045552 ], [ 126.036771700828538, 36.666423706485233 ], [ 126.036739660477068, 36.666367508355869 ], [ 126.036687642463392, 36.666370664045552 ] ] ], [ [ [ 126.049649049065025, 36.666621520914397 ], [ 126.04934524750982, 36.666548287203945 ], [ 126.049279198162324, 36.666637527975197 ], [ 126.049649049065025, 36.666621520914397 ] ] ], [ [ [ 126.032538439969571, 36.666456533094085 ], [ 126.03257915615886, 36.66637505360729 ], [ 126.032433681402168, 36.66641602535254 ], [ 126.032538439969571, 36.666456533094085 ] ] ], [ [ [ 126.049857946439474, 36.666689002719188 ], [ 126.049836300629238, 36.666619067319196 ], [ 126.049796489211985, 36.66667559124226 ], [ 126.049857946439474, 36.666689002719188 ] ] ], [ [ [ 126.033114644386529, 36.666520810916872 ], [ 126.033028234640398, 36.666594359552263 ], [ 126.033126126206341, 36.666597119546147 ], [ 126.033114644386529, 36.666520810916872 ] ] ], [ [ [ 126.050075625016291, 36.666797304172761 ], [ 126.050081999176783, 36.666783667735615 ], [ 126.050073149930739, 36.666787524383338 ], [ 126.050075625016291, 36.666797304172761 ] ] ], [ [ [ 125.859033162464158, 36.666702230650657 ], [ 125.860350851331845, 36.665568645465576 ], [ 125.860134109745431, 36.663718776228471 ], [ 125.862659428873769, 36.663043799407617 ], [ 125.862230589029721, 36.662126454630389 ], [ 125.860203859425667, 36.662467868529845 ], [ 125.859816269005094, 36.66327912399619 ], [ 125.857473919930882, 36.662220700322109 ], [ 125.857478520545342, 36.663814767418785 ], [ 125.856808473526257, 36.665377876167781 ], [ 125.856333058675602, 36.665262695461223 ], [ 125.859033162464158, 36.666702230650657 ] ] ], [ [ [ 126.035458195594188, 36.6685127740217 ], [ 126.036769763307547, 36.66657827424504 ], [ 126.034026067889329, 36.665643134969798 ], [ 126.034000776795892, 36.666835265964991 ], [ 126.032458304750421, 36.666900806804037 ], [ 126.035458195594188, 36.6685127740217 ] ] ], [ [ [ 126.052176322271052, 36.66734020240439 ], [ 126.052156461305131, 36.667320723015479 ], [ 126.052146712734356, 36.667334837747696 ], [ 126.052176322271052, 36.66734020240439 ] ] ], [ [ [ 126.036705251254787, 36.667114553287384 ], [ 126.036726684248436, 36.667201368113446 ], [ 126.036749654488659, 36.667205346163193 ], [ 126.036705251254787, 36.667114553287384 ] ] ], [ [ [ 125.860470717313234, 36.664925880035653 ], [ 125.86047392333397, 36.664979915462553 ], [ 125.860491731422755, 36.664922637753094 ], [ 125.860470717313234, 36.664925880035653 ] ] ], [ [ [ 125.856685011145103, 36.664928040756628 ], [ 125.856586516990248, 36.664850580906155 ], [ 125.856666534200556, 36.664954342399874 ], [ 125.856685011145103, 36.664928040756628 ] ] ], [ [ [ 125.856489898827618, 36.665201866132577 ], [ 125.856597655138344, 36.6653016460359 ], [ 125.856551032201693, 36.665192389064757 ], [ 125.856489898827618, 36.665201866132577 ] ] ], [ [ [ 126.054173873477851, 36.668010136189892 ], [ 126.054226321978504, 36.667989979291377 ], [ 126.054219670963462, 36.667980529275901 ], [ 126.054173873477851, 36.668010136189892 ] ] ], [ [ [ 126.050335102162236, 36.667989073496265 ], [ 126.050301792662054, 36.668028951971323 ], [ 126.050359460137884, 36.668014921407796 ], [ 126.050335102162236, 36.667989073496265 ] ] ], [ [ [ 126.052730676270713, 36.66810478595459 ], [ 126.052745615656235, 36.668148085588577 ], [ 126.052767932065692, 36.66813254789632 ], [ 126.052730676270713, 36.66810478595459 ] ] ], [ [ [ 126.053002139863381, 36.668139457823514 ], [ 126.053029326834036, 36.668180160562322 ], [ 126.053038582358084, 36.668132258518625 ], [ 126.053002139863381, 36.668139457823514 ] ] ], [ [ [ 125.85656231668635, 36.665655502320504 ], [ 125.856489924118904, 36.665613030313963 ], [ 125.856449994367964, 36.665637395278772 ], [ 125.85656231668635, 36.665655502320504 ] ] ], [ [ [ 126.04931366915919, 36.668307222020665 ], [ 126.049306425221175, 36.668346909372914 ], [ 126.0493342646961, 36.66834238273578 ], [ 126.04931366915919, 36.668307222020665 ] ] ], [ [ [ 126.033959567299434, 36.668159922247135 ], [ 126.034064309517092, 36.668226938874056 ], [ 126.034078126983303, 36.66821593152526 ], [ 126.033959567299434, 36.668159922247135 ] ] ], [ [ [ 126.04957691255828, 36.668447261080942 ], [ 126.049383231075822, 36.668347215911034 ], [ 126.049357057402631, 36.668373634660192 ], [ 126.04957691255828, 36.668447261080942 ] ] ], [ [ [ 126.034981182466282, 36.668551323756176 ], [ 126.034962873277976, 36.66851265343071 ], [ 126.034943996800436, 36.668523027143934 ], [ 126.034981182466282, 36.668551323756176 ] ] ], [ [ [ 126.035159885719992, 36.668586165918683 ], [ 126.035195191807219, 36.668605600134313 ], [ 126.035204694427946, 36.66859884650151 ], [ 126.035159885719992, 36.668586165918683 ] ] ], [ [ [ 125.858067485180925, 36.666365945732629 ], [ 125.857998986751468, 36.666423643531218 ], [ 125.858021673152948, 36.666433768879251 ], [ 125.858067485180925, 36.666365945732629 ] ] ], [ [ [ 125.858083180772027, 36.666456953429773 ], [ 125.858113524085184, 36.666484811862375 ], [ 125.858130941040045, 36.666466791744298 ], [ 125.858083180772027, 36.666456953429773 ] ] ], [ [ [ 126.055806539107962, 36.669240175843775 ], [ 126.055893324701316, 36.668975130261437 ], [ 126.055793511082058, 36.66900278644566 ], [ 126.055806539107962, 36.669240175843775 ] ] ], [ [ [ 125.859396082057756, 36.666728369311805 ], [ 125.859636052504385, 36.666727422829091 ], [ 125.859558525522914, 36.666602538453361 ], [ 125.859396082057756, 36.666728369311805 ] ] ], [ [ [ 126.049754899040948, 36.669308598673531 ], [ 126.049671319519504, 36.66930403813668 ], [ 126.049667968784675, 36.66931634843872 ], [ 126.049754899040948, 36.669308598673531 ] ] ], [ [ [ 126.049825017618872, 36.669690321684648 ], [ 126.049851091447934, 36.669645628248823 ], [ 126.049800809050211, 36.669668539041332 ], [ 126.049825017618872, 36.669690321684648 ] ] ], [ [ [ 126.046636566837364, 36.670814168852409 ], [ 126.046513885284213, 36.670811086658702 ], [ 126.046615832113943, 36.670865680080524 ], [ 126.046636566837364, 36.670814168852409 ] ] ], [ [ [ 126.047785199042025, 36.670893348212367 ], [ 126.047835885879266, 36.670908531367587 ], [ 126.047792792508957, 36.670882631125579 ], [ 126.047785199042025, 36.670893348212367 ] ] ], [ [ [ 126.046806028723125, 36.67098527483008 ], [ 126.046812822013933, 36.671067445459158 ], [ 126.04685793126454, 36.671050642061878 ], [ 126.046806028723125, 36.67098527483008 ] ] ], [ [ [ 126.047643550200917, 36.671083040174565 ], [ 126.047570220944749, 36.67105265340652 ], [ 126.047562394598728, 36.671075875591221 ], [ 126.047643550200917, 36.671083040174565 ] ] ], [ [ [ 126.047592691165789, 36.671295246112422 ], [ 126.048295543413545, 36.671143714562781 ], [ 126.048005072889907, 36.670959606067314 ], [ 126.047592691165789, 36.671295246112422 ] ] ], [ [ [ 126.04725816664282, 36.671264708739784 ], [ 126.047310136744386, 36.671352819152929 ], [ 126.0473536676934, 36.671319619512488 ], [ 126.04725816664282, 36.671264708739784 ] ] ], [ [ [ 126.047393317235787, 36.671350024606511 ], [ 126.047425574809381, 36.67139387687164 ], [ 126.047445366937382, 36.67138260372338 ], [ 126.047393317235787, 36.671350024606511 ] ] ], [ [ [ 126.04807379352583, 36.671444980357094 ], [ 126.048157672640741, 36.67127375827711 ], [ 126.047886339883476, 36.671513768703825 ], [ 126.04807379352583, 36.671444980357094 ] ] ], [ [ [ 126.047428249628439, 36.671485398920723 ], [ 126.047460714953374, 36.67157225092398 ], [ 126.047485847855114, 36.671553312438355 ], [ 126.047428249628439, 36.671485398920723 ] ] ], [ [ [ 126.04810470227882, 36.671748095519249 ], [ 126.048154453929229, 36.671733877595884 ], [ 126.048097597098689, 36.67170007374493 ], [ 126.04810470227882, 36.671748095519249 ] ] ], [ [ [ 126.04828676369722, 36.67189282458051 ], [ 126.04838858113753, 36.671897269532771 ], [ 126.048310140307549, 36.671846813219268 ], [ 126.04828676369722, 36.67189282458051 ] ] ], [ [ [ 126.047847021632734, 36.671931193265806 ], [ 126.047874939504823, 36.671956863343674 ], [ 126.047866650584879, 36.671927772937806 ], [ 126.047847021632734, 36.671931193265806 ] ] ], [ [ [ 126.059701546093137, 36.67260697491254 ], [ 126.059765370858585, 36.672555917657384 ], [ 126.059725731911612, 36.672533411317559 ], [ 126.059701546093137, 36.67260697491254 ] ] ], [ [ [ 126.050800993120902, 36.67272196031567 ], [ 126.050730880737987, 36.672741729380199 ], [ 126.050778234693254, 36.672757867686634 ], [ 126.050800993120902, 36.67272196031567 ] ] ], [ [ [ 126.050880366693548, 36.672846917018909 ], [ 126.050863164146193, 36.672904125620946 ], [ 126.050904863905984, 36.672879748826929 ], [ 126.050880366693548, 36.672846917018909 ] ] ], [ [ [ 126.049976425409341, 36.67295333683473 ], [ 126.049997899852258, 36.672987298436894 ], [ 126.050017420656687, 36.672960791350313 ], [ 126.049976425409341, 36.67295333683473 ] ] ], [ [ [ 126.049945110712883, 36.673234878396968 ], [ 126.050071255366447, 36.67312960841798 ], [ 126.050025161036686, 36.673089159742261 ], [ 126.049945110712883, 36.673234878396968 ] ] ], [ [ [ 126.052134698752226, 36.673489773681858 ], [ 126.051995324723762, 36.673689626702206 ], [ 126.052152007312159, 36.673800429528114 ], [ 126.052134698752226, 36.673489773681858 ] ] ], [ [ [ 126.059066569638631, 36.677089655097959 ], [ 126.05870076983814, 36.676934387413127 ], [ 126.058601423607882, 36.676976313587438 ], [ 126.059066569638631, 36.677089655097959 ] ] ], [ [ [ 125.944234807421523, 36.721021019585692 ], [ 125.944268676883055, 36.721041853603509 ], [ 125.944274174624852, 36.720992673535861 ], [ 125.944234807421523, 36.721021019585692 ] ] ], [ [ [ 125.943968431863794, 36.72113727391514 ], [ 125.94400897718991, 36.721134788006928 ], [ 125.943961317304769, 36.721121289387419 ], [ 125.943968431863794, 36.72113727391514 ] ] ], [ [ [ 125.943936500935621, 36.721155105936049 ], [ 125.943898471899047, 36.721175611053411 ], [ 125.943945936560539, 36.72118602258989 ], [ 125.943936500935621, 36.721155105936049 ] ] ], [ [ [ 125.944880618360372, 36.721230542704163 ], [ 125.944822598385528, 36.721257486008938 ], [ 125.944896763074041, 36.721274703645399 ], [ 125.944880618360372, 36.721230542704163 ] ] ], [ [ [ 125.948431322440157, 36.722657541761464 ], [ 125.948400084939479, 36.722628794774039 ], [ 125.948396728329797, 36.722638796100277 ], [ 125.948431322440157, 36.722657541761464 ] ] ], [ [ [ 125.9490852856418, 36.722891677174317 ], [ 125.949132506801064, 36.722908717714219 ], [ 125.949131298273514, 36.722892309283274 ], [ 125.9490852856418, 36.722891677174317 ] ] ], [ [ [ 125.9425477612225, 36.723171351561618 ], [ 125.942679276949349, 36.723153117767978 ], [ 125.942573021500962, 36.723105083910283 ], [ 125.9425477612225, 36.723171351561618 ] ] ], [ [ [ 125.945390865382564, 36.726410222752122 ], [ 125.948360150102843, 36.726072875862208 ], [ 125.948138202876379, 36.725802966608299 ], [ 125.948079072834233, 36.725531425246125 ], [ 125.947589251773223, 36.725344826827879 ], [ 125.947265259753237, 36.724791038704311 ], [ 125.947397672864327, 36.723977408910876 ], [ 125.949049333416539, 36.723011044826166 ], [ 125.947821870948786, 36.722594816612336 ], [ 125.947238484635747, 36.721681375661014 ], [ 125.94610544815211, 36.722198900362123 ], [ 125.944240007164311, 36.721210747185751 ], [ 125.944453059872188, 36.722117501789121 ], [ 125.942129334624454, 36.723712913278206 ], [ 125.941818517637941, 36.724099587044108 ], [ 125.942118997927864, 36.724409923115338 ], [ 125.942015718470287, 36.724455390942666 ], [ 125.942163327157132, 36.724688585568977 ], [ 125.942066279344147, 36.724881286768436 ], [ 125.943155511261409, 36.725418962377667 ], [ 125.943731986044256, 36.725281716395649 ], [ 125.944857227621867, 36.725710763177574 ], [ 125.945390865382564, 36.726410222752122 ] ] ], [ [ [ 125.947638226040553, 36.724011194421031 ], [ 125.947719543481142, 36.72397896505025 ], [ 125.947677333870516, 36.723948023188818 ], [ 125.947638226040553, 36.724011194421031 ] ] ], [ [ [ 125.947697326416034, 36.72409217464044 ], [ 125.947811762794771, 36.724056878027831 ], [ 125.947775737653359, 36.724021976838941 ], [ 125.947697326416034, 36.72409217464044 ] ] ], [ [ [ 125.947504573095372, 36.724089625859271 ], [ 125.947573367392891, 36.724083095886797 ], [ 125.947549257533481, 36.724063158102496 ], [ 125.947504573095372, 36.724089625859271 ] ] ], [ [ [ 125.947508729614, 36.724268495983409 ], [ 125.947518024511496, 36.724205930996412 ], [ 125.947485427077098, 36.724201225926286 ], [ 125.947508729614, 36.724268495983409 ] ] ], [ [ [ 125.941622154154643, 36.724228600483379 ], [ 125.941678269690527, 36.724261821397747 ], [ 125.941672651047256, 36.724215153218708 ], [ 125.941622154154643, 36.724228600483379 ] ] ], [ [ [ 125.942104750504953, 36.724697789886243 ], [ 125.942035176822969, 36.724715912764907 ], [ 125.942093725379479, 36.724757539243804 ], [ 125.942104750504953, 36.724697789886243 ] ] ], [ [ [ 125.942055421435853, 36.724974878254471 ], [ 125.942088205723451, 36.724981972333985 ], [ 125.942081699906993, 36.724957919227997 ], [ 125.942055421435853, 36.724974878254471 ] ] ], [ [ [ 125.941900821496546, 36.724933506691251 ], [ 125.941801020749281, 36.725044617546502 ], [ 125.941902798328556, 36.725079620682585 ], [ 125.941900821496546, 36.724933506691251 ] ] ], [ [ [ 125.94765284664318, 36.725261221474703 ], [ 125.947671499322283, 36.725307183279888 ], [ 125.947685806484046, 36.725264411487551 ], [ 125.94765284664318, 36.725261221474703 ] ] ], [ [ [ 125.94363319077047, 36.725375960739804 ], [ 125.943659238515508, 36.725389730306567 ], [ 125.943678936650272, 36.725373012969662 ], [ 125.94363319077047, 36.725375960739804 ] ] ], [ [ [ 125.943555672547078, 36.725375143368197 ], [ 125.943521490888756, 36.725469659428299 ], [ 125.943586213605073, 36.725479743406396 ], [ 125.943555672547078, 36.725375143368197 ] ] ], [ [ [ 125.944395471258446, 36.725549429232792 ], [ 125.944379994024032, 36.725692401759709 ], [ 125.944429866580251, 36.725699936721554 ], [ 125.944395471258446, 36.725549429232792 ] ] ], [ [ [ 125.944327301501204, 36.725629050147383 ], [ 125.944276077658046, 36.725751544495409 ], [ 125.944362909405797, 36.725756191470246 ], [ 125.944327301501204, 36.725629050147383 ] ] ], [ [ [ 125.948188638100476, 36.725818955159419 ], [ 125.948217543150605, 36.725816543195862 ], [ 125.94821595409077, 36.725792010084682 ], [ 125.948188638100476, 36.725818955159419 ] ] ], [ [ [ 125.948216430332153, 36.725891648691686 ], [ 125.948241883595713, 36.725882481765595 ], [ 125.948217118473266, 36.725868360349509 ], [ 125.948216430332153, 36.725891648691686 ] ] ], [ [ [ 125.948454032951943, 36.725964312529882 ], [ 125.948447821038755, 36.726030952395917 ], [ 125.948482488158248, 36.726024440260446 ], [ 125.948454032951943, 36.725964312529882 ] ] ], [ [ [ 125.948448745056481, 36.726075073042928 ], [ 125.948481469268785, 36.726097338579095 ], [ 125.948476651436408, 36.726070542350143 ], [ 125.948448745056481, 36.726075073042928 ] ] ], [ [ [ 125.945575323993225, 36.726487233188394 ], [ 125.945632799039771, 36.726485730479041 ], [ 125.945632321263588, 36.726475102267813 ], [ 125.945575323993225, 36.726487233188394 ] ] ], [ [ [ 126.0653597755866, 36.614215328013763 ], [ 126.065222059698257, 36.614817757509897 ], [ 126.06736702103511, 36.616410532123886 ], [ 126.067529687310895, 36.614695502370139 ], [ 126.0653597755866, 36.614215328013763 ] ] ], [ [ [ 126.085088994279573, 36.63422237810699 ], [ 126.085032149809621, 36.634422959009754 ], [ 126.085097551409987, 36.634448135493898 ], [ 126.085088994279573, 36.63422237810699 ] ] ], [ [ [ 126.086106230675824, 36.636693966845982 ], [ 126.085932809404639, 36.636197326904579 ], [ 126.086947352478845, 36.636732721440886 ], [ 126.087001669993256, 36.635916826580129 ], [ 126.085303423976541, 36.634675026787662 ], [ 126.085542909270529, 36.635454286133537 ], [ 126.084705818381067, 36.63556748569701 ], [ 126.086106230675824, 36.636693966845982 ] ] ], [ [ [ 126.086888783116024, 36.63723975598645 ], [ 126.087736257782637, 36.637277895355226 ], [ 126.087077021229931, 36.636770390307483 ], [ 126.086888783116024, 36.63723975598645 ] ] ], [ [ [ 126.08586263106767, 36.637426255617697 ], [ 126.085994358451856, 36.637408116254946 ], [ 126.085902819387925, 36.637359665413861 ], [ 126.08586263106767, 36.637426255617697 ] ] ], [ [ [ 126.088193306359926, 36.638845720546875 ], [ 126.088519971605123, 36.638728969636659 ], [ 126.088330926705353, 36.638619867919928 ], [ 126.088193306359926, 36.638845720546875 ] ] ], [ [ [ 126.087874577931018, 36.640386060868394 ], [ 126.089099968946641, 36.640045557165081 ], [ 126.088389862023945, 36.639216894319723 ], [ 126.087874577931018, 36.640386060868394 ] ] ], [ [ [ 126.11289739821315, 36.66176020581868 ], [ 126.112488267673484, 36.661334711709188 ], [ 126.112271366861933, 36.661450302458817 ], [ 126.11289739821315, 36.66176020581868 ] ] ], [ [ [ 126.113108319276634, 36.661747531285044 ], [ 126.11342572133637, 36.661660712486558 ], [ 126.113126950114903, 36.661542154673889 ], [ 126.113108319276634, 36.661747531285044 ] ] ], [ [ [ 126.113026175546636, 36.662568644188994 ], [ 126.113048319114142, 36.662551380339664 ], [ 126.113017369419765, 36.662555332245802 ], [ 126.113026175546636, 36.662568644188994 ] ] ], [ [ [ 126.064448866190844, 36.663174032533853 ], [ 126.064214474038621, 36.662668838755245 ], [ 126.062082117469117, 36.663061495941726 ], [ 126.062333045664346, 36.664326587110104 ], [ 126.064448866190844, 36.663174032533853 ] ] ], [ [ [ 126.063695037044411, 36.670229312646924 ], [ 126.063752356022817, 36.670226409222536 ], [ 126.063737326820046, 36.670170612672472 ], [ 126.063695037044411, 36.670229312646924 ] ] ], [ [ [ 126.063721805266098, 36.670329005299116 ], [ 126.063731530358297, 36.670294631011338 ], [ 126.063711789600035, 36.670303522382234 ], [ 126.063721805266098, 36.670329005299116 ] ] ], [ [ [ 126.064096447324161, 36.670790741155827 ], [ 126.064096370818916, 36.670744398688313 ], [ 126.064070212603397, 36.6707549145912 ], [ 126.064096447324161, 36.670790741155827 ] ] ], [ [ [ 126.074739636452961, 36.671113911339127 ], [ 126.074690533060576, 36.671108915658678 ], [ 126.074752846259912, 36.671134594616156 ], [ 126.074739636452961, 36.671113911339127 ] ] ], [ [ [ 126.064486314724491, 36.671125012380834 ], [ 126.064019879776467, 36.670842377256633 ], [ 126.064126952645154, 36.671271889239591 ], [ 126.064486314724491, 36.671125012380834 ] ] ], [ [ [ 126.074780121909384, 36.671191189054042 ], [ 126.074776332888376, 36.671164865730709 ], [ 126.07473427604836, 36.671176659384386 ], [ 126.074780121909384, 36.671191189054042 ] ] ], [ [ [ 126.063141855143414, 36.672100937359076 ], [ 126.063191744652016, 36.672032720280136 ], [ 126.063090236352508, 36.672039626054236 ], [ 126.063141855143414, 36.672100937359076 ] ] ], [ [ [ 126.081434326262638, 36.672272703337086 ], [ 126.081437516091086, 36.672355314362811 ], [ 126.08146967706972, 36.672341269504287 ], [ 126.081434326262638, 36.672272703337086 ] ] ], [ [ [ 126.063848842219755, 36.672079049618041 ], [ 126.063875176277605, 36.67214157721596 ], [ 126.063889991054069, 36.672097918486813 ], [ 126.063848842219755, 36.672079049618041 ] ] ], [ [ [ 126.064103129135944, 36.672143414187907 ], [ 126.064088107821263, 36.67220240705867 ], [ 126.064135597389722, 36.672160564763757 ], [ 126.064103129135944, 36.672143414187907 ] ] ], [ [ [ 126.064249977884359, 36.672174305990787 ], [ 126.064143861578842, 36.672200349939331 ], [ 126.064154742274042, 36.672213627326826 ], [ 126.064249977884359, 36.672174305990787 ] ] ], [ [ [ 126.081607320654456, 36.672580564941669 ], [ 126.081570082877718, 36.672413745773547 ], [ 126.081382415015426, 36.672448359750078 ], [ 126.081607320654456, 36.672580564941669 ] ] ], [ [ [ 126.081767769534025, 36.672602779589859 ], [ 126.081673230158472, 36.672669966157365 ], [ 126.081697613925584, 36.672691771532499 ], [ 126.081767769534025, 36.672602779589859 ] ] ], [ [ [ 126.066682395767259, 36.672472607237374 ], [ 126.066733484502521, 36.672475315299074 ], [ 126.066675011680445, 36.672442129976019 ], [ 126.066682395767259, 36.672472607237374 ] ] ], [ [ [ 126.081334353705316, 36.672940757156127 ], [ 126.081586324908983, 36.672654724655594 ], [ 126.081255421198506, 36.672495101072016 ], [ 126.081334353705316, 36.672940757156127 ] ] ], [ [ [ 126.081605755881441, 36.672732973406497 ], [ 126.081636267536908, 36.67278793183921 ], [ 126.081623837230254, 36.672717478975727 ], [ 126.081605755881441, 36.672732973406497 ] ] ], [ [ [ 126.072138257416611, 36.672708231739776 ], [ 126.07212002065738, 36.672764488291527 ], [ 126.072163566460674, 36.672774767371941 ], [ 126.072138257416611, 36.672708231739776 ] ] ], [ [ [ 126.059838961837315, 36.672625071592293 ], [ 126.0599333364285, 36.672629926856267 ], [ 126.059875350658402, 36.672573646371667 ], [ 126.059838961837315, 36.672625071592293 ] ] ], [ [ [ 126.060039837144714, 36.672717615068287 ], [ 126.059915158428439, 36.672734788011333 ], [ 126.059980061459498, 36.672778975884214 ], [ 126.060039837144714, 36.672717615068287 ] ] ], [ [ [ 126.069164912597671, 36.67278958115218 ], [ 126.069160679067082, 36.672881018125203 ], [ 126.069203482019446, 36.672902870692027 ], [ 126.069164912597671, 36.67278958115218 ] ] ], [ [ [ 126.061294932726796, 36.672731011349157 ], [ 126.061170116592479, 36.672781534334355 ], [ 126.061316065291834, 36.672753911928879 ], [ 126.061294932726796, 36.672731011349157 ] ] ], [ [ [ 126.06021156383369, 36.672792552746344 ], [ 126.060204353743131, 36.672766445448346 ], [ 126.060187933134486, 36.672775580087844 ], [ 126.06021156383369, 36.672792552746344 ] ] ], [ [ [ 126.060119460254512, 36.672779311400028 ], [ 126.060149729409304, 36.672805266677955 ], [ 126.060153188578056, 36.672786577201279 ], [ 126.060119460254512, 36.672779311400028 ] ] ], [ [ [ 126.079486245962343, 36.67347344871645 ], [ 126.079478896539811, 36.673538307802779 ], [ 126.079512040807586, 36.673534491824014 ], [ 126.079486245962343, 36.67347344871645 ] ] ], [ [ [ 126.071078463909757, 36.673474461981677 ], [ 126.071090526209289, 36.673531866202566 ], [ 126.071110049000367, 36.673482241618323 ], [ 126.071078463909757, 36.673474461981677 ] ] ], [ [ [ 126.086199823099051, 36.679145074352363 ], [ 126.086218417910487, 36.679272643096411 ], [ 126.086282172796459, 36.679286036135224 ], [ 126.086199823099051, 36.679145074352363 ] ] ], [ [ [ 126.073707838883095, 36.679906116806777 ], [ 126.0739235067214, 36.679762493195227 ], [ 126.073636704608219, 36.679691123641788 ], [ 126.073707838883095, 36.679906116806777 ] ] ], [ [ [ 126.081996223876132, 36.69173752980727 ], [ 126.08396530044412, 36.691355277609055 ], [ 126.084606866949755, 36.691821501626933 ], [ 126.086942751748495, 36.689994335404279 ], [ 126.08412561031902, 36.684305421335452 ], [ 126.085602069011145, 36.682791184291077 ], [ 126.086606967430427, 36.68249857811702 ], [ 126.088075557845826, 36.682559296629087 ], [ 126.088313533386994, 36.682071966715604 ], [ 126.087382283164558, 36.68155783027602 ], [ 126.087369139615973, 36.679649499793818 ], [ 126.086438164601518, 36.679141566500483 ], [ 126.086272097463478, 36.679350052894094 ], [ 126.08598990794232, 36.679187416852749 ], [ 126.085703344244109, 36.679621556899647 ], [ 126.084482308917742, 36.679809191404743 ], [ 126.08365359493439, 36.67761358252983 ], [ 126.080230285692494, 36.676744805535733 ], [ 126.080156574335476, 36.675084504216251 ], [ 126.081415039559687, 36.67389688511372 ], [ 126.081000713237202, 36.672484352473539 ], [ 126.079680562624546, 36.673972269307761 ], [ 126.077214406154923, 36.67331905371627 ], [ 126.075053787719781, 36.670001702036664 ], [ 126.075007095342798, 36.672071784671907 ], [ 126.072841015256387, 36.672321214060496 ], [ 126.07100587063951, 36.67361056655529 ], [ 126.069646584398171, 36.673297745730842 ], [ 126.06824536041573, 36.672379806992296 ], [ 126.065814578706593, 36.672792649907173 ], [ 126.064773571665839, 36.672386410561316 ], [ 126.065594292637698, 36.671554325800791 ], [ 126.066653883623403, 36.671730778476032 ], [ 126.066050074662655, 36.671205189656938 ], [ 126.065043299807442, 36.671227153126779 ], [ 126.06497180170021, 36.671790839814875 ], [ 126.063913568294339, 36.672431464369176 ], [ 126.062817743115517, 36.672129818117902 ], [ 126.061350973069736, 36.672794836790032 ], [ 126.06026783303875, 36.672875276819966 ], [ 126.058980905402805, 36.67279891935884 ], [ 126.057154332443901, 36.671343744546483 ], [ 126.054946849997066, 36.667954710715087 ], [ 126.053216665650538, 36.668396407397751 ], [ 126.052575629901042, 36.66818449068402 ], [ 126.052189018367429, 36.667432142871817 ], [ 126.050393568888694, 36.667978125552764 ], [ 126.050457739655215, 36.669234640986183 ], [ 126.049940510357104, 36.669865073802356 ], [ 126.048312968619626, 36.670090220084226 ], [ 126.048876889292075, 36.670779551042315 ], [ 126.04812756879933, 36.671667062735366 ], [ 126.049603239346155, 36.672836972602859 ], [ 126.0502239142984, 36.672413411033673 ], [ 126.051936159406111, 36.672786175428101 ], [ 126.055514137946403, 36.676118254136057 ], [ 126.058569230792202, 36.675888083731301 ], [ 126.061831502252446, 36.680081123445305 ], [ 126.063513125168427, 36.679271157835558 ], [ 126.067649044474351, 36.679239912339554 ], [ 126.068895420253739, 36.677793241523922 ], [ 126.071306063408045, 36.679283540106816 ], [ 126.073107522385669, 36.678271037717003 ], [ 126.074704179801998, 36.680020328894877 ], [ 126.076653423697607, 36.679740198707933 ], [ 126.076569017326662, 36.681477984614467 ], [ 126.078859881522192, 36.682519538512963 ], [ 126.079603405339071, 36.683740172964058 ], [ 126.080293211369337, 36.684067747287109 ], [ 126.080416591632115, 36.683570707532319 ], [ 126.081932634478747, 36.683755496250058 ], [ 126.081959694719103, 36.683936492028671 ], [ 126.082428402616927, 36.683873281709069 ], [ 126.082424695207408, 36.684085629898448 ], [ 126.083092315546196, 36.684000622011638 ], [ 126.083272334599727, 36.685718611511071 ], [ 126.084074034435375, 36.685896045923478 ], [ 126.08237278720182, 36.687705000958502 ], [ 126.081791831975863, 36.687485204464593 ], [ 126.081753329832409, 36.688330460096317 ], [ 126.080078100415733, 36.688729708220379 ], [ 126.081837418792247, 36.689187304274931 ], [ 126.081996223876132, 36.69173752980727 ] ] ], [ [ [ 126.077135032909439, 36.682173550164265 ], [ 126.077250523834977, 36.681878488734853 ], [ 126.076848177591231, 36.68188442657204 ], [ 126.077135032909439, 36.682173550164265 ] ] ], [ [ [ 126.088985645625982, 36.682187486215412 ], [ 126.089159522605414, 36.68222081499826 ], [ 126.089015076448931, 36.682117569925296 ], [ 126.088985645625982, 36.682187486215412 ] ] ], [ [ [ 126.08961246718826, 36.682902408485781 ], [ 126.088825238480283, 36.682143772116838 ], [ 126.088331839457652, 36.682400718777608 ], [ 126.08961246718826, 36.682902408485781 ] ] ], [ [ [ 126.089997248424055, 36.682675479853685 ], [ 126.090118947174886, 36.682678509377247 ], [ 126.090040661663849, 36.68262099702563 ], [ 126.089997248424055, 36.682675479853685 ] ] ], [ [ [ 126.086682534487835, 36.682662788511408 ], [ 126.086783242852874, 36.682746506441539 ], [ 126.086697455654857, 36.682654568085873 ], [ 126.086682534487835, 36.682662788511408 ] ] ], [ [ [ 126.075227617164629, 36.683037527027558 ], [ 126.075388690605436, 36.683016755211142 ], [ 126.075306808695572, 36.682972778100627 ], [ 126.075227617164629, 36.683037527027558 ] ] ], [ [ [ 126.075020303736864, 36.683512400448237 ], [ 126.075227610530888, 36.683496042064469 ], [ 126.075083836476949, 36.683406158021207 ], [ 126.075020303736864, 36.683512400448237 ] ] ], [ [ [ 126.081025352692038, 36.68365293597293 ], [ 126.081057594534116, 36.683748909496018 ], [ 126.081162957996952, 36.683746507287289 ], [ 126.081025352692038, 36.68365293597293 ] ] ], [ [ [ 126.083155893006449, 36.686374093969647 ], [ 126.083084013540898, 36.686369025308338 ], [ 126.083132639567268, 36.686395108554635 ], [ 126.083155893006449, 36.686374093969647 ] ] ], [ [ [ 126.083179850294883, 36.686436111318805 ], [ 126.083071649005902, 36.686523684674597 ], [ 126.083211592113202, 36.686541485427675 ], [ 126.083179850294883, 36.686436111318805 ] ] ], [ [ [ 126.0862656755438, 36.688284453547425 ], [ 126.086269086501773, 36.68836786736972 ], [ 126.086310648021922, 36.688337945499221 ], [ 126.0862656755438, 36.688284453547425 ] ] ], [ [ [ 126.08189622925228, 36.691269693959221 ], [ 126.081859995340693, 36.691351854935363 ], [ 126.081920566697576, 36.691332606640664 ], [ 126.08189622925228, 36.691269693959221 ] ] ], [ [ [ 126.109281260765997, 36.702536575486782 ], [ 126.109175891827491, 36.70260621694878 ], [ 126.10930852023705, 36.702649108901426 ], [ 126.109281260765997, 36.702536575486782 ] ] ], [ [ [ 126.109409234961916, 36.702546507818546 ], [ 126.109445187733215, 36.70263210942705 ], [ 126.109500628426332, 36.702613557011965 ], [ 126.109409234961916, 36.702546507818546 ] ] ], [ [ [ 126.103756807322824, 36.702605983550292 ], [ 126.103636985987819, 36.702570668712859 ], [ 126.103666712921978, 36.702624326881491 ], [ 126.103756807322824, 36.702605983550292 ] ] ], [ [ [ 126.109591637143851, 36.702641945504325 ], [ 126.109577666361773, 36.702711288361705 ], [ 126.109617701740135, 36.702719419811558 ], [ 126.109591637143851, 36.702641945504325 ] ] ], [ [ [ 126.103386467655071, 36.702596138500063 ], [ 126.103296896687979, 36.702614503917346 ], [ 126.103356731803245, 36.702633796696226 ], [ 126.103386467655071, 36.702596138500063 ] ] ], [ [ [ 126.110225822169639, 36.702663538091585 ], [ 126.110249541631674, 36.702720214556528 ], [ 126.110289935498784, 36.702712793402853 ], [ 126.110225822169639, 36.702663538091585 ] ] ], [ [ [ 126.109778182597935, 36.702666490205651 ], [ 126.109764191829711, 36.702707494272801 ], [ 126.109810816736271, 36.702674214246123 ], [ 126.109778182597935, 36.702666490205651 ] ] ], [ [ [ 126.110444305624199, 36.702742449204642 ], [ 126.110460110819659, 36.702782827658943 ], [ 126.110483173545987, 36.702776134378198 ], [ 126.110444305624199, 36.702742449204642 ] ] ], [ [ [ 126.103415413124523, 36.702714130275886 ], [ 126.103364344126163, 36.702728072642792 ], [ 126.103419494810595, 36.70272686642631 ], [ 126.103415413124523, 36.702714130275886 ] ] ], [ [ [ 126.103153211425607, 36.70269804445693 ], [ 126.103196410487811, 36.702746830961416 ], [ 126.103216008872238, 36.702714727329912 ], [ 126.103153211425607, 36.70269804445693 ] ] ], [ [ [ 126.10388798722002, 36.702711822678189 ], [ 126.10394705750916, 36.702757690605274 ], [ 126.103957695760144, 36.702711706397388 ], [ 126.10388798722002, 36.702711822678189 ] ] ], [ [ [ 126.101756119698337, 36.702788829901998 ], [ 126.10148093207745, 36.702805999545419 ], [ 126.101491918417892, 36.702848381351437 ], [ 126.101756119698337, 36.702788829901998 ] ] ], [ [ [ 126.102168814484912, 36.702969342157218 ], [ 126.102191304747706, 36.702829020433782 ], [ 126.102079179727411, 36.702888224403303 ], [ 126.102168814484912, 36.702969342157218 ] ] ], [ [ [ 126.111685813524858, 36.703463711166613 ], [ 126.111240133478901, 36.702608974844495 ], [ 126.110743550415421, 36.703022565574749 ], [ 126.110001101556506, 36.702765503130891 ], [ 126.111685813524858, 36.703463711166613 ] ] ], [ [ [ 126.103219210382321, 36.703139428594227 ], [ 126.103864672194177, 36.702770182398076 ], [ 126.103168648882061, 36.70284116414927 ], [ 126.103219210382321, 36.703139428594227 ] ] ], [ [ [ 126.10245112402653, 36.702926856393987 ], [ 126.102567529811694, 36.702995127567718 ], [ 126.102585231306051, 36.702968264211478 ], [ 126.10245112402653, 36.702926856393987 ] ] ], [ [ [ 126.102748454133845, 36.703017810858256 ], [ 126.102629460450657, 36.702995018107288 ], [ 126.102743819446886, 36.703030554685249 ], [ 126.102748454133845, 36.703017810858256 ] ] ], [ [ [ 126.102763141018244, 36.703046280348282 ], [ 126.102853993430614, 36.70304954981917 ], [ 126.10287018908349, 36.703016692390953 ], [ 126.102763141018244, 36.703046280348282 ] ] ], [ [ [ 126.102068226735341, 36.703003436688448 ], [ 126.102102003535919, 36.703115653370993 ], [ 126.102156485438258, 36.703007500119682 ], [ 126.102068226735341, 36.703003436688448 ] ] ], [ [ [ 126.101981910162152, 36.703121064820586 ], [ 126.102019231732982, 36.703185413175973 ], [ 126.101994897284698, 36.703111844483658 ], [ 126.101981910162152, 36.703121064820586 ] ] ], [ [ [ 126.102393615290779, 36.703218252695223 ], [ 126.10238834377725, 36.703174050516438 ], [ 126.102316757460358, 36.703228873881315 ], [ 126.102393615290779, 36.703218252695223 ] ] ], [ [ [ 126.092298076568412, 36.703248249496482 ], [ 126.092296799773038, 36.703291121665195 ], [ 126.092332896188694, 36.703255380387255 ], [ 126.092298076568412, 36.703248249496482 ] ] ], [ [ [ 126.111140976745261, 36.703517306354485 ], [ 126.111214403665784, 36.703554836110825 ], [ 126.111189798890777, 36.703497287757592 ], [ 126.111140976745261, 36.703517306354485 ] ] ], [ [ [ 126.101941120666737, 36.703446034677079 ], [ 126.101971902251563, 36.70350408829983 ], [ 126.102000293194763, 36.703469414563678 ], [ 126.101941120666737, 36.703446034677079 ] ] ], [ [ [ 126.1112890543953, 36.703558077778844 ], [ 126.111320066490535, 36.703641418139064 ], [ 126.111342013220778, 36.703567349177263 ], [ 126.1112890543953, 36.703558077778844 ] ] ], [ [ [ 126.092398527243716, 36.703437478682112 ], [ 126.092265227852494, 36.7035092806234 ], [ 126.092413634548436, 36.703477431131674 ], [ 126.092398527243716, 36.703437478682112 ] ] ], [ [ [ 126.11131082811383, 36.703743973940178 ], [ 126.11134154150119, 36.703756196637563 ], [ 126.11133425054804, 36.70373721077825 ], [ 126.11131082811383, 36.703743973940178 ] ] ], [ [ [ 126.092096465510352, 36.703603059381969 ], [ 126.092132634583152, 36.703636251622299 ], [ 126.092141771249999, 36.70362265285415 ], [ 126.092096465510352, 36.703603059381969 ] ] ], [ [ [ 126.092572522396168, 36.703710476437436 ], [ 126.092439664155506, 36.703618373263872 ], [ 126.092509628262164, 36.703805864484778 ], [ 126.092572522396168, 36.703710476437436 ] ] ], [ [ [ 126.09338617087387, 36.703619150833077 ], [ 126.093346290382343, 36.703763635245174 ], [ 126.093440005007707, 36.703793903292564 ], [ 126.09338617087387, 36.703619150833077 ] ] ], [ [ [ 126.092474486086616, 36.703842307575108 ], [ 126.092502231469282, 36.703881940722646 ], [ 126.092529934491282, 36.703862392217495 ], [ 126.092474486086616, 36.703842307575108 ] ] ], [ [ [ 126.09317518365782, 36.704386581989993 ], [ 126.093221803367385, 36.703563642980484 ], [ 126.092781569196816, 36.703518982709099 ], [ 126.092597699784918, 36.704049669890544 ], [ 126.09317518365782, 36.704386581989993 ] ] ], [ [ [ 126.092492368644685, 36.703943213695723 ], [ 126.092525505680342, 36.704029854200485 ], [ 126.092557175627434, 36.704014632489447 ], [ 126.092492368644685, 36.703943213695723 ] ] ], [ [ [ 126.092417671418644, 36.704077339912608 ], [ 126.092224292813682, 36.704045930232262 ], [ 126.092379820433734, 36.704149967771507 ], [ 126.092417671418644, 36.704077339912608 ] ] ], [ [ [ 126.111889724753922, 36.704364959040262 ], [ 126.111915044507697, 36.704408193957654 ], [ 126.111926876505834, 36.704370030955396 ], [ 126.111889724753922, 36.704364959040262 ] ] ], [ [ [ 126.111402203218404, 36.704549614734006 ], [ 126.111416665194355, 36.704586297825877 ], [ 126.111452486289622, 36.704567894228539 ], [ 126.111402203218404, 36.704549614734006 ] ] ], [ [ [ 126.111389218733038, 36.704614108890091 ], [ 126.111423171631202, 36.704644161421975 ], [ 126.111453789310204, 36.704617050782872 ], [ 126.111389218733038, 36.704614108890091 ] ] ], [ [ [ 126.09319098564643, 36.704597009918885 ], [ 126.093754511994405, 36.704530764687526 ], [ 126.093271436342533, 36.704251240746842 ], [ 126.09319098564643, 36.704597009918885 ] ] ], [ [ [ 126.093112866474371, 36.704573760491762 ], [ 126.09299196679342, 36.704662787886733 ], [ 126.09309530645244, 36.704679614587761 ], [ 126.093112866474371, 36.704573760491762 ] ] ], [ [ [ 126.110380981720709, 36.70498875953988 ], [ 126.110369286693754, 36.705073231282121 ], [ 126.110406093885572, 36.705072334110561 ], [ 126.110380981720709, 36.70498875953988 ] ] ], [ [ [ 126.111854769528662, 36.705349570712791 ], [ 126.111703664497014, 36.705345073514785 ], [ 126.111860709176483, 36.705369384500045 ], [ 126.111854769528662, 36.705349570712791 ] ] ], [ [ [ 126.111394338008168, 36.705417510161702 ], [ 126.111411736235098, 36.705334197357296 ], [ 126.111361865941888, 36.705413148899282 ], [ 126.111394338008168, 36.705417510161702 ] ] ], [ [ [ 126.111209546575637, 36.705383808429119 ], [ 126.111189198314392, 36.705399623346082 ], [ 126.111220589735765, 36.705391747105018 ], [ 126.111209546575637, 36.705383808429119 ] ] ], [ [ [ 126.111437244630551, 36.705736394636467 ], [ 126.111359298647599, 36.705517621380409 ], [ 126.111277639136176, 36.705561220038319 ], [ 126.111437244630551, 36.705736394636467 ] ] ], [ [ [ 126.112003930122128, 36.705633095008103 ], [ 126.112029981143991, 36.705672172100243 ], [ 126.112106333065924, 36.705662856617849 ], [ 126.112003930122128, 36.705633095008103 ] ] ], [ [ [ 126.112035763267471, 36.706369861672009 ], [ 126.112083528278617, 36.706392151670308 ], [ 126.112064151410522, 36.706361421964665 ], [ 126.112035763267471, 36.706369861672009 ] ] ], [ [ [ 126.112191370442972, 36.706399650478851 ], [ 126.112238348848521, 36.706440783362204 ], [ 126.112243170224687, 36.706398161350521 ], [ 126.112191370442972, 36.706399650478851 ] ] ], [ [ [ 126.112295371102874, 36.706365527702751 ], [ 126.112396526119568, 36.706498120155224 ], [ 126.112425920314578, 36.706490761164098 ], [ 126.112295371102874, 36.706365527702751 ] ] ], [ [ [ 126.112008984886643, 36.706415526800455 ], [ 126.112078830027457, 36.706484441075034 ], [ 126.112115978764677, 36.706481023411506 ], [ 126.112008984886643, 36.706415526800455 ] ] ], [ [ [ 126.112337509805286, 36.706572453005684 ], [ 126.112380320636845, 36.706557480274384 ], [ 126.112337519179235, 36.706556990303795 ], [ 126.112337509805286, 36.706572453005684 ] ] ], [ [ [ 126.124816953106745, 36.640436366932292 ], [ 126.124922593832977, 36.64030211181516 ], [ 126.124841717235796, 36.640254695358045 ], [ 126.124816953106745, 36.640436366932292 ] ] ], [ [ [ 126.125330358048572, 36.640654032038235 ], [ 126.125371716893596, 36.640602731669397 ], [ 126.125343278693734, 36.640593158477223 ], [ 126.125330358048572, 36.640654032038235 ] ] ], [ [ [ 126.124989452947517, 36.640629166057423 ], [ 126.12496580077287, 36.640922850392805 ], [ 126.12512099300757, 36.640916925709483 ], [ 126.124989452947517, 36.640629166057423 ] ] ], [ [ [ 126.125794324465588, 36.642654453053424 ], [ 126.126479764101603, 36.642845036188405 ], [ 126.12663318329858, 36.641310630457696 ], [ 126.125620178138035, 36.640409474622309 ], [ 126.125559652495355, 36.641115703997635 ], [ 126.123367372422322, 36.641736907713877 ], [ 126.125297967361433, 36.642982748955298 ], [ 126.125794324465588, 36.642654453053424 ] ] ], [ [ [ 126.124999905669952, 36.646307553612417 ], [ 126.125069547839331, 36.646384828773002 ], [ 126.125100472947793, 36.646288609285484 ], [ 126.124999905669952, 36.646307553612417 ] ] ], [ [ [ 126.125042574235408, 36.646490708428381 ], [ 126.12489058986904, 36.64646532390946 ], [ 126.124931428731003, 36.646538343607276 ], [ 126.125042574235408, 36.646490708428381 ] ] ], [ [ [ 126.125137827811415, 36.646825799070314 ], [ 126.125240319339298, 36.646416215240954 ], [ 126.125065424397889, 36.646491424730229 ], [ 126.125137827811415, 36.646825799070314 ] ] ], [ [ [ 126.120132960730672, 36.653385689827807 ], [ 126.120079385051838, 36.653426626322869 ], [ 126.120126650512063, 36.65342533507625 ], [ 126.120132960730672, 36.653385689827807 ] ] ], [ [ [ 126.121352952422001, 36.668324568710062 ], [ 126.121366531006956, 36.668280226527735 ], [ 126.121331964467856, 36.668292370447467 ], [ 126.121352952422001, 36.668324568710062 ] ] ], [ [ [ 126.113201563062816, 36.703591055111282 ], [ 126.11320578139437, 36.703656335832335 ], [ 126.113244176019222, 36.703599950930162 ], [ 126.113201563062816, 36.703591055111282 ] ] ], [ [ [ 126.115591482748926, 36.704573566291387 ], [ 126.115632617682905, 36.704631452040374 ], [ 126.115606511124085, 36.704566930011815 ], [ 126.115591482748926, 36.704573566291387 ] ] ], [ [ [ 126.115817431543704, 36.704625968194811 ], [ 126.115803785032739, 36.704707479235793 ], [ 126.115820426278148, 36.704707539345861 ], [ 126.115817431543704, 36.704625968194811 ] ] ], [ [ [ 126.116326747745219, 36.705837714131114 ], [ 126.116383576213735, 36.705822097033874 ], [ 126.116378297762836, 36.705701401516492 ], [ 126.116326747745219, 36.705837714131114 ] ] ], [ [ [ 126.114884586820395, 36.708370208451839 ], [ 126.117496323167728, 36.707706920294797 ], [ 126.11652634720528, 36.706899867468394 ], [ 126.116235682665902, 36.705508570386712 ], [ 126.112541535253911, 36.703280097902955 ], [ 126.112131672428802, 36.704356096242442 ], [ 126.111285965565216, 36.704758350649286 ], [ 126.112082890258336, 36.704850315905055 ], [ 126.111679932585645, 36.705116242022342 ], [ 126.112426112185105, 36.70592808974758 ], [ 126.112083903411587, 36.70605035886188 ], [ 126.113172795534012, 36.706811566662374 ], [ 126.113607407225885, 36.706323606230796 ], [ 126.11509623578776, 36.70804562113814 ], [ 126.114884586820395, 36.708370208451839 ] ] ], [ [ [ 126.116606079863146, 36.706409504893607 ], [ 126.116629871090851, 36.70645750395088 ], [ 126.116650263302532, 36.706433821085916 ], [ 126.116606079863146, 36.706409504893607 ] ] ], [ [ [ 126.113532345760788, 36.706760295107927 ], [ 126.113581090369635, 36.70680636253622 ], [ 126.113599743535474, 36.706776467251842 ], [ 126.113532345760788, 36.706760295107927 ] ] ], [ [ [ 126.112674423576436, 36.706807960177223 ], [ 126.112676924891531, 36.706919282990484 ], [ 126.112735466810435, 36.706914428842332 ], [ 126.112674423576436, 36.706807960177223 ] ] ], [ [ [ 126.112885124785151, 36.706817371109651 ], [ 126.112815246682473, 36.706924360144413 ], [ 126.11306878285248, 36.706947003297586 ], [ 126.112885124785151, 36.706817371109651 ] ] ], [ [ [ 126.113801209323299, 36.706961592911952 ], [ 126.113721510823112, 36.707053560574849 ], [ 126.113814195833456, 36.707117019493886 ], [ 126.113801209323299, 36.706961592911952 ] ] ], [ [ [ 126.11718382957848, 36.707182184080899 ], [ 126.11709098042806, 36.707261781714536 ], [ 126.117184921336872, 36.707269696811508 ], [ 126.11718382957848, 36.707182184080899 ] ] ], [ [ [ 126.113855685989961, 36.707256091088382 ], [ 126.113784898752357, 36.707365503917586 ], [ 126.113865450603214, 36.707379485439915 ], [ 126.113855685989961, 36.707256091088382 ] ] ], [ [ [ 126.120025648441853, 36.707785341906458 ], [ 126.120075700712846, 36.707806744812515 ], [ 126.120043966371199, 36.707768934044353 ], [ 126.120025648441853, 36.707785341906458 ] ] ], [ [ [ 126.119776459326033, 36.708036692243432 ], [ 126.119836832635514, 36.708035127967513 ], [ 126.119765729039798, 36.708009000833044 ], [ 126.119776459326033, 36.708036692243432 ] ] ], [ [ [ 126.114719540320237, 36.708050749272353 ], [ 126.114728909292637, 36.708108083516628 ], [ 126.114752420929094, 36.708055500187427 ], [ 126.114719540320237, 36.708050749272353 ] ] ], [ [ [ 126.117195083285978, 36.708503346360303 ], [ 126.11713783227286, 36.708364026079529 ], [ 126.116974070590715, 36.70842333821993 ], [ 126.117195083285978, 36.708503346360303 ] ] ], [ [ [ 126.116510445937394, 36.708609382980164 ], [ 126.116832164051317, 36.708422087668019 ], [ 126.116387935513728, 36.708454836137854 ], [ 126.116510445937394, 36.708609382980164 ] ] ], [ [ [ 126.119715645570139, 36.709792927109859 ], [ 126.119726708227034, 36.709752107869271 ], [ 126.119702808740485, 36.709778027542775 ], [ 126.119715645570139, 36.709792927109859 ] ] ], [ [ [ 126.119992081985345, 36.711097891791745 ], [ 126.120070074855747, 36.711143433957545 ], [ 126.120086244586005, 36.71112599161809 ], [ 126.119992081985345, 36.711097891791745 ] ] ], [ [ [ 126.120695203239706, 36.713257454436231 ], [ 126.120744622797446, 36.713319840524719 ], [ 126.12070699341453, 36.713254162101492 ], [ 126.120695203239706, 36.713257454436231 ] ] ], [ [ [ 126.119841629706542, 36.71326910496397 ], [ 126.119902448652951, 36.713306447166502 ], [ 126.119862828073835, 36.713247597922383 ], [ 126.119841629706542, 36.71326910496397 ] ] ], [ [ [ 126.120813079177523, 36.713459827946394 ], [ 126.120859838452276, 36.713516969396778 ], [ 126.120855841958388, 36.713439527909401 ], [ 126.120813079177523, 36.713459827946394 ] ] ], [ [ [ 126.119639766815183, 36.713483919356356 ], [ 126.119647650772421, 36.713558155469592 ], [ 126.119678599187992, 36.713550149300005 ], [ 126.119639766815183, 36.713483919356356 ] ] ], [ [ [ 126.120390443848379, 36.713792041333598 ], [ 126.120339953522972, 36.713347525435282 ], [ 126.119745661372349, 36.713527784199158 ], [ 126.120390443848379, 36.713792041333598 ] ] ], [ [ [ 126.120540035453971, 36.713705188134249 ], [ 126.120563206218449, 36.71376960832373 ], [ 126.120599748768669, 36.713751053534338 ], [ 126.120540035453971, 36.713705188134249 ] ] ], [ [ [ 126.120134062331942, 36.713823431010852 ], [ 126.120141632920848, 36.713739566748572 ], [ 126.119994420498202, 36.713796536401325 ], [ 126.120134062331942, 36.713823431010852 ] ] ], [ [ [ 126.120755457736976, 36.713769532361823 ], [ 126.120823571573041, 36.713811963269762 ], [ 126.1207642497818, 36.713753331322692 ], [ 126.120755457736976, 36.713769532361823 ] ] ], [ [ [ 126.120306278981317, 36.713833273387856 ], [ 126.120244099835261, 36.713943692976279 ], [ 126.1203838484535, 36.713884622747209 ], [ 126.120306278981317, 36.713833273387856 ] ] ], [ [ [ 126.120665404229058, 36.713885389172809 ], [ 126.120565704120921, 36.71393635508943 ], [ 126.120636965214189, 36.713946288845491 ], [ 126.120665404229058, 36.713885389172809 ] ] ], [ [ [ 126.120731394175081, 36.714058391981837 ], [ 126.120741581203561, 36.713984457298039 ], [ 126.120627035392886, 36.713988675304449 ], [ 126.120731394175081, 36.714058391981837 ] ] ], [ [ [ 126.120459097816251, 36.714112055677617 ], [ 126.120458211537922, 36.714017110578354 ], [ 126.120364680119977, 36.714059068809711 ], [ 126.120459097816251, 36.714112055677617 ] ] ], [ [ [ 126.120658257113448, 36.714090253007697 ], [ 126.120515416398973, 36.714187866313722 ], [ 126.120759731281922, 36.714178290765567 ], [ 126.120658257113448, 36.714090253007697 ] ] ], [ [ [ 126.120783150530698, 36.714214175110456 ], [ 126.120807464277377, 36.714385652880324 ], [ 126.120881256412105, 36.714314029093664 ], [ 126.120783150530698, 36.714214175110456 ] ] ], [ [ [ 126.12106525047578, 36.71426950392172 ], [ 126.121106465965397, 36.714340679116333 ], [ 126.121138065554632, 36.714338470779637 ], [ 126.12106525047578, 36.71426950392172 ] ] ], [ [ [ 126.121195015376614, 36.714464080566337 ], [ 126.120972052281118, 36.714494379052574 ], [ 126.121005301021327, 36.714531074936822 ], [ 126.121195015376614, 36.714464080566337 ] ] ], [ [ [ 126.122225622980807, 36.714646056820548 ], [ 126.122185081759554, 36.714699426997115 ], [ 126.122285604667738, 36.71467247744237 ], [ 126.122225622980807, 36.714646056820548 ] ] ], [ [ [ 126.121081695066152, 36.714669171055668 ], [ 126.121113125837013, 36.714767118371661 ], [ 126.121138847842388, 36.714766019184481 ], [ 126.121081695066152, 36.714669171055668 ] ] ], [ [ [ 126.120870593870549, 36.714800865895171 ], [ 126.12097302781423, 36.714697608101432 ], [ 126.1208688035899, 36.714643602986222 ], [ 126.120870593870549, 36.714800865895171 ] ] ], [ [ [ 126.123080570875814, 36.714717461274816 ], [ 126.123129527782368, 36.714814961823343 ], [ 126.123175957073357, 36.714826431252881 ], [ 126.123080570875814, 36.714717461274816 ] ] ], [ [ [ 126.122994930986692, 36.715181950292788 ], [ 126.122999241971144, 36.714990742315862 ], [ 126.122847905762129, 36.715124781711559 ], [ 126.122994930986692, 36.715181950292788 ] ] ], [ [ [ 126.123114745617556, 36.715342568967991 ], [ 126.123141063741031, 36.715368615937955 ], [ 126.123173913882866, 36.715344978758601 ], [ 126.123114745617556, 36.715342568967991 ] ] ], [ [ [ 126.123206546232296, 36.715335613800349 ], [ 126.123269463807816, 36.715352035185454 ], [ 126.123215128561739, 36.715313203036509 ], [ 126.123206546232296, 36.715335613800349 ] ] ], [ [ [ 126.123157480988326, 36.715393589263478 ], [ 126.123132703518152, 36.715425692136165 ], [ 126.123173762595428, 36.71541556112075 ], [ 126.123157480988326, 36.715393589263478 ] ] ], [ [ [ 126.123588958324163, 36.715738805081848 ], [ 126.1237317583806, 36.715177689109048 ], [ 126.123233311399332, 36.715229021439768 ], [ 126.123588958324163, 36.715738805081848 ] ] ], [ [ [ 126.123384855488823, 36.715497159450663 ], [ 126.123282229829371, 36.715548351593611 ], [ 126.123283102976885, 36.71558186354634 ], [ 126.123384855488823, 36.715497159450663 ] ] ], [ [ [ 126.123326377730038, 36.715772571813446 ], [ 126.123366279577183, 36.715809980398852 ], [ 126.123358301091798, 36.715770319763983 ], [ 126.123326377730038, 36.715772571813446 ] ] ], [ [ [ 126.124119494251374, 36.719756528881128 ], [ 126.124016640509311, 36.719704094556597 ], [ 126.124034318046228, 36.719780754798421 ], [ 126.124119494251374, 36.719756528881128 ] ] ], [ [ [ 126.123729979728708, 36.719860152950488 ], [ 126.123816639830167, 36.719622425439823 ], [ 126.123592809697442, 36.719774376658911 ], [ 126.123729979728708, 36.719860152950488 ] ] ], [ [ [ 126.123840505901612, 36.720134673872153 ], [ 126.123641702531799, 36.719953605321002 ], [ 126.123593572635542, 36.720028410235379 ], [ 126.123840505901612, 36.720134673872153 ] ] ], [ [ [ 126.123752911690801, 36.720396544774523 ], [ 126.123811421494381, 36.72047109377506 ], [ 126.123877232408475, 36.720434161374094 ], [ 126.123752911690801, 36.720396544774523 ] ] ], [ [ [ 126.123932101723568, 36.720665634465348 ], [ 126.123794706462675, 36.720714759111146 ], [ 126.123933969022573, 36.720745926673921 ], [ 126.123932101723568, 36.720665634465348 ] ] ], [ [ [ 126.12356416739658, 36.720714160840942 ], [ 126.123606226472205, 36.720765733817792 ], [ 126.123632089443376, 36.720754336223557 ], [ 126.12356416739658, 36.720714160840942 ] ] ], [ [ [ 126.123790890701486, 36.720738528452706 ], [ 126.123725568762453, 36.720789456348648 ], [ 126.123806786923907, 36.72077664723588 ], [ 126.123790890701486, 36.720738528452706 ] ] ], [ [ [ 126.123853888805201, 36.720858378342676 ], [ 126.12388431334999, 36.720927320280531 ], [ 126.123934337823329, 36.720912405255575 ], [ 126.123853888805201, 36.720858378342676 ] ] ], [ [ [ 126.123482132854278, 36.720967079897683 ], [ 126.123490960591766, 36.721000467488274 ], [ 126.123535587756024, 36.720964490944979 ], [ 126.123482132854278, 36.720967079897683 ] ] ], [ [ [ 126.123587778519536, 36.721002369696457 ], [ 126.123609262845804, 36.721042330714546 ], [ 126.123613491917624, 36.720992205310047 ], [ 126.123587778519536, 36.721002369696457 ] ] ], [ [ [ 126.123910597041515, 36.72120312231376 ], [ 126.12396105029292, 36.721200648098034 ], [ 126.123975721639084, 36.721172369214479 ], [ 126.123910597041515, 36.72120312231376 ] ] ], [ [ [ 126.123975118314206, 36.721459174854019 ], [ 126.123703261703596, 36.72159439236917 ], [ 126.12391221573742, 36.721677470466204 ], [ 126.123975118314206, 36.721459174854019 ] ] ], [ [ [ 126.121068438320222, 36.753858444160421 ], [ 126.121152582845284, 36.753936902433452 ], [ 126.121244774923653, 36.753811519908254 ], [ 126.121068438320222, 36.753858444160421 ] ] ], [ [ [ 126.12071135737817, 36.753891554545156 ], [ 126.120740006870136, 36.753983323466564 ], [ 126.120842822376645, 36.7539063184634 ], [ 126.12071135737817, 36.753891554545156 ] ] ], [ [ [ 126.121283917752336, 36.754021159123475 ], [ 126.121258534497457, 36.753924737265095 ], [ 126.121208902201445, 36.753985724464712 ], [ 126.121283917752336, 36.754021159123475 ] ] ], [ [ [ 126.120965614850491, 36.7539215802435 ], [ 126.120829881207015, 36.75405326340573 ], [ 126.121060317944725, 36.753970713851913 ], [ 126.120965614850491, 36.7539215802435 ] ] ], [ [ [ 126.120715598467868, 36.754112657195712 ], [ 126.120787526574134, 36.754290810159041 ], [ 126.120822337320689, 36.754152020477086 ], [ 126.120715598467868, 36.754112657195712 ] ] ], [ [ [ 126.121019245795026, 36.754282466646274 ], [ 126.120977570247291, 36.754314526119387 ], [ 126.121043224084019, 36.75430198057029 ], [ 126.121019245795026, 36.754282466646274 ] ] ], [ [ [ 126.120902733990675, 36.754850175176898 ], [ 126.120949858693336, 36.754799025837727 ], [ 126.120880470052512, 36.754813110903484 ], [ 126.120902733990675, 36.754850175176898 ] ] ], [ [ [ 126.122342988303828, 36.755870423762609 ], [ 126.122191090188124, 36.755909069272292 ], [ 126.122270115692302, 36.755974973995912 ], [ 126.122342988303828, 36.755870423762609 ] ] ], [ [ [ 126.12329936855086, 36.756215599015086 ], [ 126.123278950826361, 36.75616753957091 ], [ 126.123250408049131, 36.756205722715073 ], [ 126.12329936855086, 36.756215599015086 ] ] ], [ [ [ 126.123069444372106, 36.756248796005266 ], [ 126.123029036286113, 36.756182303970434 ], [ 126.122997045074115, 36.7562420556308 ], [ 126.123069444372106, 36.756248796005266 ] ] ], [ [ [ 126.123211799084359, 36.756293213420648 ], [ 126.123292740738265, 36.756299928124527 ], [ 126.123287901822906, 36.756263859175967 ], [ 126.123211799084359, 36.756293213420648 ] ] ], [ [ [ 126.123246293462842, 36.757658654047496 ], [ 126.123195148268579, 36.757691040962911 ], [ 126.123098264520223, 36.75775742231091 ], [ 126.123246293462842, 36.757658654047496 ] ] ], [ [ [ 126.121432366120601, 36.759978914091334 ], [ 126.121335768922208, 36.760128547394061 ], [ 126.121516985958621, 36.760115260408185 ], [ 126.121432366120601, 36.759978914091334 ] ] ], [ [ [ 126.121348366400113, 36.763089434927707 ], [ 126.121363709984095, 36.763124762107097 ], [ 126.121378463050263, 36.76309407260419 ], [ 126.121348366400113, 36.763089434927707 ] ] ], [ [ [ 126.121439634781339, 36.764766835802597 ], [ 126.121329555402539, 36.764775554841464 ], [ 126.121446035608031, 36.764796926735237 ], [ 126.121439634781339, 36.764766835802597 ] ] ], [ [ [ 126.121263042080258, 36.764784293770106 ], [ 126.121257741237969, 36.764832560208589 ], [ 126.121301668226977, 36.764827567154995 ], [ 126.121263042080258, 36.764784293770106 ] ] ], [ [ [ 126.121106168916498, 36.7649539693927 ], [ 126.121164928125964, 36.764947558241147 ], [ 126.121113389078261, 36.764940425659468 ], [ 126.121106168916498, 36.7649539693927 ] ] ], [ [ [ 126.120975007018885, 36.765004182329761 ], [ 126.120975230992471, 36.765038470728122 ], [ 126.12100241496907, 36.765032373271424 ], [ 126.120975007018885, 36.765004182329761 ] ] ], [ [ [ 126.121127829577205, 36.76502845109087 ], [ 126.121075616576007, 36.765071589192218 ], [ 126.121134734382281, 36.765082822689457 ], [ 126.121127829577205, 36.76502845109087 ] ] ], [ [ [ 126.12102264198991, 36.765107952503051 ], [ 126.121035871910919, 36.765140075060394 ], [ 126.121081172949374, 36.76511967499637 ], [ 126.12102264198991, 36.765107952503051 ] ] ], [ [ [ 126.120626501791705, 36.765210307653142 ], [ 126.120597525142159, 36.765283199898711 ], [ 126.120680207440117, 36.765229717451014 ], [ 126.120626501791705, 36.765210307653142 ] ] ], [ [ [ 126.12074606300321, 36.765248343258442 ], [ 126.120754779515522, 36.765353924806448 ], [ 126.120793260280337, 36.76529622500582 ], [ 126.12074606300321, 36.765248343258442 ] ] ], [ [ [ 126.12049480681037, 36.765340515268171 ], [ 126.120499030475727, 36.765395430900284 ], [ 126.120555048349317, 36.765364325853369 ], [ 126.12049480681037, 36.765340515268171 ] ] ], [ [ [ 126.119504491977452, 36.765572420172589 ], [ 126.11955682883891, 36.765663429316184 ], [ 126.11959002709952, 36.765585848550188 ], [ 126.119504491977452, 36.765572420172589 ] ] ], [ [ [ 126.113400353719513, 36.768332711137575 ], [ 126.113423773844971, 36.76835603480724 ], [ 126.113443446345173, 36.76834108810344 ], [ 126.113400353719513, 36.768332711137575 ] ] ], [ [ [ 126.113642329882765, 36.768547234983565 ], [ 126.113464635325982, 36.768465784545789 ], [ 126.113597941770195, 36.768561888250609 ], [ 126.113642329882765, 36.768547234983565 ] ] ], [ [ [ 126.11253710043863, 36.769915601941534 ], [ 126.112482939530722, 36.769873395706057 ], [ 126.112454048704237, 36.769886534666661 ], [ 126.11253710043863, 36.769915601941534 ] ] ], [ [ [ 126.11231208809015, 36.770743940244152 ], [ 126.112412785152983, 36.770719316820063 ], [ 126.112282947556835, 36.770700920689251 ], [ 126.11231208809015, 36.770743940244152 ] ] ], [ [ [ 126.112658627301485, 36.771060284152121 ], [ 126.112685127695784, 36.771014553211501 ], [ 126.112638220148668, 36.77104967099595 ], [ 126.112658627301485, 36.771060284152121 ] ] ], [ [ [ 126.119984709656237, 36.771743463119712 ], [ 126.120054506764006, 36.771653636805105 ], [ 126.119957858008931, 36.771705382807788 ], [ 126.119984709656237, 36.771743463119712 ] ] ], [ [ [ 126.119147834304101, 36.772326192506178 ], [ 126.118154294612822, 36.772133119188851 ], [ 126.118153710337339, 36.772223222018866 ], [ 126.119147834304101, 36.772326192506178 ] ] ], [ [ [ 126.111560886272713, 36.772936810703705 ], [ 126.111559979056025, 36.773245544655005 ], [ 126.111811428641062, 36.773256269426334 ], [ 126.111560886272713, 36.772936810703705 ] ] ], [ [ [ 126.112292699266973, 36.773252175314042 ], [ 126.112414573948953, 36.773236910368865 ], [ 126.112291681125242, 36.773164700412408 ], [ 126.112292699266973, 36.773252175314042 ] ] ], [ [ [ 126.114448661559393, 36.773393695854644 ], [ 126.114661427865542, 36.773509175648201 ], [ 126.114758351062449, 36.773411741537991 ], [ 126.114448661559393, 36.773393695854644 ] ] ], [ [ [ 126.1262035973363, 36.640495178753284 ], [ 126.126242616509529, 36.640467881206447 ], [ 126.12619773911284, 36.64042887647237 ], [ 126.1262035973363, 36.640495178753284 ] ] ], [ [ [ 126.126035665341163, 36.640611576844108 ], [ 126.126047243583145, 36.64056453356303 ], [ 126.12601437817753, 36.640568681391997 ], [ 126.126035665341163, 36.640611576844108 ] ] ], [ [ [ 126.126120432722118, 36.640655253205551 ], [ 126.126124254804353, 36.640593095544858 ], [ 126.126091965278533, 36.640599709117822 ], [ 126.126120432722118, 36.640655253205551 ] ] ], [ [ [ 126.125451220810362, 36.640628355370296 ], [ 126.125507266064602, 36.640632966587155 ], [ 126.125465109791705, 36.640579707241436 ], [ 126.125451220810362, 36.640628355370296 ] ] ], [ [ [ 126.126556673536939, 36.640772343694202 ], [ 126.126542264865705, 36.640740177053644 ], [ 126.126523896888344, 36.640755613941884 ], [ 126.126556673536939, 36.640772343694202 ] ] ], [ [ [ 126.126475898194414, 36.64088695836864 ], [ 126.126519962692825, 36.640843632131137 ], [ 126.126476798642855, 36.640845948627295 ], [ 126.126475898194414, 36.64088695836864 ] ] ], [ [ [ 126.126646636442814, 36.640906467016322 ], [ 126.126579181117407, 36.64106151990422 ], [ 126.126671556984235, 36.641071094463285 ], [ 126.126646636442814, 36.640906467016322 ] ] ], [ [ [ 126.126754943535133, 36.641349234232941 ], [ 126.126772880216421, 36.6411867162739 ], [ 126.126748750778262, 36.64118946866035 ], [ 126.126754943535133, 36.641349234232941 ] ] ], [ [ [ 126.126623213244585, 36.641866873312914 ], [ 126.126649779647209, 36.641848343516052 ], [ 126.126621601219711, 36.641845272874775 ], [ 126.126623213244585, 36.641866873312914 ] ] ], [ [ [ 126.126544881888918, 36.642764404912029 ], [ 126.126564536127063, 36.642739930781396 ], [ 126.126534977914488, 36.642749157632132 ], [ 126.126544881888918, 36.642764404912029 ] ] ], [ [ [ 126.125762184322966, 36.64286641758779 ], [ 126.125824086726595, 36.642828925924967 ], [ 126.125756253514027, 36.642832295239231 ], [ 126.125762184322966, 36.64286641758779 ] ] ], [ [ [ 126.126588138689755, 36.642867043846245 ], [ 126.126603225924512, 36.642846905170472 ], [ 126.126583378659475, 36.642849742951519 ], [ 126.126588138689755, 36.642867043846245 ] ] ], [ [ [ 126.125860755589798, 36.642876197684679 ], [ 126.125998123196794, 36.64286462526767 ], [ 126.125850134670983, 36.642855223456714 ], [ 126.125860755589798, 36.642876197684679 ] ] ], [ [ [ 126.126404532160763, 36.642921240185657 ], [ 126.126384252597362, 36.642902060221651 ], [ 126.126382181353833, 36.642915139405375 ], [ 126.126404532160763, 36.642921240185657 ] ] ], [ [ [ 126.125771555796476, 36.642948522662515 ], [ 126.12593030652036, 36.64298808411133 ], [ 126.125958052845135, 36.64295228061863 ], [ 126.125771555796476, 36.642948522662515 ] ] ], [ [ [ 126.126123561639758, 36.642988600737482 ], [ 126.126136282162733, 36.642963166912736 ], [ 126.126117944096933, 36.642968068251882 ], [ 126.126123561639758, 36.642988600737482 ] ] ], [ [ [ 126.131594203682397, 36.668428090876112 ], [ 126.131545024214347, 36.668291407829763 ], [ 126.131500141069552, 36.668401436621544 ], [ 126.131594203682397, 36.668428090876112 ] ] ], [ [ [ 126.131612938650875, 36.668454054306849 ], [ 126.131644823050152, 36.668431777066964 ], [ 126.131621738573159, 36.668426481871336 ], [ 126.131612938650875, 36.668454054306849 ] ] ], [ [ [ 126.131506543110646, 36.668532394425647 ], [ 126.131522892363677, 36.668487972901069 ], [ 126.131499030817992, 36.66849926026805 ], [ 126.131506543110646, 36.668532394425647 ] ] ], [ [ [ 126.131419944743087, 36.668637741338294 ], [ 126.13147574151246, 36.66857793887732 ], [ 126.131404724123897, 36.668633468549878 ], [ 126.131419944743087, 36.668637741338294 ] ] ], [ [ [ 126.131201392395241, 36.668628264859599 ], [ 126.131061628518736, 36.668710648759003 ], [ 126.131091267732145, 36.668787586666781 ], [ 126.131201392395241, 36.668628264859599 ] ] ], [ [ [ 126.13231401037136, 36.668797249183108 ], [ 126.13236169863093, 36.668833794183563 ], [ 126.132338650844403, 36.668784562583092 ], [ 126.13231401037136, 36.668797249183108 ] ] ], [ [ [ 126.13125285812643, 36.669374591250133 ], [ 126.13113480108224, 36.669497152172539 ], [ 126.131228900052236, 36.669530665134332 ], [ 126.13125285812643, 36.669374591250133 ] ] ], [ [ [ 126.131219866747941, 36.669758128061829 ], [ 126.131252491720446, 36.669786310054214 ], [ 126.131253547119584, 36.669756166123896 ], [ 126.131219866747941, 36.669758128061829 ] ] ], [ [ [ 126.131094445144726, 36.669987364696595 ], [ 126.131122362247794, 36.669969770842457 ], [ 126.13109730875135, 36.66995558655222 ], [ 126.131094445144726, 36.669987364696595 ] ] ], [ [ [ 126.137088209418735, 36.670124191644092 ], [ 126.137127522791474, 36.670200647491043 ], [ 126.1371079717523, 36.670116397012755 ], [ 126.137088209418735, 36.670124191644092 ] ] ], [ [ [ 126.137039946125384, 36.670189731276466 ], [ 126.136978247443267, 36.670251630404948 ], [ 126.137072608286701, 36.670220884999324 ], [ 126.137039946125384, 36.670189731276466 ] ] ], [ [ [ 126.1302192964216, 36.670226337197384 ], [ 126.130052465743731, 36.670074499386274 ], [ 126.130150498892093, 36.670278332820644 ], [ 126.1302192964216, 36.670226337197384 ] ] ], [ [ [ 126.137496694199044, 36.670355084847294 ], [ 126.137546392302653, 36.670254864012961 ], [ 126.137433460966847, 36.670281665416844 ], [ 126.137496694199044, 36.670355084847294 ] ] ], [ [ [ 126.130565429571803, 36.67019299076383 ], [ 126.130597550334357, 36.670282074185565 ], [ 126.130665009645554, 36.670223615965845 ], [ 126.130565429571803, 36.67019299076383 ] ] ], [ [ [ 126.130322105285003, 36.670451172593602 ], [ 126.13016116302289, 36.670296882301074 ], [ 126.13016784865421, 36.670761278080406 ], [ 126.130322105285003, 36.670451172593602 ] ] ], [ [ [ 126.136042060424955, 36.671306100992005 ], [ 126.136062468172653, 36.671329722977298 ], [ 126.13606342630969, 36.67130295639889 ], [ 126.136042060424955, 36.671306100992005 ] ] ], [ [ [ 126.130752086478282, 36.671280236105709 ], [ 126.130784881643336, 36.671259561497614 ], [ 126.13075390923035, 36.67126136153243 ], [ 126.130752086478282, 36.671280236105709 ] ] ], [ [ [ 126.136261596266237, 36.671455472940593 ], [ 126.136138963519159, 36.671364211300187 ], [ 126.136134424721448, 36.671482005426412 ], [ 126.136261596266237, 36.671455472940593 ] ] ], [ [ [ 126.130715322270333, 36.671398211042337 ], [ 126.130627586432766, 36.671495005974755 ], [ 126.130741447505798, 36.67147721972308 ], [ 126.130715322270333, 36.671398211042337 ] ] ], [ [ [ 126.131182972617324, 36.671909528887333 ], [ 126.131177863586643, 36.671976840363762 ], [ 126.131226144838976, 36.671946889586579 ], [ 126.131182972617324, 36.671909528887333 ] ] ], [ [ [ 126.146310262356181, 36.673841587305773 ], [ 126.146340219127012, 36.673890388205727 ], [ 126.146328262536827, 36.673837544457506 ], [ 126.146310262356181, 36.673841587305773 ] ] ], [ [ [ 126.144326382192219, 36.674066374692046 ], [ 126.144230383528281, 36.674139836252266 ], [ 126.144333625899165, 36.674123574712681 ], [ 126.144326382192219, 36.674066374692046 ] ] ], [ [ [ 126.144395349787118, 36.674176291168358 ], [ 126.14443623430418, 36.674247276486085 ], [ 126.14445462258746, 36.67424140665721 ], [ 126.144395349787118, 36.674176291168358 ] ] ], [ [ [ 126.134893673663669, 36.687900331760723 ], [ 126.135905274965353, 36.685152417860927 ], [ 126.135347493371697, 36.684543334639095 ], [ 126.136626109066697, 36.68254851709672 ], [ 126.137923413698843, 36.682492146693463 ], [ 126.141648144716015, 36.686276601422762 ], [ 126.142617602525689, 36.685298873712476 ], [ 126.141919335450353, 36.685133795204166 ], [ 126.143338068857261, 36.684763891400294 ], [ 126.148503825518233, 36.685974545005934 ], [ 126.150641259725703, 36.681619183450771 ], [ 126.150502694593968, 36.679643025237574 ], [ 126.148523891866461, 36.679411068796611 ], [ 126.148770900712336, 36.678306965472963 ], [ 126.149991325612575, 36.677370039053017 ], [ 126.151668645428657, 36.677481915086879 ], [ 126.150716822048381, 36.678973259953224 ], [ 126.153106703437714, 36.677663811164685 ], [ 126.152219341162308, 36.67594229231721 ], [ 126.152733026114731, 36.674935603641494 ], [ 126.152028106935148, 36.675829779237674 ], [ 126.150056946306421, 36.675363912480925 ], [ 126.149864484060387, 36.675911428729599 ], [ 126.148808339843654, 36.676041994994378 ], [ 126.147103822885128, 36.674673856178316 ], [ 126.146812858147371, 36.673751882234107 ], [ 126.144917378571364, 36.674607478928898 ], [ 126.143423299025642, 36.6741778375008 ], [ 126.142947405604787, 36.6720532980952 ], [ 126.14051490258278, 36.671307648766728 ], [ 126.139581659128439, 36.669139045601369 ], [ 126.1378371808933, 36.670442660066108 ], [ 126.137125880631601, 36.670328836660069 ], [ 126.13556933781318, 36.672586911550461 ], [ 126.133409418138015, 36.672437778046984 ], [ 126.131885990689241, 36.668477447635034 ], [ 126.131184923836628, 36.668764183487944 ], [ 126.131128410309586, 36.669173313418632 ], [ 126.131267840593082, 36.669308675952863 ], [ 126.131283744918221, 36.669941844029722 ], [ 126.131110939171336, 36.670080460834562 ], [ 126.130552242829964, 36.669870004141536 ], [ 126.130825244095277, 36.670156582052329 ], [ 126.13034380153853, 36.670988452143035 ], [ 126.130803925833632, 36.671191686434049 ], [ 126.131239288360518, 36.671921142024054 ], [ 126.131860109527935, 36.672170374516639 ], [ 126.131927599593666, 36.673000689262828 ], [ 126.127850114677642, 36.674862958831127 ], [ 126.127099202708195, 36.67600247611751 ], [ 126.129413724837107, 36.674480330000847 ], [ 126.134493303440863, 36.673750123569675 ], [ 126.136277093020993, 36.67562643647652 ], [ 126.136309418673747, 36.679772648686921 ], [ 126.134549508949803, 36.681199965547385 ], [ 126.134032869915657, 36.680869182872947 ], [ 126.135208388571471, 36.682999864252864 ], [ 126.135047004993169, 36.68495179156217 ], [ 126.132831686111587, 36.684936272824935 ], [ 126.13284282180409, 36.683944387005319 ], [ 126.131894063731394, 36.6834613397602 ], [ 126.132637459289228, 36.682382841363754 ], [ 126.131414464132064, 36.681299021726097 ], [ 126.129221693497058, 36.681853916896301 ], [ 126.12699081755926, 36.680650156699905 ], [ 126.127441641426714, 36.679370383260249 ], [ 126.126100014399682, 36.678163809435524 ], [ 126.126288904759889, 36.676616132047243 ], [ 126.125805496224771, 36.678143481939856 ], [ 126.124241763452403, 36.678231996187399 ], [ 126.123759107544018, 36.679063342063891 ], [ 126.12594056478936, 36.679828847764469 ], [ 126.126006990308014, 36.681455010903996 ], [ 126.125788463989423, 36.68216268956521 ], [ 126.125330717066944, 36.682299151119132 ], [ 126.129297325808963, 36.6840322226304 ], [ 126.130340703924503, 36.687021235656808 ], [ 126.134893673663669, 36.687900331760723 ] ] ], [ [ [ 126.125697669036143, 36.681794329694142 ], [ 126.125733066494377, 36.681841840896965 ], [ 126.125740169279894, 36.681791486832026 ], [ 126.125697669036143, 36.681794329694142 ] ] ], [ [ [ 126.125522599522895, 36.682168504024865 ], [ 126.125550202493727, 36.682092032831562 ], [ 126.125511529999287, 36.682096740675256 ], [ 126.125522599522895, 36.682168504024865 ] ] ], [ [ [ 126.129220612973228, 36.713820297788615 ], [ 126.129407788621066, 36.71373336862554 ], [ 126.129368867530161, 36.713678334496862 ], [ 126.129220612973228, 36.713820297788615 ] ] ], [ [ [ 126.129223413429287, 36.71409369230107 ], [ 126.129141842896104, 36.714017520943806 ], [ 126.129108305943561, 36.714099159562693 ], [ 126.129223413429287, 36.71409369230107 ] ] ], [ [ [ 126.129178681428755, 36.714147854960402 ], [ 126.129187007470108, 36.714098490371605 ], [ 126.129150655369102, 36.714113237035825 ], [ 126.129178681428755, 36.714147854960402 ] ] ], [ [ [ 126.125050852694329, 36.715791353486026 ], [ 126.124983562523511, 36.715757887308655 ], [ 126.124986601593207, 36.715797818890692 ], [ 126.125050852694329, 36.715791353486026 ] ] ], [ [ [ 126.125113998098541, 36.715740255405208 ], [ 126.125124534058202, 36.715824810526598 ], [ 126.125132083940571, 36.715732521093692 ], [ 126.125113998098541, 36.715740255405208 ] ] ], [ [ [ 126.125065694124757, 36.71595421708998 ], [ 126.125042229329708, 36.716016669825585 ], [ 126.125067374141111, 36.716027182317802 ], [ 126.125065694124757, 36.71595421708998 ] ] ], [ [ [ 126.124966215148703, 36.715984619026159 ], [ 126.124998064099003, 36.715998856098189 ], [ 126.124987210743754, 36.715977969400519 ], [ 126.124966215148703, 36.715984619026159 ] ] ], [ [ [ 126.125254170025869, 36.716136407968193 ], [ 126.125259439667289, 36.716184943138607 ], [ 126.125288289433541, 36.716139982252095 ], [ 126.125254170025869, 36.716136407968193 ] ] ], [ [ [ 126.130888126231554, 36.716326619174701 ], [ 126.130681987297692, 36.716221569627848 ], [ 126.130649605381038, 36.71622852373762 ], [ 126.130792745029794, 36.71632041631662 ], [ 126.130888126231554, 36.716326619174701 ] ] ], [ [ [ 126.132587155606615, 36.716911551873856 ], [ 126.132617367740423, 36.716945085376189 ], [ 126.132637690773109, 36.716938331120723 ], [ 126.132587155606615, 36.716911551873856 ] ] ], [ [ [ 126.132734036365889, 36.716943429440889 ], [ 126.132820759997529, 36.716956208959012 ], [ 126.132732519043955, 36.716936995758147 ], [ 126.132734036365889, 36.716943429440889 ] ] ], [ [ [ 126.125905024933374, 36.716944307196684 ], [ 126.125753077578906, 36.716915240025678 ], [ 126.1257957598052, 36.716975988605697 ], [ 126.125905024933374, 36.716944307196684 ] ] ], [ [ [ 126.133112802158621, 36.717017944259759 ], [ 126.133146796709951, 36.717057675912578 ], [ 126.13315584038321, 36.717026771197091 ], [ 126.133112802158621, 36.717017944259759 ] ] ], [ [ [ 126.133325167804642, 36.717031465036257 ], [ 126.133312557967642, 36.717160454740608 ], [ 126.133442969539232, 36.717112421423387 ], [ 126.133325167804642, 36.717031465036257 ] ] ], [ [ [ 126.125972860984078, 36.717171863850133 ], [ 126.125934985936453, 36.717249613196778 ], [ 126.125961759925019, 36.717254620463216 ], [ 126.125972860984078, 36.717171863850133 ] ] ], [ [ [ 126.12606545197896, 36.717208902693365 ], [ 126.126075302447262, 36.717274051436334 ], [ 126.126121415487049, 36.717243600449798 ], [ 126.12606545197896, 36.717208902693365 ] ] ], [ [ [ 126.134490958324108, 36.717819891343147 ], [ 126.134527413125483, 36.717837970067428 ], [ 126.134533143852593, 36.717824929283267 ], [ 126.134490958324108, 36.717819891343147 ] ] ], [ [ [ 126.134493613387122, 36.717961364195467 ], [ 126.134486357157684, 36.717861847965878 ], [ 126.13427623985072, 36.71790712350932 ], [ 126.134493613387122, 36.717961364195467 ] ] ], [ [ [ 126.124631212976979, 36.718418724800898 ], [ 126.124638767761937, 36.718493751815132 ], [ 126.124717645313694, 36.718452313230365 ], [ 126.124631212976979, 36.718418724800898 ] ] ], [ [ [ 126.124905934984611, 36.718458069298663 ], [ 126.124741924376252, 36.718509352036826 ], [ 126.124729420915486, 36.718546899154155 ], [ 126.124905934984611, 36.718458069298663 ] ] ], [ [ [ 126.124797565665673, 36.718712489763348 ], [ 126.12461121045466, 36.718670425404632 ], [ 126.124793466326651, 36.718727632973867 ], [ 126.124797565665673, 36.718712489763348 ] ] ], [ [ [ 126.124823082850781, 36.71865273621512 ], [ 126.124861250297727, 36.718752381116033 ], [ 126.124930998227157, 36.71872619334281 ], [ 126.124823082850781, 36.71865273621512 ] ] ], [ [ [ 126.136504940269063, 36.719500808615237 ], [ 126.1364856321497, 36.719615764444299 ], [ 126.136644752499222, 36.71965885581357 ], [ 126.136504940269063, 36.719500808615237 ] ] ], [ [ [ 126.136772196933109, 36.719611958533648 ], [ 126.136792996842985, 36.719630636071685 ], [ 126.136795815860992, 36.719611906368193 ], [ 126.136772196933109, 36.719611958533648 ] ] ], [ [ [ 126.12405503389104, 36.719529617872261 ], [ 126.124087544651204, 36.719556664680105 ], [ 126.124088797780004, 36.719523198966648 ], [ 126.12405503389104, 36.719529617872261 ] ] ], [ [ [ 126.124126253780219, 36.719624406117347 ], [ 126.124162012661387, 36.71966213611757 ], [ 126.124171239665117, 36.719635297813518 ], [ 126.124126253780219, 36.719624406117347 ] ] ], [ [ [ 126.142397580617157, 36.720855621080609 ], [ 126.142311075755742, 36.720895078839767 ], [ 126.142414565479157, 36.720922750126412 ], [ 126.142397580617157, 36.720855621080609 ] ] ], [ [ [ 126.142039349061335, 36.720906916861843 ], [ 126.142000736400348, 36.720956964389082 ], [ 126.142051044115021, 36.720931366811463 ], [ 126.142039349061335, 36.720906916861843 ] ] ], [ [ [ 126.142238332515575, 36.721036928146916 ], [ 126.14226017605958, 36.720931730107381 ], [ 126.142203637960563, 36.720972926848198 ], [ 126.142238332515575, 36.721036928146916 ] ] ], [ [ [ 126.14245695104178, 36.721219109682806 ], [ 126.142345489754021, 36.721160383971124 ], [ 126.142457633853411, 36.72123203651649 ], [ 126.14245695104178, 36.721219109682806 ] ] ], [ [ [ 126.141340098118079, 36.721177827718002 ], [ 126.141351430822127, 36.721200398659072 ], [ 126.141382088256464, 36.721183537076151 ], [ 126.141340098118079, 36.721177827718002 ] ] ], [ [ [ 126.141158922505653, 36.721215879296132 ], [ 126.141169032288971, 36.721244812882489 ], [ 126.141178996306351, 36.72121249022338 ], [ 126.141158922505653, 36.721215879296132 ] ] ], [ [ [ 126.142315914958445, 36.721355817164067 ], [ 126.142172207824515, 36.721157083803924 ], [ 126.142250314005992, 36.721532589340107 ], [ 126.142315914958445, 36.721355817164067 ] ] ], [ [ [ 126.141403317050703, 36.721468389581794 ], [ 126.14140383760018, 36.721515054433837 ], [ 126.141461889942349, 36.721494862053909 ], [ 126.141403317050703, 36.721468389581794 ] ] ], [ [ [ 126.124063813453176, 36.721299567172572 ], [ 126.123992809045589, 36.721348271533103 ], [ 126.124084142517916, 36.721376310328885 ], [ 126.124063813453176, 36.721299567172572 ] ] ], [ [ [ 126.141093643765672, 36.72155553430381 ], [ 126.141140177164161, 36.721576415916573 ], [ 126.141134760602498, 36.721550317675046 ], [ 126.141093643765672, 36.72155553430381 ] ] ], [ [ [ 126.141245201840974, 36.721602854587843 ], [ 126.141272080883198, 36.721588441401529 ], [ 126.141243524521656, 36.721588614755881 ], [ 126.141245201840974, 36.721602854587843 ] ] ], [ [ [ 126.124107959355413, 36.72144861018775 ], [ 126.124078911287015, 36.721503840907175 ], [ 126.12410387700875, 36.721505465433587 ], [ 126.124107959355413, 36.72144861018775 ] ] ], [ [ [ 126.124090672610635, 36.72179396425593 ], [ 126.124367884907954, 36.721759760339182 ], [ 126.124136895129169, 36.721614903410973 ], [ 126.124090672610635, 36.72179396425593 ] ] ], [ [ [ 126.128686464625929, 36.734645480796473 ], [ 126.12857460390812, 36.734603572337072 ], [ 126.128577527818706, 36.734666976901927 ], [ 126.128686464625929, 36.734645480796473 ] ] ], [ [ [ 126.127939262784565, 36.735694063455121 ], [ 126.128259707873127, 36.735845812574141 ], [ 126.127962869140489, 36.735640943394493 ], [ 126.127939262784565, 36.735694063455121 ] ] ], [ [ [ 126.128578663549092, 36.73673249750869 ], [ 126.128493105452165, 36.736705000954821 ], [ 126.128509526899791, 36.736785408404693 ], [ 126.128578663549092, 36.73673249750869 ] ] ], [ [ [ 126.128786975734485, 36.736815392211106 ], [ 126.128909340240327, 36.73689188057655 ], [ 126.128867373188598, 36.736643745726113 ], [ 126.128786975734485, 36.736815392211106 ] ] ], [ [ [ 126.129274224595321, 36.737578128238049 ], [ 126.129177081743094, 36.737588969041148 ], [ 126.129244564739238, 36.737633030303726 ], [ 126.129274224595321, 36.737578128238049 ] ] ], [ [ [ 126.131915690291407, 36.737711847113694 ], [ 126.131736042856105, 36.737872840981353 ], [ 126.131957775955371, 36.737762488989929 ], [ 126.131915690291407, 36.737711847113694 ] ] ], [ [ [ 126.133352460984696, 36.742126668819949 ], [ 126.133473828915655, 36.742315988438797 ], [ 126.133543915490534, 36.742248637849762 ], [ 126.133352460984696, 36.742126668819949 ] ] ], [ [ [ 126.133399511694662, 36.742732950372087 ], [ 126.133378289095674, 36.742624755735349 ], [ 126.133316752457844, 36.742663810057024 ], [ 126.133399511694662, 36.742732950372087 ] ] ], [ [ [ 126.124879530134265, 36.748560841357516 ], [ 126.124862856922306, 36.748774925652356 ], [ 126.12496515154217, 36.748597748381982 ], [ 126.124879530134265, 36.748560841357516 ] ] ], [ [ [ 126.126514580176121, 36.749645270049029 ], [ 126.12654010238127, 36.749522439724153 ], [ 126.126379730311555, 36.749612614698286 ], [ 126.126514580176121, 36.749645270049029 ] ] ], [ [ [ 126.126442049179659, 36.749899456907769 ], [ 126.126399715942199, 36.749840935601817 ], [ 126.126370764671847, 36.749898547379523 ], [ 126.126442049179659, 36.749899456907769 ] ] ], [ [ [ 126.126561563635619, 36.750056340108706 ], [ 126.126525872033838, 36.750018215028227 ], [ 126.12639537169953, 36.75001159745856 ], [ 126.126561563635619, 36.750056340108706 ] ] ], [ [ [ 126.125782376472287, 36.750069657917251 ], [ 126.12568393906146, 36.750216652635196 ], [ 126.125829169924486, 36.75012101248921 ], [ 126.125782376472287, 36.750069657917251 ] ] ], [ [ [ 126.125578926268062, 36.750381588619447 ], [ 126.125560800529428, 36.750266774392877 ], [ 126.125513023690004, 36.750356316233592 ], [ 126.125578926268062, 36.750381588619447 ] ] ], [ [ [ 126.125258171950037, 36.751530347151515 ], [ 126.125477149224139, 36.75160991864248 ], [ 126.125423497259305, 36.751463270942267 ], [ 126.125258171950037, 36.751530347151515 ] ] ], [ [ [ 126.123949871597858, 36.756458117719056 ], [ 126.123972382994097, 36.756510221535358 ], [ 126.124001570508042, 36.756460641091778 ], [ 126.123949871597858, 36.756458117719056 ] ] ], [ [ [ 126.123821543793738, 36.756481293982759 ], [ 126.123920559722407, 36.756494215290203 ], [ 126.123924420901488, 36.756475608068811 ], [ 126.123821543793738, 36.756481293982759 ] ] ], [ [ [ 126.123350296485185, 36.758210453953225 ], [ 126.123405482558411, 36.758283444737572 ], [ 126.123470247822581, 36.758250833138483 ], [ 126.123350296485185, 36.758210453953225 ] ] ], [ [ [ 126.132188843341268, 36.77923432973099 ], [ 126.13156896617464, 36.779469017119673 ], [ 126.132376910633837, 36.779817695466754 ], [ 126.132188843341268, 36.77923432973099 ] ] ], [ [ [ 126.138672535620856, 36.803260516754513 ], [ 126.142325318910423, 36.80255055187753 ], [ 126.143896436772749, 36.801198622140511 ], [ 126.143791213204125, 36.799933048092242 ], [ 126.141537957718199, 36.800439759363996 ], [ 126.141913239756647, 36.801702542440999 ], [ 126.139320416372854, 36.802240045231642 ], [ 126.138672535620856, 36.803260516754513 ] ] ], [ [ [ 126.159907349761866, 36.508930574028355 ], [ 126.159935378296282, 36.508954398617369 ], [ 126.159931978046288, 36.508928296038434 ], [ 126.159907349761866, 36.508930574028355 ] ] ], [ [ [ 126.159893645997045, 36.509031484648986 ], [ 126.159958637032361, 36.509045810427693 ], [ 126.159889882717167, 36.509020221181295 ], [ 126.159893645997045, 36.509031484648986 ] ] ], [ [ [ 126.158214721941519, 36.509121116213308 ], [ 126.158213679042589, 36.509201841469107 ], [ 126.15832850426753, 36.509184880698776 ], [ 126.158214721941519, 36.509121116213308 ] ] ], [ [ [ 126.161179968406501, 36.509266921191312 ], [ 126.161157328817794, 36.509225829807143 ], [ 126.161132904693758, 36.509259945771042 ], [ 126.161179968406501, 36.509266921191312 ] ] ], [ [ [ 126.16229448339223, 36.509593408419917 ], [ 126.162347227909905, 36.509589290810602 ], [ 126.16230430070172, 36.509566965559941 ], [ 126.16229448339223, 36.509593408419917 ] ] ], [ [ [ 126.160326442345578, 36.514934658143837 ], [ 126.163836496759785, 36.512499001800911 ], [ 126.162158819362332, 36.509487986263039 ], [ 126.160543447280645, 36.509394843618146 ], [ 126.158494270920826, 36.508638596534205 ], [ 126.158482752807032, 36.509202315242646 ], [ 126.155413510905575, 36.511283875365478 ], [ 126.156712056117641, 36.511843722256422 ], [ 126.158092819694716, 36.513145252709606 ], [ 126.158529354411073, 36.5138181316361 ], [ 126.158567072165084, 36.514498028263496 ], [ 126.159169880414083, 36.514426997635653 ], [ 126.160326442345578, 36.514934658143837 ] ] ], [ [ [ 126.156250538064, 36.511808730793284 ], [ 126.156303099147962, 36.511846201030046 ], [ 126.156263876967699, 36.511798471197537 ], [ 126.156250538064, 36.511808730793284 ] ] ], [ [ [ 126.156557676543329, 36.51202507395881 ], [ 126.156595522870148, 36.512063908974909 ], [ 126.156609142320292, 36.512052536513103 ], [ 126.156557676543329, 36.51202507395881 ] ] ], [ [ [ 126.156714396920222, 36.512184725248353 ], [ 126.15675480209984, 36.512159382779515 ], [ 126.156696342803372, 36.512137507999313 ], [ 126.156714396920222, 36.512184725248353 ] ] ], [ [ [ 126.156617508391562, 36.512285652224172 ], [ 126.156630761353156, 36.51220826649223 ], [ 126.156480463371054, 36.512148287990797 ], [ 126.156617508391562, 36.512285652224172 ] ] ], [ [ [ 126.156983091703296, 36.512647029652847 ], [ 126.157046445288714, 36.512670563974069 ], [ 126.156988093510847, 36.512634685710857 ], [ 126.156983091703296, 36.512647029652847 ] ] ], [ [ [ 126.156631402302608, 36.51267510992492 ], [ 126.156639801245348, 36.512733185399966 ], [ 126.156676413963524, 36.512720141015407 ], [ 126.156631402302608, 36.51267510992492 ] ] ], [ [ [ 126.157300519802703, 36.512966316310631 ], [ 126.157282967623843, 36.513027433129807 ], [ 126.157319220889576, 36.512961897023821 ], [ 126.157300519802703, 36.512966316310631 ] ] ], [ [ [ 126.157604020306394, 36.513125660820222 ], [ 126.157586866044142, 36.513219998571486 ], [ 126.157640298671865, 36.513198956290374 ], [ 126.157604020306394, 36.513125660820222 ] ] ], [ [ [ 126.157739224106081, 36.513266390680705 ], [ 126.15763757492941, 36.513299881953728 ], [ 126.157740648338702, 36.513372988038505 ], [ 126.157739224106081, 36.513266390680705 ] ] ], [ [ [ 126.158201760773466, 36.513615355464751 ], [ 126.158205919407564, 36.513694269585613 ], [ 126.158251495827017, 36.513694645300511 ], [ 126.158201760773466, 36.513615355464751 ] ] ], [ [ [ 126.158019441761482, 36.513727421597025 ], [ 126.158024258866078, 36.513806348538758 ], [ 126.15809973775977, 36.513776289071551 ], [ 126.158019441761482, 36.513727421597025 ] ] ], [ [ [ 126.158455424436056, 36.513838300126288 ], [ 126.158380682402282, 36.513863329035985 ], [ 126.158469221815949, 36.513879633281739 ], [ 126.158455424436056, 36.513838300126288 ] ] ], [ [ [ 126.158383934732186, 36.514144439455492 ], [ 126.158222598599608, 36.514251832645819 ], [ 126.158456031980393, 36.514371869837696 ], [ 126.158383934732186, 36.514144439455492 ] ] ], [ [ [ 126.15919821190343, 36.514511680480233 ], [ 126.159109182235284, 36.514660431056164 ], [ 126.159372087103819, 36.514687894991624 ], [ 126.15919821190343, 36.514511680480233 ] ] ], [ [ [ 126.159948533512136, 36.514846679335839 ], [ 126.159967970030493, 36.514896125574886 ], [ 126.160000367625443, 36.514834176355883 ], [ 126.159948533512136, 36.514846679335839 ] ] ], [ [ [ 126.16082031879165, 36.514860457456251 ], [ 126.160656514066702, 36.514862629506055 ], [ 126.160653803554268, 36.514972856496286 ], [ 126.16082031879165, 36.514860457456251 ] ] ], [ [ [ 126.154028353966893, 36.672109255843232 ], [ 126.154046987859829, 36.672106432294783 ], [ 126.154030813691705, 36.672095116917632 ], [ 126.154028353966893, 36.672109255843232 ] ] ], [ [ [ 126.154086506379642, 36.672165067513951 ], [ 126.1540333550535, 36.67217457524395 ], [ 126.154066322997096, 36.672193886756304 ], [ 126.154086506379642, 36.672165067513951 ] ] ], [ [ [ 126.153990920006294, 36.672235440849597 ], [ 126.154018237882994, 36.672230157239078 ], [ 126.153991727473127, 36.672215811623254 ], [ 126.153990920006294, 36.672235440849597 ] ] ], [ [ [ 126.153163651705611, 36.673992912211574 ], [ 126.153046748316598, 36.673302295176505 ], [ 126.154053371130459, 36.672381737074467 ], [ 126.152449582755153, 36.671614307772735 ], [ 126.153163651705611, 36.673992912211574 ] ] ], [ [ [ 126.15353398668978, 36.672962096716439 ], [ 126.153532764595255, 36.672988815428205 ], [ 126.153546130617173, 36.672962472016224 ], [ 126.15353398668978, 36.672962096716439 ] ] ], [ [ [ 126.152671983307684, 36.673287735676745 ], [ 126.152683125153089, 36.673328508605607 ], [ 126.152690252498118, 36.673325225152304 ], [ 126.152671983307684, 36.673287735676745 ] ] ], [ [ [ 126.152710019971181, 36.673512821699795 ], [ 126.152734761834566, 36.67354273495247 ], [ 126.152729925946602, 36.673505222606956 ], [ 126.152710019971181, 36.673512821699795 ] ] ], [ [ [ 126.147199718677768, 36.673802678751201 ], [ 126.147159213400926, 36.67387951529826 ], [ 126.147239465097712, 36.673825932639289 ], [ 126.147199718677768, 36.673802678751201 ] ] ], [ [ [ 126.152382450270125, 36.673990752706565 ], [ 126.152361537481895, 36.674058501141104 ], [ 126.152416182047503, 36.673980277768798 ], [ 126.152382450270125, 36.673990752706565 ] ] ], [ [ [ 126.152773609902823, 36.67432454739081 ], [ 126.1524815575048, 36.674050560429656 ], [ 126.152388088065933, 36.674060168194373 ], [ 126.152773609902823, 36.67432454739081 ] ] ], [ [ [ 126.148071815630502, 36.675199205584271 ], [ 126.148104190664071, 36.675236653979326 ], [ 126.148117372813786, 36.675208796536971 ], [ 126.148071815630502, 36.675199205584271 ] ] ], [ [ [ 126.148202796340115, 36.675204530952165 ], [ 126.148234800653853, 36.675262531079973 ], [ 126.148223704385146, 36.675195481896978 ], [ 126.148202796340115, 36.675204530952165 ] ] ], [ [ [ 126.149831914624912, 36.675692045931363 ], [ 126.149880194343083, 36.675723768098258 ], [ 126.149854823415779, 36.675687100906593 ], [ 126.149831914624912, 36.675692045931363 ] ] ], [ [ [ 126.164533654535603, 36.676160319677535 ], [ 126.164465063405331, 36.676313889895845 ], [ 126.164605922417294, 36.676419937310328 ], [ 126.164533654535603, 36.676160319677535 ] ] ], [ [ [ 126.16410006161469, 36.67629274754065 ], [ 126.164066959338001, 36.676364179752241 ], [ 126.164138526749468, 36.676388399843546 ], [ 126.16410006161469, 36.67629274754065 ] ] ], [ [ [ 126.153094160560059, 36.676567781395676 ], [ 126.152992965998081, 36.676655458942996 ], [ 126.153012009289625, 36.676688781737511 ], [ 126.153094160560059, 36.676567781395676 ] ] ], [ [ [ 126.153243713989397, 36.676618306623418 ], [ 126.153193702141891, 36.676814850855209 ], [ 126.153253081974469, 36.676856650705773 ], [ 126.153243713989397, 36.676618306623418 ] ] ], [ [ [ 126.156751664160367, 36.677546248984697 ], [ 126.156842646699758, 36.67766315297029 ], [ 126.156875845273987, 36.677662550335775 ], [ 126.156751664160367, 36.677546248984697 ] ] ], [ [ [ 126.156974542642146, 36.677679586351637 ], [ 126.156952542062029, 36.677776469836438 ], [ 126.157017489283049, 36.677790437076261 ], [ 126.156974542642146, 36.677679586351637 ] ] ], [ [ [ 126.157155506995366, 36.677835325036249 ], [ 126.157153189217084, 36.677975997992348 ], [ 126.157283907876518, 36.678037791652322 ], [ 126.157155506995366, 36.677835325036249 ] ] ], [ [ [ 126.150175450212316, 36.699532546610875 ], [ 126.150054601332229, 36.699339938872576 ], [ 126.149999989336578, 36.699449012909128 ], [ 126.150175450212316, 36.699532546610875 ] ] ], [ [ [ 126.148940028662139, 36.701702325535571 ], [ 126.14900293378183, 36.701747803820638 ], [ 126.148992438771231, 36.701708098118296 ], [ 126.148940028662139, 36.701702325535571 ] ] ], [ [ [ 126.146533262322777, 36.702598134818459 ], [ 126.146432126282548, 36.70261392602022 ], [ 126.146548153765224, 36.702615605912236 ], [ 126.146533262322777, 36.702598134818459 ] ] ], [ [ [ 126.146675471988431, 36.70258103292165 ], [ 126.146647744751576, 36.702647705485944 ], [ 126.146702653323317, 36.70264891747842 ], [ 126.146675471988431, 36.70258103292165 ] ] ], [ [ [ 126.146660441254198, 36.702665223723777 ], [ 126.146518393038633, 36.70270324028003 ], [ 126.146610789045511, 36.702752273195891 ], [ 126.146660441254198, 36.702665223723777 ] ] ], [ [ [ 126.160749301061202, 36.706449866385043 ], [ 126.160753604854449, 36.706480164548132 ], [ 126.16077453878772, 36.706444619249943 ], [ 126.160749301061202, 36.706449866385043 ] ] ], [ [ [ 126.160617897818483, 36.706453516900957 ], [ 126.160650942310383, 36.706492950718044 ], [ 126.16067439632468, 36.706465469022319 ], [ 126.160617897818483, 36.706453516900957 ] ] ], [ [ [ 126.161263128916531, 36.707209573411426 ], [ 126.161227767276486, 36.707186607821832 ], [ 126.161201326827083, 36.707206704079219 ], [ 126.161263128916531, 36.707209573411426 ] ] ], [ [ [ 126.162309766096072, 36.70753864460373 ], [ 126.162348229630112, 36.707562497474356 ], [ 126.162349009752262, 36.707529764985921 ], [ 126.162309766096072, 36.70753864460373 ] ] ], [ [ [ 126.162397355527929, 36.707613483807592 ], [ 126.162411999885819, 36.707632554688246 ], [ 126.162426121290437, 36.707623408955122 ], [ 126.162397355527929, 36.707613483807592 ] ] ], [ [ [ 126.162533562059181, 36.707648801276392 ], [ 126.162461771460642, 36.707630148328867 ], [ 126.16247290913175, 36.707679335789351 ], [ 126.162533562059181, 36.707648801276392 ] ] ], [ [ [ 126.162832493351246, 36.707900824660818 ], [ 126.162868116599654, 36.707928638732824 ], [ 126.162865072939752, 36.707900900401654 ], [ 126.162832493351246, 36.707900824660818 ] ] ], [ [ [ 126.162939709627409, 36.70797396393985 ], [ 126.163003927053353, 36.70799551883016 ], [ 126.162943033552253, 36.707961623024602 ], [ 126.162939709627409, 36.70797396393985 ] ] ], [ [ [ 126.159730453626523, 36.710744858662004 ], [ 126.159718783525335, 36.710830812469538 ], [ 126.159782667068995, 36.710813404344321 ], [ 126.159730453626523, 36.710744858662004 ] ] ], [ [ [ 126.159717080684146, 36.710893778828748 ], [ 126.159771112353454, 36.710886788309615 ], [ 126.159729403206128, 36.710873132739479 ], [ 126.159717080684146, 36.710893778828748 ] ] ], [ [ [ 126.14649687580426, 36.719382923842396 ], [ 126.145762766252801, 36.719469781827755 ], [ 126.146543420786983, 36.71996309343141 ], [ 126.14649687580426, 36.719382923842396 ] ] ], [ [ [ 126.145011972712581, 36.801229065540099 ], [ 126.144811821215413, 36.801014052178111 ], [ 126.1446378407488, 36.801121903257489 ], [ 126.145011972712581, 36.801229065540099 ] ] ], [ [ [ 126.150053148749521, 36.833538730852091 ], [ 126.150189159825644, 36.833543442828805 ], [ 126.15005158755983, 36.833517688933277 ], [ 126.150053148749521, 36.833538730852091 ] ] ], [ [ [ 126.150061144959324, 36.834009439350439 ], [ 126.150210933960707, 36.834024369166528 ], [ 126.150057369116098, 36.833989095204096 ], [ 126.150061144959324, 36.834009439350439 ] ] ], [ [ [ 126.150000035302753, 36.834019088004453 ], [ 126.149862271992191, 36.834087475438814 ], [ 126.150120198727379, 36.834106691055204 ], [ 126.150000035302753, 36.834019088004453 ] ] ], [ [ [ 126.15342874343294, 36.840394726197829 ], [ 126.153321272315267, 36.840401285923654 ], [ 126.153343787671446, 36.840436417843087 ], [ 126.15342874343294, 36.840394726197829 ] ] ], [ [ [ 126.153582175791456, 36.840554273554716 ], [ 126.153606808573102, 36.840415557208317 ], [ 126.153432957993985, 36.840565610236155 ], [ 126.153582175791456, 36.840554273554716 ] ] ], [ [ [ 126.154007242681999, 36.840715014781111 ], [ 126.153948497316946, 36.840829169463305 ], [ 126.154065187072277, 36.840828522159192 ], [ 126.154007242681999, 36.840715014781111 ] ] ], [ [ [ 126.150044745347273, 36.844670353582984 ], [ 126.150169124964833, 36.844611565530812 ], [ 126.150053821251859, 36.844574643709002 ], [ 126.150044745347273, 36.844670353582984 ] ] ], [ [ [ 126.148652151795872, 36.845735825175282 ], [ 126.148732314059131, 36.84570557529171 ], [ 126.148609046751133, 36.845690173386359 ], [ 126.148652151795872, 36.845735825175282 ] ] ], [ [ [ 126.157775978164935, 36.846193795103481 ], [ 126.157792355181542, 36.846115394510029 ], [ 126.157664191110186, 36.846188371853344 ], [ 126.157775978164935, 36.846193795103481 ] ] ], [ [ [ 126.157791705773178, 36.846234915926907 ], [ 126.157933640628116, 36.846271119616887 ], [ 126.157952124443938, 36.846243882605499 ], [ 126.157791705773178, 36.846234915926907 ] ] ], [ [ [ 126.150373062542855, 36.846328845934217 ], [ 126.150059586743097, 36.846366270714469 ], [ 126.150214161451004, 36.846535480218648 ], [ 126.150373062542855, 36.846328845934217 ] ] ], [ [ [ 126.15747496257633, 36.84722342434933 ], [ 126.157393968044047, 36.847263398606806 ], [ 126.157550654406279, 36.847266311373389 ], [ 126.15747496257633, 36.84722342434933 ] ] ], [ [ [ 126.15960219237661, 36.849093603758959 ], [ 126.159541458537973, 36.84870533294005 ], [ 126.159215171013358, 36.848862705083626 ], [ 126.15960219237661, 36.849093603758959 ] ] ], [ [ [ 126.158701843669448, 36.848979050651153 ], [ 126.1588161517667, 36.848974842047596 ], [ 126.158828601596966, 36.84894055281071 ], [ 126.158701843669448, 36.848979050651153 ] ] ], [ [ [ 126.158841619429452, 36.849036691161871 ], [ 126.159292979905402, 36.849071718740781 ], [ 126.159157276933556, 36.848912385939329 ], [ 126.158841619429452, 36.849036691161871 ] ] ], [ [ [ 126.159449540863378, 36.849030132910286 ], [ 126.159415144606072, 36.849214287765008 ], [ 126.159532560740061, 36.849278372644463 ], [ 126.159449540863378, 36.849030132910286 ] ] ], [ [ [ 126.158798193381131, 36.849322504322302 ], [ 126.158879782119342, 36.84926734911943 ], [ 126.15882216547125, 36.849254768109496 ], [ 126.158798193381131, 36.849322504322302 ] ] ], [ [ [ 126.160185913114759, 36.849619371298317 ], [ 126.160179839761199, 36.849318800832336 ], [ 126.159918259426163, 36.849414305934097 ], [ 126.160185913114759, 36.849619371298317 ] ] ], [ [ [ 126.160605130648193, 36.84961657497395 ], [ 126.160598709625404, 36.849702384025612 ], [ 126.160651292016823, 36.849638914353093 ], [ 126.160605130648193, 36.84961657497395 ] ] ], [ [ [ 126.150470588694944, 36.894749145728021 ], [ 126.150896643120802, 36.894514020670911 ], [ 126.150483060003268, 36.89453177152425 ], [ 126.150470588694944, 36.894749145728021 ] ] ], [ [ [ 126.151592668512137, 36.894795901507635 ], [ 126.151656512111444, 36.89478900397733 ], [ 126.151618302238518, 36.894758454912704 ], [ 126.151592668512137, 36.894795901507635 ] ] ], [ [ [ 126.151393235436572, 36.894756343708693 ], [ 126.151342558255848, 36.894853801645432 ], [ 126.151436676637246, 36.894870476699374 ], [ 126.151393235436572, 36.894756343708693 ] ] ], [ [ [ 126.151446224814464, 36.894988090101677 ], [ 126.15158602798212, 36.894867921002081 ], [ 126.15127774308101, 36.894896644366874 ], [ 126.151446224814464, 36.894988090101677 ] ] ], [ [ [ 126.151687083451264, 36.894828635263472 ], [ 126.1526633855825, 36.89505831997247 ], [ 126.152831953162817, 36.894813258287584 ], [ 126.151687083451264, 36.894828635263472 ] ] ], [ [ [ 126.151594589679831, 36.894981274051986 ], [ 126.15150239600483, 36.895019504717837 ], [ 126.151634881004398, 36.895037428156598 ], [ 126.151594589679831, 36.894981274051986 ] ] ], [ [ [ 126.150170408220333, 36.897517628834706 ], [ 126.150228512354047, 36.897516601621753 ], [ 126.15022480493883, 36.897501780339262 ], [ 126.150170408220333, 36.897517628834706 ] ] ], [ [ [ 126.152545935326273, 36.897911631163147 ], [ 126.152497154406177, 36.897803172668809 ], [ 126.152428153736665, 36.897910836012301 ], [ 126.152545935326273, 36.897911631163147 ] ] ], [ [ [ 126.152871599844943, 36.897992391430378 ], [ 126.152782517206816, 36.897899198050858 ], [ 126.15270701366822, 36.897955949512543 ], [ 126.152871599844943, 36.897992391430378 ] ] ], [ [ [ 126.15237220486371, 36.897961474116556 ], [ 126.152420305410672, 36.89799769670028 ], [ 126.152419516936249, 36.897963523338355 ], [ 126.15237220486371, 36.897961474116556 ] ] ], [ [ [ 126.152607933528316, 36.898030257575698 ], [ 126.15267236270509, 36.898078293163429 ], [ 126.152692814841615, 36.898047704848516 ], [ 126.152607933528316, 36.898030257575698 ] ] ], [ [ [ 126.151230280456346, 36.899129046504655 ], [ 126.152073595271972, 36.897814558305292 ], [ 126.150615319169475, 36.897388569300333 ], [ 126.14889763140738, 36.898991003687016 ], [ 126.151230280456346, 36.899129046504655 ] ] ], [ [ [ 126.159351084042868, 36.932125682833295 ], [ 126.159178621334334, 36.932128029977683 ], [ 126.15919210233038, 36.93220158008328 ], [ 126.159351084042868, 36.932125682833295 ] ] ], [ [ [ 126.159047984821086, 36.932109535032644 ], [ 126.159000524432372, 36.93221009114562 ], [ 126.159025451909628, 36.93223156776601 ], [ 126.159047984821086, 36.932109535032644 ] ] ], [ [ [ 126.158877958439362, 36.932306817317652 ], [ 126.15874135289809, 36.932218608290057 ], [ 126.158729213518811, 36.932260097098748 ], [ 126.158877958439362, 36.932306817317652 ] ] ], [ [ [ 126.159020158110138, 36.93233145885776 ], [ 126.159006816055225, 36.932407631990557 ], [ 126.159047695916954, 36.932334942676803 ], [ 126.159020158110138, 36.93233145885776 ] ] ], [ [ [ 126.158827247446325, 36.932472263333679 ], [ 126.158556147011737, 36.932319297619742 ], [ 126.158515781235295, 36.932373777400699 ], [ 126.158827247446325, 36.932472263333679 ] ] ], [ [ [ 126.157955025544609, 36.932414137059681 ], [ 126.157944422800071, 36.932495264377607 ], [ 126.157971586293684, 36.932492176733291 ], [ 126.157955025544609, 36.932414137059681 ] ] ], [ [ [ 126.15782721205872, 36.93285302221495 ], [ 126.158256019402415, 36.932528911327132 ], [ 126.158228899394302, 36.932421024746887 ], [ 126.15782721205872, 36.93285302221495 ] ] ], [ [ [ 126.159670901758474, 36.933321299261955 ], [ 126.15978118583665, 36.93213972796709 ], [ 126.157950953212818, 36.933123029425303 ], [ 126.159140409583458, 36.933083736194888 ], [ 126.159670901758474, 36.933321299261955 ] ] ], [ [ [ 126.160223248465826, 36.933072889196552 ], [ 126.160277433994494, 36.933128688628408 ], [ 126.160271519366887, 36.933054001728401 ], [ 126.160223248465826, 36.933072889196552 ] ] ], [ [ [ 126.157904943464288, 36.933289418698671 ], [ 126.157861757543401, 36.933246113104033 ], [ 126.15784263735263, 36.933258826461781 ], [ 126.157904943464288, 36.933289418698671 ] ] ], [ [ [ 126.158195202609633, 36.933383529281237 ], [ 126.158278717260529, 36.933366585810354 ], [ 126.158258575491317, 36.933356873884179 ], [ 126.158195202609633, 36.933383529281237 ] ] ], [ [ [ 126.193341165666212, 36.567706816315663 ], [ 126.19313907991625, 36.567404807236294 ], [ 126.193316929567942, 36.567727873305749 ], [ 126.193341165666212, 36.567706816315663 ] ] ], [ [ [ 126.190473368952539, 36.569884851699904 ], [ 126.190228553310135, 36.569783398397831 ], [ 126.190409465225741, 36.569952361552005 ], [ 126.190473368952539, 36.569884851699904 ] ] ], [ [ [ 126.176608107341238, 36.571703969555152 ], [ 126.176398770752797, 36.570568781372423 ], [ 126.174933234921141, 36.570178753651859 ], [ 126.174684078322571, 36.571091862281847 ], [ 126.176608107341238, 36.571703969555152 ] ] ], [ [ [ 126.194571270664795, 36.578729473440021 ], [ 126.194401436294257, 36.578728081930869 ], [ 126.194528489721208, 36.578812357282999 ], [ 126.194571270664795, 36.578729473440021 ] ] ], [ [ [ 126.194061476309301, 36.578677962262837 ], [ 126.193914972939936, 36.578809499409154 ], [ 126.19395351256162, 36.578881164210912 ], [ 126.194061476309301, 36.578677962262837 ] ] ], [ [ [ 126.195564126215331, 36.581772358893602 ], [ 126.195604521177486, 36.581829986433142 ], [ 126.195635734139856, 36.58181447353882 ], [ 126.195564126215331, 36.581772358893602 ] ] ], [ [ [ 126.19529004460513, 36.581829522634166 ], [ 126.195041619549173, 36.581842154365063 ], [ 126.195175799843369, 36.581959557397631 ], [ 126.19529004460513, 36.581829522634166 ] ] ], [ [ [ 126.195214291825124, 36.58237062893317 ], [ 126.195171999636429, 36.582318142130021 ], [ 126.195156654372965, 36.582336799761805 ], [ 126.195214291825124, 36.58237062893317 ] ] ], [ [ [ 126.188701927768065, 36.673529057129628 ], [ 126.189275707043336, 36.672645041338605 ], [ 126.188912189912102, 36.672105272193789 ], [ 126.187460840364238, 36.672842925808602 ], [ 126.187655396986301, 36.673525678021193 ], [ 126.188701927768065, 36.673529057129628 ] ] ], [ [ [ 126.173898803540283, 36.674000721188264 ], [ 126.174211425414981, 36.673164337887108 ], [ 126.173146054320711, 36.672535706519852 ], [ 126.173008363718154, 36.673533534416734 ], [ 126.173898803540283, 36.674000721188264 ] ] ], [ [ [ 126.188352425579552, 36.674083115313827 ], [ 126.188334241512308, 36.674145437782308 ], [ 126.188361419849727, 36.674144722169785 ], [ 126.188352425579552, 36.674083115313827 ] ] ], [ [ [ 126.188288072530199, 36.674162515965399 ], [ 126.188257306821129, 36.67424151498291 ], [ 126.18830040547796, 36.674222704706068 ], [ 126.188288072530199, 36.674162515965399 ] ] ], [ [ [ 126.188120553051647, 36.674238120764706 ], [ 126.188071387725842, 36.674290355644793 ], [ 126.1881568084424, 36.674265790093997 ], [ 126.188120553051647, 36.674238120764706 ] ] ], [ [ [ 126.188258055791252, 36.674862442188271 ], [ 126.188466981740191, 36.67434992051836 ], [ 126.188205903324643, 36.67428650846071 ], [ 126.188258055791252, 36.674862442188271 ] ] ], [ [ [ 126.175805184930141, 36.675579122023883 ], [ 126.175721193305478, 36.675565708599699 ], [ 126.175566881935382, 36.675700961606893 ], [ 126.175580544458001, 36.675878859693903 ], [ 126.175805184930141, 36.675579122023883 ] ] ], [ [ [ 126.17595874760616, 36.675958695303827 ], [ 126.175928152094954, 36.676087709219019 ], [ 126.176017129941371, 36.675984166079864 ], [ 126.17595874760616, 36.675958695303827 ] ] ], [ [ [ 126.1708651837167, 36.71760373823313 ], [ 126.17134765373774, 36.717124740321395 ], [ 126.170745792498238, 36.717186682553276 ], [ 126.1708651837167, 36.71760373823313 ] ] ], [ [ [ 126.191333564891181, 36.739578996184505 ], [ 126.190447940843626, 36.738099322320608 ], [ 126.18959839321225, 36.739142552015537 ], [ 126.191333564891181, 36.739578996184505 ] ] ], [ [ [ 126.189061797034341, 36.739306664532101 ], [ 126.188491285824924, 36.739311432689853 ], [ 126.18882132591763, 36.739510112660859 ], [ 126.189061797034341, 36.739306664532101 ] ] ], [ [ [ 126.158752161797253, 36.848495331763388 ], [ 126.15978405072326, 36.847385012797147 ], [ 126.161914022370567, 36.846977741077261 ], [ 126.159764473729567, 36.845393365742382 ], [ 126.161036646761076, 36.843228526097299 ], [ 126.159966556154217, 36.842547565587907 ], [ 126.160406742511242, 36.841659967443235 ], [ 126.165558419920472, 36.840318275997632 ], [ 126.166787875444172, 36.840728932190572 ], [ 126.167489055874157, 36.842129075820878 ], [ 126.171077929364671, 36.840679754413863 ], [ 126.169373334293198, 36.839987765912134 ], [ 126.169592692158503, 36.838114268506381 ], [ 126.16752932687308, 36.837288279744016 ], [ 126.16725237110856, 36.83544436021122 ], [ 126.168198103446286, 36.833481768205168 ], [ 126.167520382776274, 36.832755826932555 ], [ 126.167985679064998, 36.832324556924149 ], [ 126.168598175179142, 36.83283169859056 ], [ 126.17170351491626, 36.834187766568817 ], [ 126.169761125884179, 36.833918095137456 ], [ 126.171102605420543, 36.834525925937484 ], [ 126.172689217426267, 36.834269202967661 ], [ 126.168599645347726, 36.832661350584907 ], [ 126.166317525809987, 36.830556176320698 ], [ 126.170735299657281, 36.824490643371902 ], [ 126.174628269963392, 36.825159543866405 ], [ 126.171829539218109, 36.819685945485816 ], [ 126.170643728318097, 36.818855974234296 ], [ 126.170879330690397, 36.817219809575143 ], [ 126.172357606961839, 36.815989459748224 ], [ 126.172332366772793, 36.814198181785322 ], [ 126.171335664158718, 36.813075608163551 ], [ 126.172043927677137, 36.811632696896105 ], [ 126.176941715914012, 36.810225440627754 ], [ 126.177804367480434, 36.812480830483842 ], [ 126.183970016897689, 36.81291448934202 ], [ 126.185898646209125, 36.814530277520745 ], [ 126.184938994241193, 36.816470659639442 ], [ 126.183622624119749, 36.817227983947276 ], [ 126.183834713419472, 36.818492326841216 ], [ 126.180899255448907, 36.819870132944096 ], [ 126.183980373814236, 36.821222384421304 ], [ 126.185455005771161, 36.820502744279359 ], [ 126.188466809476083, 36.825055510399977 ], [ 126.187164466601999, 36.827661151558587 ], [ 126.184618392465978, 36.829766848855478 ], [ 126.185087157122936, 36.83061262753192 ], [ 126.181003297976432, 36.829157468936515 ], [ 126.175450667830873, 36.832421481293743 ], [ 126.180889982495373, 36.83553726647343 ], [ 126.177782827931708, 36.834097994019174 ], [ 126.179411977019001, 36.835805280388463 ], [ 126.185849326287652, 36.838440256935456 ], [ 126.191324804226866, 36.842756069544741 ], [ 126.196856611195841, 36.850146362452058 ], [ 126.198522169139622, 36.855478967721318 ], [ 126.197592824717276, 36.857982626341773 ], [ 126.19563732706699, 36.859563075428063 ], [ 126.193266016544783, 36.858033145934165 ], [ 126.191857583862671, 36.858427234385076 ], [ 126.191524382915333, 36.860646137567606 ], [ 126.190665456311706, 36.861106608629093 ], [ 126.191343328175975, 36.861681389397646 ], [ 126.19228817761342, 36.863968945257639 ], [ 126.190315648185575, 36.867447577759066 ], [ 126.187718465369443, 36.868784166142099 ], [ 126.185491398254754, 36.868391984182246 ], [ 126.18499369953301, 36.866952481138156 ], [ 126.183838302346814, 36.866853093107736 ], [ 126.184374189837996, 36.869504513916695 ], [ 126.186384788120776, 36.870866358773434 ], [ 126.18789896245778, 36.869853922332204 ], [ 126.190709146180652, 36.871251009079202 ], [ 126.191157457767929, 36.872184611022419 ], [ 126.190126480880153, 36.874220942556377 ], [ 126.191712946250902, 36.875369206480975 ], [ 126.191638483028498, 36.87697115602564 ], [ 126.190150727674364, 36.877551458117559 ], [ 126.188634553069534, 36.880457651517524 ], [ 126.186351925118004, 36.882472454377194 ], [ 126.184013442782984, 36.882750864157273 ], [ 126.182783262947979, 36.882085004044271 ], [ 126.181750303767203, 36.883406260213953 ], [ 126.1802613523503, 36.88398238998834 ], [ 126.178233530004533, 36.884039775238016 ], [ 126.177403750586549, 36.883667846172827 ], [ 126.17685822737316, 36.884543695135839 ], [ 126.178547685298838, 36.885653698117615 ], [ 126.178565845354399, 36.886664123299219 ], [ 126.179424866862036, 36.886735920831967 ], [ 126.18006942490743, 36.887206034906988 ], [ 126.179770535786716, 36.888865509207427 ], [ 126.181945011479044, 36.887713823459855 ], [ 126.187548648843858, 36.889011664707404 ], [ 126.188337097422348, 36.888701137982082 ], [ 126.189603929983704, 36.888691428426341 ], [ 126.190021140891616, 36.887404595488839 ], [ 126.192081476138554, 36.886323001891228 ], [ 126.194415910917186, 36.886757834135587 ], [ 126.19749544663523, 36.888555870078235 ], [ 126.199082468742404, 36.890569034796449 ], [ 126.197890506446939, 36.891364971002439 ], [ 126.198480394290698, 36.891981927064414 ], [ 126.198403686468112, 36.892914856739779 ], [ 126.197962321418274, 36.892887765049224 ], [ 126.200994352431536, 36.894589659163891 ], [ 126.201882896812805, 36.900071535956641 ], [ 126.201466080437939, 36.901007246976128 ], [ 126.202870837981081, 36.900305860133159 ], [ 126.204225572254742, 36.901455898780512 ], [ 126.202208162740774, 36.902920543590255 ], [ 126.202720483762064, 36.904859666152873 ], [ 126.205333448730499, 36.904675512533785 ], [ 126.207201652270257, 36.902654812829567 ], [ 126.208106621419162, 36.902700675743411 ], [ 126.208605987016838, 36.902258422913981 ], [ 126.206644599984187, 36.90245799468299 ], [ 126.206300146082867, 36.900445833440379 ], [ 126.209424331747783, 36.899349845591892 ], [ 126.212343507299863, 36.899510773391107 ], [ 126.215958287702733, 36.90090661488793 ], [ 126.216718899270546, 36.90258081581986 ], [ 126.216698821975442, 36.903092385262347 ], [ 126.21741797085032, 36.903265858759745 ], [ 126.218492119961795, 36.90493214753257 ], [ 126.220207273727638, 36.904540170109506 ], [ 126.221212213896777, 36.905599169702541 ], [ 126.223628074682892, 36.906048875766842 ], [ 126.224578184739798, 36.905521465549178 ], [ 126.226255390864537, 36.906621978499828 ], [ 126.228213198527598, 36.905747516935456 ], [ 126.229805789187935, 36.906218841678374 ], [ 126.229435522946204, 36.907467853136943 ], [ 126.230997262281633, 36.908926535380083 ], [ 126.231539157600338, 36.908352183752307 ], [ 126.230692482993334, 36.908180185513856 ], [ 126.230553991444012, 36.906629894781808 ], [ 126.232045197965036, 36.906808852858497 ], [ 126.234595216746186, 36.907624382818675 ], [ 126.235162045133379, 36.909999658997641 ], [ 126.237834316290844, 36.909673344664597 ], [ 126.239408538659362, 36.910754448452487 ], [ 126.239961733360175, 36.909488286791557 ], [ 126.240509578682932, 36.910639036627124 ], [ 126.241200951963251, 36.909898356707664 ], [ 126.243241791986719, 36.910526088123589 ], [ 126.243555722321034, 36.912154976736204 ], [ 126.244853339874524, 36.913317419182576 ], [ 126.247775977420346, 36.91400275491992 ], [ 126.251874468738862, 36.913322905106689 ], [ 126.25029620087092, 36.911868984408997 ], [ 126.252342475561449, 36.910802502551306 ], [ 126.248856223030046, 36.911438295085681 ], [ 126.247978738568975, 36.909454847837381 ], [ 126.262158931065926, 36.903910114233604 ], [ 126.262936995142326, 36.902961453124902 ], [ 126.263984612582178, 36.904443045410865 ], [ 126.263938462464822, 36.902881734094144 ], [ 126.275990215539153, 36.898002702048252 ], [ 126.276264005571662, 36.898434499096659 ], [ 126.276521239614453, 36.897798760394089 ], [ 126.278982240412077, 36.898741696422157 ], [ 126.278848021737616, 36.899601246426634 ], [ 126.279385137124009, 36.899286967329836 ], [ 126.279933404484055, 36.900058811447714 ], [ 126.28237162901442, 36.899839653646211 ], [ 126.28097181309532, 36.901963229214957 ], [ 126.283312637624121, 36.900541101884237 ], [ 126.28373227875278, 36.899065368771069 ], [ 126.28721154432084, 36.900029179622543 ], [ 126.288596828665021, 36.899122620177927 ], [ 126.291196612016833, 36.901291940578773 ], [ 126.292500398076086, 36.901096923725099 ], [ 126.293208602771742, 36.902264422194001 ], [ 126.292302159573367, 36.902937212817847 ], [ 126.289827002600589, 36.901127821279516 ], [ 126.285122291388632, 36.903731790030889 ], [ 126.286243032913887, 36.906630758183908 ], [ 126.28556306883506, 36.907473109702259 ], [ 126.284837303965048, 36.906923949932434 ], [ 126.284464956194427, 36.906760801775228 ], [ 126.285540994167889, 36.907498754205598 ], [ 126.285430647515852, 36.907606093294113 ], [ 126.284192198128366, 36.907085141152663 ], [ 126.285209170393301, 36.911898652071493 ], [ 126.288312897184142, 36.915033568043029 ], [ 126.287925514877685, 36.918133891374872 ], [ 126.290221652572129, 36.919517238818116 ], [ 126.291496477110954, 36.921992743969781 ], [ 126.289771822546825, 36.923515424174106 ], [ 126.294178233516689, 36.929276324431243 ], [ 126.293145156024266, 36.931602952760976 ], [ 126.291221558601734, 36.932302967760307 ], [ 126.292990171910333, 36.933024736110326 ], [ 126.292343161113038, 36.935383883497884 ], [ 126.291140934126346, 36.936210576171561 ], [ 126.289787355638055, 36.935573764680491 ], [ 126.28913987944938, 36.936259997738127 ], [ 126.289981828894256, 36.937205483421991 ], [ 126.290033299967746, 36.940203306236128 ], [ 126.289105997004327, 36.941521912824179 ], [ 126.291409724024632, 36.943345059144306 ], [ 126.29030461514499, 36.943853080468735 ], [ 126.290152547881945, 36.944988037269397 ], [ 126.288689987872175, 36.944881130602724 ], [ 126.288565051637732, 36.945860124783096 ], [ 126.2888092461654, 36.946106949666564 ], [ 126.28886393438367, 36.946707706553994 ], [ 126.289492740570992, 36.947506242426222 ], [ 126.289305621685429, 36.947614512191542 ], [ 126.289567700112272, 36.947789139470167 ], [ 126.289426321911705, 36.949643454835368 ], [ 126.290492456536128, 36.950821085993745 ], [ 126.290437514616499, 36.952454616836327 ], [ 126.288719822053451, 36.952532048529719 ], [ 126.288887838532133, 36.954259001116597 ], [ 126.287334948963377, 36.954802406450554 ], [ 126.288308714605094, 36.956702071957416 ], [ 126.28430357436568, 36.963550980825126 ], [ 126.286396513521652, 36.966983456249167 ], [ 126.285955253234505, 36.969533231578787 ], [ 126.28903596050236, 36.96891741223714 ], [ 126.292063040787937, 36.970412682369393 ], [ 126.293335173088394, 36.969233168352041 ], [ 126.294722002672145, 36.969538378733326 ], [ 126.297512431106398, 36.971723297545651 ], [ 126.299783108457561, 36.977063145489744 ], [ 126.301487031624816, 36.97803373914725 ], [ 126.304722596255104, 36.978473764340592 ], [ 126.304201418544508, 36.977468273646139 ], [ 126.305254093121619, 36.976457998123195 ], [ 126.304116425386951, 36.974809943136052 ], [ 126.306012563443289, 36.973404456449664 ], [ 126.307474066594139, 36.973837183860496 ], [ 126.307288314610361, 36.972857279841662 ], [ 126.308179545609406, 36.972500102958975 ], [ 126.306420235634107, 36.972530971111105 ], [ 126.304586064148708, 36.97135287257192 ], [ 126.304820479593332, 36.968897996513739 ], [ 126.303864817471705, 36.967740532539821 ], [ 126.305823069966081, 36.966832216893366 ], [ 126.307851267022997, 36.967321954329528 ], [ 126.305480344051261, 36.966424971864008 ], [ 126.303374003207281, 36.966583350130549 ], [ 126.303932081624637, 36.96594023213477 ], [ 126.302933879852901, 36.966609005289747 ], [ 126.298275780553595, 36.966749706353781 ], [ 126.298394210036065, 36.965946293096096 ], [ 126.296606601798857, 36.966059072731397 ], [ 126.292034175914523, 36.962856170329125 ], [ 126.29217333233791, 36.962161375615352 ], [ 126.296142065824398, 36.961287862480923 ], [ 126.297583992645457, 36.961867319922483 ], [ 126.299431477323466, 36.961005278953117 ], [ 126.305197564175998, 36.962087012455726 ], [ 126.307831132283013, 36.958304157028536 ], [ 126.308867205296309, 36.958445993412262 ], [ 126.309215979501332, 36.956858299002704 ], [ 126.312760202324554, 36.955852483182518 ], [ 126.310067633808288, 36.954693084613673 ], [ 126.306590932719956, 36.950115602334911 ], [ 126.307357260719598, 36.947166722646216 ], [ 126.305831747294107, 36.946418305181794 ], [ 126.304741230621815, 36.94698500746599 ], [ 126.301718897412442, 36.944076365769469 ], [ 126.302329265561156, 36.94305222644423 ], [ 126.301517966069994, 36.942697264911395 ], [ 126.301753517435301, 36.941313331941764 ], [ 126.305082491962835, 36.939098953805292 ], [ 126.303857408672698, 36.937763661381304 ], [ 126.305522666483924, 36.93747776768425 ], [ 126.304201699057018, 36.937243236497217 ], [ 126.305197259791726, 36.934459969537258 ], [ 126.307156300091961, 36.934551019192028 ], [ 126.306447177769627, 36.933187751760741 ], [ 126.309601999348956, 36.929690381933661 ], [ 126.303208638382813, 36.923480082076502 ], [ 126.301050829113009, 36.922418281543329 ], [ 126.30024196910945, 36.919314451960688 ], [ 126.302623429125646, 36.916262995816503 ], [ 126.306991537603295, 36.914741499935971 ], [ 126.308448857520716, 36.913429193027966 ], [ 126.308352377357295, 36.909523995213824 ], [ 126.310288113879281, 36.908837993190886 ], [ 126.310984285389878, 36.907374806925496 ], [ 126.312936248749565, 36.907285282302574 ], [ 126.313480431497766, 36.908740154490118 ], [ 126.313422347774264, 36.905029072523256 ], [ 126.316200083533573, 36.904056984907115 ], [ 126.31857617589111, 36.905230956018784 ], [ 126.319522563835193, 36.904743670983834 ], [ 126.320071782770128, 36.897159058707501 ], [ 126.32079142295531, 36.896019935837771 ], [ 126.31958920745835, 36.894295926119796 ], [ 126.319361208175295, 36.891980454540601 ], [ 126.326569210049428, 36.890250386506906 ], [ 126.331599025754272, 36.892184801081584 ], [ 126.331664571886364, 36.891411705273008 ], [ 126.330216642973014, 36.891167974494934 ], [ 126.329495479542118, 36.887296212975365 ], [ 126.332116990655408, 36.88770263061771 ], [ 126.333501411432977, 36.887319234491905 ], [ 126.329515346063474, 36.887224362825549 ], [ 126.329949992550311, 36.886844035037825 ], [ 126.32602940279952, 36.885263530923588 ], [ 126.328587070984341, 36.883952500790578 ], [ 126.318122441184016, 36.887044236628 ], [ 126.316159840867599, 36.885038127313464 ], [ 126.313030864668519, 36.883686884602596 ], [ 126.312347599881363, 36.878706076821402 ], [ 126.313610588670443, 36.877331882552767 ], [ 126.311887926112419, 36.874920392962494 ], [ 126.311768829145905, 36.873047310720992 ], [ 126.309921534343871, 36.872523685204875 ], [ 126.308014494390861, 36.87021306042017 ], [ 126.307993735851454, 36.866732044229302 ], [ 126.305430960654633, 36.867254211989398 ], [ 126.303653481230441, 36.866770300177286 ], [ 126.302504598593586, 36.864161430673342 ], [ 126.302783064554689, 36.861510524860329 ], [ 126.304968658105324, 36.859592913734083 ], [ 126.303137095564892, 36.858966037635 ], [ 126.3029373126747, 36.857789462820307 ], [ 126.303830981847625, 36.85721287813594 ], [ 126.299929617518799, 36.857350897707029 ], [ 126.299590196397048, 36.855830426067911 ], [ 126.298073583467641, 36.855643335213635 ], [ 126.295601343297236, 36.85279658176416 ], [ 126.296393564396723, 36.850663801531013 ], [ 126.295423574774773, 36.849884056199393 ], [ 126.295988475194051, 36.848194819781824 ], [ 126.294323374611707, 36.846536717936893 ], [ 126.293332444662411, 36.842994273196858 ], [ 126.29505989782264, 36.8417858729917 ], [ 126.300455853784001, 36.842138318702752 ], [ 126.301871452467054, 36.841019171891141 ], [ 126.303869634320677, 36.841917127537485 ], [ 126.304144601552707, 36.840652509621222 ], [ 126.30228352491946, 36.839011020879703 ], [ 126.303215619508848, 36.838446676294907 ], [ 126.306162209713932, 36.839051923364416 ], [ 126.311340105717093, 36.838066223061318 ], [ 126.315398153179785, 36.838574905368795 ], [ 126.317015271277427, 36.837503225397235 ], [ 126.31530069632997, 36.832835308302791 ], [ 126.311948571179371, 36.83143502798854 ], [ 126.312556871338131, 36.830601686501112 ], [ 126.310434255116562, 36.831682100796307 ], [ 126.304193767327902, 36.830082416312969 ], [ 126.295157493126069, 36.824275618640556 ], [ 126.291200223011273, 36.824281883212748 ], [ 126.2867093579341, 36.823207150828587 ], [ 126.283712719683678, 36.825371611124901 ], [ 126.2828119717379, 36.825064180412461 ], [ 126.280774939082036, 36.817786015482312 ], [ 126.284469523516321, 36.81605503502211 ], [ 126.286567739733684, 36.816644510483194 ], [ 126.288920108926789, 36.813795701255344 ], [ 126.287030256111493, 36.811227366469382 ], [ 126.287529037953007, 36.808610406641414 ], [ 126.286249947989674, 36.803541168202869 ], [ 126.288133441523968, 36.801364459176234 ], [ 126.287472918622043, 36.799214245834669 ], [ 126.2911827163487, 36.798017855384892 ], [ 126.293164204709299, 36.798210812475411 ], [ 126.295096525567658, 36.80015686529044 ], [ 126.294963985953871, 36.801437372562923 ], [ 126.29735914365898, 36.803262824270931 ], [ 126.294985666691431, 36.805480046685062 ], [ 126.296167504828091, 36.808336102468282 ], [ 126.29680095073634, 36.808649122998887 ], [ 126.297294634859185, 36.807870098545699 ], [ 126.298803946327695, 36.808450751504573 ], [ 126.298630176539135, 36.809918307896474 ], [ 126.302792476438597, 36.812096755187376 ], [ 126.304681621825424, 36.814600352620431 ], [ 126.306915351955624, 36.815194560419556 ], [ 126.312513844269176, 36.813174560626095 ], [ 126.31836888105417, 36.814122020483794 ], [ 126.319592005697515, 36.815290596783072 ], [ 126.319001982113761, 36.81660742590379 ], [ 126.320993367411603, 36.816939856106778 ], [ 126.32109953004084, 36.818998555722715 ], [ 126.32132172571292, 36.818460305484422 ], [ 126.322451700591245, 36.819822335600698 ], [ 126.326040509638517, 36.815853078511843 ], [ 126.327775869771258, 36.815369716550222 ], [ 126.328232725027348, 36.813829031377765 ], [ 126.330667512047057, 36.814937391754967 ], [ 126.331620310578032, 36.814697743219007 ], [ 126.331697360038561, 36.815623192679979 ], [ 126.332978441262497, 36.814061428917746 ], [ 126.334979357431948, 36.81501163694989 ], [ 126.341963782112728, 36.80617386587312 ], [ 126.351257383486569, 36.79694597495056 ], [ 126.352477697021229, 36.792897753271809 ], [ 126.357948351462525, 36.788766921087287 ], [ 126.355223548733335, 36.788735923634761 ], [ 126.354733117462843, 36.78685781622216 ], [ 126.35342005160642, 36.787136559541395 ], [ 126.353756523536646, 36.785653625951063 ], [ 126.352463342665601, 36.782270637405745 ], [ 126.349486721434005, 36.780579816401577 ], [ 126.348319760358564, 36.778258292905882 ], [ 126.349502516100287, 36.773598581822455 ], [ 126.349042658624384, 36.770778708878986 ], [ 126.350577554301182, 36.767366724865056 ], [ 126.348290289409547, 36.762685008131228 ], [ 126.348090280210229, 36.759183823403696 ], [ 126.346197205844632, 36.757538312532922 ], [ 126.347635444390221, 36.757546224977801 ], [ 126.347548875430732, 36.755901706909732 ], [ 126.348662710444273, 36.754396516041687 ], [ 126.34608407598823, 36.754919463102532 ], [ 126.343367765593996, 36.746585552864012 ], [ 126.33712040456787, 36.743913139657842 ], [ 126.337011096480083, 36.742851577427949 ], [ 126.338970322660131, 36.739865431132344 ], [ 126.342893172823779, 36.742097435692941 ], [ 126.343778302381267, 36.740989923779502 ], [ 126.343756187205102, 36.736967753753405 ], [ 126.346174825336647, 36.730707735282166 ], [ 126.346795382053315, 36.714535228832354 ], [ 126.345225650122856, 36.712598778500606 ], [ 126.347308712484804, 36.680244455200331 ], [ 126.351520078669125, 36.659647792421289 ], [ 126.360194323570781, 36.624893267867321 ], [ 126.354887979809774, 36.622416666742936 ], [ 126.356282259454673, 36.621609196615765 ], [ 126.354652611507817, 36.621362610940828 ], [ 126.354817151143052, 36.619446181198768 ], [ 126.353695393907969, 36.618691810641018 ], [ 126.347609574260659, 36.61761991806047 ], [ 126.346680448197034, 36.618927764503049 ], [ 126.345751183652879, 36.616979933430784 ], [ 126.344306838694493, 36.616568112514393 ], [ 126.3435313668449, 36.617059279754493 ], [ 126.34015012168264, 36.615784617756667 ], [ 126.335405759447895, 36.618672393305566 ], [ 126.332699174496085, 36.616195037017903 ], [ 126.333447134315819, 36.615322970463787 ], [ 126.335029484936058, 36.615457248840642 ], [ 126.335285533494783, 36.611620611875367 ], [ 126.332924137047698, 36.610323134651964 ], [ 126.332358593340942, 36.610668971019727 ], [ 126.332351690370913, 36.609771142650061 ], [ 126.328469900686528, 36.606676050830387 ], [ 126.328802480846051, 36.605326868878549 ], [ 126.327081296857415, 36.604782435342884 ], [ 126.325089920730989, 36.60180917778829 ], [ 126.32147502522028, 36.600398485711942 ], [ 126.320086447295239, 36.598011962159056 ], [ 126.319746649787675, 36.594568175850263 ], [ 126.318632619785973, 36.59345973555542 ], [ 126.318204109557058, 36.594368052320831 ], [ 126.316933441925741, 36.590874504014948 ], [ 126.3151618341291, 36.589454079224204 ], [ 126.315502481692448, 36.588690724272766 ], [ 126.314867141157919, 36.588309472847257 ], [ 126.314789167122839, 36.589530572012407 ], [ 126.312829356544142, 36.589093625691369 ], [ 126.313799580353773, 36.58802621702344 ], [ 126.312678046465933, 36.588464578312781 ], [ 126.31191137691556, 36.589723352697639 ], [ 126.312393856544631, 36.59130166537431 ], [ 126.310437784466899, 36.594283723020986 ], [ 126.306889451279076, 36.595445866605203 ], [ 126.302777909753061, 36.593288022315882 ], [ 126.302900727185488, 36.588852231660105 ], [ 126.295801018349067, 36.586438195579646 ], [ 126.294420232336364, 36.584057636895047 ], [ 126.292552839211965, 36.583818222860202 ], [ 126.291108036916683, 36.586756678825068 ], [ 126.288188976597198, 36.586994841409165 ], [ 126.290367353754206, 36.587606089880559 ], [ 126.288793027122409, 36.590845348552712 ], [ 126.287237630805109, 36.591805214436775 ], [ 126.285511204080819, 36.591360537219437 ], [ 126.283148833504569, 36.593841112992997 ], [ 126.286329323916391, 36.596782633026272 ], [ 126.286332549396661, 36.597645839265638 ], [ 126.287898380496003, 36.598009076032625 ], [ 126.288802393869389, 36.602305439869539 ], [ 126.287323970226353, 36.618657994666911 ], [ 126.286652414736906, 36.620044747008933 ], [ 126.283848097457621, 36.620988627520589 ], [ 126.282853067078577, 36.622327202647526 ], [ 126.284338124461812, 36.622252778240693 ], [ 126.285155984128892, 36.624016591129795 ], [ 126.286096295064851, 36.624411935112725 ], [ 126.284903218568559, 36.622558135290831 ], [ 126.285926531135544, 36.62217382662628 ], [ 126.285455174337443, 36.621242253897613 ], [ 126.287252650023248, 36.620127385438487 ], [ 126.290110676530603, 36.621513068832421 ], [ 126.290471326798411, 36.622980375015743 ], [ 126.290221382877149, 36.621427724921787 ], [ 126.292028183531329, 36.620111523387699 ], [ 126.289937904078045, 36.621002455536363 ], [ 126.287438540476984, 36.619667304726605 ], [ 126.288779808199436, 36.615111954486792 ], [ 126.290904068867164, 36.616104672933638 ], [ 126.29013692571661, 36.616736026334557 ], [ 126.290984245584113, 36.617675983705794 ], [ 126.294782313105088, 36.618418698716397 ], [ 126.297838840311329, 36.62035875033385 ], [ 126.299455421088766, 36.619666922576549 ], [ 126.297610966958587, 36.620733535160227 ], [ 126.301236553624094, 36.626464980142472 ], [ 126.300581237414661, 36.63578834633536 ], [ 126.301694681437311, 36.638981681619434 ], [ 126.300375731145138, 36.639646177196823 ], [ 126.295880295334271, 36.652084925992021 ], [ 126.293141160171629, 36.656889126516539 ], [ 126.294789582570615, 36.657846959736339 ], [ 126.29589403857652, 36.656471005137746 ], [ 126.296358269405019, 36.656276853315916 ], [ 126.297116431898331, 36.656265291041187 ], [ 126.297257472138412, 36.656362902488596 ], [ 126.29737699351756, 36.656711528938537 ], [ 126.297288381091434, 36.65768745521698 ], [ 126.29703505176046, 36.658450283631367 ], [ 126.298377103879744, 36.65805240897177 ], [ 126.297155208327652, 36.658569670303599 ], [ 126.297599077706579, 36.659719048219529 ], [ 126.296875676383493, 36.658831506854696 ], [ 126.296500158664315, 36.659771764278993 ], [ 126.297184637653984, 36.656402302520014 ], [ 126.295909321605663, 36.65653651747796 ], [ 126.294913540983345, 36.658026925837945 ], [ 126.292987478829545, 36.657623974660972 ], [ 126.289829866096028, 36.664546828263504 ], [ 126.284279936779541, 36.671711241706276 ], [ 126.286394451824918, 36.673313672758674 ], [ 126.283324868054606, 36.671588263270053 ], [ 126.280209038991018, 36.673605351999441 ], [ 126.278209874876524, 36.673630196050091 ], [ 126.276357126753837, 36.671984516652294 ], [ 126.274558758961533, 36.671996105317355 ], [ 126.273309562271493, 36.669745675631333 ], [ 126.270447266063925, 36.669400135193364 ], [ 126.273072831670873, 36.670044291996724 ], [ 126.273940092728935, 36.671608289084297 ], [ 126.273313316989174, 36.672272820066503 ], [ 126.271609854083621, 36.67101357224081 ], [ 126.272986554858107, 36.672400119695553 ], [ 126.272351297315922, 36.672958179015765 ], [ 126.269538473190593, 36.673689781654467 ], [ 126.268940923645104, 36.672739857792791 ], [ 126.265733434148544, 36.671444423131817 ], [ 126.26427319847204, 36.673580684780568 ], [ 126.26524079108971, 36.676267821718149 ], [ 126.263733939725071, 36.67728577996229 ], [ 126.263990829191272, 36.678609297942714 ], [ 126.266121298119032, 36.679473360536186 ], [ 126.26647797534271, 36.681580192462953 ], [ 126.265316293419872, 36.683821207294137 ], [ 126.262153501802516, 36.684738984075466 ], [ 126.263438442616788, 36.686688828321095 ], [ 126.262080267841299, 36.687567921084955 ], [ 126.262826431729906, 36.68993605799588 ], [ 126.260818222617871, 36.690989890266927 ], [ 126.26185937398138, 36.692464432703431 ], [ 126.261303115971415, 36.695462213845389 ], [ 126.262364012403907, 36.697114031628757 ], [ 126.267173423622765, 36.700808805651747 ], [ 126.267394831797503, 36.701462657995819 ], [ 126.266366905409868, 36.701693587076917 ], [ 126.269264336917985, 36.701356371078091 ], [ 126.270375115649429, 36.702623114451853 ], [ 126.27102498221349, 36.702052637380341 ], [ 126.273112719876565, 36.703478519660379 ], [ 126.270908195294311, 36.713882360648078 ], [ 126.273682127708412, 36.719945549922492 ], [ 126.270554066215624, 36.726607562007345 ], [ 126.272471723877842, 36.728687511744994 ], [ 126.273103818581731, 36.726461142664562 ], [ 126.279494387531145, 36.728558751425048 ], [ 126.279420363327233, 36.729895368508444 ], [ 126.276756211162933, 36.730598550018364 ], [ 126.276447159290583, 36.73263469664785 ], [ 126.275709064500717, 36.731382808617219 ], [ 126.273239862862027, 36.731470481752716 ], [ 126.269473186410821, 36.73032554969766 ], [ 126.265995512950539, 36.726868520712642 ], [ 126.262992873984956, 36.722088087099372 ], [ 126.258690485681129, 36.721285699696757 ], [ 126.257624178444715, 36.71779809231721 ], [ 126.252536848423532, 36.717972155654039 ], [ 126.25147575352446, 36.713749586367989 ], [ 126.250652632035894, 36.713960579541897 ], [ 126.248083561079497, 36.718367914237689 ], [ 126.24176993968608, 36.717766712080255 ], [ 126.241044564910823, 36.716052390939666 ], [ 126.241630812267857, 36.71412290040746 ], [ 126.237600798818704, 36.718182026436175 ], [ 126.235025427722192, 36.718098586531191 ], [ 126.233405277638724, 36.709641587742318 ], [ 126.234656971323162, 36.70658759269697 ], [ 126.236964840225255, 36.705980259165919 ], [ 126.239077535904528, 36.706249496824547 ], [ 126.238883762458642, 36.706735826872922 ], [ 126.240268125866436, 36.705503081529272 ], [ 126.238318129870493, 36.702324358377986 ], [ 126.238424118418266, 36.701068581127871 ], [ 126.237583684224887, 36.701208135954687 ], [ 126.238192128803448, 36.702484740299106 ], [ 126.237340298017841, 36.702700121100861 ], [ 126.237118144496534, 36.702114077276605 ], [ 126.237212136655586, 36.702748110998094 ], [ 126.235700302374241, 36.702847036380078 ], [ 126.234270560704431, 36.702388368388178 ], [ 126.234357572882516, 36.701355723401463 ], [ 126.233469079103799, 36.702083485659294 ], [ 126.231175252868653, 36.700872694585755 ], [ 126.230869003443743, 36.6997423532857 ], [ 126.232828509556327, 36.698718905577167 ], [ 126.230821983726855, 36.697502616741097 ], [ 126.232189058275182, 36.695932135591484 ], [ 126.23060406405483, 36.694981463856784 ], [ 126.229136718076532, 36.695891703753553 ], [ 126.22733514135615, 36.694348661239069 ], [ 126.230882697309369, 36.692789820042286 ], [ 126.228665234112256, 36.692747895425562 ], [ 126.228989516721882, 36.693260622051319 ], [ 126.227236093416266, 36.694083363932116 ], [ 126.224506775754662, 36.694499337674159 ], [ 126.222624352711719, 36.693881482312321 ], [ 126.222297835017955, 36.692392500354536 ], [ 126.2211437825422, 36.69309937010528 ], [ 126.214281276331107, 36.694196708998781 ], [ 126.209387358804491, 36.693179053437852 ], [ 126.207872483071213, 36.691561701528556 ], [ 126.209125515045372, 36.691561182295338 ], [ 126.208649036127625, 36.689719336555868 ], [ 126.210481485922458, 36.689521169724671 ], [ 126.209476343615705, 36.689277589991043 ], [ 126.209005714420456, 36.687849304444114 ], [ 126.207265400480651, 36.687893285462494 ], [ 126.205613172295116, 36.686309044156822 ], [ 126.204809950586011, 36.686873962400149 ], [ 126.201618722222065, 36.686430150813358 ], [ 126.198398152654448, 36.68416551712378 ], [ 126.199575053648417, 36.68303872906651 ], [ 126.201678804690474, 36.683116659305568 ], [ 126.199798739125157, 36.681381513082833 ], [ 126.19764500033817, 36.68196452590864 ], [ 126.196538825096908, 36.680995146391766 ], [ 126.197947816912531, 36.679488474179934 ], [ 126.199095280013992, 36.680103999682245 ], [ 126.196231480983315, 36.674314048476063 ], [ 126.193734009393879, 36.676410096941936 ], [ 126.192054282013586, 36.676345567309397 ], [ 126.191777097684493, 36.675023293070524 ], [ 126.191329656520779, 36.67613868968656 ], [ 126.188692369509667, 36.674975329356847 ], [ 126.187287461439325, 36.675173282566334 ], [ 126.186968068136267, 36.676595614993474 ], [ 126.18072460264969, 36.678429671799243 ], [ 126.179099038264397, 36.678212302897748 ], [ 126.178418362220853, 36.676144385710124 ], [ 126.176036796176518, 36.676156063399667 ], [ 126.174056250468595, 36.678824551450752 ], [ 126.171169109376024, 36.679783657435877 ], [ 126.170123420997655, 36.679565253756046 ], [ 126.169378292392054, 36.677634355173318 ], [ 126.164999714191481, 36.678367769695662 ], [ 126.164174251244873, 36.676403482096354 ], [ 126.163176576424377, 36.678020318042748 ], [ 126.160160085572656, 36.678728769226005 ], [ 126.157317664291995, 36.678124475211526 ], [ 126.155476139206712, 36.677037323055025 ], [ 126.15539694441307, 36.678032279931223 ], [ 126.152537690397537, 36.679453983682137 ], [ 126.151857604118092, 36.681005681171364 ], [ 126.153609694052463, 36.682606004909182 ], [ 126.152026854512414, 36.688188683108038 ], [ 126.151198365375933, 36.688169804041912 ], [ 126.151181328973252, 36.689277127632586 ], [ 126.150405786200963, 36.689350684680832 ], [ 126.151269749142202, 36.690122458808375 ], [ 126.151245851746182, 36.692174473963824 ], [ 126.150528453676799, 36.694040302523163 ], [ 126.149471200416528, 36.694541688060418 ], [ 126.151532056107399, 36.695660683274298 ], [ 126.151732584704462, 36.697579352923164 ], [ 126.149114322982811, 36.701851451727798 ], [ 126.147183332320864, 36.701908226324697 ], [ 126.146845891252141, 36.702716195071098 ], [ 126.150648349680296, 36.704997141285837 ], [ 126.159867202300219, 36.705810732351836 ], [ 126.163204126982464, 36.707959917851134 ], [ 126.162852001023239, 36.710516122379779 ], [ 126.159820732004704, 36.71101778280493 ], [ 126.165408957960835, 36.714629308593409 ], [ 126.165723356843372, 36.716246793473417 ], [ 126.167216570691579, 36.717189608124315 ], [ 126.169578523254501, 36.717202323987543 ], [ 126.170135537447905, 36.71623945656188 ], [ 126.172889625970939, 36.715403788762039 ], [ 126.175711450614799, 36.716658977884549 ], [ 126.176904585129861, 36.714232699497089 ], [ 126.183190669570934, 36.713939289319519 ], [ 126.185171600666507, 36.711745960970305 ], [ 126.184685785760749, 36.710635012559166 ], [ 126.18999120206945, 36.708941540796864 ], [ 126.194834338598199, 36.706045639846991 ], [ 126.196259122244825, 36.70620077759137 ], [ 126.198017046154405, 36.705258259136741 ], [ 126.207255326206365, 36.705194225548119 ], [ 126.208732902759465, 36.706682881866577 ], [ 126.208001114147663, 36.707993543914412 ], [ 126.208878893870718, 36.706882554712678 ], [ 126.212380139401475, 36.707670644402931 ], [ 126.217671579064927, 36.710777691552309 ], [ 126.223067514855401, 36.717744551784605 ], [ 126.223005751446536, 36.722378538565742 ], [ 126.214948157051978, 36.727265819940548 ], [ 126.211248817308672, 36.72521111213284 ], [ 126.210321936417984, 36.725532020042507 ], [ 126.208344091804548, 36.724515416000607 ], [ 126.204618276414379, 36.721826529712217 ], [ 126.202174158276264, 36.721283217500265 ], [ 126.199202034374764, 36.72157495752613 ], [ 126.202205542160073, 36.721378657617628 ], [ 126.203345165666676, 36.726312372273917 ], [ 126.20980820100506, 36.730726194763108 ], [ 126.209411772054509, 36.731596233827297 ], [ 126.211922780689918, 36.734494319524444 ], [ 126.213033651435907, 36.739071110902742 ], [ 126.211448109861564, 36.741074441997782 ], [ 126.205836937831236, 36.736577370966813 ], [ 126.200914736164407, 36.73679922692029 ], [ 126.195818627871688, 36.738986994368631 ], [ 126.195623751538463, 36.738573821784996 ], [ 126.195355447415949, 36.738240926163982 ], [ 126.195775104174132, 36.739201088492621 ], [ 126.193427391402878, 36.741708359769824 ], [ 126.186803047362986, 36.745734947017176 ], [ 126.184047955110358, 36.743273470646784 ], [ 126.185498735737639, 36.745100108522408 ], [ 126.18337102564189, 36.745523808451004 ], [ 126.182209695398484, 36.746906582794047 ], [ 126.178149112660179, 36.744513981457935 ], [ 126.182629796597169, 36.74721522028684 ], [ 126.186458383231454, 36.747976911525413 ], [ 126.184967308571416, 36.753264618736601 ], [ 126.175082937390769, 36.754382448489935 ], [ 126.172518714383955, 36.75595649560956 ], [ 126.17227132791443, 36.757845200900988 ], [ 126.170096574820718, 36.756747708681871 ], [ 126.16992078340742, 36.75759337382398 ], [ 126.16635776715033, 36.758529993325524 ], [ 126.164364523958341, 36.757944106632372 ], [ 126.163957260645248, 36.755983511464684 ], [ 126.163117788314295, 36.75669803389799 ], [ 126.161102456351074, 36.755858440522665 ], [ 126.162026536744051, 36.754418248383089 ], [ 126.163010099535498, 36.752030024948169 ], [ 126.16205451296446, 36.754017397733392 ], [ 126.161031574447506, 36.753649931700657 ], [ 126.160787004334708, 36.754762758281807 ], [ 126.1590693462216, 36.756012422185186 ], [ 126.158663263222365, 36.753916702492688 ], [ 126.157665972604789, 36.753074225010565 ], [ 126.160489222609101, 36.748637194235755 ], [ 126.158873584000276, 36.746794261123917 ], [ 126.157754690270124, 36.747550940021419 ], [ 126.157772333963976, 36.751353119418702 ], [ 126.156529155222444, 36.75245491583086 ], [ 126.15854629954498, 36.753879796085521 ], [ 126.158423620580805, 36.756534128897144 ], [ 126.156872516742723, 36.755292744539922 ], [ 126.15594241722664, 36.756595265247235 ], [ 126.140839855586691, 36.754055664266964 ], [ 126.14447847615078, 36.750263419148219 ], [ 126.146917659773635, 36.749914961598336 ], [ 126.147436272209632, 36.747698576676797 ], [ 126.151204174692083, 36.748728540504267 ], [ 126.149012951045421, 36.745459178279177 ], [ 126.151829160153667, 36.740010053944566 ], [ 126.151023257957348, 36.738762277001364 ], [ 126.15206704844735, 36.736203069932294 ], [ 126.151195954588744, 36.735097560573706 ], [ 126.151759222761982, 36.733613663412726 ], [ 126.15083358083254, 36.731346846362975 ], [ 126.151460193950086, 36.730535913910892 ], [ 126.149887600212551, 36.729737657881252 ], [ 126.149765331621936, 36.730235315802979 ], [ 126.148700466252535, 36.728348532994943 ], [ 126.147176576215685, 36.729601991842436 ], [ 126.142932556294383, 36.729058999967954 ], [ 126.142772000130876, 36.727882375442398 ], [ 126.14168379347754, 36.727582919368992 ], [ 126.142312583158699, 36.727613369239783 ], [ 126.142371642237734, 36.725251393980798 ], [ 126.143290423560245, 36.724885308849657 ], [ 126.141408988766528, 36.723851034740107 ], [ 126.142751116608778, 36.721483961015046 ], [ 126.142272333765902, 36.721759212272254 ], [ 126.141385763698864, 36.721252351396494 ], [ 126.142136673218758, 36.722400652802889 ], [ 126.14115089164045, 36.724237238412272 ], [ 126.136398749160193, 36.720807742799522 ], [ 126.137973914512912, 36.719017202871235 ], [ 126.136598173402746, 36.719966475364402 ], [ 126.135089780591031, 36.719438016575175 ], [ 126.134460113027572, 36.718744651298856 ], [ 126.135016834271127, 36.717994877287104 ], [ 126.133680116558438, 36.717956971155779 ], [ 126.133369477051886, 36.717269694256423 ], [ 126.128567945473776, 36.715535525235829 ], [ 126.128772968349224, 36.714048973021079 ], [ 126.126596266073108, 36.713148921492945 ], [ 126.126404702207694, 36.711283127798168 ], [ 126.124036679075061, 36.709663579065698 ], [ 126.123641262335909, 36.707611858367379 ], [ 126.121523357843529, 36.707396431974459 ], [ 126.119612330698814, 36.708506299465462 ], [ 126.119995829280015, 36.710852641310332 ], [ 126.121862396902642, 36.711619772088198 ], [ 126.12059581369958, 36.712805172329247 ], [ 126.121334234721544, 36.712777996120288 ], [ 126.120737897691569, 36.714117343023979 ], [ 126.121313550954739, 36.714307444436628 ], [ 126.121664300202255, 36.714756337165355 ], [ 126.122696837143081, 36.714347708054746 ], [ 126.124675681532494, 36.715150753816616 ], [ 126.127003075527, 36.717923116072186 ], [ 126.126163496894279, 36.719050316058087 ], [ 126.124852484953848, 36.718562040642787 ], [ 126.125193832413828, 36.718862541297312 ], [ 126.125030945031384, 36.719642711096952 ], [ 126.123988554697902, 36.719904634802965 ], [ 126.124405125187224, 36.720223694867911 ], [ 126.124173896591088, 36.72101012591321 ], [ 126.123762449546476, 36.72092560282892 ], [ 126.124716938675746, 36.721892310446634 ], [ 126.124627836167306, 36.722469364310996 ], [ 126.121739639532066, 36.723741886525076 ], [ 126.121714163739739, 36.72578530749086 ], [ 126.122736818458264, 36.726575359521107 ], [ 126.122589329580833, 36.72609948576163 ], [ 126.124385973027273, 36.725865629890841 ], [ 126.124884591957368, 36.726736472068552 ], [ 126.125711280794306, 36.726668478896364 ], [ 126.12472685794053, 36.729442503801415 ], [ 126.126110700250891, 36.730594998445341 ], [ 126.12589226034541, 36.731862791004161 ], [ 126.127196237055543, 36.732150925148417 ], [ 126.130194386215138, 36.735421711972194 ], [ 126.128980925354497, 36.737281414531125 ], [ 126.129873666327754, 36.737893858348968 ], [ 126.13157742272864, 36.737175841223831 ], [ 126.133525565576022, 36.739112344691542 ], [ 126.134256784909468, 36.743318097721428 ], [ 126.13371245889617, 36.744008642593499 ], [ 126.133288468124135, 36.743466649121302 ], [ 126.131487907114092, 36.746617252530591 ], [ 126.13252877269845, 36.747595211953445 ], [ 126.133343436010179, 36.746957013662993 ], [ 126.134087927509768, 36.748450360198781 ], [ 126.132927153000068, 36.75098504583827 ], [ 126.130987517331803, 36.752362324822514 ], [ 126.129335373811514, 36.75277512827418 ], [ 126.126667231921843, 36.752200493597073 ], [ 126.127607741878094, 36.74914148134495 ], [ 126.126542329449094, 36.750167690587624 ], [ 126.125725288392687, 36.750520026318888 ], [ 126.126267391000155, 36.752374081889066 ], [ 126.122388990189876, 36.752909467494199 ], [ 126.121787066657134, 36.754108171321178 ], [ 126.121158819211942, 36.75405592779785 ], [ 126.12128099870128, 36.755168344085583 ], [ 126.122968676623003, 36.755752310965462 ], [ 126.122632767447456, 36.756267961868325 ], [ 126.12324892776283, 36.756002362924939 ], [ 126.123489803064629, 36.756478157335195 ], [ 126.123920439672958, 36.756354139087506 ], [ 126.12415394383352, 36.756622752601402 ], [ 126.122842799261207, 36.756961805549068 ], [ 126.123952155365785, 36.758514410265086 ], [ 126.123483654342607, 36.75971320978789 ], [ 126.119908526537202, 36.760493581035284 ], [ 126.121414455468695, 36.7616186986941 ], [ 126.120461572741647, 36.762446084592987 ], [ 126.121576244058332, 36.76305584009544 ], [ 126.12186277666865, 36.764450143864153 ], [ 126.120898509433871, 36.765314529549009 ], [ 126.118231951435646, 36.766251921771541 ], [ 126.116055211235619, 36.766185859279965 ], [ 126.115862034113931, 36.767759377951009 ], [ 126.114315773276232, 36.767808582441894 ], [ 126.114052977074621, 36.768585147710709 ], [ 126.11256501034299, 36.7691169252751 ], [ 126.113115724946951, 36.771378118983641 ], [ 126.111947215559638, 36.771610387887129 ], [ 126.111633391814166, 36.772941698006079 ], [ 126.113321748688577, 36.77337793064109 ], [ 126.11378829030005, 36.77390234905242 ], [ 126.115216282609879, 36.772763484082517 ], [ 126.116614009230261, 36.772910303717943 ], [ 126.115598853239888, 36.772514194406796 ], [ 126.116226539137273, 36.772268077956568 ], [ 126.114623145913725, 36.770336598614158 ], [ 126.116046369664687, 36.769325918359208 ], [ 126.116557518260691, 36.770431301675806 ], [ 126.116357147322447, 36.769330784877269 ], [ 126.117657187208735, 36.770778028932376 ], [ 126.120039495960683, 36.771249020278809 ], [ 126.120407285954613, 36.773948639666045 ], [ 126.122821255322336, 36.774479322316779 ], [ 126.124234173993784, 36.773570588329918 ], [ 126.126636689244165, 36.774776814357587 ], [ 126.126927723955092, 36.773553355413661 ], [ 126.128253465185466, 36.772803181709243 ], [ 126.129813273039517, 36.774362354565568 ], [ 126.131163248961229, 36.774304018793927 ], [ 126.130766283589139, 36.776032928251432 ], [ 126.128725755954733, 36.778104420615051 ], [ 126.130151750999644, 36.77683842064657 ], [ 126.13325720166408, 36.776973607832424 ], [ 126.133505650734136, 36.775066687143564 ], [ 126.135288189144418, 36.775537322584263 ], [ 126.135502100717446, 36.776382340644041 ], [ 126.133376782132245, 36.77806447764241 ], [ 126.134801266990763, 36.779012905561331 ], [ 126.134182483907011, 36.779586624412005 ], [ 126.133147974543576, 36.779021837618714 ], [ 126.132092916127093, 36.780226520436443 ], [ 126.126867054037319, 36.77804733202904 ], [ 126.129941623428678, 36.780295956587004 ], [ 126.129623062842469, 36.781199360939453 ], [ 126.131155265570499, 36.780857662419884 ], [ 126.132594621269718, 36.782168289294852 ], [ 126.130577004044582, 36.783222902533993 ], [ 126.131595952932415, 36.784807290940407 ], [ 126.130463606417365, 36.785499885563112 ], [ 126.131363297054094, 36.786085585674805 ], [ 126.13066198381361, 36.787098509406292 ], [ 126.13235181743255, 36.785878271636875 ], [ 126.13410917073864, 36.786487935667004 ], [ 126.132911754215129, 36.785602891245652 ], [ 126.133337558985389, 36.784205283858505 ], [ 126.137317086819394, 36.783393363514612 ], [ 126.140931750853625, 36.784839419666113 ], [ 126.144717538308157, 36.789091723186125 ], [ 126.146421390169166, 36.793613554241851 ], [ 126.145999502984523, 36.794297197759789 ], [ 126.144301808164087, 36.7940096423035 ], [ 126.142472146279474, 36.795652729644246 ], [ 126.144151517916981, 36.796118432289639 ], [ 126.145898735092146, 36.795109558870621 ], [ 126.147143723976498, 36.795762633497276 ], [ 126.149752085118209, 36.803437447819832 ], [ 126.146010792866548, 36.804097384362137 ], [ 126.144756341110082, 36.803110422577049 ], [ 126.146172415839018, 36.805375830143241 ], [ 126.148608585752285, 36.806938472953725 ], [ 126.143010292927954, 36.80872439816973 ], [ 126.144641930862292, 36.808983851233663 ], [ 126.145662328664812, 36.810368761331546 ], [ 126.150792917932549, 36.811685174326698 ], [ 126.151978533803359, 36.810586241205094 ], [ 126.154025857178752, 36.810931989964757 ], [ 126.154750660942696, 36.813610359881423 ], [ 126.151838437712314, 36.81438064674682 ], [ 126.149353709769272, 36.816970540925361 ], [ 126.155803577588458, 36.81653212062426 ], [ 126.15691554796625, 36.817833136026266 ], [ 126.157128560413227, 36.820044468156802 ], [ 126.155098105996643, 36.822127992251644 ], [ 126.157688693202999, 36.822527531949454 ], [ 126.157857068669557, 36.824774938029549 ], [ 126.160383230058272, 36.825672865810368 ], [ 126.16068677408559, 36.826458650064083 ], [ 126.159511447939366, 36.829836123985672 ], [ 126.157687962458141, 36.830259964907214 ], [ 126.156706500146726, 36.829476724600113 ], [ 126.155960297289752, 36.830038785556802 ], [ 126.156975882432519, 36.830443909450061 ], [ 126.156666154312845, 36.831529659661257 ], [ 126.155031607428597, 36.831482379947083 ], [ 126.154209612081459, 36.832785220439447 ], [ 126.151827139982075, 36.833525295952711 ], [ 126.149871583821309, 36.833168297538073 ], [ 126.15032010591591, 36.833380364231211 ], [ 126.150473596078186, 36.833963234050891 ], [ 126.149359307886172, 36.834558459401791 ], [ 126.149736876198432, 36.8349668071669 ], [ 126.146785867614838, 36.836193246128651 ], [ 126.145479546226653, 36.837848372302261 ], [ 126.146340437149021, 36.838870847175464 ], [ 126.147360981900746, 36.838421775431364 ], [ 126.148685354056994, 36.839062021684676 ], [ 126.151439439983591, 36.83657260202672 ], [ 126.154945943007618, 36.838032647735602 ], [ 126.155033953727354, 36.839555349601753 ], [ 126.153045508517053, 36.84021989128285 ], [ 126.153592712702959, 36.840262371940419 ], [ 126.154976231199655, 36.841293407959967 ], [ 126.154986477458337, 36.841824558291407 ], [ 126.151886172837237, 36.843126226866467 ], [ 126.14913486283082, 36.845715980323277 ], [ 126.150814915049395, 36.846069107066896 ], [ 126.152802502087297, 36.844110367233789 ], [ 126.155607077188137, 36.843436825665549 ], [ 126.156516056113531, 36.845849769680079 ], [ 126.157797077698746, 36.845999999706571 ], [ 126.158070226059877, 36.846324761549212 ], [ 126.157305697929075, 36.84810811915861 ], [ 126.158752161797253, 36.848495331763388 ] ] ], [ [ [ 126.175182855712507, 36.842346679608823 ], [ 126.174414159355521, 36.84206065370131 ], [ 126.173044779656337, 36.842411131350566 ], [ 126.174464616600829, 36.843233378775537 ], [ 126.175182855712507, 36.842346679608823 ] ] ], [ [ [ 126.190541603774378, 36.856033883248699 ], [ 126.190340261668567, 36.856563617645129 ], [ 126.191015530916488, 36.85705665991398 ], [ 126.1912556673918, 36.856432340610596 ], [ 126.190541603774378, 36.856033883248699 ] ] ], [ [ [ 126.190536023419796, 36.85677947635773 ], [ 126.190594243441637, 36.856766674356322 ], [ 126.190548777659629, 36.856725940427232 ], [ 126.190536023419796, 36.85677947635773 ] ] ], [ [ [ 126.191335477673874, 36.858086471942379 ], [ 126.191325340252419, 36.858146153650303 ], [ 126.191370211038816, 36.858133835262713 ], [ 126.191335477673874, 36.858086471942379 ] ] ], [ [ [ 126.191138642365004, 36.858736171910891 ], [ 126.191191009968691, 36.858691437158214 ], [ 126.191112680295106, 36.858722649859054 ], [ 126.191138642365004, 36.858736171910891 ] ] ], [ [ [ 126.191310420639937, 36.858823582819404 ], [ 126.191283226913725, 36.858692840275019 ], [ 126.191251269040961, 36.858705436034725 ], [ 126.191310420639937, 36.858823582819404 ] ] ], [ [ [ 126.191042699457796, 36.858751179958297 ], [ 126.191073929173683, 36.858804428759264 ], [ 126.191117028657942, 36.858826142170173 ], [ 126.191135639653027, 36.858760561316224 ], [ 126.191042699457796, 36.858751179958297 ] ] ], [ [ [ 126.19018916760993, 36.860737128058751 ], [ 126.190215341003366, 36.860689271076502 ], [ 126.19017207067084, 36.860704860692572 ], [ 126.19018916760993, 36.860737128058751 ] ] ], [ [ [ 126.190183072453564, 36.860796243036596 ], [ 126.190275597872642, 36.860814290154728 ], [ 126.190255903130137, 36.860769913641803 ], [ 126.190183072453564, 36.860796243036596 ] ] ], [ [ [ 126.190333610534807, 36.860865876460643 ], [ 126.190301468839593, 36.860836336803466 ], [ 126.190317364316911, 36.860869991682428 ], [ 126.190333610534807, 36.860865876460643 ] ] ], [ [ [ 126.190675564103373, 36.861298677092201 ], [ 126.190762981328774, 36.86128860344774 ], [ 126.190719195726743, 36.861249829709251 ], [ 126.190675564103373, 36.861298677092201 ] ] ], [ [ [ 126.190633347312399, 36.861348228714022 ], [ 126.190696142630443, 36.861342033875886 ], [ 126.190645562927813, 36.861333010698743 ], [ 126.190633347312399, 36.861348228714022 ] ] ], [ [ [ 126.190294404349501, 36.861553888504588 ], [ 126.190239267441939, 36.861546204885997 ], [ 126.190264427401175, 36.861577454184875 ], [ 126.190294404349501, 36.861553888504588 ] ] ], [ [ [ 126.191150281689701, 36.862323956432654 ], [ 126.19116078024706, 36.86228760692714 ], [ 126.191135968050162, 36.862292493259282 ], [ 126.191150281689701, 36.862323956432654 ] ] ], [ [ [ 126.191184741494837, 36.862403900490143 ], [ 126.191228821264545, 36.862498877620055 ], [ 126.191283106993041, 36.862478638740669 ], [ 126.191184741494837, 36.862403900490143 ] ] ], [ [ [ 126.191331157026923, 36.862635374625881 ], [ 126.191246079442351, 36.862581722210599 ], [ 126.191235517996475, 36.862594266928276 ], [ 126.191331157026923, 36.862635374625881 ] ] ], [ [ [ 126.184244422449112, 36.86928078488129 ], [ 126.184039361688434, 36.86919475111992 ], [ 126.184137735958018, 36.869324918532499 ], [ 126.184244422449112, 36.86928078488129 ] ] ], [ [ [ 126.184251343308773, 36.869532684414878 ], [ 126.184293041990031, 36.869610660722259 ], [ 126.184360974977864, 36.869592366361239 ], [ 126.184251343308773, 36.869532684414878 ] ] ], [ [ [ 126.184271421430594, 36.869669487991736 ], [ 126.18433464351682, 36.869739965011277 ], [ 126.184324612501896, 36.869634981979495 ], [ 126.184271421430594, 36.869669487991736 ] ] ], [ [ [ 126.184204496759946, 36.869719515379515 ], [ 126.184279244861429, 36.869814479365857 ], [ 126.184218610190555, 36.869705393545651 ], [ 126.184204496759946, 36.869719515379515 ] ] ], [ [ [ 126.183881805667269, 36.869938730814489 ], [ 126.183899524867797, 36.870040097892662 ], [ 126.18393505962166, 36.869926868733984 ], [ 126.183881805667269, 36.869938730814489 ] ] ], [ [ [ 126.181607311021111, 36.879763121795904 ], [ 126.181560448939621, 36.879815638034479 ], [ 126.181603726246806, 36.879823740420747 ], [ 126.181607311021111, 36.879763121795904 ] ] ], [ [ [ 126.181699048220423, 36.881244489661768 ], [ 126.182595417761149, 36.880487376038495 ], [ 126.180722129248295, 36.880369608583287 ], [ 126.18144578667534, 36.880819890291185 ], [ 126.180897442211261, 36.880983235333645 ], [ 126.181699048220423, 36.881244489661768 ] ] ], [ [ [ 126.183591828243038, 36.881631112867431 ], [ 126.183682844095415, 36.881681459904271 ], [ 126.183670808836808, 36.881599225819144 ], [ 126.183591828243038, 36.881631112867431 ] ] ], [ [ [ 126.183718810451623, 36.881660062645466 ], [ 126.183800606804397, 36.881738685138657 ], [ 126.183755947296717, 36.881652839239187 ], [ 126.183718810451623, 36.881660062645466 ] ] ], [ [ [ 126.183275418790416, 36.881701257979863 ], [ 126.183564282447392, 36.881850118596333 ], [ 126.183436810683219, 36.881681977208771 ], [ 126.183275418790416, 36.881701257979863 ] ] ], [ [ [ 126.183620069166125, 36.881847554747225 ], [ 126.183619477411995, 36.881973656787906 ], [ 126.183692856015355, 36.881829529206904 ], [ 126.183620069166125, 36.881847554747225 ] ] ], [ [ [ 126.182497473924059, 36.882348629024598 ], [ 126.182521245300137, 36.882307424897995 ], [ 126.18247420556385, 36.882316544606617 ], [ 126.182497473924059, 36.882348629024598 ] ] ], [ [ [ 126.182408209997035, 36.882382301381945 ], [ 126.182245181414928, 36.882401391321338 ], [ 126.182355063653034, 36.882510789777619 ], [ 126.182408209997035, 36.882382301381945 ] ] ], [ [ [ 126.182302637034454, 36.882490568809196 ], [ 126.182180878313062, 36.882514771134154 ], [ 126.182286648650077, 36.882536322905793 ], [ 126.182302637034454, 36.882490568809196 ] ] ], [ [ [ 126.180557575446571, 36.883390245683806 ], [ 126.18058400428572, 36.883370099176723 ], [ 126.180545477525868, 36.883361391144831 ], [ 126.180557575446571, 36.883390245683806 ] ] ], [ [ [ 126.180445026688389, 36.883460249121292 ], [ 126.180523155376221, 36.883469573652903 ], [ 126.180525501289566, 36.883434843783725 ], [ 126.180445026688389, 36.883460249121292 ] ] ], [ [ [ 126.180518428798408, 36.88363155380862 ], [ 126.180651976853909, 36.883681142373007 ], [ 126.18052664204815, 36.8836165899489 ], [ 126.180518428798408, 36.88363155380862 ] ] ], [ [ [ 126.178426784699226, 36.883839262065351 ], [ 126.178482460737783, 36.883905839860766 ], [ 126.178605308695879, 36.883786727779473 ], [ 126.178426784699226, 36.883839262065351 ] ] ], [ [ [ 126.17711693015238, 36.883912313480472 ], [ 126.177171151587757, 36.883916672368116 ], [ 126.177143561738546, 36.883874625297253 ], [ 126.17711693015238, 36.883912313480472 ] ] ], [ [ [ 126.177276455818458, 36.88498863263623 ], [ 126.17722579661725, 36.884960520288061 ], [ 126.177158823353011, 36.884936998256833 ], [ 126.177276455818458, 36.88498863263623 ] ] ], [ [ [ 126.17741704888455, 36.885005690871786 ], [ 126.177475912627955, 36.884971516285574 ], [ 126.177420639026678, 36.884962797500535 ], [ 126.17741704888455, 36.885005690871786 ] ] ], [ [ [ 126.177145956373479, 36.885000902555213 ], [ 126.177225569620362, 36.885046389836901 ], [ 126.177227642037622, 36.885003928469253 ], [ 126.177145956373479, 36.885000902555213 ] ] ], [ [ [ 126.178325074607429, 36.886380198990295 ], [ 126.178428969980459, 36.886522736307377 ], [ 126.178427852112961, 36.886365347935254 ], [ 126.178325074607429, 36.886380198990295 ] ] ], [ [ [ 126.179530612548007, 36.886960503594793 ], [ 126.179467486859565, 36.887015356633484 ], [ 126.179583565403107, 36.887044903586101 ], [ 126.179530612548007, 36.886960503594793 ] ] ], [ [ [ 126.179891642259392, 36.887478248022518 ], [ 126.179837476853336, 36.88753538217901 ], [ 126.179923878401226, 36.887547663682952 ], [ 126.179891642259392, 36.887478248022518 ] ] ], [ [ [ 126.184045421605731, 36.888264881699904 ], [ 126.183913415182502, 36.888217199690615 ], [ 126.183888652592358, 36.888276590387434 ], [ 126.184045421605731, 36.888264881699904 ] ] ], [ [ [ 126.185827361869599, 36.888723533184773 ], [ 126.185895354683595, 36.888716078959973 ], [ 126.185872158497517, 36.888672523079016 ], [ 126.185827361869599, 36.888723533184773 ] ] ], [ [ [ 126.189155673405949, 36.888803067128279 ], [ 126.189018411789746, 36.888733028704088 ], [ 126.189068095534694, 36.8888315745995 ], [ 126.189155673405949, 36.888803067128279 ] ] ], [ [ [ 126.188100052757903, 36.888971270653499 ], [ 126.187976904462687, 36.889013608524422 ], [ 126.188143167098815, 36.889017566335525 ], [ 126.188100052757903, 36.888971270653499 ] ] ], [ [ [ 126.187384336907755, 36.889109270454632 ], [ 126.187281140287581, 36.889108501661596 ], [ 126.187308363918049, 36.889170007043454 ], [ 126.187384336907755, 36.889109270454632 ] ] ], [ [ [ 126.187477898685003, 36.889206237562512 ], [ 126.187526334747147, 36.889188400444453 ], [ 126.187472921173992, 36.889179467084794 ], [ 126.187477898685003, 36.889206237562512 ] ] ], [ [ [ 126.17996704483474, 36.889249782997787 ], [ 126.179846541208079, 36.889150264422881 ], [ 126.17970297425876, 36.889229947635251 ], [ 126.17996704483474, 36.889249782997787 ] ] ], [ [ [ 126.161772977265656, 36.92352059566894 ], [ 126.161789490182343, 36.92345878262654 ], [ 126.161705744158851, 36.923497719896339 ], [ 126.161772977265656, 36.92352059566894 ] ] ], [ [ [ 126.161424811780961, 36.923514155505458 ], [ 126.161492448447945, 36.923581113736759 ], [ 126.161603395001734, 36.923528057371904 ], [ 126.161424811780961, 36.923514155505458 ] ] ], [ [ [ 126.18164020567562, 36.923447395629211 ], [ 126.181943390060411, 36.924285771857967 ], [ 126.182298300696061, 36.924326484856792 ], [ 126.182164457499425, 36.924222075783845 ], [ 126.183092197689945, 36.923509045926714 ], [ 126.18164020567562, 36.923447395629211 ] ] ], [ [ [ 126.163128915096436, 36.923739591857334 ], [ 126.162954704043585, 36.923694120891327 ], [ 126.162835293360885, 36.923760787896583 ], [ 126.163128915096436, 36.923739591857334 ] ] ], [ [ [ 126.163270584882454, 36.923682902836397 ], [ 126.163274346097538, 36.923770983508589 ], [ 126.163331149806822, 36.923706037996261 ], [ 126.163270584882454, 36.923682902836397 ] ] ], [ [ [ 126.18155772739712, 36.923908369086746 ], [ 126.181621012284253, 36.923985127068804 ], [ 126.181639306689263, 36.923919862367335 ], [ 126.18155772739712, 36.923908369086746 ] ] ], [ [ [ 126.18251708186996, 36.924036422532041 ], [ 126.182566934689618, 36.924064707626179 ], [ 126.182585544205224, 36.924022449680322 ], [ 126.18251708186996, 36.924036422532041 ] ] ], [ [ [ 126.181227845700406, 36.924178578778942 ], [ 126.181139308259418, 36.924192079137853 ], [ 126.181135077043749, 36.924214027808461 ], [ 126.181227845700406, 36.924178578778942 ] ] ], [ [ [ 126.182085137579563, 36.924396010727243 ], [ 126.182118483189399, 36.924423326823749 ], [ 126.182103534979106, 36.92434118156082 ], [ 126.182085137579563, 36.924396010727243 ] ] ], [ [ [ 126.182239864060563, 36.924382968244629 ], [ 126.1822160696141, 36.924391570283603 ], [ 126.182261021324493, 36.924396475018824 ], [ 126.182239864060563, 36.924382968244629 ] ] ], [ [ [ 126.16159866205092, 36.924757847135567 ], [ 126.162859384965984, 36.92464793239877 ], [ 126.163654945871329, 36.924075573998138 ], [ 126.161142560667699, 36.923635653694213 ], [ 126.16159866205092, 36.924757847135567 ] ] ], [ [ [ 126.163674718137912, 36.924517614248863 ], [ 126.16368785129842, 36.924374708514243 ], [ 126.163582835092882, 36.924392259468341 ], [ 126.163674718137912, 36.924517614248863 ] ] ], [ [ [ 126.163944722081695, 36.92456402841956 ], [ 126.163796316515686, 36.924472678192998 ], [ 126.163787024027584, 36.924602284839679 ], [ 126.163944722081695, 36.92456402841956 ] ] ], [ [ [ 126.164249635813718, 36.924513146036048 ], [ 126.1641798656524, 36.924556951067807 ], [ 126.164254665567469, 36.924563334070108 ], [ 126.164249635813718, 36.924513146036048 ] ] ], [ [ [ 126.163253986792384, 36.924548513143087 ], [ 126.163221090526349, 36.924624701164312 ], [ 126.163277034587466, 36.924595269621918 ], [ 126.163253986792384, 36.924548513143087 ] ] ], [ [ [ 126.16393705859079, 36.924776445671554 ], [ 126.163845294562975, 36.924740848804639 ], [ 126.163858954681842, 36.924804460029691 ], [ 126.16393705859079, 36.924776445671554 ] ] ], [ [ [ 126.163979447468236, 36.92476435359675 ], [ 126.164010533630432, 36.924840488181481 ], [ 126.164077459555685, 36.924779678170395 ], [ 126.163979447468236, 36.92476435359675 ] ] ], [ [ [ 126.163770446093011, 36.924834625160308 ], [ 126.163738776717395, 36.924963913329663 ], [ 126.163818420727438, 36.924859635724602 ], [ 126.163770446093011, 36.924834625160308 ] ] ], [ [ [ 126.167174446988625, 36.925700310640408 ], [ 126.168020558806845, 36.925379989476852 ], [ 126.167416564277829, 36.925139030377991 ], [ 126.167174446988625, 36.925700310640408 ] ] ], [ [ [ 126.168059715980107, 36.926013201521904 ], [ 126.168195057359171, 36.925981117424378 ], [ 126.16806007336352, 36.925995758305426 ], [ 126.168059715980107, 36.926013201521904 ] ] ], [ [ [ 126.167488660807692, 36.926978440945739 ], [ 126.167630830218386, 36.926996810764692 ], [ 126.167635842970469, 36.926970443781443 ], [ 126.167488660807692, 36.926978440945739 ] ] ], [ [ [ 126.167121027838604, 36.928126634238836 ], [ 126.167186972306496, 36.928111517146142 ], [ 126.167124982423715, 36.928106631808916 ], [ 126.167121027838604, 36.928126634238836 ] ] ], [ [ [ 126.168116312712741, 36.929773008923561 ], [ 126.17007501042329, 36.929396802870166 ], [ 126.171245080282034, 36.928313257772729 ], [ 126.168671660311958, 36.926634735897039 ], [ 126.167261962486251, 36.927622114957323 ], [ 126.168116312712741, 36.929773008923561 ] ] ], [ [ [ 126.160398051509347, 36.932374366722662 ], [ 126.160269357424383, 36.932469366669196 ], [ 126.160312548666752, 36.932503057298391 ], [ 126.160398051509347, 36.932374366722662 ] ] ], [ [ [ 126.160240690593511, 36.932718950205718 ], [ 126.160624257626552, 36.932782499547891 ], [ 126.160626713635992, 36.932518585749904 ], [ 126.160240690593511, 36.932718950205718 ] ] ], [ [ [ 126.161229347440553, 36.932764914713268 ], [ 126.161322783117342, 36.932570863386687 ], [ 126.161229473870478, 36.932585531671549 ], [ 126.161229347440553, 36.932764914713268 ] ] ], [ [ [ 126.160928567085364, 36.932705906368582 ], [ 126.160762053186232, 36.932588310791992 ], [ 126.16074085131558, 36.932775718237743 ], [ 126.160928567085364, 36.932705906368582 ] ] ], [ [ [ 126.160315837689524, 36.933007415189202 ], [ 126.160236131498976, 36.932948344282124 ], [ 126.16022359834092, 36.932994022041001 ], [ 126.160315837689524, 36.933007415189202 ] ] ], [ [ [ 126.168207517818701, 36.95823681125605 ], [ 126.168093143238849, 36.958248632510127 ], [ 126.168226343973728, 36.95825569364338 ], [ 126.168207517818701, 36.95823681125605 ] ] ], [ [ [ 126.16613450753826, 36.958211376317998 ], [ 126.165871373623546, 36.958133614177306 ], [ 126.166144859360031, 36.95835660955138 ], [ 126.16613450753826, 36.958211376317998 ] ] ], [ [ [ 126.16879780550002, 36.958483934150451 ], [ 126.168901661651262, 36.958454105480797 ], [ 126.168768485417345, 36.958475934646053 ], [ 126.16879780550002, 36.958483934150451 ] ] ], [ [ [ 126.169685979064155, 36.958673929423178 ], [ 126.169765222105127, 36.958673490470964 ], [ 126.169701070475426, 36.958649137468015 ], [ 126.169685979064155, 36.958673929423178 ] ] ], [ [ [ 126.16943437018999, 36.9595856747368 ], [ 126.169884507040535, 36.958801950513816 ], [ 126.167535826662743, 36.958196222968262 ], [ 126.167147525683717, 36.958359512332066 ], [ 126.16943437018999, 36.9595856747368 ] ] ], [ [ [ 126.20869788150506, 36.428810962093287 ], [ 126.208754583961891, 36.428530903557267 ], [ 126.208386558793521, 36.428523327236391 ], [ 126.20869788150506, 36.428810962093287 ] ] ], [ [ [ 126.212119190609471, 36.431693368892084 ], [ 126.216658178306147, 36.430826418820722 ], [ 126.215381083394107, 36.430185068512742 ], [ 126.214944418145635, 36.428709458355115 ], [ 126.211950868685165, 36.428862306250629 ], [ 126.20937677822144, 36.426931133196064 ], [ 126.20771142563207, 36.427308792351823 ], [ 126.208383873128184, 36.428425264231471 ], [ 126.210214384813781, 36.428587158318685 ], [ 126.210182881441597, 36.429836564736839 ], [ 126.211349809130496, 36.430593309417482 ], [ 126.210882003135936, 36.431221198120134 ], [ 126.212119190609471, 36.431693368892084 ] ] ], [ [ [ 126.217493102448614, 36.43115927988557 ], [ 126.217080866949715, 36.431221819932269 ], [ 126.217362065225103, 36.431448588137506 ], [ 126.217493102448614, 36.43115927988557 ] ] ], [ [ [ 126.232180796653736, 36.449592819773869 ], [ 126.23197298917907, 36.449513894214242 ], [ 126.232004375911643, 36.44967918602152 ], [ 126.232180796653736, 36.449592819773869 ] ] ], [ [ [ 126.231514372974274, 36.449769029258846 ], [ 126.231403557466976, 36.449717942962685 ], [ 126.231471724856888, 36.449829401156066 ], [ 126.231514372974274, 36.449769029258846 ] ] ], [ [ [ 126.231272229757423, 36.449688170814071 ], [ 126.231403729103263, 36.449892674957134 ], [ 126.231281163541411, 36.44966443656309 ], [ 126.231272229757423, 36.449688170814071 ] ] ], [ [ [ 126.231379419660897, 36.455374971384828 ], [ 126.23822199157398, 36.456012151789423 ], [ 126.242802857130172, 36.453054466144522 ], [ 126.239103086155851, 36.453471506682845 ], [ 126.23689951079345, 36.449752302992707 ], [ 126.233273109469451, 36.448484857145459 ], [ 126.232245370237081, 36.448857902623615 ], [ 126.232282168838708, 36.449674032839738 ], [ 126.235339752685007, 36.449757280330097 ], [ 126.235469318945349, 36.451682950108278 ], [ 126.231790897375305, 36.453953367925031 ], [ 126.231379419660897, 36.455374971384828 ] ] ], [ [ [ 126.22239392153611, 36.458193102358855 ], [ 126.222466760698111, 36.458121053262815 ], [ 126.222413996095483, 36.458088565951876 ], [ 126.22239392153611, 36.458193102358855 ] ] ], [ [ [ 126.222390468567738, 36.458373369766505 ], [ 126.222379291683865, 36.458329808813573 ], [ 126.222369014726397, 36.458353558601758 ], [ 126.222390468567738, 36.458373369766505 ] ] ], [ [ [ 126.221583261358532, 36.458544443817352 ], [ 126.221659567563279, 36.458561052965656 ], [ 126.221607311102048, 36.458525758192565 ], [ 126.221583261358532, 36.458544443817352 ] ] ], [ [ [ 126.221608386702385, 36.458702783738332 ], [ 126.221472040227255, 36.45871197833398 ], [ 126.221501243215585, 36.458746737727665 ], [ 126.221608386702385, 36.458702783738332 ] ] ], [ [ [ 126.222416778586961, 36.459000771011546 ], [ 126.222584365200959, 36.459079495464429 ], [ 126.222567893755397, 36.458937036520155 ], [ 126.222416778586961, 36.459000771011546 ] ] ], [ [ [ 126.224944838330316, 36.459647409735872 ], [ 126.223257895209855, 36.458550812852856 ], [ 126.221591064964045, 36.458618621903604 ], [ 126.222712293645415, 36.458870940256297 ], [ 126.224000162466112, 36.459939296043274 ], [ 126.224944838330316, 36.459647409735872 ] ] ], [ [ [ 126.222736341717763, 36.459222333828563 ], [ 126.222799270993249, 36.45919782778639 ], [ 126.222772370083447, 36.459175755232778 ], [ 126.222736341717763, 36.459222333828563 ] ] ], [ [ [ 126.222942118515803, 36.459389043228363 ], [ 126.222940206750152, 36.459345704075666 ], [ 126.222909968940556, 36.459354121037691 ], [ 126.222942118515803, 36.459389043228363 ] ] ], [ [ [ 126.225124976711214, 36.460284675210808 ], [ 126.225633127697435, 36.459734674179266 ], [ 126.225132128596613, 36.459902370823798 ], [ 126.225124976711214, 36.460284675210808 ] ] ], [ [ [ 126.205668907035147, 36.585248497124198 ], [ 126.205799136513221, 36.584529890719345 ], [ 126.203776901877944, 36.58410785907904 ], [ 126.201513469505358, 36.581764231672288 ], [ 126.202929051716197, 36.578273546444827 ], [ 126.201851660497226, 36.575562135230022 ], [ 126.20025037472864, 36.573491341861704 ], [ 126.19737772495688, 36.570703707996799 ], [ 126.196508237568196, 36.570809168951413 ], [ 126.196330788659395, 36.569151609399562 ], [ 126.1939409278894, 36.56764977640281 ], [ 126.191425622751538, 36.568739016624903 ], [ 126.191268026264453, 36.568164807346214 ], [ 126.190604703175637, 36.568428594680235 ], [ 126.190700272608325, 36.570370014556225 ], [ 126.188868973531697, 36.571861621877126 ], [ 126.197896204945565, 36.57186156101529 ], [ 126.201026130402965, 36.574690573519284 ], [ 126.202126675171016, 36.576775552727945 ], [ 126.201473044180048, 36.579974119411126 ], [ 126.197672324807272, 36.576464775201572 ], [ 126.194657480774737, 36.578487348333582 ], [ 126.197053828958076, 36.580009899390454 ], [ 126.196952663283454, 36.580826019568285 ], [ 126.195038018250841, 36.582842374056227 ], [ 126.201116897017513, 36.583092564977719 ], [ 126.202261511452605, 36.585098653472336 ], [ 126.205668907035147, 36.585248497124198 ] ] ], [ [ [ 126.196836660205875, 36.580427240317512 ], [ 126.196890233824718, 36.580452112627405 ], [ 126.196869030391781, 36.580386187565217 ], [ 126.196836660205875, 36.580427240317512 ] ] ], [ [ [ 126.19668451425656, 36.58079316887715 ], [ 126.196708946250453, 36.580885115939559 ], [ 126.196740753662681, 36.580790457542136 ], [ 126.19668451425656, 36.58079316887715 ] ] ], [ [ [ 126.241335058145097, 36.58744052461703 ], [ 126.241253901277574, 36.58701457982886 ], [ 126.240704709786897, 36.587153531703493 ], [ 126.241335058145097, 36.58744052461703 ] ] ], [ [ [ 126.242185543200705, 36.588208357479012 ], [ 126.242146855632186, 36.588133271896872 ], [ 126.242110790131903, 36.58819788882122 ], [ 126.242185543200705, 36.588208357479012 ] ] ], [ [ [ 126.239421717123975, 36.59003659077289 ], [ 126.239477662923477, 36.589925535383962 ], [ 126.239441253139773, 36.589909964588045 ], [ 126.239421717123975, 36.59003659077289 ] ] ], [ [ [ 126.200530385492996, 36.59108642812901 ], [ 126.200584576492872, 36.591139120295857 ], [ 126.200628023656535, 36.591122686658387 ], [ 126.200530385492996, 36.59108642812901 ] ] ], [ [ [ 126.199446818020476, 36.596742972781243 ], [ 126.201556951183719, 36.5948471004833 ], [ 126.201456084040174, 36.593220382262928 ], [ 126.202367024053572, 36.592220978076988 ], [ 126.205449200354849, 36.591203278555476 ], [ 126.204750178107545, 36.589959045606086 ], [ 126.200702048396707, 36.590768096629787 ], [ 126.200666464197013, 36.59199716465789 ], [ 126.198080719905505, 36.593654847543093 ], [ 126.197144864960592, 36.596193539580938 ], [ 126.198958610618092, 36.595808891785339 ], [ 126.199446818020476, 36.596742972781243 ] ] ], [ [ [ 126.198022362341206, 36.593614076210983 ], [ 126.198188787007879, 36.593440559482893 ], [ 126.198002918042917, 36.593430296991095 ], [ 126.198022362341206, 36.593614076210983 ] ] ], [ [ [ 126.197978276686896, 36.59372960044567 ], [ 126.197840167452483, 36.593680650604249 ], [ 126.197884307766614, 36.593783413531078 ], [ 126.197978276686896, 36.59372960044567 ] ] ], [ [ [ 126.19764408936723, 36.594217388561397 ], [ 126.197508690587, 36.594103052501296 ], [ 126.197595500514041, 36.594228055187912 ], [ 126.19764408936723, 36.594217388561397 ] ] ], [ [ [ 126.197350148722265, 36.595101252490622 ], [ 126.197267311841401, 36.59518713004713 ], [ 126.197302056764102, 36.595216245861529 ], [ 126.197350148722265, 36.595101252490622 ] ] ], [ [ [ 126.23440337037546, 36.596406068542315 ], [ 126.234543896942611, 36.596329699904956 ], [ 126.234429199388487, 36.596309688639607 ], [ 126.23440337037546, 36.596406068542315 ] ] ], [ [ [ 126.199742235075291, 36.596872347159263 ], [ 126.199712957582392, 36.596960730850704 ], [ 126.199663474880452, 36.597062271372437 ], [ 126.199750775548736, 36.596960714414415 ], [ 126.199742235075291, 36.596872347159263 ] ] ], [ [ [ 126.24374159163871, 36.608902044616315 ], [ 126.24414293800146, 36.607348251036186 ], [ 126.246623508957441, 36.607433886463554 ], [ 126.245340935929903, 36.60629937948395 ], [ 126.244852927128491, 36.60294054611677 ], [ 126.245866934663752, 36.60105642727104 ], [ 126.245119909011123, 36.599854873345606 ], [ 126.24557501091121, 36.598945101054646 ], [ 126.244170981168821, 36.59922393190493 ], [ 126.241693973781537, 36.59704284327109 ], [ 126.242580139322882, 36.596549743023132 ], [ 126.241892306942319, 36.594311526744654 ], [ 126.244598057183552, 36.590752869535628 ], [ 126.243804081603884, 36.589162831158724 ], [ 126.241984064511001, 36.588239939411658 ], [ 126.241712503137478, 36.589326858180073 ], [ 126.239451473812608, 36.590236055585997 ], [ 126.239458578949936, 36.59240444153432 ], [ 126.24039945701287, 36.591952664432583 ], [ 126.24104748870927, 36.592768990142396 ], [ 126.240645222798122, 36.594351157301439 ], [ 126.238588703396047, 36.595835159066588 ], [ 126.236420795119358, 36.595635271502232 ], [ 126.23413784549615, 36.596735975224171 ], [ 126.234487875553867, 36.597744558736345 ], [ 126.238756407166107, 36.599201735223865 ], [ 126.239198259756122, 36.59993288701547 ], [ 126.23777261192555, 36.601791878837759 ], [ 126.239528940062968, 36.603159067129404 ], [ 126.239368551009576, 36.6038154375454 ], [ 126.238333277691893, 36.604593836642287 ], [ 126.235666747489276, 36.603499339974526 ], [ 126.234820677966468, 36.604628924149793 ], [ 126.236223067896276, 36.605686877387356 ], [ 126.235976460458517, 36.60641823837036 ], [ 126.239712256131327, 36.607980477510338 ], [ 126.242144746101985, 36.607718778893869 ], [ 126.243028317698844, 36.608459446201579 ], [ 126.242838099452158, 36.609021410391733 ], [ 126.24374159163871, 36.608902044616315 ] ] ], [ [ [ 126.23754871623899, 36.601242484539263 ], [ 126.237625122242491, 36.601255571602294 ], [ 126.237579720636774, 36.601227401995686 ], [ 126.23754871623899, 36.601242484539263 ] ] ], [ [ [ 126.237062859124094, 36.601786047882875 ], [ 126.237176778434076, 36.60168027415974 ], [ 126.237137119549502, 36.601639992203786 ], [ 126.237062859124094, 36.601786047882875 ] ] ], [ [ [ 126.233947749563939, 36.605004444242226 ], [ 126.233987584854418, 36.604907110053489 ], [ 126.233906647928308, 36.604981156052979 ], [ 126.233947749563939, 36.605004444242226 ] ] ], [ [ [ 126.233612794760916, 36.605206825748155 ], [ 126.233703687455133, 36.605137566027409 ], [ 126.233626144592975, 36.605137473911313 ], [ 126.233612794760916, 36.605206825748155 ] ] ], [ [ [ 126.233990368740677, 36.605169243784886 ], [ 126.234126145740845, 36.605169007823854 ], [ 126.234079933977824, 36.605110994266106 ], [ 126.233990368740677, 36.605169243784886 ] ] ], [ [ [ 126.233717714409138, 36.605178205919813 ], [ 126.233775513283007, 36.605245674441143 ], [ 126.233756522824564, 36.605158756029738 ], [ 126.233717714409138, 36.605178205919813 ] ] ], [ [ [ 126.233707985047062, 36.605397871490197 ], [ 126.233711597948655, 36.605332122885564 ], [ 126.233661948773261, 36.605382066803465 ], [ 126.233707985047062, 36.605397871490197 ] ] ], [ [ [ 126.233394732939757, 36.605607160843554 ], [ 126.233337046237324, 36.605640313721665 ], [ 126.233386840657204, 36.605640037153563 ], [ 126.233394732939757, 36.605607160843554 ] ] ], [ [ [ 126.235345914291514, 36.605708654434402 ], [ 126.235538685092493, 36.605692375786447 ], [ 126.235511166896174, 36.605621026944355 ], [ 126.235345914291514, 36.605708654434402 ] ] ], [ [ [ 126.242000191708172, 36.608109604225106 ], [ 126.242076839852004, 36.608055239950502 ], [ 126.241934492280834, 36.608091262187962 ], [ 126.242000191708172, 36.608109604225106 ] ] ], [ [ [ 126.24239338639417, 36.608279055369131 ], [ 126.24251180528934, 36.608318311646968 ], [ 126.2424914783617, 36.608271052814729 ], [ 126.24239338639417, 36.608279055369131 ] ] ], [ [ [ 126.262948313740253, 36.662772583656412 ], [ 126.263025558637779, 36.662777026027698 ], [ 126.262991097764271, 36.662743109508966 ], [ 126.262948313740253, 36.662772583656412 ] ] ], [ [ [ 126.262565372148032, 36.663120654470298 ], [ 126.262552761539339, 36.662930171368515 ], [ 126.262394413549643, 36.663126174099872 ], [ 126.262565372148032, 36.663120654470298 ] ] ], [ [ [ 126.26261128226848, 36.663256014782256 ], [ 126.262737408235253, 36.663295544224709 ], [ 126.262727529051205, 36.663240695737038 ], [ 126.26261128226848, 36.663256014782256 ] ] ], [ [ [ 126.263586929907461, 36.668706300043176 ], [ 126.26518589337924, 36.668794571666758 ], [ 126.265110935719918, 36.667584186922625 ], [ 126.262367672981071, 36.668787961800469 ], [ 126.262926165338996, 36.66944689077976 ], [ 126.263586929907461, 36.668706300043176 ] ] ], [ [ [ 126.269571933690344, 36.668911943220301 ], [ 126.269075809584692, 36.670030296991833 ], [ 126.269912542002686, 36.668806980120245 ], [ 126.269571933690344, 36.668911943220301 ] ] ], [ [ [ 126.264108606425339, 36.672691982801886 ], [ 126.264565709111736, 36.672454298723721 ], [ 126.264097086384197, 36.672456813019231 ], [ 126.264108606425339, 36.672691982801886 ] ] ], [ [ [ 126.262346970949835, 36.675468668119116 ], [ 126.261291167484956, 36.674133525973907 ], [ 126.260281164831028, 36.674421289291416 ], [ 126.261466762089555, 36.675541699240412 ], [ 126.262346970949835, 36.675468668119116 ] ] ], [ [ [ 126.219411300357848, 36.685095713714261 ], [ 126.218574243419326, 36.684961913975044 ], [ 126.21917104641426, 36.685477297110374 ], [ 126.219411300357848, 36.685095713714261 ] ] ], [ [ [ 126.215451992724837, 36.687190849044761 ], [ 126.215173736504539, 36.686584048490005 ], [ 126.214335224514855, 36.686607606425788 ], [ 126.214462082285266, 36.687365291698974 ], [ 126.215451992724837, 36.687190849044761 ] ] ], [ [ [ 126.221534977346536, 36.692493908416338 ], [ 126.221377559366175, 36.692593431590616 ], [ 126.221450490760347, 36.692670051755101 ], [ 126.221534977346536, 36.692493908416338 ] ] ], [ [ [ 126.241443210645869, 36.710644208031425 ], [ 126.242096149697744, 36.711412397329816 ], [ 126.242368545911788, 36.710492429966855 ], [ 126.241443210645869, 36.710644208031425 ] ] ], [ [ [ 126.209701570405102, 36.722498898700898 ], [ 126.209095362673224, 36.722420297763641 ], [ 126.209452388354762, 36.722754105561108 ], [ 126.209701570405102, 36.722498898700898 ] ] ], [ [ [ 126.209908942164702, 36.723090988779745 ], [ 126.209449134556692, 36.723181157343312 ], [ 126.209727631597502, 36.723347063506395 ], [ 126.209908942164702, 36.723090988779745 ] ] ], [ [ [ 126.196268526870583, 36.736373364693087 ], [ 126.196571248931164, 36.735965799326273 ], [ 126.19616859291186, 36.736218818089441 ], [ 126.196268526870583, 36.736373364693087 ] ] ], [ [ [ 126.191312552991036, 36.858674334806281 ], [ 126.191447204605495, 36.858679601529481 ], [ 126.191300153285241, 36.85864749525291 ], [ 126.191312552991036, 36.858674334806281 ] ] ], [ [ [ 126.191502907419775, 36.858727008200574 ], [ 126.191586133497466, 36.858720590717986 ], [ 126.191500982621704, 36.858701080831906 ], [ 126.191502907419775, 36.858727008200574 ] ] ], [ [ [ 126.191566527208309, 36.85912142121731 ], [ 126.191335424167832, 36.858884504197206 ], [ 126.191450209901419, 36.859107661610416 ], [ 126.191566527208309, 36.85912142121731 ] ] ], [ [ [ 126.191657646307306, 36.862877580141884 ], [ 126.191635909434481, 36.862831180276622 ], [ 126.191632519296519, 36.862861314525517 ], [ 126.191657646307306, 36.862877580141884 ] ] ], [ [ [ 126.198086088697281, 36.891848255899347 ], [ 126.198170054623461, 36.891884946902209 ], [ 126.198172084948865, 36.891863460090036 ], [ 126.198086088697281, 36.891848255899347 ] ] ], [ [ [ 126.197835983566506, 36.891975133545017 ], [ 126.197788977479561, 36.892038566811159 ], [ 126.19782444808105, 36.892041789573149 ], [ 126.197835983566506, 36.891975133545017 ] ] ], [ [ [ 126.197987729042993, 36.89204200706736 ], [ 126.198054271667715, 36.89207788704833 ], [ 126.198069087521375, 36.891989213443537 ], [ 126.197987729042993, 36.89204200706736 ] ] ], [ [ [ 126.197474346262254, 36.892096562197516 ], [ 126.197576565253769, 36.891993835053938 ], [ 126.197446242513294, 36.892056987567202 ], [ 126.197474346262254, 36.892096562197516 ] ] ], [ [ [ 126.19814302215562, 36.892547404068964 ], [ 126.198007781409203, 36.892675291871555 ], [ 126.198185471272495, 36.892621579783075 ], [ 126.19814302215562, 36.892547404068964 ] ] ], [ [ [ 126.197941245372306, 36.892953976693981 ], [ 126.197990230692938, 36.893029592422877 ], [ 126.197990346189584, 36.892959636527578 ], [ 126.197941245372306, 36.892953976693981 ] ] ], [ [ [ 126.19797626793509, 36.893081768907805 ], [ 126.198068890601064, 36.893121194138281 ], [ 126.198066044355784, 36.8930962340051 ], [ 126.19797626793509, 36.893081768907805 ] ] ], [ [ [ 126.197725480861422, 36.893073894865026 ], [ 126.197796585835832, 36.89313918879914 ], [ 126.197825703162536, 36.893118345026473 ], [ 126.197725480861422, 36.893073894865026 ] ] ], [ [ [ 126.197916688312304, 36.893177925616115 ], [ 126.19802590454043, 36.893229115649696 ], [ 126.198078407896588, 36.893176521413196 ], [ 126.197916688312304, 36.893177925616115 ] ] ], [ [ [ 126.197459440276191, 36.893540557550658 ], [ 126.197568502839275, 36.893522741039149 ], [ 126.197458993115717, 36.893511531382423 ], [ 126.197459440276191, 36.893540557550658 ] ] ], [ [ [ 126.198608135794984, 36.89353158643366 ], [ 126.198539760551398, 36.893566664219669 ], [ 126.1986868873758, 36.893605699908079 ], [ 126.198608135794984, 36.89353158643366 ] ] ], [ [ [ 126.198462094696239, 36.893620277398938 ], [ 126.198510981645626, 36.893606704346318 ], [ 126.198497109449065, 36.893589191536464 ], [ 126.198462094696239, 36.893620277398938 ] ] ], [ [ [ 126.198688934439502, 36.893700877046825 ], [ 126.198738904361903, 36.893661988404787 ], [ 126.198677483003692, 36.893681308554036 ], [ 126.198688934439502, 36.893700877046825 ] ] ], [ [ [ 126.198532297962714, 36.893679655087126 ], [ 126.198444724510267, 36.893714115074054 ], [ 126.198538582122353, 36.893701889196713 ], [ 126.198532297962714, 36.893679655087126 ] ] ], [ [ [ 126.19859786760118, 36.893768969539103 ], [ 126.198679078692578, 36.893736707656039 ], [ 126.198626551125884, 36.893726352164833 ], [ 126.19859786760118, 36.893768969539103 ] ] ], [ [ [ 126.199352191847538, 36.893845454812094 ], [ 126.199303222020248, 36.893951730231542 ], [ 126.199361146819655, 36.893960033448906 ], [ 126.199352191847538, 36.893845454812094 ] ] ], [ [ [ 126.199373024835126, 36.89412258560521 ], [ 126.199546492355509, 36.894119970363732 ], [ 126.199526671569714, 36.894052074961991 ], [ 126.199373024835126, 36.89412258560521 ] ] ], [ [ [ 126.199737148164886, 36.894095673375851 ], [ 126.199668155572553, 36.894060111844844 ], [ 126.199596546579002, 36.894209449753646 ], [ 126.199737148164886, 36.894095673375851 ] ] ], [ [ [ 126.19991789543765, 36.894049078944249 ], [ 126.199839251685674, 36.89423406225243 ], [ 126.200051356902677, 36.894114190362146 ], [ 126.19991789543765, 36.894049078944249 ] ] ], [ [ [ 126.196999660155072, 36.900268412975265 ], [ 126.197381446435955, 36.899931415622483 ], [ 126.196692010262694, 36.899944010841786 ], [ 126.196999660155072, 36.900268412975265 ] ] ], [ [ [ 126.198699090366389, 36.900987788752154 ], [ 126.201493854109557, 36.900373311594194 ], [ 126.1979988014415, 36.900194887363114 ], [ 126.198699090366389, 36.900987788752154 ] ] ], [ [ [ 126.202580869027059, 36.901377434402669 ], [ 126.202833073261374, 36.901026247614944 ], [ 126.202399394998608, 36.901436182748171 ], [ 126.202580869027059, 36.901377434402669 ] ] ], [ [ [ 126.216586512053937, 36.902612803013575 ], [ 126.216627637545244, 36.902706678614699 ], [ 126.216643646987734, 36.90260135961212 ], [ 126.216586512053937, 36.902612803013575 ] ] ], [ [ [ 126.217578361624234, 36.904110364047078 ], [ 126.217677356660232, 36.904126821301041 ], [ 126.217680310582594, 36.904090355743989 ], [ 126.217578361624234, 36.904110364047078 ] ] ], [ [ [ 126.218357723534666, 36.904960448115396 ], [ 126.218425789470132, 36.904960048504734 ], [ 126.218366425631885, 36.904923615496941 ], [ 126.218357723534666, 36.904960448115396 ] ] ], [ [ [ 126.203973200446825, 36.904853052392738 ], [ 126.20388419084054, 36.904875578755529 ], [ 126.203879925785941, 36.904908079701293 ], [ 126.203973200446825, 36.904853052392738 ] ] ], [ [ [ 126.204069775624106, 36.905146611479474 ], [ 126.204004710021877, 36.90487422554019 ], [ 126.203918294573242, 36.904984116151475 ], [ 126.204069775624106, 36.905146611479474 ] ] ], [ [ [ 126.253069118538647, 36.914671507548157 ], [ 126.253286515989203, 36.913925452356409 ], [ 126.25224716211774, 36.913585426661122 ], [ 126.251138539429533, 36.914348888040024 ], [ 126.253069118538647, 36.914671507548157 ] ] ], [ [ [ 126.251100995995827, 36.914380577586812 ], [ 126.251129953893354, 36.914382354934681 ], [ 126.251112854455101, 36.914347691352255 ], [ 126.251100995995827, 36.914380577586812 ] ] ], [ [ [ 126.252355743659905, 36.914660055870044 ], [ 126.252459725841476, 36.914680542457546 ], [ 126.25241660191908, 36.914631019337136 ], [ 126.252355743659905, 36.914660055870044 ] ] ], [ [ [ 126.190510545102157, 36.934584957497066 ], [ 126.190588039101712, 36.934638036533393 ], [ 126.190532705038223, 36.934563474817352 ], [ 126.190510545102157, 36.934584957497066 ] ] ], [ [ [ 126.190835803964234, 36.934723488434308 ], [ 126.190881597206854, 36.934730261496163 ], [ 126.190837787804199, 36.934712147420804 ], [ 126.190835803964234, 36.934723488434308 ] ] ], [ [ [ 126.190720147073719, 36.934960184917806 ], [ 126.190766018154562, 36.934557054994627 ], [ 126.190730254768155, 36.934687825127561 ], [ 126.190267895027063, 36.934728980515246 ], [ 126.190160271502876, 36.934563656368958 ], [ 126.190018112847582, 36.934744099951828 ], [ 126.190720147073719, 36.934960184917806 ] ] ], [ [ [ 126.190947409690821, 36.934908309606548 ], [ 126.190996981692919, 36.934917630133938 ], [ 126.19098322010062, 36.934884666157423 ], [ 126.190947409690821, 36.934908309606548 ] ] ], [ [ [ 126.190870958330578, 36.934922116189796 ], [ 126.190927501385048, 36.934939818971955 ], [ 126.190923548825296, 36.93491986917364 ], [ 126.190870958330578, 36.934922116189796 ] ] ], [ [ [ 126.190885186635199, 36.935020347536273 ], [ 126.190738623614052, 36.93511305110404 ], [ 126.190786723675416, 36.935141338698834 ], [ 126.190885186635199, 36.935020347536273 ] ] ], [ [ [ 126.190469521600136, 36.935064443158211 ], [ 126.190266837455027, 36.93516842377052 ], [ 126.190459356902636, 36.935192432558466 ], [ 126.190469521600136, 36.935064443158211 ] ] ], [ [ [ 126.190130684550823, 36.935160889999167 ], [ 126.19006834297484, 36.935141749164124 ], [ 126.19006770897937, 36.935160289104992 ], [ 126.190130684550823, 36.935160889999167 ] ] ], [ [ [ 126.1902030995861, 36.935160401535924 ], [ 126.1902896128598, 36.935287221739372 ], [ 126.19037044758096, 36.935253775785064 ], [ 126.1902030995861, 36.935160401535924 ] ] ], [ [ [ 126.298456677487422, 36.445801401941338 ], [ 126.298514458244838, 36.445788585965069 ], [ 126.298459708256573, 36.445786911600472 ], [ 126.298456677487422, 36.445801401941338 ] ] ], [ [ [ 126.299405475357219, 36.446452646972737 ], [ 126.299365613885612, 36.446432586789186 ], [ 126.299391204575628, 36.446464366747442 ], [ 126.299405475357219, 36.446452646972737 ] ] ], [ [ [ 126.299164051028058, 36.446731575536646 ], [ 126.299211283124876, 36.446738341166167 ], [ 126.299199246830327, 36.446700060926908 ], [ 126.299164051028058, 36.446731575536646 ] ] ], [ [ [ 126.299998191835684, 36.446813066630391 ], [ 126.299961079949867, 36.446797168421348 ], [ 126.299958480634601, 36.446800758978021 ], [ 126.299998191835684, 36.446813066630391 ] ] ], [ [ [ 126.299928186716429, 36.446882765655914 ], [ 126.29994646623949, 36.446909095629501 ], [ 126.299956087103013, 36.446893562703785 ], [ 126.299928186716429, 36.446882765655914 ] ] ], [ [ [ 126.301335208651551, 36.446888397920191 ], [ 126.301390516599596, 36.446902597970869 ], [ 126.301515116087842, 36.446963612904725 ], [ 126.301475816509637, 36.446918144866565 ], [ 126.301335208651551, 36.446888397920191 ] ] ], [ [ [ 126.299257966097883, 36.446930017616722 ], [ 126.299226718397946, 36.446931818103202 ], [ 126.299259758908065, 36.446953998479131 ], [ 126.299257966097883, 36.446930017616722 ] ] ], [ [ [ 126.30041161146022, 36.446943635267708 ], [ 126.300304732500123, 36.446933724852393 ], [ 126.300474343418173, 36.446975541272415 ], [ 126.30041161146022, 36.446943635267708 ] ] ], [ [ [ 126.299473980072946, 36.446984003319763 ], [ 126.29950298979179, 36.447057346478232 ], [ 126.299516482481266, 36.447045440375391 ], [ 126.299473980072946, 36.446984003319763 ] ] ], [ [ [ 126.300973267928839, 36.447061910068797 ], [ 126.300923127818194, 36.447031068351414 ], [ 126.300915872799052, 36.44703165534122 ], [ 126.300973267928839, 36.447061910068797 ] ] ], [ [ [ 126.299379863444074, 36.44704346942391 ], [ 126.29944519908787, 36.447046282932398 ], [ 126.299372154427957, 36.447020081714641 ], [ 126.299379863444074, 36.44704346942391 ] ] ], [ [ [ 126.300771950147407, 36.44712273067848 ], [ 126.30080890792091, 36.447093569900872 ], [ 126.300747826372486, 36.447113756673254 ], [ 126.300771950147407, 36.44712273067848 ] ] ], [ [ [ 126.300908594701013, 36.44707216452413 ], [ 126.300987916708294, 36.447144812015594 ], [ 126.30109915913475, 36.447177904539842 ], [ 126.300908594701013, 36.44707216452413 ] ] ], [ [ [ 126.300485965622599, 36.447383107297185 ], [ 126.299708780133827, 36.446809116285159 ], [ 126.299503725531594, 36.446913438089574 ], [ 126.29990227036987, 36.447420869095311 ], [ 126.300485965622599, 36.447383107297185 ] ] ], [ [ [ 126.300337156366879, 36.447484067164872 ], [ 126.300518183937427, 36.447472059829821 ], [ 126.3005097476331, 36.447417760750255 ], [ 126.300337156366879, 36.447484067164872 ] ] ], [ [ [ 126.300380194981031, 36.447858563956231 ], [ 126.302949546357908, 36.447945508618098 ], [ 126.301808016418974, 36.44702633357609 ], [ 126.301665583283494, 36.447424257734752 ], [ 126.300151466394979, 36.446972297766301 ], [ 126.30069080705222, 36.447315100022585 ], [ 126.300380194981031, 36.447858563956231 ] ] ], [ [ [ 126.300222177509113, 36.447904136862981 ], [ 126.30069180559245, 36.448297445335456 ], [ 126.300831492794643, 36.44825609042126 ], [ 126.300222177509113, 36.447904136862981 ] ] ], [ [ [ 126.301362180568532, 36.448184311283569 ], [ 126.301407344150746, 36.448185476992826 ], [ 126.301348592623938, 36.448169634143213 ], [ 126.301362180568532, 36.448184311283569 ] ] ], [ [ [ 126.300994078151035, 36.448210993502265 ], [ 126.301037451246415, 36.448262522616801 ], [ 126.301075863439863, 36.448257791738982 ], [ 126.300994078151035, 36.448210993502265 ] ] ], [ [ [ 126.301489486844602, 36.448329601042403 ], [ 126.301460649774455, 36.448311319969406 ], [ 126.301456343841764, 36.448331119847701 ], [ 126.301489486844602, 36.448329601042403 ] ] ], [ [ [ 126.301121417756434, 36.44832753796657 ], [ 126.301233308704511, 36.448325849232397 ], [ 126.301120964064168, 36.44829103837305 ], [ 126.301121417756434, 36.44832753796657 ] ] ], [ [ [ 126.300958309501894, 36.448268998830869 ], [ 126.300779396921584, 36.448343555698514 ], [ 126.301094291777318, 36.448404425757516 ], [ 126.300958309501894, 36.448268998830869 ] ] ], [ [ [ 126.301246162332887, 36.448360257557042 ], [ 126.301306764544364, 36.448368813546253 ], [ 126.301301954535106, 36.448357700618878 ], [ 126.301246162332887, 36.448360257557042 ] ] ], [ [ [ 126.301919261467944, 36.448304180022845 ], [ 126.301942103551966, 36.448493463417677 ], [ 126.30207413677519, 36.448372670364861 ], [ 126.301919261467944, 36.448304180022845 ] ] ], [ [ [ 126.301434031535791, 36.448418760089389 ], [ 126.301435620787387, 36.448390743994665 ], [ 126.301401746519588, 36.448399467186505 ], [ 126.301434031535791, 36.448418760089389 ] ] ], [ [ [ 126.301331759600345, 36.448417350810182 ], [ 126.301375193452941, 36.448437249698848 ], [ 126.301381767828801, 36.448413318639453 ], [ 126.301331759600345, 36.448417350810182 ] ] ], [ [ [ 126.302175926348184, 36.448589631444896 ], [ 126.302491369411058, 36.448651851929803 ], [ 126.302130470327398, 36.448446804571709 ], [ 126.302175926348184, 36.448589631444896 ] ] ], [ [ [ 126.301472330120944, 36.448700501898919 ], [ 126.301435514410272, 36.448464816564972 ], [ 126.301163025697335, 36.448476379016668 ], [ 126.301472330120944, 36.448700501898919 ] ] ], [ [ [ 126.301951263040209, 36.449102150932617 ], [ 126.301788157908561, 36.4491426500391 ], [ 126.301944428728987, 36.44916780476521 ], [ 126.301951263040209, 36.449102150932617 ] ] ], [ [ [ 126.302949572314105, 36.4491518717712 ], [ 126.303005282722467, 36.449146248228899 ], [ 126.302934987481834, 36.44912376014728 ], [ 126.302949572314105, 36.4491518717712 ] ] ], [ [ [ 126.302625098936375, 36.449761943529964 ], [ 126.302577687083769, 36.449787349026501 ], [ 126.302704788888107, 36.449831258144577 ], [ 126.302625098936375, 36.449761943529964 ] ] ], [ [ [ 126.302752792006942, 36.449876865366519 ], [ 126.302789296371884, 36.449861127713504 ], [ 126.302725364047802, 36.449850481912755 ], [ 126.302752792006942, 36.449876865366519 ] ] ], [ [ [ 126.302641465888584, 36.449914693816119 ], [ 126.302753798834729, 36.449901382777171 ], [ 126.302644002792732, 36.449868120579175 ], [ 126.302641465888584, 36.449914693816119 ] ] ], [ [ [ 126.302870076721959, 36.449933420789137 ], [ 126.302994581885514, 36.450005609654056 ], [ 126.303068776647976, 36.450016044517568 ], [ 126.302870076721959, 36.449933420789137 ] ] ], [ [ [ 126.30298368845358, 36.45002627203003 ], [ 126.30288437090492, 36.45004362439758 ], [ 126.302978726319125, 36.45006976858064 ], [ 126.30298368845358, 36.45002627203003 ] ] ], [ [ [ 126.303192858766565, 36.450098503868062 ], [ 126.30327316675627, 36.450111228334137 ], [ 126.303118837122852, 36.45006851617142 ], [ 126.303192858766565, 36.450098503868062 ] ] ], [ [ [ 126.303144852303618, 36.450090563730491 ], [ 126.303139993637728, 36.45017235929533 ], [ 126.3032105506134, 36.450140689683138 ], [ 126.303144852303618, 36.450090563730491 ] ] ], [ [ [ 126.303394058018043, 36.450201236829876 ], [ 126.303465273096108, 36.45018309027725 ], [ 126.303441683266755, 36.450164117670397 ], [ 126.303394058018043, 36.450201236829876 ] ] ], [ [ [ 126.303527801089928, 36.45148606074082 ], [ 126.303619936777764, 36.451573741616329 ], [ 126.303619507813252, 36.451422074352386 ], [ 126.303527801089928, 36.45148606074082 ] ] ], [ [ [ 126.304086768928869, 36.451647294182543 ], [ 126.304104103430234, 36.45160494923703 ], [ 126.304045262979344, 36.45162362040876 ], [ 126.304086768928869, 36.451647294182543 ] ] ], [ [ [ 126.304140624913927, 36.451649768362621 ], [ 126.304117424354828, 36.451674594905171 ], [ 126.304135367688218, 36.451676323415086 ], [ 126.304140624913927, 36.451649768362621 ] ] ], [ [ [ 126.303574438007175, 36.451634661069029 ], [ 126.303597252510329, 36.451690485096584 ], [ 126.303653161830482, 36.451675222965115 ], [ 126.303574438007175, 36.451634661069029 ] ] ], [ [ [ 126.303580127671481, 36.451809245893742 ], [ 126.303588028468866, 36.451748915928114 ], [ 126.303507174575316, 36.451772053793952 ], [ 126.303580127671481, 36.451809245893742 ] ] ], [ [ [ 126.303307499686142, 36.451847576325527 ], [ 126.303430456043046, 36.451893981656227 ], [ 126.303284957752638, 36.451773731030073 ], [ 126.303307499686142, 36.451847576325527 ] ] ], [ [ [ 126.303979631028355, 36.452427329903387 ], [ 126.303962679579271, 36.452377126762983 ], [ 126.303954400187578, 36.452417361040347 ], [ 126.303979631028355, 36.452427329903387 ] ] ], [ [ [ 126.304268085045123, 36.452540842899282 ], [ 126.304373044625137, 36.452666444811037 ], [ 126.304419260589682, 36.452637606473907 ], [ 126.304268085045123, 36.452540842899282 ] ] ], [ [ [ 126.303290917390228, 36.453477290752303 ], [ 126.303370410232773, 36.45353182428159 ], [ 126.303267998172714, 36.453408219464499 ], [ 126.303290917390228, 36.453477290752303 ] ] ], [ [ [ 126.302536148018959, 36.454215428648439 ], [ 126.302516564540198, 36.454147456231404 ], [ 126.302471060802972, 36.454146559743954 ], [ 126.302536148018959, 36.454215428648439 ] ] ], [ [ [ 126.301925128950174, 36.454209422713397 ], [ 126.301959210675662, 36.454165464927605 ], [ 126.301941580577818, 36.454166263339694 ], [ 126.301925128950174, 36.454209422713397 ] ] ], [ [ [ 126.301741424595221, 36.454406599008678 ], [ 126.301838947496876, 36.454390949636647 ], [ 126.301781324160601, 36.454373129664944 ], [ 126.301741424595221, 36.454406599008678 ] ] ], [ [ [ 126.303651172934707, 36.455466599191482 ], [ 126.303706891556473, 36.455448091675628 ], [ 126.303639192733868, 36.455434179524154 ], [ 126.303651172934707, 36.455466599191482 ] ] ], [ [ [ 126.303836879473408, 36.455544639998664 ], [ 126.303755000493865, 36.455594449342385 ], [ 126.303848919417703, 36.455595264476976 ], [ 126.303836879473408, 36.455544639998664 ] ] ], [ [ [ 126.303984544548911, 36.455785026775118 ], [ 126.304073640206781, 36.455751571895185 ], [ 126.304010270105408, 36.455714888992908 ], [ 126.303984544548911, 36.455785026775118 ] ] ], [ [ [ 126.29262496058486, 36.464871794648147 ], [ 126.292746698575115, 36.46491892526749 ], [ 126.292680306607963, 36.464809401701331 ], [ 126.29262496058486, 36.464871794648147 ] ] ], [ [ [ 126.29353409685902, 36.464946657559395 ], [ 126.293304237429012, 36.464938268411153 ], [ 126.293294583435639, 36.465055361235876 ], [ 126.29353409685902, 36.464946657559395 ] ] ], [ [ [ 126.292858861083744, 36.464988075442335 ], [ 126.292919579463572, 36.46503439390311 ], [ 126.292933704241449, 36.464953193989821 ], [ 126.292858861083744, 36.464988075442335 ] ] ], [ [ [ 126.293119343634146, 36.465285554038722 ], [ 126.293187163743369, 36.465360753202688 ], [ 126.293254547889802, 36.465262475421525 ], [ 126.293119343634146, 36.465285554038722 ] ] ], [ [ [ 126.294653673577443, 36.4718902772346 ], [ 126.294700865611304, 36.471841624133411 ], [ 126.294633305290859, 36.471835547331558 ], [ 126.294653673577443, 36.4718902772346 ] ] ], [ [ [ 126.294201164468291, 36.472242650935961 ], [ 126.294505135436907, 36.472250939895879 ], [ 126.294283845459361, 36.472070120456188 ], [ 126.294201164468291, 36.472242650935961 ] ] ], [ [ [ 126.295064883575705, 36.47220468178687 ], [ 126.295132468304033, 36.472232566812785 ], [ 126.295052762844264, 36.472163248898553 ], [ 126.295064883575705, 36.47220468178687 ] ] ], [ [ [ 126.294758992554094, 36.472297764326449 ], [ 126.294399667823043, 36.472056928595102 ], [ 126.294699620299568, 36.47239762197259 ], [ 126.294758992554094, 36.472297764326449 ] ] ], [ [ [ 126.29324945004447, 36.578162291472616 ], [ 126.292292051369841, 36.579031515750856 ], [ 126.292862114783389, 36.580793447052507 ], [ 126.2937608610967, 36.581127505577498 ], [ 126.29324945004447, 36.578162291472616 ] ] ], [ [ [ 126.290176932431166, 36.580517241511465 ], [ 126.290481828823701, 36.580800118355526 ], [ 126.290423482009345, 36.580534028189767 ], [ 126.290176932431166, 36.580517241511465 ] ] ], [ [ [ 126.290690139400212, 36.580893182780891 ], [ 126.290700992884538, 36.58083052868777 ], [ 126.290656857277483, 36.580867301661215 ], [ 126.290690139400212, 36.580893182780891 ] ] ], [ [ [ 126.283714519611834, 36.592498416403771 ], [ 126.283316840992924, 36.592567302019226 ], [ 126.283432843330075, 36.592759758582808 ], [ 126.283714519611834, 36.592498416403771 ] ] ], [ [ [ 126.299282917626613, 36.849546218221924 ], [ 126.297865587405639, 36.848980766542411 ], [ 126.296945041016471, 36.84973115716334 ], [ 126.297726375542254, 36.849376791833556 ], [ 126.299282917626613, 36.849546218221924 ] ] ], [ [ [ 126.290226145928798, 36.922548609443425 ], [ 126.290291124856481, 36.922544068403731 ], [ 126.290229677120678, 36.922516543010914 ], [ 126.290226145928798, 36.922548609443425 ] ] ], [ [ [ 126.289615588659288, 36.923510353627279 ], [ 126.289852929406436, 36.923664414298734 ], [ 126.289699065236775, 36.923517798922902 ], [ 126.289615588659288, 36.923510353627279 ] ] ], [ [ [ 126.289767286638281, 36.923887180336514 ], [ 126.289836404865071, 36.92377511249061 ], [ 126.289758623194956, 36.923781819579474 ], [ 126.289767286638281, 36.923887180336514 ] ] ], [ [ [ 126.289685387049616, 36.923881653105987 ], [ 126.289690715029792, 36.923794749526763 ], [ 126.28964510625427, 36.92378011297329 ], [ 126.289685387049616, 36.923881653105987 ] ] ], [ [ [ 126.289998043977633, 36.92396218592625 ], [ 126.290110831960774, 36.924117457766741 ], [ 126.290173399137558, 36.924064415046182 ], [ 126.289998043977633, 36.92396218592625 ] ] ], [ [ [ 126.291170261670089, 36.926246067195734 ], [ 126.290927721515175, 36.926246241267371 ], [ 126.291177837972526, 36.926494358627728 ], [ 126.291170261670089, 36.926246067195734 ] ] ], [ [ [ 126.288192089038873, 36.931984227190725 ], [ 126.287946703733041, 36.931865974745861 ], [ 126.28798108446054, 36.932103524567339 ], [ 126.288192089038873, 36.931984227190725 ] ] ], [ [ [ 126.289186878217805, 36.93587050136599 ], [ 126.289276449486664, 36.936041349406871 ], [ 126.289233198083238, 36.935859091414869 ], [ 126.289186878217805, 36.93587050136599 ] ] ], [ [ [ 126.28895351873561, 36.936191463519386 ], [ 126.289058947863182, 36.936205450207282 ], [ 126.289035108646942, 36.936142311297679 ], [ 126.28895351873561, 36.936191463519386 ] ] ], [ [ [ 126.289148614119071, 36.936602789519931 ], [ 126.289144161006789, 36.936523855724658 ], [ 126.289116782366804, 36.936529972872535 ], [ 126.289148614119071, 36.936602789519931 ] ] ], [ [ [ 126.289042258526109, 36.93660757675422 ], [ 126.289134009099655, 36.936677770172444 ], [ 126.289082956636662, 36.936570399920036 ], [ 126.289042258526109, 36.93660757675422 ] ] ], [ [ [ 126.289449634081407, 36.937637544094528 ], [ 126.289556747641655, 36.937668695682682 ], [ 126.289475338058423, 36.937528903043095 ], [ 126.289449634081407, 36.937637544094528 ] ] ], [ [ [ 126.289314512421242, 36.938741874801003 ], [ 126.289290198877794, 36.938857696064076 ], [ 126.289375894153281, 36.938792250408675 ], [ 126.289314512421242, 36.938741874801003 ] ] ], [ [ [ 126.289533847485586, 36.939685528507667 ], [ 126.289615083661275, 36.939773957780019 ], [ 126.28965821886743, 36.939758718549783 ], [ 126.289533847485586, 36.939685528507667 ] ] ], [ [ [ 126.289895404378669, 36.940071574636576 ], [ 126.289952778270219, 36.940077520774096 ], [ 126.289890200977723, 36.94004329350394 ], [ 126.289895404378669, 36.940071574636576 ] ] ], [ [ [ 126.289658603116038, 36.940123744472196 ], [ 126.289786982608248, 36.94017517046985 ], [ 126.289701319464982, 36.940056762648084 ], [ 126.289658603116038, 36.940123744472196 ] ] ], [ [ [ 126.289383587686572, 36.941070469489063 ], [ 126.289280525714986, 36.941046407945585 ], [ 126.289313888543731, 36.941119954026995 ], [ 126.289383587686572, 36.941070469489063 ] ] ], [ [ [ 126.289037440117639, 36.941577449089884 ], [ 126.289037863171998, 36.941535677330819 ], [ 126.288963891214934, 36.941556807054305 ], [ 126.289037440117639, 36.941577449089884 ] ] ], [ [ [ 126.288972786269852, 36.941610797608526 ], [ 126.289040919878431, 36.941602799364375 ], [ 126.288986340695232, 36.941592055208346 ], [ 126.288972786269852, 36.941610797608526 ] ] ], [ [ [ 126.288858916258405, 36.944685510389348 ], [ 126.28883069869994, 36.944558154737429 ], [ 126.288774932123346, 36.944604687421325 ], [ 126.288858916258405, 36.944685510389348 ] ] ], [ [ [ 126.288649480594572, 36.946070516208891 ], [ 126.288595353684016, 36.946183348674523 ], [ 126.288749211065806, 36.946109637303799 ], [ 126.288649480594572, 36.946070516208891 ] ] ], [ [ [ 126.289381510525203, 36.947770528604558 ], [ 126.28946712262713, 36.947793584733397 ], [ 126.289473069749874, 36.947773326124974 ], [ 126.289381510525203, 36.947770528604558 ] ] ], [ [ [ 126.289288356460858, 36.948837044439806 ], [ 126.289192610273503, 36.948914774309607 ], [ 126.289308539252232, 36.948857834468008 ], [ 126.289288356460858, 36.948837044439806 ] ] ], [ [ [ 126.288976546872433, 36.948844070353658 ], [ 126.289086812584756, 36.948924241759229 ], [ 126.28900373760446, 36.948829672962809 ], [ 126.288976546872433, 36.948844070353658 ] ] ], [ [ [ 126.285035299645443, 36.961760703430507 ], [ 126.285151546594832, 36.961805646539879 ], [ 126.285035582300836, 36.961694567576217 ], [ 126.285035299645443, 36.961760703430507 ] ] ], [ [ [ 126.282424204024338, 36.963601486835984 ], [ 126.283315184353327, 36.963206153853022 ], [ 126.283053739258534, 36.961853297482122 ], [ 126.281784168605512, 36.962528255821212 ], [ 126.282424204024338, 36.963601486835984 ] ] ], [ [ [ 126.28384201856565, 36.963660289724125 ], [ 126.283951267234912, 36.963644504068476 ], [ 126.283936835483033, 36.96360041880834 ], [ 126.28384201856565, 36.963660289724125 ] ] ], [ [ [ 126.28390788650141, 36.963770573664341 ], [ 126.284026153767172, 36.963848111266458 ], [ 126.284007011290484, 36.963736200320071 ], [ 126.28390788650141, 36.963770573664341 ] ] ], [ [ [ 126.284176693222278, 36.963876511770664 ], [ 126.284279517876698, 36.963974743773704 ], [ 126.284339276694254, 36.963914877705342 ], [ 126.284176693222278, 36.963876511770664 ] ] ], [ [ [ 126.285386529048836, 36.965761669956663 ], [ 126.284914960905567, 36.965695394853192 ], [ 126.28528142199022, 36.966013966737385 ], [ 126.285386529048836, 36.965761669956663 ] ] ], [ [ [ 126.286094968874181, 36.967316516656481 ], [ 126.286194443250182, 36.967346030324329 ], [ 126.286136867555882, 36.96727548105526 ], [ 126.286094968874181, 36.967316516656481 ] ] ], [ [ [ 126.285517073495839, 36.969419620175778 ], [ 126.285617004267166, 36.969480240603858 ], [ 126.285572163282865, 36.969387773316043 ], [ 126.285517073495839, 36.969419620175778 ] ] ], [ [ [ 126.296609028247275, 36.971238435646121 ], [ 126.296698096124658, 36.971273555306389 ], [ 126.296633560347686, 36.971205880867977 ], [ 126.296609028247275, 36.971238435646121 ] ] ], [ [ [ 126.297160996941201, 36.971611963268479 ], [ 126.297219264400283, 36.971593078156651 ], [ 126.297165816327563, 36.971580129870127 ], [ 126.297160996941201, 36.971611963268479 ] ] ], [ [ [ 126.317105508725462, 36.443422557091495 ], [ 126.317065467390535, 36.443435305511855 ], [ 126.317104897553648, 36.443441207866165 ], [ 126.317105508725462, 36.443422557091495 ] ] ], [ [ [ 126.317142412971052, 36.443385821894978 ], [ 126.31719124144972, 36.443528482072317 ], [ 126.317175372299729, 36.443379342409251 ], [ 126.317142412971052, 36.443385821894978 ] ] ], [ [ [ 126.317303301920134, 36.443608514403529 ], [ 126.317354211635788, 36.443666568700614 ], [ 126.317394680532601, 36.443605071098325 ], [ 126.317303301920134, 36.443608514403529 ] ] ], [ [ [ 126.308957019161724, 36.446438933829114 ], [ 126.308921450999947, 36.446437556632951 ], [ 126.308923735740819, 36.44644415114265 ], [ 126.308957019161724, 36.446438933829114 ] ] ], [ [ [ 126.308904295552452, 36.446711767406349 ], [ 126.308885294351455, 36.446678584017853 ], [ 126.308870285969178, 36.446710759123185 ], [ 126.308904295552452, 36.446711767406349 ] ] ], [ [ [ 126.309188785150894, 36.446981413866027 ], [ 126.309123097264205, 36.446892272084391 ], [ 126.309095638048234, 36.446882018846971 ], [ 126.309188785150894, 36.446981413866027 ] ] ], [ [ [ 126.309507373754911, 36.446952530295825 ], [ 126.309563525689214, 36.446972500785286 ], [ 126.309549904014631, 36.446923577414992 ], [ 126.309507373754911, 36.446952530295825 ] ] ], [ [ [ 126.309639857438313, 36.447031064273339 ], [ 126.309630478000159, 36.447057502771436 ], [ 126.309644837625072, 36.44707317649177 ], [ 126.309639857438313, 36.447031064273339 ] ] ], [ [ [ 126.309907460756321, 36.447129575198183 ], [ 126.309910376000062, 36.447115353840886 ], [ 126.309895471840377, 36.447123197659145 ], [ 126.309907460756321, 36.447129575198183 ] ] ], [ [ [ 126.31025010718291, 36.447155435956127 ], [ 126.310221847965593, 36.447109583194944 ], [ 126.310187606853177, 36.447121822772132 ], [ 126.31025010718291, 36.447155435956127 ] ] ], [ [ [ 126.309826169166612, 36.447227960488725 ], [ 126.309873053853622, 36.447173261684711 ], [ 126.309793682472787, 36.447155591127974 ], [ 126.309826169166612, 36.447227960488725 ] ] ], [ [ [ 126.309314330262197, 36.447250952566556 ], [ 126.309355051705992, 36.447262542414833 ], [ 126.309291656278887, 36.447204142055917 ], [ 126.309314330262197, 36.447250952566556 ] ] ], [ [ [ 126.309749663892603, 36.447201475069583 ], [ 126.309396331529101, 36.447273955722437 ], [ 126.309593184788042, 36.447451900389986 ], [ 126.309749663892603, 36.447201475069583 ] ] ], [ [ [ 126.31332598862825, 36.447377370045643 ], [ 126.313245274449997, 36.447385374897806 ], [ 126.313331904917959, 36.447414710037634 ], [ 126.31332598862825, 36.447377370045643 ] ] ], [ [ [ 126.313039489613658, 36.447346523431058 ], [ 126.313129531447998, 36.447444454801548 ], [ 126.313064294196053, 36.447316477120978 ], [ 126.313039489613658, 36.447346523431058 ] ] ], [ [ [ 126.313007248104213, 36.447435821479836 ], [ 126.313046705797944, 36.447426405888116 ], [ 126.313011674495243, 36.447427106822751 ], [ 126.313007248104213, 36.447435821479836 ] ] ], [ [ [ 126.313295913485007, 36.447714314351366 ], [ 126.3133032110144, 36.447658486788129 ], [ 126.313244617430044, 36.447636972091324 ], [ 126.313295913485007, 36.447714314351366 ] ] ], [ [ [ 126.313636022410137, 36.447813415226229 ], [ 126.313622143631619, 36.44776800908604 ], [ 126.313579289908304, 36.447770644512502 ], [ 126.313636022410137, 36.447813415226229 ] ] ], [ [ [ 126.313436079880248, 36.447820195390335 ], [ 126.313510209429111, 36.44781260093341 ], [ 126.313429123427028, 36.447812315902731 ], [ 126.313436079880248, 36.447820195390335 ] ] ], [ [ [ 126.310866825832804, 36.447935696833603 ], [ 126.310914402152221, 36.447903799063788 ], [ 126.310845440478843, 36.4478691572779 ], [ 126.310866825832804, 36.447935696833603 ] ] ], [ [ [ 126.310955184163518, 36.447845370060108 ], [ 126.31106517509528, 36.447957746713321 ], [ 126.311099026654219, 36.448014625860004 ], [ 126.311076201681928, 36.447921765331486 ], [ 126.310955184163518, 36.447845370060108 ] ] ], [ [ [ 126.311334409024738, 36.448137366873972 ], [ 126.311335005452079, 36.448158097589783 ], [ 126.311350373162398, 36.448148543615517 ], [ 126.311334409024738, 36.448137366873972 ] ] ], [ [ [ 126.311450886624357, 36.448209771726454 ], [ 126.311453923553941, 36.448232318864939 ], [ 126.311476397489429, 36.448226228767993 ], [ 126.311450886624357, 36.448209771726454 ] ] ], [ [ [ 126.311280404984558, 36.448278265940012 ], [ 126.311320656584556, 36.448216860289321 ], [ 126.311270492304914, 36.448276495891022 ], [ 126.311280404984558, 36.448278265940012 ] ] ], [ [ [ 126.311187274232537, 36.44828998418182 ], [ 126.31123137315646, 36.448260319748798 ], [ 126.311170760984552, 36.448278084379872 ], [ 126.311187274232537, 36.44828998418182 ] ] ], [ [ [ 126.308398243789725, 36.448571235392322 ], [ 126.308524028106959, 36.44855006617184 ], [ 126.308325119698551, 36.448502956464772 ], [ 126.308398243789725, 36.448571235392322 ] ] ], [ [ [ 126.308192548112473, 36.448660428295867 ], [ 126.308173680190478, 36.448411241588516 ], [ 126.308036348573935, 36.448551927243308 ], [ 126.308192548112473, 36.448660428295867 ] ] ], [ [ [ 126.30804484440246, 36.448650380360867 ], [ 126.308027836070494, 36.448581165207955 ], [ 126.308009567071707, 36.448578446025735 ], [ 126.30804484440246, 36.448650380360867 ] ] ], [ [ [ 126.308120649623874, 36.44870560952549 ], [ 126.308154425933552, 36.448657593827846 ], [ 126.308083834271514, 36.448681246587078 ], [ 126.308120649623874, 36.44870560952549 ] ] ], [ [ [ 126.307982467511053, 36.448841602581865 ], [ 126.308046579434077, 36.44879412426107 ], [ 126.307937123724102, 36.448822866129397 ], [ 126.307982467511053, 36.448841602581865 ] ] ], [ [ [ 126.308058840566218, 36.448870521780918 ], [ 126.308195045734536, 36.448931869253613 ], [ 126.308215583141617, 36.448917749987146 ], [ 126.308058840566218, 36.448870521780918 ] ] ], [ [ [ 126.306600985089787, 36.449283527743532 ], [ 126.30667398382154, 36.449265388079162 ], [ 126.306608557150696, 36.449272308053814 ], [ 126.306600985089787, 36.449283527743532 ] ] ], [ [ [ 126.306425468246644, 36.449377849373093 ], [ 126.306424059667322, 36.449348016511607 ], [ 126.306367982612585, 36.44934480359295 ], [ 126.306425468246644, 36.449377849373093 ] ] ], [ [ [ 126.306673541595117, 36.44934000181479 ], [ 126.306609541922512, 36.449399735068248 ], [ 126.306682559920688, 36.449367087357963 ], [ 126.306673541595117, 36.44934000181479 ] ] ], [ [ [ 126.306707181898304, 36.449395347564462 ], [ 126.306680401928276, 36.449521802853916 ], [ 126.306896024726186, 36.449570815015058 ], [ 126.306707181898304, 36.449395347564462 ] ] ], [ [ [ 126.326321466025902, 36.451400878272366 ], [ 126.326976002306694, 36.450809091944677 ], [ 126.326328135748867, 36.449997648584265 ], [ 126.32600038355524, 36.450259473668332 ], [ 126.326608855036199, 36.450905246902039 ], [ 126.326321466025902, 36.451400878272366 ] ] ], [ [ [ 126.326275883455764, 36.450815956423696 ], [ 126.326369616667336, 36.450785937901983 ], [ 126.326261965695949, 36.450748472518171 ], [ 126.326275883455764, 36.450815956423696 ] ] ], [ [ [ 126.326379761231038, 36.451470327440795 ], [ 126.326538832364747, 36.451534303902541 ], [ 126.326570547787298, 36.451478430693555 ], [ 126.326379761231038, 36.451470327440795 ] ] ], [ [ [ 126.326478184360084, 36.451543243352361 ], [ 126.326515434551183, 36.451621583165952 ], [ 126.326589611907096, 36.451595866935627 ], [ 126.326478184360084, 36.451543243352361 ] ] ], [ [ [ 126.304919333678527, 36.455699818051698 ], [ 126.305841921104161, 36.454680494543389 ], [ 126.309606357761282, 36.455531563182177 ], [ 126.310324768363984, 36.452933107665537 ], [ 126.309337305429864, 36.452485665346778 ], [ 126.309722577517789, 36.451278555763608 ], [ 126.310929245904873, 36.450664818225654 ], [ 126.312750417065033, 36.451224025861308 ], [ 126.310267985484757, 36.447655945778358 ], [ 126.309480477478516, 36.447646706946664 ], [ 126.309690001627274, 36.448345947723453 ], [ 126.307980781007089, 36.449822581968704 ], [ 126.305812074493872, 36.449980845821536 ], [ 126.305655345904654, 36.448918114025027 ], [ 126.304818726032011, 36.448586127478791 ], [ 126.305417498125166, 36.449560327825566 ], [ 126.303745539646016, 36.448528146427904 ], [ 126.304359615206025, 36.449073677780099 ], [ 126.303741822828158, 36.449605536864695 ], [ 126.301723179929496, 36.448776315360128 ], [ 126.303944154856396, 36.449968617059881 ], [ 126.303443657331883, 36.451278306862832 ], [ 126.304896215205716, 36.451977772531905 ], [ 126.304136831397429, 36.452261804527602 ], [ 126.304430741177171, 36.452588650978484 ], [ 126.304419184533415, 36.452796028766656 ], [ 126.302998367738866, 36.454270214006755 ], [ 126.303446184894995, 36.45448874177594 ], [ 126.303898989740702, 36.455647283353166 ], [ 126.304919333678527, 36.455699818051698 ] ] ], [ [ [ 126.324968589663598, 36.452809026174329 ], [ 126.325000839872104, 36.452781724448037 ], [ 126.324947940091945, 36.452784849185477 ], [ 126.324968589663598, 36.452809026174329 ] ] ], [ [ [ 126.325842749527865, 36.45285271626561 ], [ 126.325798801138632, 36.452865625652521 ], [ 126.325845500495078, 36.452869943374495 ], [ 126.325842749527865, 36.45285271626561 ] ] ], [ [ [ 126.325220798746926, 36.453002308648642 ], [ 126.325079823600646, 36.452806771381532 ], [ 126.324900797405206, 36.452895873413254 ], [ 126.325220798746926, 36.453002308648642 ] ] ], [ [ [ 126.325947321388568, 36.452898454285759 ], [ 126.325867989432112, 36.452978209384959 ], [ 126.32602353355459, 36.452998731644833 ], [ 126.325947321388568, 36.452898454285759 ] ] ], [ [ [ 126.326720243092197, 36.453311217072738 ], [ 126.327055140046397, 36.452959495542736 ], [ 126.325881515552297, 36.452807247073721 ], [ 126.326720243092197, 36.453311217072738 ] ] ], [ [ [ 126.326431332206667, 36.453272279906052 ], [ 126.326468854295314, 36.453241670743758 ], [ 126.326362047737149, 36.453222143975232 ], [ 126.326431332206667, 36.453272279906052 ] ] ], [ [ [ 126.327246224126768, 36.45802222199778 ], [ 126.327176470264533, 36.458077341082394 ], [ 126.327351080945263, 36.458074448586537 ], [ 126.327246224126768, 36.45802222199778 ] ] ], [ [ [ 126.327064448766563, 36.458105454981471 ], [ 126.327109007627328, 36.458151485614046 ], [ 126.327122603252874, 36.458127411173933 ], [ 126.327064448766563, 36.458105454981471 ] ] ], [ [ [ 126.327043210119285, 36.458175083062848 ], [ 126.32700430434673, 36.458146118692909 ], [ 126.327000686022416, 36.458151775006087 ], [ 126.327043210119285, 36.458175083062848 ] ] ], [ [ [ 126.326548924719631, 36.458392086392841 ], [ 126.326478561375481, 36.458388805502175 ], [ 126.326562073766553, 36.458419733927634 ], [ 126.326548924719631, 36.458392086392841 ] ] ], [ [ [ 126.326721171748673, 36.458869223724257 ], [ 126.326737684149379, 36.458894818304877 ], [ 126.326775757290903, 36.4588910674738 ], [ 126.326721171748673, 36.458869223724257 ] ] ], [ [ [ 126.326768332316902, 36.458962576534944 ], [ 126.326706360800145, 36.458930688117604 ], [ 126.326686801787631, 36.458934721912961 ], [ 126.326768332316902, 36.458962576534944 ] ] ], [ [ [ 126.326836392529742, 36.459077586134079 ], [ 126.326948217763615, 36.459111199533233 ], [ 126.326839491744025, 36.459041647984016 ], [ 126.326836392529742, 36.459077586134079 ] ] ], [ [ [ 126.326673400127476, 36.459259059515468 ], [ 126.32675056509386, 36.459417737488053 ], [ 126.326883873554635, 36.459456967356523 ], [ 126.326673400127476, 36.459259059515468 ] ] ], [ [ [ 126.326421217105505, 36.459395422340258 ], [ 126.326406317379252, 36.459325318220458 ], [ 126.326317657257377, 36.459309047425315 ], [ 126.326421217105505, 36.459395422340258 ] ] ], [ [ [ 126.326727684001881, 36.45950952368085 ], [ 126.326696561041004, 36.459483487973941 ], [ 126.326672527335816, 36.459489116643347 ], [ 126.326727684001881, 36.45950952368085 ] ] ], [ [ [ 126.326300709575349, 36.459527209323021 ], [ 126.326360246152632, 36.459505647545619 ], [ 126.326296470151462, 36.459501504611147 ], [ 126.326300709575349, 36.459527209323021 ] ] ], [ [ [ 126.326736442900895, 36.459528587515948 ], [ 126.326702343675009, 36.459524249756214 ], [ 126.32673786247733, 36.459545175880791 ], [ 126.326736442900895, 36.459528587515948 ] ] ], [ [ [ 126.326571211133654, 36.459659222914397 ], [ 126.326568119526996, 36.459604145215458 ], [ 126.326523030123255, 36.45960632333675 ], [ 126.326571211133654, 36.459659222914397 ] ] ], [ [ [ 126.327597766160508, 36.459892279637529 ], [ 126.326802491851112, 36.459514901670751 ], [ 126.327599055679102, 36.45994968883803 ], [ 126.327597766160508, 36.459892279637529 ] ] ], [ [ [ 126.325108482093341, 36.459901660145086 ], [ 126.325143703991415, 36.459866355603793 ], [ 126.325053762835395, 36.459856563634908 ], [ 126.325108482093341, 36.459901660145086 ] ] ], [ [ [ 126.325298992594952, 36.459892283392108 ], [ 126.325205527736713, 36.459876975922512 ], [ 126.325302742883764, 36.45991014775381 ], [ 126.325298992594952, 36.459892283392108 ] ] ], [ [ [ 126.326010212242636, 36.501078888929491 ], [ 126.325992655970452, 36.501056801585051 ], [ 126.325992158141872, 36.501075721997644 ], [ 126.326010212242636, 36.501078888929491 ] ] ], [ [ [ 126.326193888068815, 36.501097137315057 ], [ 126.326208095968738, 36.501067660456883 ], [ 126.326192223973266, 36.501070093279374 ], [ 126.326193888068815, 36.501097137315057 ] ] ], [ [ [ 126.325915840565926, 36.501059431464668 ], [ 126.325957415670942, 36.501117518050435 ], [ 126.325983375186269, 36.501084594296763 ], [ 126.325915840565926, 36.501059431464668 ] ] ], [ [ [ 126.326058253067359, 36.501112230853977 ], [ 126.326034135295913, 36.501100380861018 ], [ 126.326021054206876, 36.501115715819758 ], [ 126.326058253067359, 36.501112230853977 ] ] ], [ [ [ 126.325279147275552, 36.501692938592406 ], [ 126.325368736378877, 36.501761749628592 ], [ 126.325381473812101, 36.501709015080635 ], [ 126.325279147275552, 36.501692938592406 ] ] ], [ [ [ 126.306687042143452, 36.818607646787186 ], [ 126.307797984914814, 36.818625907296706 ], [ 126.307405936185205, 36.818166074050758 ], [ 126.306687042143452, 36.818607646787186 ] ] ], [ [ [ 126.308690332103609, 36.818505961866826 ], [ 126.308738158237404, 36.818449586998035 ], [ 126.308685662040233, 36.8184581761275 ], [ 126.308690332103609, 36.818505961866826 ] ] ], [ [ [ 126.311472478838638, 36.820147491915051 ], [ 126.311793676148753, 36.819181111161697 ], [ 126.310720486218372, 36.819149892167765 ], [ 126.311472478838638, 36.820147491915051 ] ] ], [ [ [ 126.30025680963314, 36.842491572191797 ], [ 126.300480655277212, 36.842606695110028 ], [ 126.300518142241188, 36.842589885286678 ], [ 126.30025680963314, 36.842491572191797 ] ] ], [ [ [ 126.300861893235648, 36.854531833003769 ], [ 126.300956943367609, 36.854584970911809 ], [ 126.300941432921618, 36.85451759635221 ], [ 126.300861893235648, 36.854531833003769 ] ] ], [ [ [ 126.300165565855508, 36.855340346470157 ], [ 126.30142434366816, 36.854928553852211 ], [ 126.300298555391578, 36.854894692802951 ], [ 126.300165565855508, 36.855340346470157 ] ] ], [ [ [ 126.313896977968042, 36.866609649248304 ], [ 126.313498503964055, 36.866000893051904 ], [ 126.314947640301611, 36.865743929076679 ], [ 126.315251173813778, 36.86442813819415 ], [ 126.314459304285762, 36.863400031989784 ], [ 126.311319170679354, 36.862969406584611 ], [ 126.310950442410899, 36.862218368849305 ], [ 126.312028213894806, 36.861380232355515 ], [ 126.308942149627256, 36.862010670322221 ], [ 126.307223793022018, 36.863957047107654 ], [ 126.307461094139455, 36.865129398904152 ], [ 126.309745343833669, 36.865812921026638 ], [ 126.311076001340368, 36.865327839382608 ], [ 126.313896977968042, 36.866609649248304 ] ] ], [ [ [ 126.316322348404483, 36.864712169667605 ], [ 126.316991934133029, 36.864581280029348 ], [ 126.316537970695265, 36.864427260618193 ], [ 126.316322348404483, 36.864712169667605 ] ] ], [ [ [ 126.316567403067239, 36.870270253783985 ], [ 126.316475914543901, 36.870392996051002 ], [ 126.316632551622092, 36.870271529930179 ], [ 126.316567403067239, 36.870270253783985 ] ] ], [ [ [ 126.318872922552245, 36.911478049071974 ], [ 126.318930286766061, 36.911640933200886 ], [ 126.319037368029683, 36.91155658453534 ], [ 126.318872922552245, 36.911478049071974 ] ] ], [ [ [ 126.318348741279394, 36.911835169012512 ], [ 126.318497695890059, 36.911689859079523 ], [ 126.318310307685806, 36.911792399131215 ], [ 126.318348741279394, 36.911835169012512 ] ] ], [ [ [ 126.3159550140889, 36.912242013810179 ], [ 126.316034264249566, 36.912251536524664 ], [ 126.315996422657037, 36.912215418746122 ], [ 126.3159550140889, 36.912242013810179 ] ] ], [ [ [ 126.317026383517344, 36.914472407227869 ], [ 126.316355074146912, 36.914823740304612 ], [ 126.316461450922361, 36.915148812774042 ], [ 126.317026383517344, 36.914472407227869 ] ] ], [ [ [ 126.313052075433276, 36.944335011578012 ], [ 126.312500633468318, 36.943232404099966 ], [ 126.314039082491064, 36.940984147444304 ], [ 126.313252306340075, 36.939168795324456 ], [ 126.311379970719429, 36.938481102641816 ], [ 126.310299918738167, 36.936581040184791 ], [ 126.30724521903916, 36.936725140464155 ], [ 126.309548082378626, 36.941783164514469 ], [ 126.313052075433276, 36.944335011578012 ] ] ], [ [ [ 126.313874939210351, 36.94421815940099 ], [ 126.31393353913856, 36.944196927295735 ], [ 126.313884982473667, 36.944154767091973 ], [ 126.313874939210351, 36.94421815940099 ] ] ], [ [ [ 126.313994993479838, 36.944237866003867 ], [ 126.313977018022001, 36.944189366164458 ], [ 126.313950339832161, 36.944221092101877 ], [ 126.313994993479838, 36.944237866003867 ] ] ], [ [ [ 126.31211745965733, 36.95666882668543 ], [ 126.312462785977118, 36.956410146244735 ], [ 126.312264042704541, 36.95631508562365 ], [ 126.31211745965733, 36.95666882668543 ] ] ], [ [ [ 126.309108385550061, 36.962329684286296 ], [ 126.310154477732326, 36.961210573879526 ], [ 126.308924191191537, 36.960350393591725 ], [ 126.307602569489092, 36.960277394243235 ], [ 126.309108385550061, 36.962329684286296 ] ] ], [ [ [ 126.297274268264204, 36.971649226061217 ], [ 126.297344802539556, 36.971629965793653 ], [ 126.297260875382349, 36.971612219843038 ], [ 126.297274268264204, 36.971649226061217 ] ] ], [ [ [ 126.297376528342383, 36.971777709824948 ], [ 126.297430004224694, 36.971748633609423 ], [ 126.297397064081352, 36.97173417511479 ], [ 126.297376528342383, 36.971777709824948 ] ] ], [ [ [ 126.298181081782431, 36.973684776249407 ], [ 126.298310961908214, 36.974048142202136 ], [ 126.298373131287335, 36.974092436718827 ], [ 126.298181081782431, 36.973684776249407 ] ] ], [ [ [ 126.2980953936855, 36.974028503524679 ], [ 126.298222831073801, 36.974243089982053 ], [ 126.298340613523024, 36.974240948944015 ], [ 126.2980953936855, 36.974028503524679 ] ] ], [ [ [ 126.30483007117661, 36.977049618296938 ], [ 126.30484003463674, 36.976988755682896 ], [ 126.304787913004148, 36.97698498950718 ], [ 126.30483007117661, 36.977049618296938 ] ] ], [ [ [ 126.304329181460687, 36.978620515003129 ], [ 126.304363654017692, 36.978653128430061 ], [ 126.304358320671625, 36.978611342089565 ], [ 126.304329181460687, 36.978620515003129 ] ] ], [ [ [ 126.304438705853954, 36.97866239888431 ], [ 126.304471611055092, 36.978615960687399 ], [ 126.304406741449554, 36.978647847583879 ], [ 126.304438705853954, 36.97866239888431 ] ] ], [ [ [ 126.304170057199897, 36.978671394741191 ], [ 126.304311500180773, 36.978697299513456 ], [ 126.304313658848173, 36.978667622211191 ], [ 126.304170057199897, 36.978671394741191 ] ] ], [ [ [ 126.304618410415841, 36.978858207923025 ], [ 126.304940019953762, 36.978649808396057 ], [ 126.304546785882721, 36.978627709335619 ], [ 126.304618410415841, 36.978858207923025 ] ] ], [ [ [ 126.304285416458214, 36.978744767259386 ], [ 126.304389941376428, 36.978795840089226 ], [ 126.304378933953615, 36.978705750525165 ], [ 126.304285416458214, 36.978744767259386 ] ] ], [ [ [ 126.304125764640133, 36.97884491347839 ], [ 126.30422370681427, 36.978862536205561 ], [ 126.304139809809286, 36.978802339834679 ], [ 126.304125764640133, 36.97884491347839 ] ] ], [ [ [ 126.304852219268312, 36.978966731648818 ], [ 126.304658498903564, 36.979148838018567 ], [ 126.304803445000829, 36.979245560148726 ], [ 126.304852219268312, 36.978966731648818 ] ] ], [ [ [ 126.305131039143987, 36.979245252517082 ], [ 126.305140404666304, 36.979202299937626 ], [ 126.305082319956142, 36.979219305014574 ], [ 126.305131039143987, 36.979245252517082 ] ] ], [ [ [ 126.304908658490049, 36.97932967905939 ], [ 126.304974615209275, 36.979309052203931 ], [ 126.304909172092266, 36.979292963346616 ], [ 126.304908658490049, 36.97932967905939 ] ] ], [ [ [ 126.406170368954562, 36.395427649125978 ], [ 126.406776001923831, 36.394791015823941 ], [ 126.405518494613204, 36.395334894373725 ], [ 126.406170368954562, 36.395427649125978 ] ] ], [ [ [ 126.420896507776902, 36.396286572854244 ], [ 126.420922515926563, 36.395875859649273 ], [ 126.420579228029183, 36.396217087479506 ], [ 126.420896507776902, 36.396286572854244 ] ] ], [ [ [ 126.40265113335883, 36.396514102183751 ], [ 126.405216381456356, 36.395925019699632 ], [ 126.403572565498024, 36.396115528499244 ], [ 126.40265113335883, 36.396514102183751 ] ] ], [ [ [ 126.412375881710645, 36.398796165876384 ], [ 126.41439943827605, 36.398275835677417 ], [ 126.413084449287069, 36.396750539297052 ], [ 126.413900023057209, 36.398032784992594 ], [ 126.410447585706407, 36.398352384149561 ], [ 126.412375881710645, 36.398796165876384 ] ] ], [ [ [ 126.401207498029606, 36.398026588085507 ], [ 126.402020944740968, 36.397234668928398 ], [ 126.400291501091431, 36.398539977416398 ], [ 126.401207498029606, 36.398026588085507 ] ] ], [ [ [ 126.419690424003562, 36.398633475414783 ], [ 126.419300763514045, 36.398943394857369 ], [ 126.419497913637784, 36.399037083520263 ], [ 126.419690424003562, 36.398633475414783 ] ] ], [ [ [ 126.404889429182006, 36.401106337576685 ], [ 126.405243873231939, 36.400808088545965 ], [ 126.404843035860623, 36.400797430355361 ], [ 126.404889429182006, 36.401106337576685 ] ] ], [ [ [ 126.391546561197629, 36.410334182487169 ], [ 126.390473175003933, 36.40985337469165 ], [ 126.389967473159487, 36.408177524932199 ], [ 126.388515264620679, 36.406808466369142 ], [ 126.388600017940789, 36.407825153718235 ], [ 126.389952291122043, 36.408303969948406 ], [ 126.390066268247509, 36.410068853312708 ], [ 126.391546561197629, 36.410334182487169 ] ] ], [ [ [ 126.38000831741634, 36.411802040746736 ], [ 126.384163557209064, 36.409683693356371 ], [ 126.382245446505422, 36.410323032665836 ], [ 126.38000831741634, 36.411802040746736 ] ] ], [ [ [ 126.389521687237249, 36.411355346754412 ], [ 126.389003044621603, 36.41120629232848 ], [ 126.389703670214061, 36.411597796026527 ], [ 126.389521687237249, 36.411355346754412 ] ] ], [ [ [ 126.38541775399672, 36.411168150282371 ], [ 126.385500303403688, 36.41120172932478 ], [ 126.385617831725256, 36.411102979957839 ], [ 126.38541775399672, 36.411168150282371 ] ] ], [ [ [ 126.393491225790569, 36.412318472513064 ], [ 126.391875315091909, 36.411022311624599 ], [ 126.393212880634778, 36.413148213065917 ], [ 126.393491225790569, 36.412318472513064 ] ] ], [ [ [ 126.395931299040242, 36.412905030462234 ], [ 126.395934249654914, 36.41286078054523 ], [ 126.395909736243425, 36.412863368306454 ], [ 126.395931299040242, 36.412905030462234 ] ] ], [ [ [ 126.395974175166842, 36.412953108107224 ], [ 126.395756887051348, 36.412979133114355 ], [ 126.395963806809903, 36.412983235330998 ], [ 126.395974175166842, 36.412953108107224 ] ] ], [ [ [ 126.385200114359549, 36.413117942826673 ], [ 126.385287419757759, 36.413312419516494 ], [ 126.385444063086354, 36.413127381562944 ], [ 126.385200114359549, 36.413117942826673 ] ] ], [ [ [ 126.396564908725566, 36.413488409443183 ], [ 126.39650208990048, 36.413552522865132 ], [ 126.396585487114024, 36.413584088209554 ], [ 126.396564908725566, 36.413488409443183 ] ] ], [ [ [ 126.395326494841498, 36.414751403362537 ], [ 126.394213920075757, 36.41331079928537 ], [ 126.393643709833711, 36.413388990842051 ], [ 126.395326494841498, 36.414751403362537 ] ] ], [ [ [ 126.385779364147709, 36.413496885522235 ], [ 126.385180292480243, 36.41458043426131 ], [ 126.385583966130568, 36.41470517773493 ], [ 126.385779364147709, 36.413496885522235 ] ] ], [ [ [ 126.394583951627823, 36.416704087305625 ], [ 126.39350721249042, 36.416175033532454 ], [ 126.392988104514842, 36.414961883084551 ], [ 126.393453151328771, 36.416221925211076 ], [ 126.394583951627823, 36.416704087305625 ] ] ], [ [ [ 126.390949809131413, 36.417680158787626 ], [ 126.391653307153689, 36.417729062748201 ], [ 126.391323342400284, 36.416868418459742 ], [ 126.390823641602296, 36.416453457439374 ], [ 126.390949809131413, 36.417680158787626 ] ] ], [ [ [ 126.383755537310051, 36.418404670047678 ], [ 126.385889548813537, 36.418325276926922 ], [ 126.386526185579342, 36.417212746987985 ], [ 126.385463454932747, 36.416800861259148 ], [ 126.383774768306992, 36.417439584327745 ], [ 126.383755537310051, 36.418404670047678 ] ] ], [ [ [ 126.347192055441823, 36.422965967327059 ], [ 126.347338976382261, 36.422864579732277 ], [ 126.34715128028553, 36.422895094384508 ], [ 126.347192055441823, 36.422965967327059 ] ] ], [ [ [ 126.349245586231007, 36.424083432146773 ], [ 126.349110804869227, 36.423905890724221 ], [ 126.349018999894369, 36.423990187993439 ], [ 126.349245586231007, 36.424083432146773 ] ] ], [ [ [ 126.433469579074767, 36.432185633251613 ], [ 126.432886157913074, 36.431780325336007 ], [ 126.432991664050547, 36.432294280552824 ], [ 126.433469579074767, 36.432185633251613 ] ] ], [ [ [ 126.411277087626274, 36.460466758786716 ], [ 126.41119437812479, 36.458165776197994 ], [ 126.40884754198224, 36.456998756781765 ], [ 126.406485967226615, 36.454172654881681 ], [ 126.406947398312553, 36.452463815204034 ], [ 126.409076637553397, 36.451633772333949 ], [ 126.411974747338135, 36.452070736063398 ], [ 126.412798954316628, 36.45122078776275 ], [ 126.414726021949122, 36.451384141706853 ], [ 126.415310944894003, 36.450067920366443 ], [ 126.422231029193668, 36.446081638552663 ], [ 126.42154288453365, 36.445415083733138 ], [ 126.421289177306065, 36.440472829991265 ], [ 126.429915068528601, 36.437796769261539 ], [ 126.42998426968181, 36.43840899252271 ], [ 126.430215482357511, 36.438791509849374 ], [ 126.430015763073882, 36.437767187367832 ], [ 126.430608908994756, 36.438289217334663 ], [ 126.431909165112785, 36.437326201731082 ], [ 126.431659797793259, 36.435818897514693 ], [ 126.432373744296143, 36.435471195244219 ], [ 126.430926864221689, 36.435171432693373 ], [ 126.43140424575617, 36.43329043713161 ], [ 126.430194626553345, 36.433195193901362 ], [ 126.429724526500166, 36.434154644802319 ], [ 126.427844280400265, 36.431999375989939 ], [ 126.430751439234029, 36.427900235737667 ], [ 126.431997051773024, 36.427387463075746 ], [ 126.430308082071534, 36.427215314380781 ], [ 126.431841907409662, 36.426153610295259 ], [ 126.432160870729092, 36.424818270751075 ], [ 126.433072369953024, 36.424934670062378 ], [ 126.43196949010327, 36.424694470919164 ], [ 126.432186951397611, 36.423930207175999 ], [ 126.43349358690935, 36.422461759625783 ], [ 126.434873936566163, 36.422217995591758 ], [ 126.434162895878202, 36.418308921707961 ], [ 126.431678536019987, 36.417446493314756 ], [ 126.430455516695858, 36.417938790601397 ], [ 126.428226244893352, 36.416661911105997 ], [ 126.4257818465925, 36.413941489189291 ], [ 126.424373759032775, 36.413430198148269 ], [ 126.422225716846029, 36.410073355423265 ], [ 126.424237079038377, 36.406637671747831 ], [ 126.426710127161641, 36.406293024251546 ], [ 126.427975596203382, 36.405584437861165 ], [ 126.426576959751358, 36.405971861057637 ], [ 126.425505746133794, 36.404529426796742 ], [ 126.425849921579939, 36.402128816441227 ], [ 126.428286408564503, 36.400387514749134 ], [ 126.42697932393159, 36.398785296676259 ], [ 126.42453474933437, 36.399751545513666 ], [ 126.422824668721745, 36.399109687123769 ], [ 126.421119469062887, 36.399974414434887 ], [ 126.41929149546263, 36.399767816635595 ], [ 126.421322454706058, 36.401972097094337 ], [ 126.419890985826584, 36.404814536878924 ], [ 126.418505644597687, 36.40574658279867 ], [ 126.414555075605037, 36.406141290013224 ], [ 126.413153995402396, 36.404686431832552 ], [ 126.412224090257496, 36.404731655339404 ], [ 126.411127650145716, 36.407114426190816 ], [ 126.410167280076692, 36.406495841492863 ], [ 126.412852169309019, 36.409096208080307 ], [ 126.412681075704143, 36.411099821357965 ], [ 126.410931874598305, 36.413135139580476 ], [ 126.406928187577932, 36.414363361167048 ], [ 126.404294664818352, 36.412968194157166 ], [ 126.400418073388678, 36.412228306834521 ], [ 126.399131075056232, 36.413505733906725 ], [ 126.396755314750123, 36.414270014038792 ], [ 126.398336226355539, 36.41631114073386 ], [ 126.397211152683667, 36.419106755034868 ], [ 126.389992911458876, 36.42191804459425 ], [ 126.388831933793512, 36.42113176291744 ], [ 126.388757479850568, 36.421796389472348 ], [ 126.387074586636189, 36.42161383023511 ], [ 126.385618123318906, 36.420318432031529 ], [ 126.385357556473295, 36.421073646852228 ], [ 126.381864424254999, 36.421223221809356 ], [ 126.379705001660923, 36.420568650916692 ], [ 126.379160821431768, 36.418785888657354 ], [ 126.380788527737693, 36.417978750250683 ], [ 126.380590777033959, 36.415577291208891 ], [ 126.376696828063459, 36.412959142656597 ], [ 126.375964177221903, 36.411653722942496 ], [ 126.371733908992027, 36.4111186677275 ], [ 126.369629718084482, 36.412257541513142 ], [ 126.366601382749963, 36.415639141677353 ], [ 126.362195725276322, 36.415465198175681 ], [ 126.360816126379774, 36.420249616973379 ], [ 126.357360783709453, 36.424445582949808 ], [ 126.354439225716789, 36.42546191366646 ], [ 126.35312317835654, 36.423998438433088 ], [ 126.351016249765649, 36.425351528799617 ], [ 126.354205870972834, 36.427625397380773 ], [ 126.354774814193121, 36.43464484278536 ], [ 126.354050740138007, 36.436537397638041 ], [ 126.355626485312484, 36.433987095837587 ], [ 126.357409011643085, 36.439185801305214 ], [ 126.359169157142446, 36.439606819842844 ], [ 126.358661828860491, 36.438479549024599 ], [ 126.359688740521392, 36.440398204177811 ], [ 126.361978508332399, 36.43983462930116 ], [ 126.360585350117802, 36.439512942778329 ], [ 126.360269420726141, 36.43794613231006 ], [ 126.361578303779751, 36.438245743854225 ], [ 126.362738995386408, 36.437438204729204 ], [ 126.36311765079293, 36.438377060052396 ], [ 126.365045876363837, 36.43722484807892 ], [ 126.363776213288318, 36.441534421151971 ], [ 126.363272542601393, 36.440905166731795 ], [ 126.359986329034314, 36.44110152687383 ], [ 126.357973436921981, 36.440203895986777 ], [ 126.359016910505204, 36.441750557331858 ], [ 126.357279418127334, 36.441484298359995 ], [ 126.357060615398481, 36.440264765713337 ], [ 126.356811383018723, 36.441030570618793 ], [ 126.353887339585285, 36.441799504347479 ], [ 126.352360174852038, 36.441175923328835 ], [ 126.350778855870161, 36.441553387771975 ], [ 126.348578009421217, 36.441137502303334 ], [ 126.348314818908662, 36.440107133485974 ], [ 126.344464786017824, 36.438424424093299 ], [ 126.342584900790044, 36.439320191926051 ], [ 126.337605431633307, 36.439940682941504 ], [ 126.336720840828903, 36.439644969900264 ], [ 126.336263048038504, 36.438108308447212 ], [ 126.3349671827675, 36.441566287155517 ], [ 126.333668498595912, 36.442482470752175 ], [ 126.332160355571986, 36.44186747967909 ], [ 126.332084157122708, 36.440937175746647 ], [ 126.330308920232909, 36.441303693901865 ], [ 126.33118279454942, 36.443874253305978 ], [ 126.332930040813196, 36.445094091713763 ], [ 126.332961988886012, 36.446756169549168 ], [ 126.330959774004455, 36.451493293543678 ], [ 126.331045508629174, 36.454745832320441 ], [ 126.328950504784402, 36.455932687076711 ], [ 126.328582613087661, 36.458299642246779 ], [ 126.326502558951887, 36.458465090308444 ], [ 126.328029501398461, 36.460073138704459 ], [ 126.329407703689327, 36.459605985511537 ], [ 126.330758610494982, 36.460456771023168 ], [ 126.331098795969396, 36.463893485300218 ], [ 126.330219102876697, 36.466047695837901 ], [ 126.327141802924103, 36.467770676397258 ], [ 126.324229317009539, 36.467830187874696 ], [ 126.324249007252206, 36.46898070124589 ], [ 126.325691397857938, 36.46993452184968 ], [ 126.325096939191738, 36.472559977190279 ], [ 126.327003759770349, 36.472988606917824 ], [ 126.328852034339761, 36.474761743188729 ], [ 126.331839748358718, 36.484464087159651 ], [ 126.332555970532852, 36.495688119828372 ], [ 126.330212642797662, 36.499986854283655 ], [ 126.338733617986151, 36.505112422665043 ], [ 126.33772828849672, 36.506687822084722 ], [ 126.337265530008906, 36.505887193935692 ], [ 126.336080575591495, 36.506045848228311 ], [ 126.336840855842482, 36.504880577752537 ], [ 126.336018913991069, 36.503750571741811 ], [ 126.333343026665588, 36.503905242688674 ], [ 126.332103338895067, 36.505128725383265 ], [ 126.329095931695136, 36.503284789072779 ], [ 126.332309654726032, 36.505410945113695 ], [ 126.333161559850325, 36.507402993642025 ], [ 126.331245024718797, 36.511427564073095 ], [ 126.329855130588811, 36.511979641938538 ], [ 126.328203259771826, 36.511634945030565 ], [ 126.327114936219317, 36.516137114075327 ], [ 126.327874181914567, 36.518371710571806 ], [ 126.325867017370555, 36.521505441399214 ], [ 126.327875091967215, 36.521454504738848 ], [ 126.330551969596414, 36.525467452312903 ], [ 126.330790669421603, 36.530044580602734 ], [ 126.329732126837627, 36.535066700581339 ], [ 126.329058923878506, 36.536743170216475 ], [ 126.326619818143385, 36.538086802816011 ], [ 126.326883319034565, 36.539379884149142 ], [ 126.328791759805029, 36.540018100792764 ], [ 126.329280392132219, 36.54235100308032 ], [ 126.327740555573541, 36.554851947869643 ], [ 126.331383905815358, 36.55506202830253 ], [ 126.330842810818979, 36.555922098857067 ], [ 126.329354553996254, 36.555329171533145 ], [ 126.325523413608678, 36.556998174767919 ], [ 126.320257929635318, 36.564309602624789 ], [ 126.322139564280064, 36.56379612796691 ], [ 126.320562867372743, 36.564606190844117 ], [ 126.319926682326951, 36.564160649206379 ], [ 126.314503579491458, 36.570811104141868 ], [ 126.313003171930916, 36.571054965034847 ], [ 126.314998275256343, 36.57192314625442 ], [ 126.315362067099556, 36.574779379945063 ], [ 126.311653710845761, 36.583190593311741 ], [ 126.311622030688952, 36.585424215214509 ], [ 126.312233878210591, 36.585629958348441 ], [ 126.312568452651888, 36.583761690164479 ], [ 126.313014529153577, 36.585183718851745 ], [ 126.315178032766255, 36.586487435540924 ], [ 126.316116144296615, 36.58577246111291 ], [ 126.318188449111389, 36.58671897280837 ], [ 126.318968920583004, 36.586162051149458 ], [ 126.318975300023652, 36.584170273996399 ], [ 126.322604063041723, 36.582980825851145 ], [ 126.323451035303279, 36.58373402237207 ], [ 126.321794264928215, 36.58511964214 ], [ 126.324804489382117, 36.588353482445335 ], [ 126.323016646151686, 36.590084124143729 ], [ 126.323137652457405, 36.591526626151769 ], [ 126.324604096813047, 36.593204219374513 ], [ 126.322974286781488, 36.593739075102711 ], [ 126.322324092142253, 36.598268958191831 ], [ 126.32835206114764, 36.601858873087686 ], [ 126.328932264875306, 36.601298760551579 ], [ 126.329049231923364, 36.602517289181996 ], [ 126.33144594377967, 36.602316651250234 ], [ 126.333091826608154, 36.603686301667828 ], [ 126.332976194585768, 36.604537847685869 ], [ 126.340218753811001, 36.608267008451556 ], [ 126.341772818164017, 36.608202613094335 ], [ 126.342239037944154, 36.606502152364257 ], [ 126.343385249340201, 36.606434311262134 ], [ 126.342380812020622, 36.605179812906968 ], [ 126.34418385125997, 36.604268077865527 ], [ 126.347850432984615, 36.604602061325629 ], [ 126.347839670407453, 36.607579679941296 ], [ 126.349459000283829, 36.609337345325336 ], [ 126.348244567811278, 36.611185313114298 ], [ 126.350062835581483, 36.611424400723088 ], [ 126.352634179802038, 36.60969480782677 ], [ 126.354776933338286, 36.609743195263917 ], [ 126.356050377576267, 36.610737629536388 ], [ 126.355678406862168, 36.611877523232849 ], [ 126.358242168280754, 36.611968468013266 ], [ 126.359831232660824, 36.612871210477685 ], [ 126.35992796609996, 36.611673070716407 ], [ 126.361152351518996, 36.610889446332799 ], [ 126.365795482533059, 36.60977450275184 ], [ 126.367355628329094, 36.607201612342649 ], [ 126.36635308174408, 36.600392509405467 ], [ 126.368771789338865, 36.599982896315019 ], [ 126.372590046981031, 36.596357951902675 ], [ 126.375083278957419, 36.596656998748458 ], [ 126.376409597889477, 36.598750298397668 ], [ 126.377495825984496, 36.604063581459712 ], [ 126.380215880451161, 36.606419543953649 ], [ 126.382156783915462, 36.606723228741565 ], [ 126.380209266549173, 36.604674227896695 ], [ 126.381013985757207, 36.602491461909068 ], [ 126.382119673426686, 36.602318074621003 ], [ 126.382953946506376, 36.603375761209698 ], [ 126.384087762534932, 36.603155596000697 ], [ 126.385735210180925, 36.604281550580914 ], [ 126.384362302888846, 36.600036165798464 ], [ 126.386163601192237, 36.600557424396008 ], [ 126.383122902492701, 36.599167432233877 ], [ 126.382722883942179, 36.598152925462458 ], [ 126.384242209451187, 36.59792437337471 ], [ 126.383027187668006, 36.598091448511965 ], [ 126.382799279867569, 36.598094316999358 ], [ 126.382767252999386, 36.594844481482205 ], [ 126.380849695828502, 36.591550650307433 ], [ 126.379533205435578, 36.593066289200451 ], [ 126.379370103847634, 36.594679712882467 ], [ 126.378370961058735, 36.594896454028323 ], [ 126.378966410833939, 36.597261982115469 ], [ 126.37830804988171, 36.598057660831273 ], [ 126.376258827103257, 36.596612107440357 ], [ 126.373109675895464, 36.596263860027847 ], [ 126.372897694421553, 36.594631883144871 ], [ 126.371252138726291, 36.595375835535563 ], [ 126.370618313528496, 36.594270320637655 ], [ 126.372132728262045, 36.593048538893441 ], [ 126.37135486643929, 36.589517241477168 ], [ 126.375863671850297, 36.58864283565174 ], [ 126.373874589357598, 36.58290639178189 ], [ 126.374107961292253, 36.580912126567306 ], [ 126.37525560636584, 36.5807128793423 ], [ 126.375292786177255, 36.578815176668115 ], [ 126.373533079480211, 36.578418229437673 ], [ 126.373443687372799, 36.577312882673787 ], [ 126.36873856152512, 36.575851656900056 ], [ 126.365475422920028, 36.576695635355257 ], [ 126.36536057810487, 36.577377088250834 ], [ 126.363673074366119, 36.57734628649122 ], [ 126.363136588397538, 36.575132129010079 ], [ 126.361929996758889, 36.5754610838095 ], [ 126.358819917374902, 36.572150224358388 ], [ 126.360266072409999, 36.571547747688193 ], [ 126.359706519489976, 36.569958392217117 ], [ 126.362830049099571, 36.567423752714568 ], [ 126.366242874375573, 36.566523061040201 ], [ 126.367468277796732, 36.568340663099391 ], [ 126.368722045988719, 36.568354607133919 ], [ 126.369536651326328, 36.56942901295055 ], [ 126.369648044832346, 36.568602722793784 ], [ 126.368335698912276, 36.568057530193322 ], [ 126.369715826768996, 36.566475147423354 ], [ 126.370749597569315, 36.5658287304297 ], [ 126.371685284965707, 36.566311895909223 ], [ 126.375166346543438, 36.564520718103346 ], [ 126.37352015480991, 36.561912039034972 ], [ 126.375475070947815, 36.559293959035394 ], [ 126.37426287213782, 36.558021240627717 ], [ 126.37925865474628, 36.549203096984819 ], [ 126.377931456217127, 36.544192515567453 ], [ 126.37845346498581, 36.54335339550039 ], [ 126.374923485163876, 36.542803725697652 ], [ 126.376471236242963, 36.538462403617238 ], [ 126.378753283444837, 36.538911156737349 ], [ 126.376435486524642, 36.538261190356323 ], [ 126.377662456045584, 36.535031752869919 ], [ 126.376108872281193, 36.533309490743498 ], [ 126.380421234686906, 36.533206722472208 ], [ 126.380342929940895, 36.528671131411315 ], [ 126.383323673170466, 36.528752444174096 ], [ 126.384677683926753, 36.527986260585621 ], [ 126.386403950832289, 36.526614771560467 ], [ 126.386602490407839, 36.524287582386776 ], [ 126.385284593143453, 36.52322060792293 ], [ 126.386508485515421, 36.522506790460717 ], [ 126.385575598900871, 36.521954069791533 ], [ 126.38618154959795, 36.520790266314449 ], [ 126.38336744664052, 36.520000359001187 ], [ 126.382894868773718, 36.520993700676527 ], [ 126.381908865334054, 36.51999674556405 ], [ 126.378097087035371, 36.519202041369446 ], [ 126.381373416577787, 36.514399285793054 ], [ 126.384549311048758, 36.515666686250114 ], [ 126.387347643308985, 36.514646365258912 ], [ 126.389002185221557, 36.515217389177636 ], [ 126.38964194706891, 36.512877697341921 ], [ 126.39104568808358, 36.51468915458063 ], [ 126.394318454462024, 36.514714107807414 ], [ 126.394821162494821, 36.513401894356548 ], [ 126.391636131350268, 36.511243977662893 ], [ 126.390987666297164, 36.50941755007554 ], [ 126.392476191741082, 36.508522258969933 ], [ 126.394830456423634, 36.510539169787897 ], [ 126.397378883840645, 36.511227320515054 ], [ 126.398216850998239, 36.509747927961129 ], [ 126.397270373423837, 36.507741920873968 ], [ 126.398071029880853, 36.506629124367514 ], [ 126.399245934172029, 36.50634645746733 ], [ 126.399645849934274, 36.506926795190665 ], [ 126.399667634437407, 36.506265314381359 ], [ 126.400721683962587, 36.507456470818454 ], [ 126.401998161738263, 36.506375448779011 ], [ 126.402342459576559, 36.503299816529633 ], [ 126.401632953037677, 36.501747420386188 ], [ 126.402557288636316, 36.501245428806762 ], [ 126.403404984726293, 36.498703967626128 ], [ 126.401914381000253, 36.496888537889582 ], [ 126.399383925031714, 36.496567634771729 ], [ 126.39811481545901, 36.490824120434006 ], [ 126.39895313970689, 36.488240752189895 ], [ 126.400749918930217, 36.488405057225158 ], [ 126.403494289448687, 36.490357127594415 ], [ 126.406551113191796, 36.487491868679861 ], [ 126.408769214936299, 36.492733823880044 ], [ 126.409652028143682, 36.492944167726989 ], [ 126.410538382048898, 36.491660390979142 ], [ 126.409493798533802, 36.48694490076381 ], [ 126.407753006096939, 36.485209261184124 ], [ 126.409207738691421, 36.482203723953788 ], [ 126.408723646009705, 36.4745573435141 ], [ 126.411952057054933, 36.4721071074473 ], [ 126.414585437372281, 36.468205127834189 ], [ 126.416186030776103, 36.467427833412636 ], [ 126.415287891066754, 36.464813051053788 ], [ 126.417460314899046, 36.464628674034344 ], [ 126.416721214430339, 36.461759848946734 ], [ 126.413104029200838, 36.461573412023213 ], [ 126.411277087626274, 36.460466758786716 ] ] ], [ [ [ 126.430767907146887, 36.438422949357289 ], [ 126.43067879591446, 36.43863672899041 ], [ 126.431005032575243, 36.438558351734692 ], [ 126.430767907146887, 36.438422949357289 ] ] ], [ [ [ 126.33303214382461, 36.437260090832666 ], [ 126.331837083381458, 36.437830127652688 ], [ 126.333404862715767, 36.438985422471553 ], [ 126.334527769133857, 36.438913196310175 ], [ 126.33303214382461, 36.437260090832666 ] ] ], [ [ [ 126.331380712500732, 36.444192745678762 ], [ 126.331442394236547, 36.444179483124842 ], [ 126.331360407927448, 36.44414126576676 ], [ 126.331380712500732, 36.444192745678762 ] ] ], [ [ [ 126.331458034352735, 36.444254366439367 ], [ 126.331249343504879, 36.444281224369668 ], [ 126.331489693090887, 36.444282479560812 ], [ 126.331458034352735, 36.444254366439367 ] ] ], [ [ [ 126.331344637150337, 36.444471448429255 ], [ 126.331283133775287, 36.444307816900022 ], [ 126.33122519691095, 36.444365526137759 ], [ 126.331344637150337, 36.444471448429255 ] ] ], [ [ [ 126.331309867431827, 36.444493783614305 ], [ 126.331281994299204, 36.444453705319404 ], [ 126.331273398525568, 36.444467536270054 ], [ 126.331309867431827, 36.444493783614305 ] ] ], [ [ [ 126.331362308994045, 36.444556525653503 ], [ 126.331396485553554, 36.44452508699468 ], [ 126.331348645259453, 36.444511302067482 ], [ 126.331362308994045, 36.444556525653503 ] ] ], [ [ [ 126.33114229533426, 36.444602964274011 ], [ 126.33121180846571, 36.444587133615052 ], [ 126.331172358577874, 36.444556995146051 ], [ 126.33114229533426, 36.444602964274011 ] ] ], [ [ [ 126.331100694733934, 36.444836670854833 ], [ 126.331105124516398, 36.4448143469236 ], [ 126.331083718980096, 36.444800258242637 ], [ 126.331100694733934, 36.444836670854833 ] ] ], [ [ [ 126.331131538906689, 36.44502455110316 ], [ 126.331128195849942, 36.445037059637151 ], [ 126.331138056995798, 36.445031707710861 ], [ 126.331131538906689, 36.44502455110316 ] ] ], [ [ [ 126.331211420912197, 36.445112950963008 ], [ 126.331231013939515, 36.445104319214764 ], [ 126.331202354938725, 36.445090732865225 ], [ 126.331211420912197, 36.445112950963008 ] ] ], [ [ [ 126.424000486079635, 36.446435279832663 ], [ 126.422966724638385, 36.446337257983359 ], [ 126.423887637554444, 36.446765419283651 ], [ 126.424000486079635, 36.446435279832663 ] ] ], [ [ [ 126.42903563571754, 36.447028768172672 ], [ 126.430370127406803, 36.446731708787325 ], [ 126.42939666072462, 36.446486532050088 ], [ 126.42903563571754, 36.447028768172672 ] ] ], [ [ [ 126.427274146766507, 36.452873054311176 ], [ 126.429150096278974, 36.4506234293858 ], [ 126.428318242946887, 36.44969646838765 ], [ 126.426438336383441, 36.450193565513516 ], [ 126.427274146766507, 36.452873054311176 ] ] ], [ [ [ 126.4275092595486, 36.45330532062367 ], [ 126.428182934693382, 36.453212144673401 ], [ 126.427788938294754, 36.452933196746066 ], [ 126.4275092595486, 36.45330532062367 ] ] ], [ [ [ 126.328598437639627, 36.453694240344312 ], [ 126.328584226058439, 36.453725520694441 ], [ 126.328630691677247, 36.453705506164148 ], [ 126.328598437639627, 36.453694240344312 ] ] ], [ [ [ 126.329142011715476, 36.453863558832744 ], [ 126.329046103027864, 36.453809041730324 ], [ 126.329040468900345, 36.453815496869652 ], [ 126.329142011715476, 36.453863558832744 ] ] ], [ [ [ 126.329205266840845, 36.453888695749498 ], [ 126.329178118445697, 36.453893501096303 ], [ 126.329212479587738, 36.453905946721079 ], [ 126.329205266840845, 36.453888695749498 ] ] ], [ [ [ 126.329277426616216, 36.453916225941207 ], [ 126.3293092879032, 36.453933886360602 ], [ 126.32930792520807, 36.453923875691139 ], [ 126.329277426616216, 36.453916225941207 ] ] ], [ [ [ 126.32898243690903, 36.453922137520614 ], [ 126.32929482346205, 36.454020314449984 ], [ 126.328860467722549, 36.453823675726767 ], [ 126.32898243690903, 36.453922137520614 ] ] ], [ [ [ 126.329634187112731, 36.454042858545925 ], [ 126.329496125601139, 36.454090384112071 ], [ 126.329662122259649, 36.454076447208877 ], [ 126.329634187112731, 36.454042858545925 ] ] ], [ [ [ 126.32975757868455, 36.45409293537805 ], [ 126.329797776091254, 36.454127222986671 ], [ 126.329814260733784, 36.454091089627198 ], [ 126.32975757868455, 36.45409293537805 ] ] ], [ [ [ 126.327458768210235, 36.458121916090903 ], [ 126.327399881960488, 36.458107344919668 ], [ 126.327467507024579, 36.458143501990421 ], [ 126.327458768210235, 36.458121916090903 ] ] ], [ [ [ 126.327909991706363, 36.460102112851175 ], [ 126.328116283110063, 36.460177529122433 ], [ 126.327899662248171, 36.46007096480875 ], [ 126.327909991706363, 36.460102112851175 ] ] ], [ [ [ 126.3278819296888, 36.460225592710721 ], [ 126.327846287064176, 36.46019313051044 ], [ 126.327833632189979, 36.46019873595236 ], [ 126.3278819296888, 36.460225592710721 ] ] ], [ [ [ 126.328233983402072, 36.460241362172404 ], [ 126.328412597191829, 36.460227587072325 ], [ 126.328393687558943, 36.460143494496009 ], [ 126.328233983402072, 36.460241362172404 ] ] ], [ [ [ 126.327973589863205, 36.460256025046185 ], [ 126.327965470204219, 36.460279140101854 ], [ 126.328013093491975, 36.460267603832975 ], [ 126.327973589863205, 36.460256025046185 ] ] ], [ [ [ 126.328308049819881, 36.460333153977587 ], [ 126.328268854578511, 36.46037627945595 ], [ 126.328287030635835, 36.460377101562059 ], [ 126.328308049819881, 36.460333153977587 ] ] ], [ [ [ 126.32811485781005, 36.460497969329275 ], [ 126.328100450480633, 36.46043507659747 ], [ 126.328084048821168, 36.460525909815317 ], [ 126.32811485781005, 36.460497969329275 ] ] ], [ [ [ 126.328011268851526, 36.460556860100219 ], [ 126.328032561463345, 36.460545625955568 ], [ 126.32804701827834, 36.460486141161539 ], [ 126.328011268851526, 36.460556860100219 ] ] ], [ [ [ 126.327798337581839, 36.460707775138509 ], [ 126.327767486468915, 36.460714629768525 ], [ 126.327778082681291, 36.460753709760198 ], [ 126.327798337581839, 36.460707775138509 ] ] ], [ [ [ 126.328026097998418, 36.460906858613605 ], [ 126.328039082724814, 36.460824027549265 ], [ 126.327994054908984, 36.460806201427054 ], [ 126.328026097998418, 36.460906858613605 ] ] ], [ [ [ 126.327691407204924, 36.461166486536484 ], [ 126.327600352245526, 36.461143084171596 ], [ 126.32767076859048, 36.461192233478435 ], [ 126.327691407204924, 36.461166486536484 ] ] ], [ [ [ 126.434803378848571, 36.464739558320808 ], [ 126.436357325845222, 36.463991923567868 ], [ 126.43523109022739, 36.46226756426676 ], [ 126.43356389382204, 36.461900282756481 ], [ 126.43452877229879, 36.460781483050333 ], [ 126.432815018660449, 36.459933839216731 ], [ 126.432031354480486, 36.460555871757315 ], [ 126.432086621966121, 36.462477119109167 ], [ 126.432966768678568, 36.46314734385534 ], [ 126.431990816399789, 36.464018081309383 ], [ 126.434803378848571, 36.464739558320808 ] ] ], [ [ [ 126.420364786865065, 36.465193092524018 ], [ 126.420598109142844, 36.464524039223612 ], [ 126.420016317268434, 36.464928453496455 ], [ 126.420364786865065, 36.465193092524018 ] ] ], [ [ [ 126.422452360295807, 36.465332238988836 ], [ 126.422474773697033, 36.465392690674562 ], [ 126.422528391753744, 36.465377555803528 ], [ 126.422452360295807, 36.465332238988836 ] ] ], [ [ [ 126.419635094066635, 36.469135887588109 ], [ 126.42033496523743, 36.467196770955837 ], [ 126.418390740810395, 36.467343561870344 ], [ 126.418409698121408, 36.469352126925372 ], [ 126.419635094066635, 36.469135887588109 ] ] ], [ [ [ 126.41848233182651, 36.474519080597489 ], [ 126.418215483236452, 36.474082192103118 ], [ 126.418002951048507, 36.47402528236762 ], [ 126.41848233182651, 36.474519080597489 ] ] ], [ [ [ 126.418853620233776, 36.475028949889023 ], [ 126.418614316426272, 36.474956908094107 ], [ 126.418739241826117, 36.475139036547795 ], [ 126.418853620233776, 36.475028949889023 ] ] ], [ [ [ 126.401831954328188, 36.490676912123156 ], [ 126.401605207306218, 36.490617714750201 ], [ 126.401815851606386, 36.490702639735751 ], [ 126.401831954328188, 36.490676912123156 ] ] ], [ [ [ 126.402326064874501, 36.490604360002536 ], [ 126.402065716664893, 36.490727934178928 ], [ 126.402308475370702, 36.490749697460203 ], [ 126.402326064874501, 36.490604360002536 ] ] ], [ [ [ 126.403152884734354, 36.491027917719563 ], [ 126.403112106771317, 36.491676239834725 ], [ 126.403776228776934, 36.491745154901899 ], [ 126.40387400386733, 36.491388583784257 ], [ 126.403152884734354, 36.491027917719563 ] ] ], [ [ [ 126.401189146747683, 36.495883907984194 ], [ 126.400904928887286, 36.49544949983904 ], [ 126.399889723607757, 36.49573162755474 ], [ 126.401189146747683, 36.495883907984194 ] ] ], [ [ [ 126.400748857157254, 36.496132791839948 ], [ 126.400537894615283, 36.496285666312971 ], [ 126.400777351316179, 36.496139847872882 ], [ 126.400748857157254, 36.496132791839948 ] ] ], [ [ [ 126.331873133143546, 36.501158186285615 ], [ 126.331973465574421, 36.501328611407352 ], [ 126.332065565450463, 36.501313898020527 ], [ 126.331873133143546, 36.501158186285615 ] ] ], [ [ [ 126.329777813007979, 36.501343423178028 ], [ 126.329787357300077, 36.50131094333463 ], [ 126.329756489315514, 36.501305092915537 ], [ 126.329777813007979, 36.501343423178028 ] ] ], [ [ [ 126.329884483847508, 36.501373577812252 ], [ 126.329912644690921, 36.501356614457272 ], [ 126.329870988540307, 36.501359353762304 ], [ 126.329884483847508, 36.501373577812252 ] ] ], [ [ [ 126.330111319960608, 36.501849663989802 ], [ 126.330578366550398, 36.501417845133588 ], [ 126.329946898853962, 36.501396997047308 ], [ 126.330111319960608, 36.501849663989802 ] ] ], [ [ [ 126.394113955241124, 36.521562369001856 ], [ 126.39438651280517, 36.520995809328944 ], [ 126.394320584038397, 36.520812858552915 ], [ 126.393932394106429, 36.520945492341291 ], [ 126.394113955241124, 36.521562369001856 ] ] ], [ [ [ 126.38381918741176, 36.538303542979293 ], [ 126.383211224873762, 36.538856449232028 ], [ 126.383368936726512, 36.539140877302053 ], [ 126.383862746327409, 36.538837593240466 ], [ 126.38381918741176, 36.538303542979293 ] ] ], [ [ [ 126.383031462960446, 36.539854718328051 ], [ 126.383086197826145, 36.539571602058984 ], [ 126.382896910172391, 36.539734834414887 ], [ 126.383031462960446, 36.539854718328051 ] ] ], [ [ [ 126.382588035735424, 36.540212181897417 ], [ 126.383080620059715, 36.540369239577586 ], [ 126.382986171641591, 36.540128230495 ], [ 126.382588035735424, 36.540212181897417 ] ] ], [ [ [ 126.387570492283487, 36.54851938989961 ], [ 126.388533839464358, 36.54787870490302 ], [ 126.388520409355223, 36.547517650596319 ], [ 126.386899995766925, 36.548168736090524 ], [ 126.387570492283487, 36.54851938989961 ] ] ], [ [ [ 126.387760512766832, 36.549175391214625 ], [ 126.387658907616341, 36.549034139869683 ], [ 126.387585515106807, 36.549123714892097 ], [ 126.387760512766832, 36.549175391214625 ] ] ], [ [ [ 126.379294809257061, 36.560663083029375 ], [ 126.379510679370242, 36.560013136258064 ], [ 126.378204185477244, 36.560405984395139 ], [ 126.379294809257061, 36.560663083029375 ] ] ], [ [ [ 126.38009920695265, 36.561457471762736 ], [ 126.379490034702542, 36.561840528943883 ], [ 126.37986749412697, 36.562189068087754 ], [ 126.38009920695265, 36.561457471762736 ] ] ], [ [ [ 126.397169286697107, 36.581977550203177 ], [ 126.397297859236687, 36.581697147832003 ], [ 126.397100829690601, 36.581708487919471 ], [ 126.397169286697107, 36.581977550203177 ] ] ], [ [ [ 126.396967617992786, 36.582556228154786 ], [ 126.396999236601104, 36.582819518294649 ], [ 126.397151221283863, 36.582494581734501 ], [ 126.396967617992786, 36.582556228154786 ] ] ], [ [ [ 126.385370619209297, 36.589077091820521 ], [ 126.385827095080273, 36.588391703239893 ], [ 126.385507764297643, 36.588300430781658 ], [ 126.385370619209297, 36.589077091820521 ] ] ], [ [ [ 126.387239527110651, 36.591925833027297 ], [ 126.387604600442842, 36.591756095015725 ], [ 126.387565463242723, 36.591714037395064 ], [ 126.387239527110651, 36.591925833027297 ] ] ], [ [ [ 126.387631062616521, 36.595628710050505 ], [ 126.386972836280222, 36.594801620221894 ], [ 126.386790891208605, 36.594808740640048 ], [ 126.386963454679943, 36.595550951659163 ], [ 126.387631062616521, 36.595628710050505 ] ] ], [ [ [ 126.38253567687056, 36.607643667212564 ], [ 126.382539671490804, 36.606999605934824 ], [ 126.382094276392408, 36.60698297736382 ], [ 126.38253567687056, 36.607643667212564 ] ] ], [ [ [ 126.327025510886898, 36.816460740378197 ], [ 126.327298225463352, 36.816548392605654 ], [ 126.327250656411465, 36.816422231622589 ], [ 126.327025510886898, 36.816460740378197 ] ] ], [ [ [ 126.328505011570016, 36.819703441722517 ], [ 126.32922166558987, 36.818703010473079 ], [ 126.327752226733651, 36.818059252831958 ], [ 126.327182897337579, 36.819597577866737 ], [ 126.328505011570016, 36.819703441722517 ] ] ], [ [ [ 126.331442823460876, 36.880927462577603 ], [ 126.331070898048779, 36.880899150829642 ], [ 126.331055035902409, 36.880930237590476 ], [ 126.331442823460876, 36.880927462577603 ] ] ], [ [ [ 126.331624410776129, 36.881366501497709 ], [ 126.331859641067595, 36.881352235559511 ], [ 126.331704906483623, 36.881229718263675 ], [ 126.331624410776129, 36.881366501497709 ] ] ], [ [ [ 126.332286436079912, 36.882757171850109 ], [ 126.332382296258757, 36.882904224893615 ], [ 126.332416532216499, 36.882785564644614 ], [ 126.332286436079912, 36.882757171850109 ] ] ], [ [ [ 126.332764630696104, 36.887564157519869 ], [ 126.332945330611963, 36.88765663216563 ], [ 126.332960612971135, 36.887563275686311 ], [ 126.332764630696104, 36.887564157519869 ] ] ], [ [ [ 126.320460858558178, 36.897727918256251 ], [ 126.320646172968011, 36.897680229420537 ], [ 126.320631097168217, 36.89764716406755 ], [ 126.320460858558178, 36.897727918256251 ] ] ], [ [ [ 126.325455797401261, 36.902493358990348 ], [ 126.325210745069, 36.902494453206472 ], [ 126.325251571102996, 36.902635019910555 ], [ 126.325455797401261, 36.902493358990348 ] ] ], [ [ [ 126.325382055908079, 36.902789577756721 ], [ 126.325235591819649, 36.902730677581296 ], [ 126.325324389203345, 36.902890891497748 ], [ 126.325382055908079, 36.902789577756721 ] ] ], [ [ [ 126.325168452277197, 36.905028985679856 ], [ 126.32526311532223, 36.905045743264935 ], [ 126.325222062355508, 36.904993246954213 ], [ 126.325168452277197, 36.905028985679856 ] ] ], [ [ [ 126.324855663925263, 36.905063161373043 ], [ 126.324973922153717, 36.905076449626961 ], [ 126.324901429353531, 36.905001157601653 ], [ 126.324855663925263, 36.905063161373043 ] ] ], [ [ [ 126.324967378423011, 36.905577322157654 ], [ 126.325069142144457, 36.905654131359782 ], [ 126.325177571337349, 36.905547788821117 ], [ 126.324967378423011, 36.905577322157654 ] ] ], [ [ [ 126.324486629343383, 36.905623067992934 ], [ 126.324404203968967, 36.906114317900588 ], [ 126.32475894498026, 36.905292387099863 ], [ 126.324486629343383, 36.905623067992934 ] ] ] ] } }
]
}
